{"canton":{"0":"SG","1":"TI","2":"UR","3":"VS","4":"SO","5":"AG","6":"VD","7":"ZH","8":"SH","9":"BE","10":"GE","11":"BS","12":"GL","13":"SZ","14":"LU","15":"GR","16":"NE","17":"ZG","18":"FR"},"main_mean":{"0":-0.0244196484,"1":-0.1068764928,"2":-0.7499812505,"3":0.0714274188,"4":0.99990001,"5":0.0441909074,"6":-0.0391035076,"7":-0.011317545,"8":0.0,"9":-0.0410421983,"10":-0.0242435103,"11":-0.0179430597,"12":-0.008393498,"13":0.0,"14":-0.0568679591,"15":0.0477268161,"16":-0.0949068448,"17":-0.008393498,"18":-0.0674542646},"sentiment_mean":{"0":0.2307692308,"1":0.0555555556,"2":-1.0,"3":0.4444444444,"4":1.0,"5":0.1818181818,"6":0.2434782609,"7":0.316027088,"8":0.5,"9":0.1896551724,"10":0.1128712871,"11":-0.0684931507,"12":0.2339832869,"13":-1.0,"14":0.5151515152,"15":0.5,"16":0.1666666667,"17":0.2339832869,"18":0.28125},"main_std":{"0":0.1252535683,"1":0.2245785805,"2":null,"3":0.1994464401,"4":null,"5":0.2107069605,"6":0.2263043765,"7":0.1989802701,"8":0.0,"9":0.2476433173,"10":0.2024972851,"11":0.1285005921,"12":0.2065896079,"13":null,"14":0.2110752391,"15":0.0552350029,"16":0.2632872876,"17":0.2065896079,"18":0.1439452043},"sentiment_std":{"0":0.4385290097,"1":0.4920755682,"2":null,"3":0.5270462767,"4":null,"5":0.7507571935,"6":0.6154630883,"7":0.6852047534,"8":0.7071067812,"9":0.7080926889,"10":0.6645298144,"11":0.7110704339,"12":0.6121626476,"13":null,"14":0.5075192189,"15":0.5773502692,"16":0.7527726527,"17":0.6121626476,"18":0.6342063875},"sentiment_pv":{"0":0.9509302759,"1":0.016668713,"2":null,"3":0.2437986925,"4":null,"5":0.8590969477,"6":0.727987994,"7":0.0002908503,"8":0.6780162638,"9":0.5426270859,"10":0.0005198799,"11":0.0000027413,"12":0.6685896151,"13":null,"14":0.0024537172,"15":0.4083278906,"16":0.8615957235,"17":0.6685896151,"18":0.6093400387},"main_pv":{"0":0.8314656019,"1":0.0049828303,"2":null,"3":0.2213558395,"4":null,"5":0.3600301176,"6":0.2998365183,"7":0.4654439448,"8":0.0000016464,"9":0.2064422787,"10":0.4434108136,"11":0.9208250689,"12":0.3195048662,"13":null,"14":0.2859812476,"15":0.1004312991,"16":0.5003117254,"17":0.3195048662,"18":0.0573839741},"count":{"0":13,"1":54,"2":1,"3":9,"4":1,"5":11,"6":115,"7":886,"8":2,"9":174,"10":505,"11":146,"12":718,"13":1,"14":33,"15":4,"16":6,"17":718,"18":32},"nb_en":{"0":13,"1":54,"2":1,"3":9,"4":1,"5":11,"6":115,"7":886,"8":2,"9":174,"10":505,"11":146,"12":718,"13":1,"14":33,"15":4,"16":6,"17":718,"18":32},"nb_de":{"0":0,"1":0,"2":0,"3":0,"4":0,"5":0,"6":0,"7":0,"8":0,"9":0,"10":0,"11":0,"12":0,"13":0,"14":0,"15":0,"16":0,"17":0,"18":0}}