{"canton":{"0":"SG","1":"AI","2":"JU","3":"VS","4":"SZ","5":"AG","6":"TG","7":"ZH","8":"BE","9":"GE","10":"BS","11":"GL","12":"LU","13":"OW","14":"GR","15":"ZG","16":"UR","17":"VD","18":"SH","19":"BL","20":"TI","21":"SO","22":"NE","23":"FR"},"main_mean":{"0":0.0211420145,"1":0.0,"2":0.0,"3":0.0244185718,"4":0.0277775463,"5":-0.0119042703,"6":-0.0499995,"7":0.0356231079,"8":0.0170870478,"9":0.015778768,"10":0.0060732894,"11":0.0100233815,"12":0.0799501668,"13":0.0,"14":0.0,"15":0.0100233815,"16":0.0,"17":0.0293325109,"18":0.0129868949,"19":0.0,"20":0.0032103777,"21":0.3309506094,"22":0.0257649952,"23":0.0611772048},"sentiment_mean":{"0":-0.0833333333,"1":0.0,"2":0.0,"3":0.2105263158,"4":0.0,"5":0.2307692308,"6":-0.5,"7":0.2578616352,"8":0.1785714286,"9":0.1350059737,"10":0.0412371134,"11":0.2033898305,"12":0.4857142857,"13":0.0,"14":0.1111111111,"15":0.2033898305,"16":0.0,"17":0.1981981982,"18":0.4285714286,"19":1.0,"20":0.1627906977,"21":0.8,"22":0.1666666667,"23":0.1666666667},"main_std":{"0":0.0970247144,"1":null,"2":0.0,"3":0.0853842128,"4":0.0481121215,"5":0.1282146234,"6":0.070709971,"7":0.1809189959,"8":0.1431787416,"9":0.147887564,"10":0.1499511581,"11":0.1872113778,"12":0.2044966124,"13":null,"14":0.0,"15":0.1872113778,"16":null,"17":0.164249285,"18":0.1090796081,"19":null,"20":0.1199975123,"21":0.3945134474,"22":0.1149828803,"23":0.2585387865},"sentiment_std":{"0":0.6538625482,"1":null,"2":0.0,"3":0.6306035353,"4":0.0,"5":0.7250110521,"6":0.7071067812,"7":0.6699593227,"8":0.6774505623,"9":0.7068904927,"10":0.7741621013,"11":0.7023015955,"12":0.6584933146,"13":null,"14":0.6009252126,"15":0.7023015955,"16":null,"17":0.7485722145,"18":0.5345224838,"19":null,"20":0.5710766945,"21":0.4472135955,"22":0.7613869876,"23":0.7071067812},"sentiment_pv":{"0":0.0453062072,"1":null,"2":3.325791989e-78,"3":0.9422030338,"4":3.325791989e-78,"5":0.8805510294,"6":0.3948407578,"7":0.0048483113,"8":0.6900287128,"9":0.014831449,"10":0.0055165974,"11":0.9011947772,"12":0.0151097173,"13":null,"14":0.6698004438,"15":0.9011947772,"16":null,"17":0.9815363792,"18":0.3011901128,"19":null,"20":0.5543235071,"21":0.0397986854,"22":0.8330959738,"23":0.84476528},"main_pv":{"0":0.9984474526,"1":null,"2":7.234451548e-16,"3":0.8685505346,"4":0.8328550592,"5":0.3726467508,"6":0.3896579109,"7":0.0077305592,"8":0.7238804252,"9":0.3536453233,"10":0.1762487097,"11":0.1401157334,"12":0.0986103777,"13":null,"14":7.234451548e-16,"15":0.1401157334,"16":null,"17":0.603589022,"18":0.8506859474,"19":null,"20":0.1785661657,"21":0.1539027588,"22":0.8451856169,"23":0.5199301099},"count":{"0":24,"1":1,"2":2,"3":19,"4":3,"5":13,"6":2,"7":1431,"8":168,"9":837,"10":194,"11":708,"12":35,"13":1,"14":9,"15":708,"16":1,"17":111,"18":7,"19":1,"20":86,"21":5,"22":24,"23":18},"nb_en":{"0":24,"1":1,"2":2,"3":19,"4":3,"5":13,"6":2,"7":1431,"8":168,"9":837,"10":194,"11":708,"12":35,"13":1,"14":9,"15":708,"16":1,"17":111,"18":7,"19":1,"20":86,"21":5,"22":24,"23":18},"nb_de":{"0":0,"1":0,"2":0,"3":0,"4":0,"5":0,"6":0,"7":0,"8":0,"9":0,"10":0,"11":0,"12":0,"13":0,"14":0,"15":0,"16":0,"17":0,"18":0,"19":0,"20":0,"21":0,"22":0,"23":0}}