{"canton":{"0":"VD","1":"SG","2":"TI","3":"JU","4":"VS","5":"SO","6":"AG","7":"TG","8":"ZH","9":"SH","10":"BE","11":"BL","12":"GE","13":"BS","14":"GL","15":"SZ","16":"LU","17":"GR","18":"NE","19":"ZG","20":"FR"},"main_mean":{"0":-0.0054842923,"1":0.0775829978,"2":-0.075985755,"3":-0.0555549383,"4":0.0833320295,"5":0.0510489044,"6":0.0484831907,"7":-0.0833328704,"8":-0.0159108332,"9":-0.0393934904,"10":-0.06051744,"11":0.0,"12":-0.0245983738,"13":-0.0153923741,"14":-0.0153473019,"15":0.0833304523,"16":0.0321662675,"17":0.0,"18":0.099998,"19":-0.0153473019,"20":-0.0829865135},"sentiment_mean":{"0":-0.1428571429,"1":0.1666666667,"2":0.0333333333,"3":-0.5,"4":0.25,"5":0.0,"6":-0.0909090909,"7":0.0,"8":0.2643923241,"9":0.6666666667,"10":0.2122905028,"11":0.0,"12":0.0974264706,"13":0.141509434,"14":0.1561119293,"15":0.5,"16":0.3,"17":0.0,"18":0.5,"19":0.1561119293,"20":0.2105263158},"main_std":{"0":0.2903411434,"1":0.1941534136,"2":0.1749548723,"3":0.0785665472,"4":0.2083425358,"5":0.3841149036,"6":0.1581899489,"7":0.1178504755,"8":0.2031467034,"9":0.2433104077,"10":0.1813414925,"11":null,"12":0.2115813783,"13":0.2097736971,"14":0.2139626993,"15":0.1824431849,"16":0.114435605,"17":0.0,"18":0.1414185279,"19":0.2139626993,"20":0.144824037},"sentiment_std":{"0":0.6077318316,"1":0.7177405626,"2":0.4497331287,"3":0.7071067812,"4":0.7071067812,"5":0.8660254038,"6":0.7006490497,"7":0.0,"8":0.7009908398,"9":0.5773502692,"10":0.7108033155,"11":null,"12":0.6673611443,"13":0.6960935794,"14":0.6186055013,"15":0.5773502692,"16":0.5959634333,"17":1.4142135624,"18":0.7071067812,"19":0.6186055013,"20":0.7132825035},"sentiment_pv":{"0":0.001656933,"1":0.969921884,"2":0.0199016028,"3":0.4059329298,"4":0.7721191381,"5":0.5621454325,"6":0.2377428527,"7":7.251607512e-51,"8":0.000468855,"9":0.2778697782,"10":0.4896178764,"11":null,"12":0.0124116898,"13":0.6296355856,"14":0.4815087583,"15":0.3418441048,"16":0.2611533991,"17":0.8899136742,"18":0.6327568602,"19":0.4815087583,"20":0.829407994},"main_pv":{"0":0.760200838,"1":0.1122649064,"2":0.0159277908,"3":0.6317264153,"4":0.2064806908,"5":0.5978589388,"6":0.1865544692,"7":0.5827702066,"8":0.6543877169,"9":0.8993536574,"10":0.0036749036,"11":null,"12":0.5871150135,"13":0.8508180583,"14":0.6601621206,"15":0.3425646259,"16":0.0212815219,"17":0.0000001008,"18":0.4439424978,"19":0.6601621206,"20":0.0723988568},"count":{"0":42,"1":12,"2":60,"3":2,"4":8,"5":9,"6":11,"7":2,"8":938,"9":3,"10":179,"11":1,"12":544,"13":106,"14":679,"15":4,"16":30,"17":2,"18":2,"19":679,"20":19},"nb_en":{"0":42,"1":12,"2":60,"3":2,"4":8,"5":9,"6":11,"7":2,"8":938,"9":3,"10":179,"11":1,"12":544,"13":106,"14":679,"15":4,"16":30,"17":2,"18":2,"19":679,"20":19},"nb_de":{"0":0,"1":0,"2":0,"3":0,"4":0,"5":0,"6":0,"7":0,"8":0,"9":0,"10":0,"11":0,"12":0,"13":0,"14":0,"15":0,"16":0,"17":0,"18":0,"19":0,"20":0}}