{"canton":{"0":"UR","1":"NW","2":"BE","3":"ZG","4":"BL","5":"JU","6":"TG","7":"TI","8":"VD","9":"SG","10":"GR","11":"SH","12":"OW","13":"AG","14":"GE","15":"BS","16":"FR","17":"AR","18":"GL","19":"ZH","20":"SO","21":"NE","22":"LU","23":"VS","24":"SZ"},"main_mean":{"0":-0.0287944528,"1":0.0,"2":0.0115415758,"3":0.0278025794,"4":0.0556111408,"5":-0.0170543366,"6":0.0484734613,"7":0.0187269108,"8":0.0348034894,"9":0.0222765872,"10":0.0181126352,"11":0.0193177467,"12":0.0,"13":0.0386297273,"14":0.0249400015,"15":0.0138071816,"16":0.036551788,"17":0.0050445784,"18":0.0277815646,"19":0.0161257296,"20":0.0118168949,"21":0.012641243,"22":0.0230021176,"23":0.0291707371,"24":-0.0043391981},"sentiment_mean":{"0":0.0,"1":0.0,"2":0.0555555556,"3":0.1225416036,"4":0.0,"5":0.0,"6":0.0909090909,"7":0.1153846154,"8":0.0449897751,"9":0.0608695652,"10":0.0,"11":0.0689655172,"12":0.0,"13":0.0789473684,"14":0.0850237376,"15":0.0593824228,"16":0.0636363636,"17":0.0,"18":0.1224489796,"19":0.0998732573,"20":0.0185185185,"21":0.0652173913,"22":0.0456273764,"23":0.1125,"24":0.1111111111},"main_std":{"0":0.0528618395,"1":0.0,"2":0.0907825925,"3":0.1620389169,"4":0.1667759654,"5":0.0613228832,"6":0.1074634965,"7":0.1343056171,"8":0.1248254965,"9":0.1101723546,"10":0.052170979,"11":0.0606924412,"12":null,"13":0.1464864822,"14":0.1411644978,"15":0.1379691415,"16":0.1182125046,"17":0.0111588387,"18":0.1619794234,"19":0.126932227,"20":0.0413537461,"21":0.0861858609,"22":0.1219556693,"23":0.1459299055,"24":0.0133924556},"sentiment_std":{"0":0.0,"1":0.0,"2":0.3622675125,"3":0.4938288819,"4":0.5773502692,"5":0.0,"6":0.2942449432,"7":0.4552940888,"8":0.3649899643,"9":0.4036447222,"10":0.0,"11":0.2578807148,"12":null,"13":0.2708471418,"14":0.4757733109,"15":0.4916334277,"16":0.2801465124,"17":0.5,"18":0.4936535695,"19":0.4914713639,"20":0.237180032,"21":0.3888543808,"22":0.242855716,"23":0.4771686006,"24":0.3333333333},"sentiment_pv":{"0":5.747334943e-99,"1":5.747334943e-99,"2":0.0090860035,"3":0.0334795947,"4":0.6873944023,"5":5.747334943e-99,"6":0.9837156538,"7":0.6553875034,"8":0.0058393469,"9":0.4098440634,"10":5.747334943e-99,"11":0.6325194451,"12":null,"13":0.6072906639,"14":0.5055345524,"15":0.178281841,"16":0.2932296706,"17":0.5953147062,"18":0.0339039548,"19":0.3912576893,"20":0.0276190238,"21":0.6410047415,"22":0.0030304941,"23":0.7056004043,"24":0.8692171852},"main_pv":{"0":0.0100272814,"1":7.435075537e-65,"2":0.0045351823,"3":0.1888237923,"4":0.6101254267,"5":0.5355235197,"6":0.25648717,"7":0.8454725508,"8":0.0240363606,"9":0.9565164582,"10":0.6573216786,"11":0.8343672584,"12":null,"13":0.2219805003,"14":0.3123036138,"15":0.2486853821,"16":0.1934044497,"17":0.0017260327,"18":0.1900473574,"19":0.0192743237,"20":0.0916162214,"21":0.4811710064,"22":0.8656819935,"23":0.6497364359,"24":0.0002866753},"count":{"0":11,"1":2,"2":738,"3":1322,"4":7,"5":2,"6":22,"7":78,"8":489,"9":115,"10":43,"11":29,"12":1,"13":114,"14":2317,"15":421,"16":110,"17":9,"18":1323,"19":3945,"20":54,"21":46,"22":263,"23":80,"24":9},"nb_en":{"0":0,"1":0,"2":180,"3":641,"4":2,"5":0,"6":7,"7":65,"8":101,"9":17,"10":1,"11":6,"12":1,"13":12,"14":951,"15":168,"16":24,"17":1,"18":641,"19":1665,"20":2,"21":17,"22":30,"23":22,"24":2},"nb_de":{"0":11,"1":2,"2":542,"3":245,"4":5,"5":0,"6":15,"7":6,"8":4,"9":98,"10":41,"11":22,"12":0,"13":102,"14":16,"15":238,"16":29,"17":8,"18":246,"19":2185,"20":52,"21":8,"22":230,"23":51,"24":7},"nb_fr":{"0":0,"1":0,"2":16,"3":436,"4":0,"5":2,"6":0,"7":7,"8":384,"9":0,"10":1,"11":1,"12":0,"13":0,"14":1350,"15":15,"16":57,"17":0,"18":436,"19":95,"20":0,"21":21,"22":3,"23":7,"24":0}}