{"canton":{"0":"UR","1":"BE","2":"ZG","3":"BL","4":"TI","5":"TG","6":"VD","7":"GR","8":"SG","9":"JU","10":"SH","11":"AG","12":"GE","13":"BS","14":"FR","15":"AR","16":"GL","17":"ZH","18":"SO","19":"NE","20":"LU","21":"VS","22":"SZ"},"main_mean":{"0":-0.0000319994,"1":-0.0042580196,"2":-0.0012255655,"3":0.0891882141,"4":-0.0063406722,"5":-0.0059516608,"6":0.0043618632,"7":0.0064357212,"8":0.008911975,"9":0.0007657658,"10":-0.0419641029,"11":0.0036508808,"12":-0.0120137082,"13":-0.0006917448,"14":-0.0122433286,"15":0.0146921947,"16":-0.0012236806,"17":0.0002223173,"18":0.0033607019,"19":0.0230840224,"20":-0.0106408001,"21":0.0393371092,"22":0.0002333306},"sentiment_mean":{"0":0.2,"1":0.0760499432,"2":0.0811130847,"3":0.3333333333,"4":0.1358024691,"5":0.0,"6":0.0747663551,"7":0.0888888889,"8":0.0598290598,"9":-0.1818181818,"10":0.0227272727,"11":0.0412371134,"12":0.0503338469,"13":0.0372340426,"14":0.162601626,"15":0.0,"16":0.0810171496,"17":0.1228602982,"18":0.0,"19":0.0280373832,"20":0.0643776824,"21":0.1136363636,"22":0.0},"main_std":{"0":0.0006237824,"1":0.1278567017,"2":0.1614316297,"3":0.1725934501,"4":0.139686585,"5":0.0443272188,"6":0.1667185607,"7":0.1187384601,"8":0.147647637,"9":0.1612263783,"10":0.1019010269,"11":0.0839477251,"12":0.1714869181,"13":0.09280736,"14":0.1302935819,"15":null,"16":0.1613360896,"17":0.1666976431,"18":0.0285480812,"19":0.1143735728,"20":0.0883988202,"21":0.1309541759,"22":0.0002581958},"sentiment_std":{"0":0.4472135955,"1":0.359773688,"2":0.4312218858,"3":0.5163977795,"4":0.4108858242,"5":0.0,"6":0.3697588692,"7":0.3230627463,"8":0.271984986,"9":0.6030226892,"10":0.1507556723,"11":0.3200756998,"12":0.4210953776,"13":0.4178635293,"14":0.3920100312,"15":null,"16":0.430975672,"17":0.4891327076,"18":0.0,"19":0.2900209467,"20":0.2938620275,"21":0.4925448435,"22":0.0},"sentiment_pv":{"0":0.5995306281,"1":0.4310580219,"2":0.6567872152,"3":0.2937752511,"4":0.2813648973,"5":4.847705684e-101,"6":0.4917286061,"7":0.935416314,"8":0.3041417463,"9":0.1714310728,"10":0.0085894224,"11":0.1737202913,"12":0.0005541994,"13":0.0263185963,"14":0.0334332367,"15":null,"16":0.6502921638,"17":0.0000500417,"18":4.847705684e-101,"19":0.0427064452,"20":0.2702375319,"21":0.7129911796,"22":4.847705684e-101},"main_pv":{"0":0.1121810713,"1":0.6798232015,"2":0.7825615045,"3":0.2504759392,"4":0.8001496528,"5":0.7124294014,"6":0.359458496,"7":0.4858462441,"8":0.4123205431,"9":0.949675176,"10":0.0138166899,"11":0.4869748059,"12":0.0203286216,"13":0.7356438253,"14":0.4063686048,"15":null,"16":0.7819946563,"17":0.4051143807,"18":0.2488790828,"19":0.0243259068,"20":0.1677295524,"21":0.0408801561,"22":0.0725077826},"count":{"0":5,"1":881,"2":1689,"3":6,"4":81,"5":22,"6":535,"7":90,"8":117,"9":11,"10":44,"11":97,"12":1947,"13":376,"14":123,"15":1,"16":1691,"17":3622,"18":37,"19":107,"20":233,"21":44,"22":6},"nb_en":{"0":2,"1":216,"2":711,"3":1,"4":61,"5":6,"6":126,"7":12,"8":14,"9":4,"10":6,"11":9,"12":703,"13":106,"14":53,"15":0,"16":711,"17":1554,"18":1,"19":14,"20":40,"21":20,"22":1},"nb_de":{"0":3,"1":635,"2":527,"3":5,"4":12,"5":15,"6":8,"7":78,"8":102,"9":0,"10":38,"11":87,"12":14,"13":266,"14":38,"15":1,"16":529,"17":1992,"18":36,"19":15,"20":191,"21":15,"22":5},"nb_fr":{"0":0,"1":30,"2":451,"3":0,"4":8,"5":1,"6":401,"7":0,"8":1,"9":7,"10":0,"11":1,"12":1230,"13":4,"14":32,"15":0,"16":451,"17":76,"18":0,"19":78,"20":2,"21":9,"22":0}}