{"canton":{"0":"SG","1":"TI","2":"JU","3":"VS","4":"SO","5":"AG","6":"VD","7":"ZH","8":"TG","9":"BE","10":"GE","11":"SH","12":"GL","13":"SZ","14":"LU","15":"GR","16":"NE","17":"ZG","18":"FR","19":"BS"},"main_mean":{"0":-0.0121211604,"1":-0.0901267416,"2":0.0,"3":0.107519774,"4":0.0,"5":0.0008764909,"6":-0.025307797,"7":-0.0153346015,"8":0.0,"9":-0.0702018058,"10":-0.0408796613,"11":0.1270085198,"12":0.0259180666,"13":0.0,"14":-0.0013312681,"15":0.0,"16":-0.0721145294,"17":0.0259180666,"18":-0.0009622678,"19":0.0134860399},"sentiment_mean":{"0":0.4545454545,"1":-0.0408163265,"2":0.3333333333,"3":0.0952380952,"4":0.0,"5":0.3,"6":0.2181818182,"7":0.3161057692,"8":0.3333333333,"9":0.2071428571,"10":0.083032491,"11":0.4,"12":0.2907488987,"13":1.0,"14":0.3913043478,"15":0.25,"16":-0.25,"17":0.2907488987,"18":0.3673469388,"19":0.32},"main_std":{"0":0.1125058219,"1":0.2266758796,"2":0.0,"3":0.1967000155,"4":null,"5":0.1228907519,"6":0.1728262435,"7":0.2010834012,"8":0.0,"9":0.2407769215,"10":0.1813335401,"11":0.1093397238,"12":0.2256063628,"13":null,"14":0.2869375954,"15":0.0,"16":0.1312354045,"17":0.2256063628,"18":0.0744961879,"19":0.1655457581},"sentiment_std":{"0":0.8201995323,"1":0.5758755534,"2":0.5773502692,"3":0.7003400535,"4":null,"5":0.6749485577,"6":0.7588235484,"7":0.6867003567,"8":0.5773502692,"9":0.6403284743,"10":0.6885534085,"11":0.894427191,"12":0.5946226164,"13":null,"14":0.6563764465,"15":0.5,"16":0.7071067812,"17":0.5946226164,"18":0.5661962834,"19":0.586932531},"sentiment_pv":{"0":0.4305738897,"1":0.000942822,"2":0.8284781744,"3":0.320749371,"4":null,"5":0.8246067785,"6":0.652667654,"7":0.0142043593,"8":0.8284781744,"9":0.4266289709,"10":0.0000001151,"11":0.7288996062,"12":0.1215805858,"13":null,"14":0.3187331735,"15":0.9963679833,"16":0.0850902032,"17":0.1215805858,"18":0.1614356654,"19":0.4156681767},"main_pv":{"0":0.8261738892,"1":0.0113840717,"2":0.2303063992,"3":0.0170522655,"4":null,"5":0.8947497745,"6":0.2188306971,"7":0.1672986411,"8":0.2303063992,"9":0.0017935165,"10":0.000022236,"11":0.0545460701,"12":0.0012884093,"13":null,"14":0.9591948758,"15":0.2303063992,"16":0.1887183765,"17":0.0012884093,"18":0.7590706436,"19":0.4530739729},"count":{"0":11,"1":49,"2":3,"3":21,"4":1,"5":10,"6":110,"7":832,"8":3,"9":140,"10":554,"11":5,"12":681,"13":1,"14":23,"15":4,"16":8,"17":681,"18":49,"19":50},"nb_en":{"0":11,"1":49,"2":3,"3":21,"4":1,"5":10,"6":110,"7":832,"8":3,"9":140,"10":554,"11":5,"12":681,"13":1,"14":23,"15":4,"16":8,"17":681,"18":49,"19":50},"nb_de":{"0":0,"1":0,"2":0,"3":0,"4":0,"5":0,"6":0,"7":0,"8":0,"9":0,"10":0,"11":0,"12":0,"13":0,"14":0,"15":0,"16":0,"17":0,"18":0,"19":0}}