{"canton":{"0":"TI","1":"UR","2":"BE","3":"ZG","4":"BL","5":"NW","6":"TG","7":"VD","8":"GR","9":"SG","10":"JU","11":"SH","12":"AG","13":"GE","14":"BS","15":"FR","16":"AR","17":"GL","18":"ZH","19":"SO","20":"NE","21":"LU","22":"VS","23":"SZ"},"main_mean":{"0":-0.046117837,"1":-0.1077228455,"2":-0.0025757347,"3":0.0096071416,"4":0.1074165525,"5":-0.0005564894,"6":0.0021789931,"7":0.0110061262,"8":-0.0037928128,"9":0.0168303649,"10":-0.0374309294,"11":-0.0119298408,"12":0.0208792856,"13":-0.0212608386,"14":0.0116560938,"15":-0.0232848534,"16":0.6249026068,"17":0.0095891508,"18":0.000233981,"19":0.0165480389,"20":0.0297267525,"21":-0.0074873544,"22":-0.0241557504,"23":-0.0112630794},"sentiment_mean":{"0":0.1123595506,"1":0.0,"2":0.0559284116,"3":0.1089965398,"4":0.2,"5":0.0,"6":0.0,"7":0.1057884232,"8":0.0461538462,"9":0.0860927152,"10":0.0,"11":0.0434782609,"12":0.0535714286,"13":0.053470437,"14":0.0630841121,"15":0.1417910448,"16":1.0,"17":0.1087456847,"18":0.1232683065,"19":0.0490196078,"20":0.0588235294,"21":0.0678733032,"22":0.03125,"23":0.0},"main_std":{"0":0.1796459582,"1":0.1509854913,"2":0.1428225681,"3":0.1742555633,"4":0.151460301,"5":0.0014864491,"6":0.0497164051,"7":0.1763329411,"8":0.12334875,"9":0.0865281997,"10":0.1127689469,"11":0.0851974829,"12":0.0996936369,"13":0.1757467893,"14":0.1125943839,"15":0.0951582219,"16":0.0890652453,"17":0.1740552596,"18":0.1429192609,"19":0.0789962946,"20":0.123292868,"21":0.1574662796,"22":0.1792263099,"23":0.0224728577},"sentiment_std":{"0":0.5316826259,"1":0.0,"2":0.3714376588,"3":0.4734129523,"4":0.4216370214,"5":0.0,"6":0.0,"7":0.3883122804,"8":0.2756112089,"9":0.3452612026,"10":0.6546536707,"11":0.3665888048,"12":0.2630139144,"13":0.4365261498,"14":0.3184297281,"15":0.4447350326,"16":0.0,"17":0.4728964059,"18":0.4757273005,"19":0.2169751996,"20":0.2697807536,"21":0.3436561472,"22":0.4352977452,"23":0.0},"sentiment_pv":{"0":0.7586755697,"1":2.229947426e-118,"2":0.0028933971,"3":0.2446022839,"4":0.4511738382,"5":2.229947426e-118,"6":2.229947426e-118,"7":0.5431032832,"8":0.1610970676,"9":0.7555408808,"10":0.5832901664,"11":0.5083034703,"12":0.1030528535,"13":0.0001082999,"14":0.0458721909,"15":0.2274065661,"16":0.0,"17":0.2521811308,"18":0.0016003586,"19":0.0379957742,"20":0.1519891877,"21":0.2498766051,"22":0.2474036556,"23":2.229947426e-118},"main_pv":{"0":0.0174373984,"1":0.4966987138,"2":0.5855525075,"3":0.0327106186,"4":0.051907379,"5":0.6788391778,"6":0.8005035673,"7":0.1757118868,"8":0.7985036239,"9":0.0215266921,"10":0.218195128,"11":0.505034302,"12":0.0316191837,"13":0.0000004735,"14":0.0414900999,"15":0.0057017102,"16":0.0638333228,"17":0.0326836341,"18":0.9750766624,"19":0.0416053581,"20":0.0105880826,"21":0.475913273,"22":0.2831191032,"23":0.3859022476},"count":{"0":89,"1":2,"2":894,"3":1734,"4":10,"5":3,"6":40,"7":501,"8":65,"9":151,"10":15,"11":23,"12":112,"13":1945,"14":428,"15":134,"16":2,"17":1738,"18":3537,"19":102,"20":119,"21":221,"22":64,"23":4},"nb_en":{"0":79,"1":0,"2":213,"3":798,"4":0,"5":0,"6":6,"7":153,"8":7,"9":16,"10":9,"11":5,"12":12,"13":738,"14":83,"15":58,"16":0,"17":798,"18":1475,"19":12,"20":23,"21":58,"22":21,"23":1},"nb_de":{"0":6,"1":2,"2":649,"3":495,"4":10,"5":3,"6":33,"7":5,"8":57,"9":135,"10":0,"11":18,"12":99,"13":8,"14":338,"15":35,"16":2,"17":499,"18":1983,"19":89,"20":24,"21":163,"22":24,"23":3},"nb_fr":{"0":4,"1":0,"2":32,"3":441,"4":0,"5":0,"6":1,"7":343,"8":1,"9":0,"10":6,"11":0,"12":1,"13":1199,"14":7,"15":41,"16":0,"17":441,"18":79,"19":1,"20":72,"21":0,"22":19,"23":0}}