{"canton":{"0":"UR","1":"BE","2":"ZG","3":"BL","4":"TI","5":"NW","6":"VD","7":"GR","8":"SG","9":"JU","10":"SH","11":"OW","12":"AG","13":"GE","14":"BS","15":"FR","16":"GL","17":"ZH","18":"SO","19":"NE","20":"LU","21":"VS","22":"SZ","23":"TG"},"main_mean":{"0":0.0001822222,"1":-0.0089529357,"2":0.0021234736,"3":0.0,"4":-0.0634468228,"5":0.0,"6":-0.0054169241,"7":0.0157526956,"8":0.0092684209,"9":-0.0170077394,"10":-0.0031089582,"11":0.0005041625,"12":0.0021146236,"13":-0.0176936393,"14":0.0104212526,"15":-0.028350074,"16":0.0021234736,"17":0.0016246232,"18":0.0060144552,"19":0.0167706242,"20":-0.0110988729,"21":0.0099049774,"22":-0.0083147266,"23":0.0697599235},"sentiment_mean":{"0":0.0,"1":0.0894607843,"2":0.1074380165,"3":0.0,"4":0.0243902439,"5":0.0,"6":0.0695296524,"7":0.05,"8":0.0601503759,"9":-0.1111111111,"10":0.1481481481,"11":0.0,"12":0.0240963855,"13":0.0668485675,"14":0.0877944325,"15":0.0153846154,"16":0.1074380165,"17":0.1409064497,"18":0.0606060606,"19":0.0793650794,"20":0.0754716981,"21":0.0909090909,"22":0.2,"23":0.0714285714},"main_std":{"0":0.0009165503,"1":0.1314209205,"2":0.1651546713,"3":null,"4":0.1628754956,"5":0.0,"6":0.1657751037,"7":0.1802552003,"8":0.0576186509,"9":0.0903114804,"10":0.0458727308,"11":0.0007129934,"12":0.0665272037,"13":0.1788758218,"14":0.1361673771,"15":0.1584603719,"16":0.1651546713,"17":0.1489801942,"18":0.0585858835,"19":0.0880814846,"20":0.1256218522,"21":0.1303239002,"22":0.0508606583,"23":0.2123510257},"sentiment_std":{"0":0.0,"1":0.37148246,"2":0.43096773,"3":null,"4":0.4437664205,"5":0.0,"6":0.3667423936,"7":0.2207214279,"8":0.2954041529,"9":0.3333333333,"10":0.3620139929,"11":0.0,"12":0.2694123512,"13":0.4610257092,"14":0.3570276322,"15":0.3746793501,"16":0.43096773,"17":0.4829738028,"18":0.2423058423,"19":0.2724789013,"20":0.2647761536,"21":0.520204871,"22":0.4216370214,"23":0.2672612419},"sentiment_pv":{"0":8.480175089e-137,"1":0.3377197322,"2":0.6620971264,"3":null,"4":0.1158983663,"5":8.480175089e-137,"6":0.0538035963,"7":0.1427342978,"8":0.104522579,"9":0.0908110654,"10":0.5190167292,"11":8.480175089e-137,"12":0.0101989248,"13":0.0008063729,"14":0.3868693494,"15":0.0662692474,"16":0.6620971264,"17":0.0000295868,"18":0.3297938933,"19":0.5052290945,"20":0.1478281031,"21":0.8830566442,"22":0.4835189219,"23":0.6708631992},"main_pv":{"0":0.0298716656,"1":0.2267683102,"2":0.2199475371,"3":null,"4":0.0012492695,"5":0.0327379238,"6":0.7632706218,"7":0.512379312,"8":0.0185577859,"9":0.6570595618,"10":0.9994237602,"11":0.021292205,"12":0.4843025797,"13":0.0003633697,"14":0.0368395936,"15":0.2049819683,"16":0.2199475371,"17":0.1055948597,"18":0.3818593029,"19":0.0803577705,"20":0.362560704,"21":0.5121648137,"22":0.7547304103,"23":0.221644061},"count":{"0":5,"1":816,"2":1694,"3":1,"4":82,"5":2,"6":489,"7":40,"8":133,"9":9,"10":27,"11":2,"12":83,"13":2199,"14":467,"15":65,"16":1694,"17":3442,"18":33,"19":63,"20":212,"21":44,"22":10,"23":14},"nb_en":{"0":0,"1":217,"2":669,"3":0,"4":66,"5":0,"6":120,"7":5,"8":17,"9":1,"10":7,"11":0,"12":14,"13":855,"14":110,"15":19,"16":669,"17":1447,"18":5,"19":13,"20":38,"21":18,"22":5,"23":1},"nb_de":{"0":5,"1":569,"2":447,"3":1,"4":4,"5":2,"6":6,"7":34,"8":116,"9":0,"10":20,"11":2,"12":68,"13":10,"14":346,"15":14,"16":447,"17":1898,"18":28,"19":16,"20":170,"21":16,"22":5,"23":12},"nb_fr":{"0":0,"1":30,"2":578,"3":0,"4":12,"5":0,"6":363,"7":1,"8":0,"9":8,"10":0,"11":0,"12":1,"13":1334,"14":11,"15":32,"16":578,"17":97,"18":0,"19":34,"20":4,"21":10,"22":0,"23":1}}