{"canton":{"0":"VD","1":"SG","2":"TI","3":"UR","4":"VS","5":"JU","6":"AG","7":"TG","8":"ZH","9":"SH","10":"BE","11":"BL","12":"GE","13":"BS","14":"GL","15":"SO","16":"LU","17":"GR","18":"NE","19":"ZG","20":"FR"},"main_mean":{"0":0.0378053351,"1":-0.0061901901,"2":0.0196864461,"3":-0.1416643195,"4":0.01742406,"5":0.0,"6":-0.0387227429,"7":0.0,"8":0.0170775235,"9":-0.0444426667,"10":0.0151464515,"11":0.0,"12":0.0146924826,"13":0.0090139822,"14":0.0123294606,"15":0.1230660009,"16":-0.000578878,"17":-0.0154039477,"18":0.022907779,"19":0.0123294606,"20":0.0137275454},"sentiment_mean":{"0":0.2393162393,"1":0.1333333333,"2":0.0483870968,"3":-0.5,"4":0.1818181818,"5":0.0,"6":0.08,"7":0.0,"8":0.2380952381,"9":0.1666666667,"10":0.1592039801,"11":0.0,"12":0.1617161716,"13":0.1776315789,"14":0.2326332795,"15":0.2307692308,"16":0.2580645161,"17":0.2727272727,"18":0.0,"19":0.2326332795,"20":0.125},"main_std":{"0":0.1575770184,"1":0.0812099477,"2":0.1795279821,"3":0.0824934538,"4":0.0758581429,"5":null,"6":0.3320015093,"7":null,"8":0.1299743118,"9":0.1440119339,"10":0.1575343715,"11":null,"12":0.140747166,"13":0.1475418822,"14":0.1685090587,"15":0.3491484291,"16":0.2140361843,"17":0.0877640164,"18":0.1766212366,"19":0.1685090587,"20":0.0761236988},"sentiment_std":{"0":0.7149821875,"1":0.743223353,"2":0.5847072787,"3":0.7071067812,"4":0.7507571935,"5":null,"6":0.7593857167,"7":null,"8":0.6784078682,"9":0.7527726527,"10":0.6360246561,"11":null,"12":0.7018130413,"13":0.6720727421,"14":0.6713036245,"15":0.7250110521,"16":0.5754848353,"17":0.6466697907,"18":0.7071067812,"19":0.6713036245,"20":0.6191391874},"sentiment_pv":{"0":0.6392639762,"1":0.7039367728,"2":0.0373415776,"3":0.3914212265,"4":0.9107406042,"5":null,"6":0.4091567631,"7":null,"8":0.1503966814,"9":0.8986223762,"10":0.2919090826,"11":null,"12":0.0707528984,"13":0.5866685853,"14":0.3923823929,"15":0.911322019,"16":0.632413591,"17":0.7465833376,"18":0.1938421213,"19":0.3923823929,"20":0.6009849977},"main_pv":{"0":0.1237958674,"1":0.3331004881,"2":0.8366820009,"3":0.2265143502,"4":0.9161252662,"5":null,"6":0.4271736872,"7":null,"8":0.6109193288,"9":0.3590214154,"10":0.9856612722,"11":null,"12":0.9618320087,"13":0.6274456352,"14":0.7153634405,"15":0.2861481669,"16":0.6897753736,"17":0.2795170254,"18":0.8386291852,"19":0.7153634405,"20":0.9502986307},"count":{"0":117,"1":15,"2":62,"3":2,"4":11,"5":1,"6":25,"7":1,"8":1386,"9":6,"10":201,"11":1,"12":909,"13":152,"14":619,"15":13,"16":31,"17":11,"18":21,"19":619,"20":16},"nb_en":{"0":117,"1":15,"2":62,"3":2,"4":11,"5":1,"6":25,"7":1,"8":1386,"9":6,"10":201,"11":1,"12":909,"13":152,"14":619,"15":13,"16":31,"17":11,"18":21,"19":619,"20":16},"nb_de":{"0":0,"1":0,"2":0,"3":0,"4":0,"5":0,"6":0,"7":0,"8":0,"9":0,"10":0,"11":0,"12":0,"13":0,"14":0,"15":0,"16":0,"17":0,"18":0,"19":0,"20":0}}