{"canton":{"0":"NE","1":"GE","2":"GL","3":"BE","4":"SZ","5":"TG","6":"UR","7":"FR","8":"BS","9":"BL","10":"ZH","11":"OW","12":"VD","13":"SG","14":"GR","15":"ZG","16":"AR","17":"LU","18":"TI","19":"JU","20":"AG","21":"SH","22":"VS","23":"AI","24":"SO"},"main_mean":{"0":0.0179941061,"1":0.0209245748,"2":0.0214495602,"3":0.0160390142,"4":0.1532893942,"5":0.0016180596,"6":0.0002499938,"7":0.0347991829,"8":0.0059498183,"9":0.0636494864,"10":0.0227287185,"11":0.0,"12":0.0485587004,"13":0.0235269299,"14":0.0097924106,"15":0.0215132588,"16":0.0097982018,"17":0.0185446362,"18":0.0045361797,"19":-0.0396479529,"20":0.0103812482,"21":0.0037815886,"22":0.0042976225,"23":0.0136422028,"24":0.0558587529},"sentiment_mean":{"0":0.0888888889,"1":0.0615906887,"2":0.1186567164,"3":0.0740740741,"4":0.1818181818,"5":-0.0476190476,"6":0.0,"7":0.095890411,"8":0.0274261603,"9":0.2857142857,"10":0.1329394387,"11":0.0,"12":0.0734693878,"13":0.0479452055,"14":0.0434782609,"15":0.119011976,"16":0.0666666667,"17":0.074204947,"18":0.1376146789,"19":0.0,"20":0.0775862069,"21":0.0697674419,"22":0.0533333333,"23":0.0,"24":0.1333333333},"main_std":{"0":0.1060774796,"1":0.1366603333,"2":0.1643489163,"3":0.1068903296,"4":0.3021729703,"5":0.0332014674,"6":0.0004999875,"7":0.1551690561,"8":0.1055851541,"9":0.2723949545,"10":0.1339856495,"11":null,"12":0.148006656,"13":0.1068554925,"14":0.0510989422,"15":0.1645908152,"16":0.0204527291,"17":0.0949529879,"18":0.1076613211,"19":0.1730739388,"20":0.0721311308,"21":0.0426520772,"22":0.0571985225,"23":0.0192929882,"24":0.1931429985},"sentiment_std":{"0":0.5568671386,"1":0.4637138765,"2":0.5285950082,"3":0.3940132441,"4":0.4045199175,"5":0.2182178902,"6":0.0,"7":0.4138029443,"8":0.5050348195,"9":0.4879500365,"10":0.4752059565,"11":null,"12":0.4028403806,"13":0.358775538,"14":0.2948839123,"15":0.5293463539,"16":0.2581988897,"17":0.3003644129,"18":0.5176136466,"19":0.0,"20":0.327065,"21":0.2577696311,"22":0.3243843788,"23":0.0,"24":0.3457459036},"sentiment_pv":{"0":0.898591614,"1":0.0006963177,"2":0.2070331166,"3":0.1148145415,"4":0.5154967108,"5":0.0058674001,"6":9.675487801e-104,"7":0.9403185226,"8":0.0024013032,"9":0.3518140316,"10":0.0003581764,"11":null,"12":0.1650851653,"13":0.0878829344,"14":0.2060855436,"15":0.1999115558,"16":0.6302544256,"17":0.1700229067,"18":0.4461188442,"19":9.675487801e-104,"20":0.4759232435,"21":0.4558460228,"22":0.2244519995,"23":9.675487801e-104,"24":0.5974514969},"main_pv":{"0":0.8196138204,"1":0.8293480804,"2":0.9685284308,"3":0.2045485076,"4":0.1790748063,"5":0.0127881425,"6":8.185067655e-53,"7":0.4720393819,"8":0.0019172708,"9":0.6973908095,"10":0.6811089279,"11":null,"12":0.0000892213,"13":0.8327033708,"14":0.1283010413,"15":0.9794265608,"16":0.0453113804,"17":0.5946349801,"18":0.102922723,"19":0.3850768343,"20":0.101923255,"21":0.0099850403,"22":0.0119333965,"23":0.662460185,"24":0.3401179001},"count":{"0":45,"1":2062,"2":1340,"3":648,"4":11,"5":21,"6":4,"7":73,"8":474,"9":7,"10":3385,"11":1,"12":490,"13":146,"14":46,"15":1336,"16":15,"17":283,"18":109,"19":7,"20":116,"21":43,"22":75,"23":2,"24":30},"nb_en":{"0":24,"1":837,"2":708,"3":174,"4":3,"5":2,"6":1,"7":18,"8":194,"9":1,"10":1431,"11":1,"12":112,"13":24,"14":10,"15":708,"16":0,"17":35,"18":87,"19":2,"20":13,"21":7,"22":19,"23":1,"24":5},"nb_de":{"0":6,"1":7,"2":202,"3":441,"4":8,"5":19,"6":3,"7":28,"8":275,"9":6,"10":1874,"11":0,"12":11,"13":122,"14":35,"15":198,"16":15,"17":245,"18":12,"19":0,"20":101,"21":36,"22":43,"23":1,"24":25}}