{"canton":{"0":"UR","1":"BE","2":"ZG","3":"BL","4":"TI","5":"TG","6":"VD","7":"GR","8":"SG","9":"JU","10":"SH","11":"AG","12":"GE","13":"BS","14":"FR","15":"AR","16":"GL","17":"ZH","18":"SO","19":"NE","20":"LU","21":"VS","22":"SZ"},"main_mean":{"0":-0.0958714114,"1":0.0025592236,"2":-0.001713855,"3":0.0633503353,"4":-0.014174681,"5":0.0111822483,"6":0.0108200748,"7":-0.000501405,"8":0.0181148728,"9":-0.1350098705,"10":-0.0110558016,"11":0.0281412968,"12":-0.0174545088,"13":-0.0027976639,"14":-0.0266470433,"15":0.0119964456,"16":-0.001712265,"17":-0.0014696059,"18":0.0410330061,"19":0.0166239993,"20":0.0123374168,"21":0.0067211849,"22":0.0898276573},"sentiment_mean":{"0":-0.1111111111,"1":0.0674285714,"2":0.0810126582,"3":0.2,"4":0.1717171717,"5":0.0,"6":0.0703422053,"7":0.0555555556,"8":0.0542635659,"9":0.0,"10":0.0588235294,"11":0.0762711864,"12":0.0609180609,"13":0.0323809524,"14":0.0147058824,"15":0.0,"16":0.0809614168,"17":0.1276185226,"18":0.0540540541,"19":0.06,"20":0.0547445255,"21":0.0806451613,"22":0.1428571429},"main_std":{"0":0.1634986855,"1":0.1275416077,"2":0.1566359111,"3":0.1418810522,"4":0.2046297243,"5":0.029682408,"6":0.1721638717,"7":0.0919247384,"8":0.1172454395,"9":0.2416477694,"10":0.0622840791,"11":0.16719089,"12":0.1646731723,"13":0.0907259304,"14":0.1207220891,"15":0.050484317,"16":0.1565863477,"17":0.1449497416,"18":0.1685187344,"19":0.0781011945,"20":0.097096335,"21":0.1623478393,"22":0.2366811226},"sentiment_std":{"0":0.3333333333,"1":0.3690263556,"2":0.4732424768,"3":0.4472135955,"4":0.4526656657,"5":0.0,"6":0.3713484781,"7":0.2323106841,"8":0.3379644378,"9":0.0,"10":0.2388325736,"11":0.2665634307,"12":0.4684691695,"13":0.3966691562,"14":0.2977768023,"15":0.0,"16":0.4730970801,"17":0.4891749676,"18":0.2292434351,"19":0.3136356914,"20":0.2434401801,"21":0.4544276565,"22":0.377964473},"sentiment_pv":{"0":0.1139706014,"1":0.155948609,"2":0.6874755656,"3":0.5994667247,"4":0.0637678504,"5":2.253461337e-95,"6":0.3465407805,"7":0.4382090164,"8":0.2914344348,"9":2.253461337e-95,"10":0.5123869513,"11":0.6940692898,"12":0.0170310764,"13":0.0026576261,"14":0.0065491719,"15":2.253461337e-95,"16":0.6843190574,"17":0.0000051797,"18":0.4036809457,"19":0.5608558105,"20":0.0410023251,"21":0.925451317,"22":0.704895466},"main_pv":{"0":0.12761551,"1":0.2011602749,"2":0.7171991552,"3":0.3533318775,"4":0.5964097268,"5":0.0954733569,"6":0.0661722967,"7":0.8604958244,"8":0.042395907,"9":0.2896678574,"10":0.4720119449,"11":0.0445936945,"12":0.0001089496,"13":0.9188925212,"14":0.0264484263,"15":0.3933066777,"16":0.716761061,"17":0.525747037,"18":0.1192881278,"19":0.0805153266,"20":0.0102279141,"21":0.6320024215,"22":0.338376617},"count":{"0":9,"1":875,"2":1580,"3":5,"4":99,"5":14,"6":526,"7":36,"8":129,"9":5,"10":34,"11":118,"12":2331,"13":525,"14":136,"15":9,"16":1581,"17":3628,"18":37,"19":50,"20":274,"21":62,"22":7},"nb_en":{"0":3,"1":205,"2":758,"3":0,"4":90,"5":1,"6":110,"7":5,"8":18,"9":1,"10":5,"11":10,"12":947,"13":165,"14":35,"15":1,"16":758,"17":1527,"18":5,"19":9,"20":30,"21":22,"22":1},"nb_de":{"0":6,"1":643,"2":415,"3":5,"4":2,"5":13,"6":11,"7":30,"8":111,"9":0,"10":29,"11":108,"12":14,"13":350,"14":57,"15":8,"16":416,"17":2041,"18":32,"19":11,"20":243,"21":30,"22":6},"nb_fr":{"0":0,"1":27,"2":407,"3":0,"4":7,"5":0,"6":405,"7":1,"8":0,"9":4,"10":0,"11":0,"12":1370,"13":10,"14":44,"15":0,"16":407,"17":60,"18":0,"19":30,"20":1,"21":10,"22":0}}