{"canton":{"0":"NE","1":"GE","2":"GL","3":"BE","4":"SZ","5":"TG","6":"UR","7":"FR","8":"BS","9":"BL","10":"ZH","11":"OW","12":"VD","13":"SG","14":"GR","15":"ZG","16":"AR","17":"LU","18":"TI","19":"JU","20":"AG","21":"SH","22":"VS","23":"AI","24":"SO","25":"NW"},"main_mean":{"0":0.0017139263,"1":-0.0141189527,"2":0.0061339116,"3":-0.0023751046,"4":0.0805910975,"5":0.0164600071,"6":0.0191096178,"7":-0.0006886145,"8":0.008832768,"9":0.0004777714,"10":0.0015472888,"11":-0.0120248998,"12":-0.0095807435,"13":0.0177975491,"14":0.0117172008,"15":0.0061414599,"16":0.0426575069,"17":0.0191064348,"18":-0.0272091787,"19":-0.0566423012,"20":0.0053589403,"21":0.0159813196,"22":0.0014030913,"23":0.0,"24":0.0157229277,"25":0.0},"sentiment_mean":{"0":0.0606060606,"1":0.0608552632,"2":0.1082639334,"3":0.0638297872,"4":0.2857142857,"5":0.0454545455,"6":0.0,"7":0.1565217391,"8":0.034416826,"9":0.0,"10":0.1214074671,"11":0.0,"12":0.0769230769,"13":0.0917431193,"14":0.1086956522,"15":0.1084028223,"16":0.1428571429,"17":0.1072961373,"18":0.0512820513,"19":0.0,"20":0.0322580645,"21":0.0555555556,"22":0.0172413793,"23":0.0,"24":0.0816326531,"25":0.0},"main_std":{"0":0.0965945181,"1":0.173375375,"2":0.1772868595,"3":0.1325844361,"4":0.1877769402,"5":0.0370335621,"6":0.0382192356,"7":0.1951665013,"8":0.1337611755,"9":0.0002009192,"10":0.1414425855,"11":null,"12":0.1545800558,"13":0.1099952891,"14":0.1116322664,"15":0.1774004887,"16":0.0921359711,"17":0.1325707826,"18":0.1649844011,"19":0.1790090568,"20":0.1251662696,"21":0.1100859599,"22":0.1103416767,"23":null,"24":0.0834854465,"25":0.0},"sentiment_std":{"0":0.2404347267,"1":0.4457364277,"2":0.4727872857,"3":0.3681927581,"4":0.4879500365,"5":0.2132007164,"6":0.0,"7":0.5230025384,"8":0.3484516851,"9":0.0,"10":0.4826722991,"11":null,"12":0.3644671819,"13":0.320337912,"14":0.4335005252,"15":0.4730747233,"16":0.377964473,"17":0.3493688679,"18":0.3913823619,"19":0.0,"20":0.3106636974,"21":0.2323106841,"22":0.2956633523,"23":null,"24":0.2766416676,"25":0.0},"sentiment_pv":{"0":0.2776144142,"1":0.0010744395,"2":0.2367930033,"3":0.0268780679,"4":0.3370902436,"5":0.3061401087,"6":1.135159923e-113,"7":0.1990292244,"8":0.0002066823,"9":1.135159923e-113,"10":0.0015947495,"11":null,"12":0.3514706507,"13":0.9598549359,"14":0.8111703761,"15":0.2329928565,"16":0.7406145886,"17":0.5478283098,"18":0.3479307547,"19":1.135159923e-113,"20":0.0322219564,"21":0.3387500467,"22":0.0561697299,"23":null,"24":0.7701628747,"25":1.135159923e-113},"main_pv":{"0":0.8684373911,"1":0.0002701115,"2":0.1736122854,"3":0.6607273302,"4":0.2980177615,"5":0.0485849328,"6":0.3854488394,"7":0.982069037,"8":0.1308415174,"9":0.5990635232,"10":0.5030570896,"11":null,"12":0.2084726954,"13":0.091909705,"14":0.4715394122,"15":0.1736069014,"16":0.2639352031,"17":0.0285872047,"18":0.1545903822,"19":0.4367730448,"20":0.619748733,"21":0.3829423651,"22":0.9085043928,"23":null,"24":0.1889680747,"25":0.8463536402},"count":{"0":66,"1":2432,"2":1561,"3":846,"4":7,"5":22,"6":4,"7":115,"8":523,"9":3,"10":3723,"11":1,"12":455,"13":109,"14":46,"15":1559,"16":7,"17":233,"18":78,"19":7,"20":124,"21":36,"22":58,"23":1,"24":49,"25":3},"nb_en":{"0":14,"1":952,"2":701,"3":221,"4":2,"5":3,"6":0,"7":70,"8":104,"9":0,"10":1618,"11":0,"12":96,"13":22,"14":5,"15":701,"16":2,"17":50,"18":67,"19":0,"20":13,"21":6,"22":8,"23":0,"24":5,"25":0},"nb_de":{"0":19,"1":14,"2":397,"3":592,"4":4,"5":19,"6":4,"7":16,"8":404,"9":3,"10":2032,"11":1,"12":11,"13":87,"14":41,"15":395,"16":5,"17":182,"18":4,"19":0,"20":108,"21":30,"22":41,"23":1,"24":43,"25":3}}