{"canton":{"0":"UR","1":"NW","2":"BE","3":"ZG","4":"BL","5":"JU","6":"TI","7":"TG","8":"VD","9":"SG","10":"GR","11":"SH","12":"OW","13":"AG","14":"GE","15":"BS","16":"FR","17":"AR","18":"GL","19":"ZH","20":"SO","21":"NE","22":"LU","23":"AI","24":"VS","25":"SZ"},"main_mean":{"0":-0.0032062565,"1":0.000999975,"2":0.0164602323,"3":0.0145108135,"4":0.1363794821,"5":0.0084296385,"6":0.0053855056,"7":0.0085868904,"8":0.0237266054,"9":0.0153107347,"10":-0.0001688187,"11":0.0220160983,"12":0.0,"13":0.0192302546,"14":0.0235675464,"15":0.0184981288,"16":0.0468406441,"17":0.0837152857,"18":0.0153777314,"19":0.0129698471,"20":-0.0159479909,"21":0.0357198583,"22":0.0323767128,"23":0.0,"24":0.0156242529,"25":0.0251400677},"sentiment_mean":{"0":0.0,"1":0.0,"2":0.0541935484,"3":0.1102719033,"4":0.3,"5":-0.3255813953,"6":0.1846153846,"7":-0.0625,"8":0.0349794239,"9":0.1074380165,"10":-0.0217391304,"11":0.09375,"12":0.0,"13":0.1452991453,"14":0.0812387792,"15":0.0525059666,"16":0.0735294118,"17":0.4,"18":0.1102775694,"19":0.1180801745,"20":0.0606060606,"21":0.3235294118,"22":0.0695187166,"23":-0.3333333333,"24":0.0333333333,"25":0.125},"main_std":{"0":0.0385808252,"1":null,"2":0.1122461825,"3":0.1854274762,"4":0.2526559674,"5":0.1021873942,"6":0.1736323332,"7":0.0433000159,"8":0.125355744,"9":0.0829640982,"10":0.0426031216,"11":0.1105054071,"12":null,"13":0.073602353,"14":0.1238322276,"15":0.1372317796,"16":0.0960599856,"17":0.2363590088,"18":0.1868218798,"19":0.111976284,"20":0.1181849029,"21":0.1379324965,"22":0.1347174228,"23":0.0,"24":0.0583955456,"25":0.0547051884},"sentiment_std":{"0":0.0,"1":null,"2":0.3695864561,"3":0.5142712389,"4":0.4830458915,"5":0.7783049418,"6":0.429109095,"7":0.25,"8":0.341027404,"9":0.3830068079,"10":0.1474419562,"11":0.4655468515,"12":null,"13":0.3539179056,"14":0.4833536958,"15":0.4058332698,"16":0.3983614376,"17":0.5163977795,"18":0.5146423561,"19":0.4746352102,"20":0.3481553119,"21":0.4748580799,"22":0.3119161788,"23":1.1547005384,"24":0.3666923463,"25":0.3535533906},"sentiment_pv":{"0":8.551195293e-100,"1":null,"2":0.0034359417,"3":0.311108583,"4":0.2131091099,"5":0.0009820683,"6":0.0991375401,"7":0.0235274876,"8":0.0001987043,"9":0.7292180364,"10":0.000003039,"11":0.9855035885,"12":null,"13":0.132291327,"14":0.2092487662,"15":0.0359071792,"16":0.655626561,"17":0.0949354927,"18":0.3097518376,"19":0.011353495,"20":0.5724485152,"21":0.0084774232,"22":0.2693372108,"23":0.5861648974,"24":0.1977568024,"25":0.8188498912},"main_pv":{"0":0.1525274819,"1":null,"2":0.8638418012,"3":0.610955374,"4":0.1699729159,"5":0.5784025536,"6":0.5862810554,"7":0.4421840614,"8":0.262757354,"9":0.8067389134,"10":0.0093582401,"11":0.8067846499,"12":null,"13":0.7685379227,"14":0.029424582,"15":0.847842384,"16":0.0137090267,"17":0.3966413397,"18":0.731895418,"19":0.0622365985,"20":0.1177204636,"21":0.439597752,"22":0.1280096236,"23":1.658667141e-39,"24":0.8388050966,"25":0.6937665927},"count":{"0":9,"1":1,"2":775,"3":1324,"4":10,"5":43,"6":65,"7":16,"8":486,"9":121,"10":46,"11":32,"12":1,"13":117,"14":2228,"15":419,"16":68,"17":10,"18":1333,"19":3667,"20":33,"21":34,"22":187,"23":3,"24":60,"25":8},"nb_en":{"0":2,"1":0,"2":197,"3":641,"4":2,"5":42,"6":53,"7":2,"8":104,"9":22,"10":4,"11":9,"12":0,"13":29,"14":963,"15":113,"16":17,"17":4,"18":645,"19":1473,"20":8,"21":16,"22":35,"23":3,"24":15,"25":0},"nb_de":{"0":7,"1":1,"2":564,"3":205,"4":8,"5":0,"6":6,"7":14,"8":9,"9":99,"10":42,"11":23,"12":1,"13":86,"14":10,"15":294,"16":14,"17":6,"18":210,"19":2120,"20":25,"21":2,"22":152,"23":0,"24":32,"25":8},"nb_fr":{"0":0,"1":0,"2":14,"3":478,"4":0,"5":1,"6":6,"7":0,"8":373,"9":0,"10":0,"11":0,"12":0,"13":2,"14":1255,"15":12,"16":37,"17":0,"18":478,"19":74,"20":0,"21":16,"22":0,"23":0,"24":13,"25":0}}