{"canton":{"0":"UR","1":"BE","2":"ZG","3":"BL","4":"JU","5":"TG","6":"TI","7":"VD","8":"SG","9":"GR","10":"SH","11":"AG","12":"GE","13":"BS","14":"FR","15":"AR","16":"GL","17":"ZH","18":"SO","19":"NE","20":"LU","21":"AI","22":"VS","23":"SZ"},"main_mean":{"0":-0.0997202263,"1":0.0092129078,"2":0.0264450565,"3":0.0242163779,"4":0.0112453222,"5":0.0252952021,"6":-0.0024641607,"7":0.0416999166,"8":0.0585639413,"9":-0.0003480015,"10":0.0042495139,"11":0.0218350064,"12":0.019230235,"13":0.0147960001,"14":0.0079373052,"15":0.0286609564,"16":0.0263554265,"17":0.0152368711,"18":0.0319093721,"19":0.0405342984,"20":0.0036812821,"21":0.1111074075,"22":0.0151327032,"23":0.0159032679},"sentiment_mean":{"0":-0.25,"1":0.0706033376,"2":0.1546840959,"3":0.0,"4":0.0,"5":0.0454545455,"6":0.0309278351,"7":0.0865051903,"8":0.1597633136,"9":0.0547945205,"10":0.0869565217,"11":0.0714285714,"12":0.0847688123,"13":0.0243445693,"14":-0.0238095238,"15":0.0,"16":0.1543478261,"17":0.1177817349,"18":0.05,"19":0.1403508772,"20":0.1176470588,"21":0.3333333333,"22":0.0555555556,"23":0.1},"main_std":{"0":0.2001813745,"1":0.1096810338,"2":0.1477379345,"3":0.069458147,"4":0.0432220412,"5":0.0496588521,"6":0.1487750982,"7":0.1503689631,"8":0.2074985102,"9":0.0911455413,"10":0.0232838395,"11":0.1691541286,"12":0.1399776974,"13":0.1160504415,"14":0.1010427615,"15":0.0463737563,"16":0.1475928695,"17":0.1247315669,"18":0.13494541,"19":0.089915525,"20":0.1034516574,"21":0.1924436749,"22":0.1460377773,"23":0.0661545814},"sentiment_std":{"0":0.5,"1":0.384662267,"2":0.5043792867,"3":0.0,"4":0.0,"5":0.2132007164,"6":0.5487411398,"7":0.3669036219,"8":0.4410916553,"9":0.2833534777,"10":0.3544063554,"11":0.3866323009,"12":0.4573155587,"13":0.4170015378,"14":0.2677973733,"15":0.0,"16":0.5038818947,"17":0.4776072297,"18":0.2207214279,"19":0.350438322,"20":0.3626993275,"21":0.5773502692,"22":0.4747597555,"23":0.316227766},"sentiment_pv":{"0":0.2470069846,"1":0.0086835165,"2":0.0012166288,"3":6.168509534e-140,"4":6.168509534e-140,"5":0.1813411034,"6":0.1680617214,"7":0.1648572402,"8":0.1359111665,"9":0.1122401722,"10":0.6825948412,"11":0.3472273289,"12":0.0253749284,"13":0.0000067816,"14":0.0000225193,"15":6.168509534e-140,"16":0.001293012,"17":0.2891111411,"18":0.1037160183,"19":0.4976119212,"20":0.7131976815,"21":0.5695728214,"22":0.5081344617,"23":0.9339195745},"main_pv":{"0":0.318255372,"1":0.0103664515,"2":0.111161897,"3":0.8719984516,"4":0.5941047238,"5":0.6113229958,"6":0.1451107167,"7":0.0006324835,"8":0.0165121567,"9":0.0646220697,"10":0.0000768079,"11":0.905606495,"12":0.8603714502,"13":0.3339583059,"14":0.2880506023,"15":0.6598918251,"16":0.1153728676,"17":0.051794085,"18":0.5741681266,"19":0.088707238,"20":0.0235065954,"21":0.4975702096,"22":0.8492866278,"23":0.856651551},"count":{"0":4,"1":779,"2":1377,"3":7,"4":8,"5":22,"6":97,"7":578,"8":169,"9":73,"10":46,"11":98,"12":2206,"13":534,"14":84,"15":6,"16":1380,"17":3931,"18":40,"19":57,"20":221,"21":3,"22":36,"23":10},"nb_en":{"0":1,"1":209,"2":754,"3":1,"4":0,"5":2,"6":85,"7":128,"8":19,"9":3,"10":8,"11":13,"12":896,"13":167,"14":24,"15":0,"16":754,"17":1534,"18":1,"19":14,"20":57,"21":2,"22":14,"23":2},"nb_de":{"0":3,"1":541,"2":206,"3":6,"4":0,"5":20,"6":5,"7":17,"8":150,"9":70,"10":38,"11":85,"12":5,"13":354,"14":29,"15":6,"16":209,"17":2300,"18":39,"19":3,"20":161,"21":1,"22":17,"23":8},"nb_fr":{"0":0,"1":29,"2":417,"3":0,"4":8,"5":0,"6":7,"7":433,"8":0,"9":0,"10":0,"11":0,"12":1305,"13":13,"14":31,"15":0,"16":417,"17":97,"18":0,"19":40,"20":3,"21":0,"22":5,"23":0}}