{"canton":{"0":"UR","1":"BE","2":"ZG","3":"BL","4":"JU","5":"NW","6":"TI","7":"VD","8":"SG","9":"GR","10":"SH","11":"OW","12":"AG","13":"GE","14":"BS","15":"FR","16":"AR","17":"GL","18":"ZH","19":"SO","20":"NE","21":"LU","22":"AI","23":"VS","24":"SZ","25":"TG"},"main_mean":{"0":-0.0787245627,"1":-0.0017466379,"2":0.0045038984,"3":0.0320544094,"4":0.0109457886,"5":0.0,"6":-0.0296803309,"7":0.0127192968,"8":-0.0082078678,"9":-0.0158177902,"10":0.0041396624,"11":0.0,"12":0.0169668625,"13":-0.0198179038,"14":0.0074243298,"15":-0.0082351103,"16":0.1607045638,"17":0.0041447549,"18":0.0032236615,"19":0.0241917275,"20":0.0296026812,"21":-0.015333119,"22":0.2659144507,"23":0.0004081905,"24":-0.0608552175,"25":0.0088419786},"sentiment_mean":{"0":0.1428571429,"1":0.0836197022,"2":0.0814576635,"3":0.0833333333,"4":0.0,"5":0.0,"6":0.1445783133,"7":0.0657596372,"8":0.1327433628,"9":-0.0222222222,"10":0.0,"11":0.0,"12":0.1047619048,"13":0.0432620587,"14":0.0531914894,"15":0.088,"16":0.5,"17":0.0809651475,"18":0.1248534584,"19":0.0606060606,"20":0.03125,"21":0.1,"22":1.0,"23":0.0208333333,"24":0.0,"25":0.0},"main_std":{"0":0.1021445364,"1":0.1469325889,"2":0.1706445527,"3":0.1080317204,"4":0.0848072125,"5":null,"6":0.1777584795,"7":0.1500195717,"8":0.081951252,"9":0.1252353087,"10":0.0236082955,"11":null,"12":0.1111932097,"13":0.1664918013,"14":0.1221908725,"15":0.1418399484,"16":0.2064926726,"17":0.1699834465,"18":0.1425819126,"19":0.1564876443,"20":0.0932890713,"21":0.1453153582,"22":null,"23":0.0811790584,"24":0.1134539721,"25":0.0195994905},"sentiment_std":{"0":0.377964473,"1":0.3814743275,"2":0.4254746192,"3":0.2886751346,"4":0.0,"5":null,"6":0.4170900973,"7":0.2980732465,"8":0.3408085129,"9":0.3363499861,"10":0.0,"11":null,"12":0.3375195015,"13":0.4512206777,"14":0.330398427,"15":0.3595696352,"16":0.7071067812,"17":0.4250563348,"18":0.4679127812,"19":0.3481553119,"20":0.4003526671,"21":0.3496029494,"22":null,"23":0.3853477751,"24":0.0,"25":0.0},"sentiment_pv":{"0":0.7077356358,"1":0.8217986347,"2":0.624058724,"3":0.9688792784,"4":1.131116891e-103,"5":null,"6":0.2110768106,"7":0.1567152531,"8":0.1564464389,"9":0.0357963624,"10":1.131116891e-103,"11":null,"12":0.5865168205,"13":0.0000617091,"14":0.0564085236,"15":0.9671455123,"16":0.5602215929,"17":0.5913991777,"18":0.0000197053,"19":0.6707620845,"20":0.4402633046,"21":0.6039632563,"22":null,"23":0.2436616003,"24":1.131116891e-103,"25":1.131116891e-103},"main_pv":{"0":0.0902934227,"1":0.8619949934,"2":0.2032369382,"3":0.3144482235,"4":0.7474125198,"5":null,"6":0.1443267067,"7":0.0632701708,"8":0.3497844977,"9":0.4282085216,"10":0.3119276241,"11":null,"12":0.1065832295,"13":0.0000019902,"14":0.2013894058,"15":0.5638218746,"16":0.4678515267,"17":0.2337348156,"18":0.1508469445,"19":0.365520388,"20":0.0753067701,"21":0.174906696,"22":null,"23":0.915793789,"24":0.3678086196,"25":0.1389206006},"count":{"0":7,"1":873,"2":1866,"3":12,"4":6,"5":1,"6":83,"7":441,"8":113,"9":45,"10":26,"11":1,"12":105,"13":2011,"14":376,"15":125,"16":2,"17":1865,"18":3412,"19":33,"20":32,"21":190,"22":1,"23":48,"24":4,"25":11},"nb_en":{"0":3,"1":216,"2":696,"3":1,"4":1,"5":1,"6":65,"7":91,"8":26,"9":9,"10":2,"11":1,"12":21,"13":773,"14":87,"15":36,"16":0,"17":696,"18":1367,"19":3,"20":11,"21":42,"22":0,"23":20,"24":1,"25":0},"nb_de":{"0":4,"1":637,"2":557,"3":11,"4":0,"5":0,"6":11,"7":17,"8":87,"9":35,"10":24,"11":0,"12":83,"13":19,"14":277,"15":32,"16":2,"17":556,"18":1984,"19":29,"20":2,"21":147,"22":1,"23":26,"24":3,"25":11},"nb_fr":{"0":0,"1":20,"2":613,"3":0,"4":5,"5":0,"6":7,"7":333,"8":0,"9":1,"10":0,"11":0,"12":1,"13":1219,"14":12,"15":57,"16":0,"17":613,"18":61,"19":1,"20":19,"21":1,"22":0,"23":2,"24":0,"25":0}}