{"canton":{"0":"UR","1":"NW","2":"BE","3":"ZG","4":"BL","5":"TI","6":"TG","7":"VD","8":"GR","9":"SG","10":"JU","11":"SH","12":"AG","13":"GE","14":"BS","15":"FR","16":"AR","17":"GL","18":"ZH","19":"SO","20":"NE","21":"LU","22":"VS","23":"SZ"},"main_mean":{"0":0.0,"1":0.0005714204,"2":0.0053485652,"3":0.0275746508,"4":0.0070739955,"5":-0.0018244118,"6":0.0537515921,"7":0.0334106898,"8":-0.0032586899,"9":0.0241839336,"10":0.0612070954,"11":-0.0035347116,"12":0.0240566282,"13":0.0334118182,"14":0.0031113366,"15":0.0070057895,"16":0.1072197018,"17":0.0275327616,"18":0.0166706251,"19":0.0537710751,"20":0.0216763382,"21":0.0317315056,"22":-0.0041700918,"23":0.000170672},"sentiment_mean":{"0":0.0,"1":0.0,"2":0.067209776,"3":0.1256704981,"4":0.0,"5":0.0476190476,"6":0.1176470588,"7":0.0649717514,"8":-0.0714285714,"9":0.0902255639,"10":-0.0833333333,"11":0.0322580645,"12":0.0352941176,"13":0.0763313609,"14":0.0326975477,"15":0.0941176471,"16":0.2,"17":0.1254781943,"18":0.1351606805,"19":0.1515151515,"20":-0.1,"21":0.0567375887,"22":0.0,"23":0.0666666667},"main_std":{"0":null,"1":null,"2":0.0958053136,"3":0.13830362,"4":0.0122525196,"5":0.1293002243,"6":0.1582311063,"7":0.1247072479,"8":0.0908570009,"9":0.1134878606,"10":0.0827037715,"11":0.0499235488,"12":0.1246967266,"13":0.146116319,"14":0.1036434358,"15":0.1091123312,"16":0.1435580704,"17":0.1382018266,"18":0.1366178511,"19":0.1603601467,"20":0.0671288888,"21":0.1140005398,"22":0.072392365,"23":0.0317360124},"sentiment_std":{"0":null,"1":null,"2":0.4256617355,"3":0.4528285662,"4":0.0,"5":0.4364357805,"6":0.4850712501,"7":0.3428990292,"8":0.2598700974,"9":0.3128230843,"10":0.5149286505,"11":0.3145230217,"12":0.2864835582,"13":0.4036198365,"14":0.3967340351,"15":0.365914686,"16":0.4472135955,"17":0.4525083876,"18":0.4945777124,"19":0.3641095406,"20":0.3077935056,"21":0.2611253023,"22":0.3123475238,"23":0.2581988897},"sentiment_pv":{"0":null,"1":null,"2":0.0870474415,"3":0.0676828868,"4":6.832577594e-97,"5":0.2665594675,"6":0.890274675,"7":0.055583195,"8":0.000007621,"9":0.692410422,"10":0.2405818081,"11":0.2336758814,"12":0.0390874399,"13":0.0231519775,"14":0.0013829442,"15":0.8608956172,"16":0.6470850043,"17":0.0695034178,"18":0.0038662461,"19":0.4338619025,"20":0.0088092104,"21":0.0502624917,"22":0.0428965557,"23":0.6139407237},"main_pv":{"0":null,"1":null,"2":0.0001166839,"3":0.2689403161,"4":0.1473587342,"5":0.0831433754,"6":0.4356324011,"7":0.1274532192,"8":0.0357627945,"9":0.9089610335,"10":0.1387000834,"11":0.0063118823,"12":0.9408516246,"13":0.0070119583,"14":0.0004170108,"15":0.1821312733,"16":0.2600542596,"17":0.2727613423,"18":0.0541326218,"19":0.2798276457,"20":0.9286577397,"21":0.3724633825,"22":0.0200838439,"23":0.0150083133},"count":{"0":1,"1":1,"2":491,"3":1305,"4":3,"5":84,"6":17,"7":354,"8":56,"9":133,"10":12,"11":31,"12":85,"13":1690,"14":367,"15":85,"16":5,"17":1307,"18":2116,"19":33,"20":20,"21":141,"22":42,"23":15},"nb_en":{"0":1,"1":0,"2":175,"3":569,"4":0,"5":72,"6":5,"7":87,"8":7,"9":21,"10":2,"11":3,"12":13,"13":545,"14":111,"15":13,"16":1,"17":569,"18":942,"19":10,"20":6,"21":20,"22":11,"23":3},"nb_de":{"0":0,"1":1,"2":304,"3":216,"4":3,"5":6,"6":12,"7":18,"8":49,"9":112,"10":0,"11":28,"12":72,"13":9,"14":253,"15":44,"16":4,"17":218,"18":1116,"19":23,"20":1,"21":120,"22":27,"23":12},"nb_fr":{"0":0,"1":0,"2":12,"3":520,"4":0,"5":6,"6":0,"7":249,"8":0,"9":0,"10":10,"11":0,"12":0,"13":1136,"14":3,"15":28,"16":0,"17":520,"18":58,"19":0,"20":13,"21":1,"22":4,"23":0}}