{"canton":{"0":"UR","1":"BE","2":"ZG","3":"BL","4":"FR","5":"JU","6":"TI","7":"NW","8":"VD","9":"SG","10":"GR","11":"SH","12":"OW","13":"AG","14":"GE","15":"BS","16":"TG","17":"AR","18":"GL","19":"ZH","20":"SO","21":"NE","22":"LU","23":"VS","24":"SZ"},"main_mean":{"0":0.0001333307,"1":0.0128917461,"2":0.0319083227,"3":0.0080843419,"4":0.021702495,"5":0.0291130824,"6":0.02197459,"7":0.0,"8":0.0320255405,"9":0.0262352859,"10":-0.0012421492,"11":0.0280529656,"12":0.0004444395,"13":0.0236985311,"14":0.0318078675,"15":0.0189382324,"16":0.0201462553,"17":0.0193853282,"18":0.0318178681,"19":0.0124477978,"20":0.0068656172,"21":0.0369593761,"22":0.0096057911,"23":0.0135443001,"24":0.0675812686},"sentiment_mean":{"0":0.0,"1":0.0449871465,"2":0.1382751247,"3":0.0,"4":0.0135135135,"5":0.0,"6":0.1076923077,"7":1.0,"8":0.0696629213,"9":0.1140350877,"10":-0.0181818182,"11":0.1162790698,"12":0.0,"13":0.0636363636,"14":0.0691562932,"15":0.0738255034,"16":0.0,"17":0.0,"18":0.1378820185,"19":0.1156645996,"20":0.0408163265,"21":0.2692307692,"22":0.0396475771,"23":0.0434782609,"24":0.1111111111},"main_std":{"0":0.0003265921,"1":0.0857896092,"2":0.1715057236,"3":0.020860972,"4":0.1523312845,"5":0.0724288764,"6":0.07904955,"7":null,"8":0.161548434,"9":0.127323164,"10":0.0659673224,"11":0.1517062951,"12":null,"13":0.0743679046,"14":0.1561057486,"15":0.105976213,"16":0.0459774165,"17":0.0266068836,"18":0.1712699717,"19":0.1048874019,"20":0.049799295,"21":0.1202460941,"22":0.1247492846,"23":0.0693934649,"24":0.1603184772},"sentiment_std":{"0":0.0,"1":0.3197196525,"2":0.496187049,"3":0.0,"4":0.3093627229,"5":0.0,"6":0.5339439613,"7":null,"8":0.3821479403,"9":0.393728983,"10":0.2349869256,"11":0.3243530062,"12":null,"13":0.2801465124,"14":0.4644296566,"15":0.3818391536,"16":0.0,"17":0.0,"18":0.4955354651,"19":0.4683568234,"20":0.4061600502,"21":0.5334935657,"22":0.3433513372,"23":0.3624927119,"24":0.6009252126},"sentiment_pv":{"0":9.026190706e-119,"1":0.0000091565,"2":0.0053571643,"3":9.026190706e-119,"4":0.0201428714,"5":9.026190706e-119,"6":0.9020162242,"7":null,"8":0.1095534138,"9":0.6958869142,"10":0.0005243813,"11":0.736883008,"12":null,"13":0.1875914249,"14":0.0051592172,"15":0.1137409021,"16":9.026190706e-119,"17":9.026190706e-119,"18":0.0057198813,"19":0.065590271,"20":0.3182086927,"21":0.1175195536,"22":0.0104252369,"23":0.3016707167,"24":0.9551667727},"main_pv":{"0":1.599320863e-66,"1":0.0041158456,"2":0.0472673948,"3":0.1192992865,"4":0.9656518017,"5":0.8029681114,"6":0.960220813,"7":null,"8":0.2190271337,"9":0.7541024179,"10":0.0107486097,"11":0.8107445063,"12":null,"13":0.8648675831,"14":0.0092915107,"15":0.4354506207,"16":0.8338561231,"17":0.8966007083,"18":0.0488368539,"19":0.0000030342,"20":0.0355832054,"21":0.5450336233,"22":0.1260165086,"23":0.3911605315,"24":0.4232017501},"count":{"0":6,"1":778,"2":1403,"3":7,"4":74,"5":8,"6":65,"7":1,"8":445,"9":114,"10":55,"11":43,"12":1,"13":110,"14":2169,"15":596,"16":18,"17":2,"18":1407,"19":3709,"20":49,"21":26,"22":227,"23":46,"24":9},"nb_en":{"0":3,"1":144,"2":689,"3":2,"4":17,"5":0,"6":53,"7":1,"8":112,"9":19,"10":6,"11":6,"12":0,"13":17,"14":861,"15":151,"16":2,"17":0,"18":689,"19":1506,"20":11,"21":14,"22":51,"23":13,"24":4},"nb_de":{"0":3,"1":612,"2":261,"3":5,"4":28,"5":0,"6":4,"7":0,"8":9,"9":95,"10":48,"11":37,"12":1,"13":83,"14":8,"15":431,"16":16,"17":2,"18":265,"19":2134,"20":38,"21":0,"22":175,"23":31,"24":5},"nb_fr":{"0":0,"1":22,"2":453,"3":0,"4":29,"5":8,"6":8,"7":0,"8":324,"9":0,"10":1,"11":0,"12":0,"13":10,"14":1300,"15":14,"16":0,"17":0,"18":453,"19":69,"20":0,"21":12,"22":1,"23":2,"24":0}}