{"canton":{"0":"NE","1":"GE","2":"GL","3":"SO","4":"UR","5":"SZ","6":"BE","7":"TG","8":"FR","9":"BS","10":"ZH","11":"OW","12":"VD","13":"SG","14":"GR","15":"ZG","16":"LU","17":"TI","18":"JU","19":"AG","20":"SH","21":"VS","22":"AI","23":"BL","24":"NW"},"main_mean":{"0":0.0361185925,"1":-0.0211076331,"2":-0.0035758351,"3":0.0145002933,"4":0.0139686678,"5":0.0095281318,"6":-0.0125197917,"7":0.06244948,"8":0.0092786609,"9":0.0013263147,"10":-0.0010443882,"11":0.0002857122,"12":-0.0087904431,"13":0.0202395194,"14":0.006027228,"15":-0.0035327212,"16":-0.0223771687,"17":-0.0399372506,"18":0.0105431597,"19":0.0207021238,"20":0.0011322781,"21":-0.0027391908,"22":0.0,"23":0.0293244135,"24":0.0027343408},"sentiment_mean":{"0":0.0535714286,"1":0.0388856645,"2":0.1047923323,"3":0.0540540541,"4":0.0,"5":0.0,"6":0.0666666667,"7":0.25,"8":0.1323529412,"9":0.0445544554,"10":0.1371640408,"11":0.0,"12":0.0510510511,"13":0.0657894737,"14":0.1111111111,"15":0.104859335,"16":0.0740740741,"17":0.1315789474,"18":0.0,"19":0.0927835052,"20":0.0344827586,"21":-0.0666666667,"22":0.0,"23":0.0,"24":0.0},"main_std":{"0":0.0873046447,"1":0.1745385104,"2":0.163381545,"3":0.0544761578,"4":0.0185820089,"5":0.0165032084,"6":0.1280234468,"7":0.1252547638,"8":0.1072012299,"9":0.0978103531,"10":0.1567959441,"11":null,"12":0.1593733186,"13":0.0918185214,"14":0.0789907309,"15":0.1634450059,"16":0.1547157168,"17":0.1977138261,"18":0.0825177382,"19":0.1309408033,"20":0.0060975042,"21":0.1551644653,"22":null,"23":0.058648827,"24":0.0054686816},"sentiment_std":{"0":0.2630139144,"1":0.3782675378,"2":0.4486510454,"3":0.2292434351,"4":0.0,"5":0.0,"6":0.3477865483,"7":0.5,"8":0.5155611858,"9":0.4083435637,"10":0.5137873968,"11":null,"12":0.4255829883,"13":0.3400206392,"14":0.3187276292,"15":0.4487867123,"16":0.3456073559,"17":0.3774336238,"18":0.0,"19":0.3253995693,"20":0.1856953382,"21":0.3931226966,"22":null,"23":0.0,"24":0.0},"sentiment_pv":{"0":0.1489879374,"1":0.000000514,"2":0.2361630008,"3":0.346122487,"4":1.019167234e-83,"5":1.019167234e-83,"6":0.1100137821,"7":0.5683829647,"8":0.5044892404,"9":0.0286604653,"10":0.0000934598,"11":null,"12":0.0997333786,"13":0.5346438486,"14":0.6984558563,"15":0.2342561074,"16":0.6761808117,"17":0.3459028461,"18":1.019167234e-83,"19":0.9404756931,"20":0.1195396911,"21":0.0105482442,"22":null,"23":1.019167234e-83,"24":1.019167234e-83},"main_pv":{"0":0.0000018236,"1":0.0009075648,"2":0.5698467581,"3":0.0293877068,"4":0.028537998,"5":0.2402855121,"6":0.2367893354,"7":0.3537418422,"8":0.2444926702,"9":0.1487970263,"10":0.1781610942,"11":null,"12":0.7625721056,"13":0.015631573,"14":0.3666388471,"15":0.5635225726,"16":0.3488015963,"17":0.1409225312,"18":0.6424410881,"19":0.0481445639,"20":0.000355139,"21":0.8853094126,"22":null,"23":0.3136897033,"24":0.0351041711},"count":{"0":112,"1":1723,"2":1565,"3":37,"4":7,"5":3,"6":615,"7":4,"8":68,"9":404,"10":2158,"11":1,"12":333,"13":76,"14":36,"15":1564,"16":81,"17":76,"18":6,"19":97,"20":29,"21":45,"22":1,"23":4,"24":4},"nb_en":{"0":13,"1":511,"2":665,"3":0,"4":1,"5":2,"6":172,"7":0,"8":31,"9":105,"10":968,"11":0,"12":108,"13":9,"14":4,"15":665,"16":20,"17":59,"18":1,"19":6,"20":2,"21":17,"22":0,"23":0,"24":0},"nb_de":{"0":3,"1":6,"2":410,"3":37,"4":6,"5":1,"6":436,"7":4,"8":8,"9":294,"10":1129,"11":1,"12":1,"13":67,"14":32,"15":409,"16":61,"17":12,"18":0,"19":90,"20":27,"21":5,"22":1,"23":4,"24":4}}