{"canton":{"0":"NE","1":"GE","2":"GL","3":"BE","4":"SZ","5":"TG","6":"UR","7":"FR","8":"BS","9":"BL","10":"ZH","11":"VD","12":"SG","13":"GR","14":"ZG","15":"AR","16":"LU","17":"TI","18":"JU","19":"AG","20":"SH","21":"VS","22":"SO","23":"NW"},"main_mean":{"0":0.0216763382,"1":0.0334118182,"2":0.0275327616,"3":0.0053485652,"4":0.000170672,"5":0.0537515921,"6":0.0,"7":0.0070057895,"8":0.0031113366,"9":0.0070739955,"10":0.0166706251,"11":0.0334106898,"12":0.0241839336,"13":-0.0032586899,"14":0.0275746508,"15":0.1072197018,"16":0.0317315056,"17":-0.0018244118,"18":0.0612070954,"19":0.0240566282,"20":-0.0035347116,"21":-0.0041700918,"22":0.0537710751,"23":0.0005714204},"sentiment_mean":{"0":-0.1,"1":0.0763313609,"2":0.1254781943,"3":0.067209776,"4":0.0666666667,"5":0.1176470588,"6":0.0,"7":0.0941176471,"8":0.0326975477,"9":0.0,"10":0.1351606805,"11":0.0649717514,"12":0.0902255639,"13":-0.0714285714,"14":0.1256704981,"15":0.2,"16":0.0567375887,"17":0.0476190476,"18":-0.0833333333,"19":0.0352941176,"20":0.0322580645,"21":0.0,"22":0.1515151515,"23":0.0},"main_std":{"0":0.0671288888,"1":0.146116319,"2":0.1382018266,"3":0.0958053136,"4":0.0317360124,"5":0.1582311063,"6":null,"7":0.1091123312,"8":0.1036434358,"9":0.0122525196,"10":0.1366178511,"11":0.1247072479,"12":0.1134878606,"13":0.0908570009,"14":0.13830362,"15":0.1435580704,"16":0.1140005398,"17":0.1293002243,"18":0.0827037715,"19":0.1246967266,"20":0.0499235488,"21":0.072392365,"22":0.1603601467,"23":null},"sentiment_std":{"0":0.3077935056,"1":0.4036198365,"2":0.4525083876,"3":0.4256617355,"4":0.2581988897,"5":0.4850712501,"6":null,"7":0.365914686,"8":0.3967340351,"9":0.0,"10":0.4945777124,"11":0.3428990292,"12":0.3128230843,"13":0.2598700974,"14":0.4528285662,"15":0.4472135955,"16":0.2611253023,"17":0.4364357805,"18":0.5149286505,"19":0.2864835582,"20":0.3145230217,"21":0.3123475238,"22":0.3641095406,"23":null},"sentiment_pv":{"0":0.0088092104,"1":0.0231519775,"2":0.0695034178,"3":0.0870474415,"4":0.6139407237,"5":0.890274675,"6":null,"7":0.8608956172,"8":0.0013829442,"9":6.832577594e-97,"10":0.0038662461,"11":0.055583195,"12":0.692410422,"13":0.000007621,"14":0.0676828868,"15":0.6470850043,"16":0.0502624917,"17":0.2665594675,"18":0.2405818081,"19":0.0390874399,"20":0.2336758814,"21":0.0428965557,"22":0.4338619025,"23":null},"main_pv":{"0":0.9286577397,"1":0.0070119583,"2":0.2727613423,"3":0.0001166839,"4":0.0150083133,"5":0.4356324011,"6":null,"7":0.1821312733,"8":0.0004170108,"9":0.1473587342,"10":0.0541326218,"11":0.1274532192,"12":0.9089610335,"13":0.0357627945,"14":0.2689403161,"15":0.2600542596,"16":0.3724633825,"17":0.0831433754,"18":0.1387000834,"19":0.9408516246,"20":0.0063118823,"21":0.0200838439,"22":0.2798276457,"23":null},"count":{"0":20,"1":1690,"2":1307,"3":491,"4":15,"5":17,"6":1,"7":85,"8":367,"9":3,"10":2116,"11":354,"12":133,"13":56,"14":1305,"15":5,"16":141,"17":84,"18":12,"19":85,"20":31,"21":42,"22":33,"23":1},"nb_en":{"0":6,"1":545,"2":569,"3":175,"4":3,"5":5,"6":1,"7":13,"8":111,"9":0,"10":942,"11":87,"12":21,"13":7,"14":569,"15":1,"16":20,"17":72,"18":2,"19":13,"20":3,"21":11,"22":10,"23":0},"nb_de":{"0":1,"1":9,"2":218,"3":304,"4":12,"5":12,"6":0,"7":44,"8":253,"9":3,"10":1116,"11":18,"12":112,"13":49,"14":216,"15":4,"16":120,"17":6,"18":0,"19":72,"20":28,"21":27,"22":23,"23":1}}