{"canton":{"0":"NE","1":"GE","2":"GL","3":"BE","4":"SZ","5":"TG","6":"UR","7":"FR","8":"BS","9":"BL","10":"ZH","11":"OW","12":"VD","13":"SG","14":"GR","15":"ZG","16":"AR","17":"LU","18":"TI","19":"JU","20":"AG","21":"SH","22":"VS","23":"SO","24":"NW"},"main_mean":{"0":0.012641243,"1":0.0249400015,"2":0.0277815646,"3":0.0115415758,"4":-0.0043391981,"5":0.0484734613,"6":-0.0287944528,"7":0.036551788,"8":0.0138071816,"9":0.0556111408,"10":0.0161257296,"11":0.0,"12":0.0348034894,"13":0.0222765872,"14":0.0181126352,"15":0.0278025794,"16":0.0050445784,"17":0.0230021176,"18":0.0187269108,"19":-0.0170543366,"20":0.0386297273,"21":0.0193177467,"22":0.0291707371,"23":0.0118168949,"24":0.0},"sentiment_mean":{"0":0.0652173913,"1":0.0850237376,"2":0.1224489796,"3":0.0555555556,"4":0.1111111111,"5":0.0909090909,"6":0.0,"7":0.0636363636,"8":0.0593824228,"9":0.0,"10":0.0998732573,"11":0.0,"12":0.0449897751,"13":0.0608695652,"14":0.0,"15":0.1225416036,"16":0.0,"17":0.0456273764,"18":0.1153846154,"19":0.0,"20":0.0789473684,"21":0.0689655172,"22":0.1125,"23":0.0185185185,"24":0.0},"main_std":{"0":0.0861858609,"1":0.1411644978,"2":0.1619794234,"3":0.0907825925,"4":0.0133924556,"5":0.1074634965,"6":0.0528618395,"7":0.1182125046,"8":0.1379691415,"9":0.1667759654,"10":0.126932227,"11":null,"12":0.1248254965,"13":0.1101723546,"14":0.052170979,"15":0.1620389169,"16":0.0111588387,"17":0.1219556693,"18":0.1343056171,"19":0.0613228832,"20":0.1464864822,"21":0.0606924412,"22":0.1459299055,"23":0.0413537461,"24":0.0},"sentiment_std":{"0":0.3888543808,"1":0.4757733109,"2":0.4936535695,"3":0.3622675125,"4":0.3333333333,"5":0.2942449432,"6":0.0,"7":0.2801465124,"8":0.4916334277,"9":0.5773502692,"10":0.4914713639,"11":null,"12":0.3649899643,"13":0.4036447222,"14":0.0,"15":0.4938288819,"16":0.5,"17":0.242855716,"18":0.4552940888,"19":0.0,"20":0.2708471418,"21":0.2578807148,"22":0.4771686006,"23":0.237180032,"24":0.0},"sentiment_pv":{"0":0.6410047415,"1":0.5055345524,"2":0.0339039548,"3":0.0090860035,"4":0.8692171852,"5":0.9837156538,"6":5.747334943e-99,"7":0.2932296706,"8":0.178281841,"9":0.6873944023,"10":0.3912576893,"11":null,"12":0.0058393469,"13":0.4098440634,"14":5.747334943e-99,"15":0.0334795947,"16":0.5953147062,"17":0.0030304941,"18":0.6553875034,"19":5.747334943e-99,"20":0.6072906639,"21":0.6325194451,"22":0.7056004043,"23":0.0276190238,"24":5.747334943e-99},"main_pv":{"0":0.4811710064,"1":0.3123036138,"2":0.1900473574,"3":0.0045351823,"4":0.0002866753,"5":0.25648717,"6":0.0100272814,"7":0.1934044497,"8":0.2486853821,"9":0.6101254267,"10":0.0192743237,"11":null,"12":0.0240363606,"13":0.9565164582,"14":0.6573216786,"15":0.1888237923,"16":0.0017260327,"17":0.8656819935,"18":0.8454725508,"19":0.5355235197,"20":0.2219805003,"21":0.8343672584,"22":0.6497364359,"23":0.0916162214,"24":7.435075537e-65},"count":{"0":46,"1":2317,"2":1323,"3":738,"4":9,"5":22,"6":11,"7":110,"8":421,"9":7,"10":3945,"11":1,"12":489,"13":115,"14":43,"15":1322,"16":9,"17":263,"18":78,"19":2,"20":114,"21":29,"22":80,"23":54,"24":2},"nb_en":{"0":17,"1":951,"2":641,"3":180,"4":2,"5":7,"6":0,"7":24,"8":168,"9":2,"10":1665,"11":1,"12":101,"13":17,"14":1,"15":641,"16":1,"17":30,"18":65,"19":0,"20":12,"21":6,"22":22,"23":2,"24":0},"nb_de":{"0":8,"1":16,"2":246,"3":542,"4":7,"5":15,"6":11,"7":29,"8":238,"9":5,"10":2185,"11":0,"12":4,"13":98,"14":41,"15":245,"16":8,"17":230,"18":6,"19":0,"20":102,"21":22,"22":51,"23":52,"24":2}}