{"canton":{"0":"SG","1":"TI","2":"VS","3":"AG","4":"TG","5":"ZH","6":"VD","7":"BE","8":"GE","9":"SH","10":"GL","11":"SO","12":"LU","13":"GR","14":"NE","15":"ZG","16":"FR","17":"BS"},"main_mean":{"0":0.0147552297,"1":-0.0840255065,"2":-0.0849995504,"3":-0.0189556918,"4":0.0,"5":-0.0262807295,"6":-0.0085392185,"7":-0.0485429369,"8":-0.024418964,"9":-0.0277774691,"10":0.0024358007,"11":0.0416666667,"12":0.0134204883,"13":-0.1874976563,"14":-0.0180151198,"15":0.0024358007,"16":-0.0261459137,"17":-0.0196378618},"sentiment_mean":{"0":0.3684210526,"1":-0.0952380952,"2":-0.0952380952,"3":0.1,"4":0.0,"5":0.1921515562,"6":0.2315789474,"7":0.1348314607,"8":0.1279212792,"9":-0.25,"10":0.2158774373,"11":0.0,"12":0.34,"13":0.5,"14":0.2,"15":0.2158774373,"16":0.2608695652,"17":0.1020408163},"main_std":{"0":0.0779865081,"1":0.252175731,"2":0.1986963849,"3":0.119897678,"4":0.0,"5":0.1736831717,"6":0.1881725781,"7":0.2095466661,"8":0.175640734,"9":0.0555549383,"10":0.2202998321,"11":0.173470165,"12":0.2190016997,"13":0.2651617284,"14":0.1431775906,"15":0.2202998321,"16":0.1004529332,"17":0.1409917081},"sentiment_std":{"0":0.5972647204,"1":0.6651287946,"2":0.5389584311,"3":0.5525062515,"4":0.0,"5":0.6950005032,"6":0.7212965805,"7":0.6754954028,"8":0.6989578687,"9":0.5,"10":0.6570495283,"11":1.1547005384,"12":0.6580738746,"13":0.7071067812,"14":0.5508613944,"15":0.6570495283,"16":0.5347806449,"17":0.6339175516},"sentiment_pv":{"0":0.1897289591,"1":0.0017104482,"2":0.0294856499,"3":0.5200441404,"4":2.844166844e-67,"5":0.5996398033,"6":0.502008536,"7":0.3702166092,"8":0.0451322732,"9":0.1829642832,"10":0.1928890156,"11":0.7741756294,"12":0.0961475255,"13":0.6386682867,"14":0.854007273,"15":0.1928890156,"16":0.3217645069,"17":0.2248672924},"main_pv":{"0":0.0936840634,"1":0.0403522617,"2":0.1344823109,"3":0.9498829919,"4":0.000000004,"5":0.0929954062,"6":0.6569199477,"7":0.0515245262,"8":0.2925135632,"9":0.7305383603,"10":0.0243866701,"11":0.5458637826,"12":0.3291195956,"13":0.5306312826,"14":0.9766458374,"15":0.0243866701,"16":0.5579139944,"17":0.8692443795},"count":{"0":19,"1":63,"2":21,"3":20,"4":2,"5":1478,"6":95,"7":178,"8":813,"9":4,"10":718,"11":4,"12":50,"13":2,"14":30,"15":718,"16":46,"17":98},"nb_en":{"0":19,"1":63,"2":21,"3":20,"4":2,"5":1478,"6":95,"7":178,"8":813,"9":4,"10":718,"11":4,"12":50,"13":2,"14":30,"15":718,"16":46,"17":98},"nb_de":{"0":0,"1":0,"2":0,"3":0,"4":0,"5":0,"6":0,"7":0,"8":0,"9":0,"10":0,"11":0,"12":0,"13":0,"14":0,"15":0,"16":0,"17":0}}