{"canton":{"0":"NE","1":"GE","2":"GL","3":"BE","4":"SZ","5":"TG","6":"UR","7":"FR","8":"BS","9":"BL","10":"ZH","11":"OW","12":"VD","13":"SG","14":"GR","15":"ZG","16":"AR","17":"LU","18":"TI","19":"JU","20":"AG","21":"SH","22":"VS","23":"SO","24":"NW"},"main_mean":{"0":0.0369593761,"1":0.0318078675,"2":0.0318178681,"3":0.0128917461,"4":0.0675812686,"5":0.0201462553,"6":0.0001333307,"7":0.021702495,"8":0.0189382324,"9":0.0080843419,"10":0.0124477978,"11":0.0004444395,"12":0.0320255405,"13":0.0262352859,"14":-0.0012421492,"15":0.0319083227,"16":0.0193853282,"17":0.0096057911,"18":0.02197459,"19":0.0291130824,"20":0.0236985311,"21":0.0280529656,"22":0.0135443001,"23":0.0068656172,"24":0.0},"sentiment_mean":{"0":0.2692307692,"1":0.0691562932,"2":0.1378820185,"3":0.0449871465,"4":0.1111111111,"5":0.0,"6":0.0,"7":0.0135135135,"8":0.0738255034,"9":0.0,"10":0.1156645996,"11":0.0,"12":0.0696629213,"13":0.1140350877,"14":-0.0181818182,"15":0.1382751247,"16":0.0,"17":0.0396475771,"18":0.1076923077,"19":0.0,"20":0.0636363636,"21":0.1162790698,"22":0.0434782609,"23":0.0408163265,"24":1.0},"main_std":{"0":0.1202460941,"1":0.1561057486,"2":0.1712699717,"3":0.0857896092,"4":0.1603184772,"5":0.0459774165,"6":0.0003265921,"7":0.1523312845,"8":0.105976213,"9":0.020860972,"10":0.1048874019,"11":null,"12":0.161548434,"13":0.127323164,"14":0.0659673224,"15":0.1715057236,"16":0.0266068836,"17":0.1247492846,"18":0.07904955,"19":0.0724288764,"20":0.0743679046,"21":0.1517062951,"22":0.0693934649,"23":0.049799295,"24":null},"sentiment_std":{"0":0.5334935657,"1":0.4644296566,"2":0.4955354651,"3":0.3197196525,"4":0.6009252126,"5":0.0,"6":0.0,"7":0.3093627229,"8":0.3818391536,"9":0.0,"10":0.4683568234,"11":null,"12":0.3821479403,"13":0.393728983,"14":0.2349869256,"15":0.496187049,"16":0.0,"17":0.3433513372,"18":0.5339439613,"19":0.0,"20":0.2801465124,"21":0.3243530062,"22":0.3624927119,"23":0.4061600502,"24":null},"sentiment_pv":{"0":0.1175195536,"1":0.0051592172,"2":0.0057198813,"3":0.0000091565,"4":0.9551667727,"5":9.026190706e-119,"6":9.026190706e-119,"7":0.0201428714,"8":0.1137409021,"9":9.026190706e-119,"10":0.065590271,"11":null,"12":0.1095534138,"13":0.6958869142,"14":0.0005243813,"15":0.0053571643,"16":9.026190706e-119,"17":0.0104252369,"18":0.9020162242,"19":9.026190706e-119,"20":0.1875914249,"21":0.736883008,"22":0.3016707167,"23":0.3182086927,"24":null},"main_pv":{"0":0.5450336233,"1":0.0092915107,"2":0.0488368539,"3":0.0041158456,"4":0.4232017501,"5":0.8338561231,"6":1.599320863e-66,"7":0.9656518017,"8":0.4354506207,"9":0.1192992865,"10":0.0000030342,"11":null,"12":0.2190271337,"13":0.7541024179,"14":0.0107486097,"15":0.0472673948,"16":0.8966007083,"17":0.1260165086,"18":0.960220813,"19":0.8029681114,"20":0.8648675831,"21":0.8107445063,"22":0.3911605315,"23":0.0355832054,"24":null},"count":{"0":26,"1":2169,"2":1407,"3":778,"4":9,"5":18,"6":6,"7":74,"8":596,"9":7,"10":3709,"11":1,"12":445,"13":114,"14":55,"15":1403,"16":2,"17":227,"18":65,"19":8,"20":110,"21":43,"22":46,"23":49,"24":1},"nb_en":{"0":14,"1":861,"2":689,"3":144,"4":4,"5":2,"6":3,"7":17,"8":151,"9":2,"10":1506,"11":0,"12":112,"13":19,"14":6,"15":689,"16":0,"17":51,"18":53,"19":0,"20":17,"21":6,"22":13,"23":11,"24":1},"nb_de":{"0":0,"1":8,"2":265,"3":612,"4":5,"5":16,"6":3,"7":28,"8":431,"9":5,"10":2134,"11":1,"12":9,"13":95,"14":48,"15":261,"16":2,"17":175,"18":4,"19":0,"20":83,"21":37,"22":31,"23":38,"24":0}}