{"canton":{"0":"UR","1":"BE","2":"ZG","3":"BL","4":"TI","5":"TG","6":"VD","7":"GR","8":"SG","9":"JU","10":"SH","11":"AG","12":"GE","13":"BS","14":"FR","15":"AR","16":"GL","17":"ZH","18":"SO","19":"NE","20":"LU","21":"AI","22":"VS","23":"SZ"},"main_mean":{"0":-0.0001777715,"1":0.0096789746,"2":0.0199888079,"3":-0.0012233222,"4":0.0128942789,"5":-0.0035831724,"6":0.0430691929,"7":-0.0027612661,"8":0.0299761853,"9":0.1592089549,"10":0.01036296,"11":0.0398419503,"12":0.0242289379,"13":0.0108672505,"14":0.019744277,"15":0.008203228,"16":0.019929892,"17":0.0152124928,"18":0.0292733657,"19":0.0355593691,"20":0.0296455482,"21":0.3540186291,"22":0.0224039812,"23":0.023502734},"sentiment_mean":{"0":0.0,"1":0.0781032078,"2":0.0805617147,"3":0.0,"4":0.1315789474,"5":0.0,"6":0.0762942779,"7":0.0227272727,"8":0.1127819549,"9":0.2222222222,"10":-0.0357142857,"11":0.1111111111,"12":0.0560702097,"13":0.0561497326,"14":0.0333333333,"15":0.0,"16":0.0802650957,"17":0.1157172681,"18":0.0961538462,"19":0.1052631579,"20":0.0606060606,"21":0.5,"22":0.04,"23":0.1333333333},"main_std":{"0":0.0009459253,"1":0.0959502751,"2":0.169946991,"3":0.0029081118,"4":0.177712502,"5":0.0323816072,"6":0.1539405373,"7":0.0428182852,"8":0.1082030911,"9":0.3277924296,"10":0.0319192187,"11":0.1474954877,"12":0.148457029,"13":0.0885520623,"14":0.0761489056,"15":0.0091767847,"16":0.16963707,"17":0.1278061727,"18":0.1408475701,"19":0.1297105866,"20":0.1325468136,"21":0.5613898876,"22":0.0938102724,"23":0.1173466443},"sentiment_std":{"0":0.0,"1":0.4087489777,"2":0.5045787196,"3":0.0,"4":0.5499601261,"5":0.0,"6":0.3906830232,"7":0.3402212935,"8":0.3824588577,"9":0.4409585518,"10":0.1889822365,"11":0.3661961453,"12":0.4550807625,"13":0.3504912509,"14":0.3499598693,"15":0.0,"16":0.5036719293,"17":0.4790048168,"18":0.5335642411,"19":0.4525885718,"20":0.3032541992,"21":0.7071067812,"22":0.4020356366,"23":0.5163977795},"sentiment_pv":{"0":1.050479302e-78,"1":0.6414763946,"2":0.7314851101,"3":1.050479302e-78,"4":0.4686878192,"5":1.050479302e-78,"6":0.6590131189,"7":0.2291965178,"8":0.416720631,"9":0.3797198939,"10":0.0022286355,"11":0.4551242081,"12":0.0075559771,"13":0.1166073796,"14":0.1636474724,"15":1.050479302e-78,"16":0.7151987354,"17":0.001360852,"18":0.8864770043,"19":0.7898507128,"20":0.2244389711,"21":0.5593556241,"22":0.4286336542,"23":0.7253724439},"main_pv":{"0":1.049218169e-24,"1":0.0093669644,"2":0.9495818807,"3":0.000000519,"4":0.7405871904,"5":0.003133291,"6":0.0043589952,"7":0.0013841109,"8":0.2797286864,"9":0.2374564181,"10":0.142583354,"11":0.1440189346,"12":0.2017403214,"13":0.0660345433,"14":0.9940849167,"15":0.3174008171,"16":0.9591718998,"17":0.0863745403,"18":0.6264000094,"19":0.4562654917,"20":0.2603947822,"21":0.554386014,"22":0.8392342512,"23":0.9015837384},"count":{"0":3,"1":717,"2":1353,"3":4,"4":76,"5":22,"6":367,"7":44,"8":133,"9":9,"10":28,"11":117,"12":2051,"13":374,"14":90,"15":2,"16":1358,"17":3353,"18":52,"19":38,"20":231,"21":2,"22":50,"23":15},"nb_en":{"0":1,"1":219,"2":670,"3":0,"4":61,"5":2,"6":98,"7":7,"8":20,"9":2,"10":1,"11":17,"12":801,"13":97,"14":21,"15":0,"16":671,"17":1407,"18":26,"19":9,"20":34,"21":0,"22":12,"23":7},"nb_de":{"0":2,"1":481,"2":237,"3":4,"4":6,"5":20,"6":2,"7":37,"8":113,"9":1,"10":27,"11":99,"12":10,"13":269,"14":38,"15":2,"16":241,"17":1860,"18":26,"19":4,"20":197,"21":2,"22":34,"23":8},"nb_fr":{"0":0,"1":17,"2":446,"3":0,"4":9,"5":0,"6":267,"7":0,"8":0,"9":6,"10":0,"11":1,"12":1240,"13":8,"14":31,"15":0,"16":446,"17":86,"18":0,"19":25,"20":0,"21":0,"22":4,"23":0}}