{"canton":{"0":"UR","1":"NW","2":"BE","3":"ZG","4":"BL","5":"TG","6":"TI","7":"VD","8":"SG","9":"JU","10":"SH","11":"AG","12":"GE","13":"BS","14":"FR","15":"SO","16":"AR","17":"GL","18":"ZH","19":"VS","20":"NE","21":"LU","22":"AI","23":"GR","24":"SZ"},"main_mean":{"0":-0.249996875,"1":-0.0654709609,"2":-0.0060906146,"3":0.0032426764,"4":-0.096124953,"5":0.0139806566,"6":-0.0220950506,"7":-0.0245568085,"8":0.0154094349,"9":0.1018192054,"10":0.0056529842,"11":0.0406442712,"12":-0.0128805369,"13":0.0050176094,"14":-0.020257225,"15":0.016812628,"16":0.1192328437,"17":0.0032405964,"18":-0.0015747059,"19":0.0010689874,"20":0.0135330685,"21":0.0045928043,"22":-0.0865561517,"23":-0.0033626947,"24":-0.005771096},"sentiment_mean":{"0":0.0,"1":0.0,"2":0.0586510264,"3":0.0924261874,"4":0.0,"5":0.0,"6":0.0933333333,"7":0.0445682451,"8":0.1076923077,"9":0.1428571429,"10":0.0740740741,"11":0.0769230769,"12":0.0666953528,"13":0.0329411765,"14":0.091954023,"15":0.08,"16":0.1428571429,"17":0.0923669019,"18":0.1103043843,"19":0.0571428571,"20":0.2,"21":0.0507246377,"22":0.0,"23":0.0344827586,"24":0.3333333333},"main_std":{"0":0.3535489712,"1":null,"2":0.1309757829,"3":0.1955795184,"4":0.1804737056,"5":0.0245227146,"6":0.0790074785,"7":0.1814216767,"8":0.1240277619,"9":0.3031113184,"10":0.0183096011,"11":0.139869133,"12":0.1656679803,"13":0.1257401096,"14":0.1458611076,"15":0.0609694133,"16":0.2788587782,"17":0.1955167594,"18":0.1453609066,"19":0.0894347934,"20":0.0660783065,"21":0.0842516263,"22":0.1235402318,"23":0.0456330643,"24":0.1470030322},"sentiment_std":{"0":0.0,"1":null,"2":0.3587667712,"3":0.4732338826,"4":0.0,"5":0.0,"6":0.4084689056,"7":0.3227280194,"8":0.3786175147,"9":0.6900655593,"10":0.2668802563,"11":0.3128931094,"12":0.4433767719,"13":0.410759833,"14":0.4212987646,"15":0.2768874621,"16":0.377964473,"17":0.4730877773,"18":0.4778413309,"19":0.3763175612,"20":0.4082482905,"21":0.29101612,"22":0.0,"23":0.1856953382,"24":0.4923659639},"sentiment_pv":{"0":1.64158311e-91,"1":null,"2":0.0575300664,"3":0.6115312826,"4":1.64158311e-91,"5":1.64158311e-91,"6":0.8768974701,"7":0.0187405084,"8":0.5175309773,"9":0.8346000339,"10":0.8191712736,"11":0.8004037463,"12":0.0566413872,"13":0.0094997041,"14":0.8954109596,"15":0.9152323213,"16":0.7043713252,"17":0.6146090322,"18":0.0070198449,"19":0.5254161782,"20":0.1758177717,"21":0.0512758299,"22":1.64158311e-91,"23":0.1491142194,"24":0.1097519184},"main_pv":{"0":0.5035639032,"1":null,"2":0.528642037,"3":0.2449675589,"4":0.4649011785,"5":0.007458371,"6":0.040095657,"7":0.0253232381,"8":0.0999472587,"9":0.3964406629,"10":0.0343269662,"11":0.0078229754,"12":0.0072869955,"13":0.2150864961,"14":0.2692072224,"15":0.1234273935,"16":0.2910161554,"17":0.2448536425,"18":0.6726185327,"19":0.7220886519,"20":0.231514726,"21":0.1644061427,"22":0.5133109707,"23":0.9470867545,"24":0.9452237032},"count":{"0":2,"1":1,"2":682,"3":1558,"4":3,"5":20,"6":75,"7":359,"8":130,"9":7,"10":27,"11":78,"12":2324,"13":425,"14":87,"15":25,"16":7,"17":1559,"18":3581,"19":70,"20":25,"21":276,"22":2,"23":29,"24":12},"nb_en":{"0":2,"1":0,"2":157,"3":723,"4":1,"5":1,"6":59,"7":82,"8":24,"9":3,"10":3,"11":5,"12":894,"13":140,"14":34,"15":0,"16":0,"17":723,"18":1535,"19":18,"20":9,"21":44,"22":1,"23":3,"24":6},"nb_de":{"0":0,"1":1,"2":504,"3":397,"4":2,"5":19,"6":11,"7":10,"8":106,"9":0,"10":24,"11":73,"12":9,"13":279,"14":12,"15":24,"16":7,"17":398,"18":1929,"19":42,"20":7,"21":228,"22":1,"23":26,"24":6},"nb_fr":{"0":0,"1":0,"2":21,"3":438,"4":0,"5":0,"6":5,"7":267,"8":0,"9":4,"10":0,"11":0,"12":1421,"13":6,"14":41,"15":1,"16":0,"17":438,"18":117,"19":10,"20":9,"21":4,"22":0,"23":0,"24":0}}