{"canton":{"0":"TI","1":"UR","2":"BE","3":"ZG","4":"BL","5":"NW","6":"TG","7":"VD","8":"GR","9":"SG","10":"JU","11":"SH","12":"AG","13":"GE","14":"BS","15":"FR","16":"AR","17":"GL","18":"ZH","19":"SO","20":"NE","21":"LU","22":"VS","23":"SZ"},"main_mean":{"0":-0.084448585,"1":0.000799984,"2":-0.0058821053,"3":0.0208503356,"4":-0.0145263257,"5":0.0,"6":0.0058766186,"7":-0.0092428349,"8":0.035702537,"9":0.0137137322,"10":-0.0182289839,"11":0.0285728055,"12":0.0102421566,"13":-0.0250783733,"14":0.0030454621,"15":0.0096900619,"16":0.0729418151,"17":0.0208388857,"18":0.0021384985,"19":-0.0026159377,"20":-0.0303393532,"21":0.0037940149,"22":0.0448034319,"23":-0.0014583582},"sentiment_mean":{"0":-0.0327868852,"1":0.0,"2":0.095890411,"3":0.1192307692,"4":0.0,"5":0.0,"6":0.1,"7":0.0674698795,"8":0.0882352941,"9":0.1333333333,"10":0.1111111111,"11":0.0833333333,"12":0.0847457627,"13":0.0317371938,"14":0.0603773585,"15":0.1337579618,"16":0.0,"17":0.1191652938,"18":0.1614327772,"19":0.0526315789,"20":-0.1333333333,"21":0.0826446281,"22":0.0408163265,"23":0.1666666667},"main_std":{"0":0.2233050642,"1":null,"2":0.1572821847,"3":0.1767863492,"4":0.0300762716,"5":null,"6":0.0122080145,"7":0.1513463774,"8":0.1453909918,"9":0.1037259017,"10":0.0668409459,"11":0.0695857831,"12":0.0786591764,"13":0.1763106343,"14":0.0760825209,"15":0.1031450728,"16":null,"17":0.1767384502,"18":0.1494166213,"19":0.0546274463,"20":0.1327358567,"21":0.1383878271,"22":0.1397742805,"23":0.0247929726},"sentiment_std":{"0":0.5153385009,"1":null,"2":0.3918317212,"3":0.4027987049,"4":0.0,"5":null,"6":0.316227766,"7":0.4115214007,"8":0.2879022413,"9":0.4137283785,"10":0.3333333333,"11":0.4082482905,"12":0.3367253866,"13":0.3957933255,"14":0.2822660084,"15":0.377161147,"16":null,"17":0.4026977238,"18":0.5032484638,"19":0.2294157339,"20":0.5163977795,"21":0.3313300685,"22":0.454568645,"23":0.4082482905},"sentiment_pv":{"0":0.0433414491,"1":null,"2":0.6631987569,"3":0.1354467303,"4":6.948841323e-120,"5":null,"6":0.9714610303,"7":0.0804978191,"8":0.7572697498,"9":0.5383905217,"10":0.9483636889,"11":0.8095052414,"12":0.6689030764,"13":0.0,"14":0.0160699591,"15":0.3242579609,"16":null,"17":0.1369297708,"18":0.0000015113,"19":0.3463823958,"20":0.0973052326,"21":0.4907735739,"22":0.3389068685,"23":0.7210789868},"main_pv":{"0":0.0032532347,"1":null,"2":0.1987918906,"3":0.0000950392,"4":0.1150258008,"5":null,"6":0.5572552689,"7":0.099636577,"8":0.2041757751,"9":0.3935486544,"10":0.36250353,"11":0.0905976488,"12":0.5082465268,"13":0.0000000003,"14":0.953844582,"15":0.4506148008,"16":null,"17":0.0000953236,"18":0.7482129085,"19":0.6435148037,"20":0.3430184015,"21":0.9711295228,"22":0.0438442528,"23":0.6592062554},"count":{"0":61,"1":1,"2":511,"3":1820,"4":9,"5":1,"6":10,"7":415,"8":34,"9":75,"10":9,"11":24,"12":59,"13":1796,"14":265,"15":157,"16":1,"17":1821,"18":2038,"19":19,"20":15,"21":121,"22":49,"23":6},"nb_en":{"0":50,"1":0,"2":140,"3":681,"4":0,"5":0,"6":3,"7":113,"8":4,"9":11,"10":3,"11":5,"12":10,"13":554,"14":50,"15":49,"16":0,"17":681,"18":854,"19":1,"20":8,"21":23,"22":21,"23":1},"nb_de":{"0":5,"1":1,"2":365,"3":489,"4":9,"5":1,"6":7,"7":23,"8":30,"9":64,"10":0,"11":19,"12":48,"13":12,"14":211,"15":56,"16":1,"17":490,"18":1122,"19":18,"20":0,"21":98,"22":26,"23":5},"nb_fr":{"0":6,"1":0,"2":6,"3":650,"4":0,"5":0,"6":0,"7":279,"8":0,"9":0,"10":6,"11":0,"12":1,"13":1230,"14":4,"15":52,"16":0,"17":650,"18":62,"19":0,"20":7,"21":0,"22":2,"23":0}}