{"canton":{"0":"VD","1":"SG","2":"GL","3":"TI","4":"VS","5":"SO","6":"AG","7":"TG","8":"ZH","9":"SH","10":"BE","11":"GE","12":"BS","13":"AR","14":"SZ","15":"LU","16":"GR","17":"NE","18":"ZG","19":"FR"},"main_mean":{"0":-0.044291359,"1":-0.0105323383,"2":-0.0030978877,"3":-0.0336013928,"4":-0.0207894009,"5":0.2222019773,"6":0.0022714802,"7":0.0,"8":-0.0170881731,"9":-0.0416663194,"10":-0.0707956756,"11":-0.0169269732,"12":-0.0169085635,"13":0.0,"14":0.1178553521,"15":0.0460288881,"16":0.0576848665,"17":-0.0266097374,"18":-0.0030978877,"19":-0.0675148151},"sentiment_mean":{"0":0.0412371134,"1":0.2777777778,"2":0.227154047,"3":0.1147540984,"4":-0.0526315789,"5":0.6,"6":0.25,"7":0.0,"8":0.2342615012,"9":0.1666666667,"10":0.1714285714,"11":0.1655172414,"12":0.2538461538,"13":1.0,"14":0.5,"15":0.3409090909,"16":0.3333333333,"17":0.0,"18":0.227154047,"19":0.2173913043},"main_std":{"0":0.2394349027,"1":0.1141405918,"2":0.2004455514,"3":0.225403397,"4":0.1365343648,"5":0.4374005147,"6":0.2269377499,"7":0.0,"8":0.1703690281,"9":0.1020612221,"10":0.2081679657,"11":0.1743732375,"12":0.1698755159,"13":null,"14":0.3060291636,"15":0.1758938427,"16":0.3926884245,"17":0.1121627448,"18":0.2004455514,"19":0.2430355404},"sentiment_std":{"0":0.6909764494,"1":0.6691131581,"2":0.6329464203,"3":0.5195626576,"4":0.7050361859,"5":0.5477225575,"6":0.6215815605,"7":0.0,"8":0.6705453086,"9":0.4082482905,"10":0.6257189986,"11":0.6936880616,"12":0.6741234729,"13":null,"14":0.5773502692,"15":0.6078242485,"16":1.1547005384,"17":0.5773502692,"18":0.6329464203,"19":0.5997364375},"sentiment_pv":{"0":0.0183197828,"1":0.6782063409,"2":0.5172231096,"3":0.156774144,"4":0.1208730124,"5":0.1875919728,"6":0.8324896146,"7":4.890721125e-102,"8":0.2247953801,"9":0.8007410554,"10":0.3709078769,"11":0.0731015628,"12":0.4765242237,"13":null,"14":0.3907402894,"15":0.1658518992,"16":0.8714195774,"17":0.1291805626,"18":0.5172231096,"19":0.9603480855},"main_pv":{"0":0.2325643705,"1":0.873339363,"2":0.1272232389,"3":0.5214110281,"4":0.8536556661,"5":0.2921734074,"6":0.7981467015,"7":0.000000045,"8":0.6625626323,"9":0.5496005315,"10":0.0001710676,"11":0.7563458351,"12":0.8950668196,"13":null,"14":0.4494503644,"15":0.0271362302,"16":0.7791906376,"17":0.6563640846,"18":0.1272232389,"19":0.3111120656},"count":{"0":97,"1":18,"2":766,"3":61,"4":19,"5":5,"6":12,"7":3,"8":1652,"9":6,"10":210,"11":870,"12":130,"13":1,"14":4,"15":44,"16":3,"17":19,"18":766,"19":23},"nb_en":{"0":97,"1":18,"2":766,"3":61,"4":19,"5":5,"6":12,"7":3,"8":1652,"9":6,"10":210,"11":870,"12":130,"13":1,"14":4,"15":44,"16":3,"17":19,"18":766,"19":23},"nb_de":{"0":0,"1":0,"2":0,"3":0,"4":0,"5":0,"6":0,"7":0,"8":0,"9":0,"10":0,"11":0,"12":0,"13":0,"14":0,"15":0,"16":0,"17":0,"18":0,"19":0}}