{"canton":{"0":"SG","1":"TI","2":"VS","3":"SO","4":"AG","5":"TG","6":"ZH","7":"VD","8":"BE","9":"BL","10":"NW","11":"SH","12":"GL","13":"SZ","14":"LU","15":"GE","16":"GR","17":"NE","18":"ZG","19":"FR","20":"BS"},"main_mean":{"0":0.0166317947,"1":-0.0978366104,"2":0.0019353678,"3":-0.0833291669,"4":0.017856374,"5":-0.0703696255,"6":-0.0265299165,"7":-0.0358704051,"8":-0.0668397292,"9":0.1666659722,"10":0.0,"11":-0.1062488594,"12":0.0026793957,"13":0.0357137755,"14":0.0504019388,"15":-0.0259029257,"16":-0.0068537897,"17":0.0,"18":0.0026793957,"19":-0.0505354322,"20":0.0084406302},"sentiment_mean":{"0":0.2727272727,"1":0.08,"2":-0.0588235294,"3":0.3333333333,"4":0.4285714286,"5":-0.3333333333,"6":0.2063815343,"7":0.1368421053,"8":0.1757575758,"9":1.0,"10":1.0,"11":0.0,"12":0.203125,"13":0.25,"14":0.3636363636,"15":0.1308290155,"16":0.2727272727,"17":0.4,"18":0.203125,"19":0.2698412698,"20":0.1619047619},"main_std":{"0":0.0921744077,"1":0.1945488403,"2":0.2115654117,"3":0.2041139395,"4":0.1230744278,"5":0.0611945753,"6":0.1983529898,"7":0.1947518541,"8":0.1907183957,"9":null,"10":null,"11":0.1419712752,"12":0.2330076336,"13":0.071427551,"14":0.2022413353,"15":0.1872167214,"16":0.3375613608,"17":0.0,"18":0.2330076336,"19":0.1248339423,"20":0.2167927842},"sentiment_std":{"0":0.6310850959,"1":0.5637710864,"2":0.7475450016,"3":0.5163977795,"4":0.6462061727,"5":0.5773502692,"6":0.7028958025,"7":0.6459452305,"8":0.6621428181,"9":null,"10":null,"11":0.8164965809,"12":0.6874076899,"13":0.5,"14":0.6030226892,"15":0.694415625,"16":0.6466697907,"17":0.5477225575,"18":0.6874076899,"19":0.6012446554,"20":0.695090054},"sentiment_pv":{"0":0.5418080566,"1":0.1019608978,"2":0.1910145216,"3":0.5245040925,"4":0.1893789659,"5":0.2575206174,"6":0.4089181892,"7":0.4380307433,"8":0.8004900942,"9":null,"10":null,"11":0.6748786509,"12":0.5876039982,"13":0.823224979,"14":0.1074677263,"15":0.0312777782,"16":0.6772985947,"17":0.4379171291,"18":0.5876039982,"19":0.2945274994,"20":0.6930123954},"main_pv":{"0":0.104584729,"1":0.0006354001,"2":0.7167269527,"3":0.4626439978,"4":0.3096804476,"5":0.2697881525,"6":0.1162447299,"7":0.3542483847,"8":0.0012392458,"9":null,"10":null,"11":0.2979119983,"12":0.0228896632,"13":0.2361558959,"14":0.0652015593,"15":0.2331889016,"16":0.9222292248,"17":0.0000000469,"18":0.0228896632,"19":0.0405461368,"20":0.2359023951},"count":{"0":22,"1":75,"2":17,"3":6,"4":14,"5":3,"6":1473,"7":95,"8":165,"9":1,"10":1,"11":4,"12":832,"13":4,"14":33,"15":772,"16":11,"17":5,"18":832,"19":63,"20":105},"nb_en":{"0":22,"1":75,"2":17,"3":6,"4":14,"5":3,"6":1473,"7":95,"8":165,"9":1,"10":1,"11":4,"12":832,"13":4,"14":33,"15":772,"16":11,"17":5,"18":832,"19":63,"20":105},"nb_de":{"0":0,"1":0,"2":0,"3":0,"4":0,"5":0,"6":0,"7":0,"8":0,"9":0,"10":0,"11":0,"12":0,"13":0,"14":0,"15":0,"16":0,"17":0,"18":0,"19":0,"20":0}}