{"canton":{"0":"SG","1":"TI","2":"UR","3":"VS","4":"SO","5":"AG","6":"VD","7":"ZH","8":"SH","9":"BE","10":"BL","11":"GE","12":"BS","13":"GL","14":"SZ","15":"LU","16":"GR","17":"NE","18":"ZG","19":"FR"},"main_mean":{"0":0.0068921329,"1":-0.1424904154,"2":-0.1874976563,"3":-0.0095236675,"4":0.0083318116,"5":0.0119043651,"6":-0.0563540491,"7":-0.0100437524,"8":0.0,"9":-0.0510390496,"10":0.0,"11":-0.0159524472,"12":-0.0050348919,"13":-0.0103314815,"14":0.0,"15":0.0230303888,"16":-0.1874976563,"17":-0.0187020705,"18":-0.0103314815,"19":-0.0541990853},"sentiment_mean":{"0":0.2105263158,"1":0.1012658228,"2":-0.5,"3":-0.0588235294,"4":0.1428571429,"5":0.3571428571,"6":0.2857142857,"7":0.2503225806,"8":0.0,"9":0.2051282051,"10":0.0,"11":0.0903294368,"12":0.1862745098,"13":0.226037196,"14":-1.0,"15":0.3265306122,"16":0.0,"17":0.1111111111,"18":0.226037196,"19":0.1803278689},"main_std":{"0":0.0490948548,"1":0.2142018527,"2":0.2651617284,"3":0.0985016451,"4":0.1631294114,"5":0.0720348255,"6":0.228646796,"7":0.1987735859,"8":0.0,"9":0.2477762456,"10":null,"11":0.1687305913,"12":0.2027818218,"13":0.2454359932,"14":null,"15":0.1807624622,"16":0.2651617284,"17":0.080037368,"18":0.2454359932,"19":0.135449113},"sentiment_std":{"0":0.6306035353,"1":0.4694496699,"2":0.7071067812,"3":0.7475450016,"4":0.5345224838,"5":0.6333236938,"6":0.6886412739,"7":0.6925196735,"8":0.0,"9":0.6878731295,"10":null,"11":0.7020653406,"12":0.6997933522,"13":0.6624238325,"14":null,"15":0.5548181047,"16":0.0,"17":0.6763995416,"18":0.6624238325,"19":0.6457088281},"sentiment_pv":{"0":0.9528964869,"1":0.0649211796,"2":0.3939971227,"3":0.1702942465,"4":0.6870862944,"5":0.3762843261,"6":0.2355721166,"7":0.0168805292,"8":2.085222817e-85,"9":0.9479357723,"10":null,"11":0.0000089555,"12":0.8245019252,"13":0.3705814241,"14":null,"15":0.1249842519,"16":2.085222817e-85,"17":0.577431369,"18":0.3705814241,"19":0.7970359642},"main_pv":{"0":0.0585230343,"1":0.0000015703,"2":0.5292525749,"3":0.7758131049,"4":0.5795757013,"5":0.1678570024,"6":0.0903312682,"7":0.2768460879,"8":0.0000001273,"9":0.0565823008,"10":null,"11":0.9312613894,"12":0.573843558,"13":0.529067951,"14":null,"15":0.1349627655,"16":0.5292525749,"17":0.9095082788,"18":0.529067951,"19":0.0362088298},"count":{"0":19,"1":79,"2":2,"3":17,"4":14,"5":14,"6":98,"7":1550,"8":2,"9":195,"10":1,"11":941,"12":102,"13":699,"14":1,"15":49,"16":2,"17":18,"18":699,"19":61},"nb_en":{"0":19,"1":79,"2":2,"3":17,"4":14,"5":14,"6":98,"7":1550,"8":2,"9":195,"10":1,"11":941,"12":102,"13":699,"14":1,"15":49,"16":2,"17":18,"18":699,"19":61},"nb_de":{"0":0,"1":0,"2":0,"3":0,"4":0,"5":0,"6":0,"7":0,"8":0,"9":0,"10":0,"11":0,"12":0,"13":0,"14":0,"15":0,"16":0,"17":0,"18":0,"19":0}}