{"canton":{"0":"SG","1":"VS","2":"SZ","3":"AG","4":"TG","5":"ZH","6":"BE","7":"GE","8":"BS","9":"GL","10":"LU","11":"GR","12":"ZG","13":"UR","14":"VD","15":"SH","16":"BL","17":"NW","18":"TI","19":"SO","20":"NE","21":"FR"},"main_mean":{"0":-0.0093566127,"1":0.0229266685,"2":0.1421061243,"3":-0.0049019109,"4":0.0,"5":0.0183132738,"6":0.0243858869,"7":0.0198094375,"8":0.0495888259,"9":0.026601155,"10":-0.0011615621,"11":-0.0462956276,"12":0.026601155,"13":0.0,"14":0.0481413467,"15":0.0707063157,"16":0.0,"17":0.0,"18":0.0284661615,"19":0.0076839038,"20":0.0739838482,"21":0.041437745},"sentiment_mean":{"0":0.2105263158,"1":0.1538461538,"2":0.25,"3":0.1176470588,"4":0.0,"5":0.2305647841,"6":0.0915492958,"7":0.1370499419,"8":0.2251655629,"9":0.236574746,"10":0.1176470588,"11":-0.3333333333,"12":0.236574746,"13":0.0,"14":0.25,"15":0.5,"16":0.0,"17":1.0,"18":0.1041666667,"19":0.0909090909,"20":0.5,"21":0.0},"main_std":{"0":0.0740632228,"1":0.0942328922,"2":0.2341007977,"3":0.0448410849,"4":0.0,"5":0.1324458568,"6":0.1421245222,"7":0.1437757107,"8":0.1792013052,"9":0.1778179573,"10":0.2387068106,"11":0.0738411074,"12":0.1778179573,"13":0.0,"14":0.2335504518,"15":0.1336986583,"16":0.0,"17":null,"18":0.0889634602,"19":0.0855335246,"20":0.1202400444,"21":0.2608923948},"sentiment_std":{"0":0.7132825035,"1":0.6887372317,"2":0.9574271078,"3":0.4850712501,"4":0.0,"5":0.6778182007,"6":0.6403116437,"7":0.7020138033,"8":0.6944752017,"9":0.6608203988,"10":0.6825557508,"11":0.5163977795,"12":0.6608203988,"13":0.0,"14":0.6778343894,"15":0.5477225575,"16":0.0,"17":null,"18":0.5921322212,"19":0.8312094146,"20":0.6504436356,"21":0.6123724357},"sentiment_pv":{"0":0.9752226639,"1":0.7922425882,"2":0.9315992039,"3":0.4682209503,"4":1.026444735e-85,"5":0.2134124977,"6":0.0391462182,"7":0.0087706043,"8":0.7307148988,"9":0.251070394,"10":0.3657669577,"11":0.0509034547,"12":0.251070394,"13":1.026444735e-85,"14":0.4927053617,"15":0.2449653835,"16":1.026444735e-85,"17":null,"18":0.2454934287,"19":0.6578882701,"20":0.1143063693,"21":0.1865595884},"main_pv":{"0":0.0727628042,"1":0.9899573472,"2":0.3847497409,"3":0.0212054672,"4":1.663810136e-22,"5":0.2337010718,"6":0.9266009233,"7":0.5257773875,"8":0.0767059925,"9":0.6420473051,"10":0.4694251026,"11":0.0691003398,"12":0.6420473051,"13":1.663810136e-22,"14":0.2647191095,"15":0.4247579554,"16":1.663810136e-22,"17":null,"18":0.6920144219,"19":0.5606199805,"20":0.1392358328,"21":0.7777729433},"count":{"0":19,"1":13,"2":4,"3":17,"4":2,"5":1505,"6":142,"7":861,"8":151,"9":689,"10":51,"11":6,"12":689,"13":3,"14":112,"15":6,"16":2,"17":1,"18":48,"19":11,"20":14,"21":17},"nb_en":{"0":19,"1":13,"2":4,"3":17,"4":2,"5":1505,"6":142,"7":861,"8":151,"9":689,"10":51,"11":6,"12":689,"13":3,"14":112,"15":6,"16":2,"17":1,"18":48,"19":11,"20":14,"21":17},"nb_de":{"0":0,"1":0,"2":0,"3":0,"4":0,"5":0,"6":0,"7":0,"8":0,"9":0,"10":0,"11":0,"12":0,"13":0,"14":0,"15":0,"16":0,"17":0,"18":0,"19":0,"20":0,"21":0}}