{"canton":{"0":"VD","1":"SG","2":"TI","3":"JU","4":"VS","5":"SO","6":"AG","7":"TG","8":"ZH","9":"SH","10":"UR","11":"BE","12":"GE","13":"BS","14":"GL","15":"SZ","16":"LU","17":"GR","18":"NE","19":"ZG","20":"FR"},"main_mean":{"0":0.0615465133,"1":0.0151001711,"2":0.0170510857,"3":0.0,"4":0.0687442413,"5":0.0537241191,"6":0.0953758214,"7":0.0,"8":0.0215832438,"9":0.1249984375,"10":0.0,"11":0.0124594344,"12":0.0259546381,"13":0.0177168882,"14":0.0119242459,"15":0.0433102054,"16":0.0700082728,"17":-0.0274886249,"18":0.0246910837,"19":0.0119420433,"20":0.0017379928},"sentiment_mean":{"0":0.2340425532,"1":0.125,"2":0.1666666667,"3":0.0,"4":0.1666666667,"5":0.1923076923,"6":0.2941176471,"7":0.0,"8":0.2288557214,"9":-1.0,"10":0.0,"11":0.1935483871,"12":0.1285892634,"13":0.175257732,"14":0.1520119225,"15":0.2857142857,"16":0.2352941176,"17":0.0,"18":0.2222222222,"19":0.152238806,"20":0.1052631579},"main_std":{"0":0.2111412528,"1":0.0778436518,"2":0.1966329231,"3":null,"4":0.1671083761,"5":0.1909290429,"6":0.296000034,"7":null,"8":0.1671063308,"9":null,"10":null,"11":0.1217335481,"12":0.176720412,"13":0.1360783846,"14":0.2046176116,"15":0.1759060232,"16":0.2772404528,"17":0.0912119051,"18":0.074073251,"19":0.2047699627,"20":0.0570890073},"sentiment_std":{"0":0.6944562647,"1":0.7187952884,"2":0.6152487899,"3":null,"4":0.8348471099,"5":0.7493587002,"6":0.6859943406,"7":null,"8":0.6884065639,"9":null,"10":null,"11":0.6592327462,"12":0.7086565687,"13":0.6456635682,"14":0.6959314427,"15":0.755928946,"16":0.6540699402,"17":0.8164965809,"18":0.8333333333,"19":0.6964265417,"20":0.7374684055},"sentiment_pv":{"0":0.4509441372,"1":0.7673643185,"2":0.8760322462,"3":null,"4":0.9594199739,"5":0.9299403508,"6":0.5005312306,"7":null,"8":0.0196531468,"9":null,"10":null,"11":0.7558506805,"12":0.0633492114,"13":0.95252381,"14":0.3471958325,"15":0.7223187927,"16":0.6220083812,"17":0.5827229906,"18":0.8808913391,"19":0.3518344816,"20":0.6677876718},"main_pv":{"0":0.0644856378,"1":0.78811299,"2":0.8937561081,"3":null,"4":0.3391814771,"5":0.3842751154,"6":0.3126300101,"7":null,"8":0.8337301671,"9":null,"10":null,"11":0.3593199951,"12":0.4240736426,"13":0.8452211968,"14":0.3081415012,"15":0.7431657293,"16":0.3058789647,"17":0.2142393678,"18":0.8694378866,"19":0.3097885295,"20":0.1774363129},"count":{"0":94,"1":16,"2":60,"3":1,"4":12,"5":26,"6":17,"7":1,"8":1407,"9":1,"10":1,"11":217,"12":801,"13":97,"14":671,"15":7,"16":34,"17":7,"18":9,"19":670,"20":19},"nb_en":{"0":94,"1":16,"2":60,"3":1,"4":12,"5":26,"6":17,"7":1,"8":1407,"9":1,"10":1,"11":217,"12":801,"13":97,"14":671,"15":7,"16":34,"17":7,"18":9,"19":670,"20":19},"nb_de":{"0":0,"1":0,"2":0,"3":0,"4":0,"5":0,"6":0,"7":0,"8":0,"9":0,"10":0,"11":0,"12":0,"13":0,"14":0,"15":0,"16":0,"17":0,"18":0,"19":0,"20":0}}