{"canton":{"0":"NE","1":"GE","2":"GL","3":"BE","4":"SZ","5":"TG","6":"UR","7":"FR","8":"BS","9":"BL","10":"ZH","11":"OW","12":"VD","13":"SG","14":"GR","15":"ZG","16":"AR","17":"LU","18":"TI","19":"JU","20":"AG","21":"SH","22":"VS","23":"AI","24":"SO","25":"NW"},"main_mean":{"0":0.0035246424,"1":-0.0118215047,"2":0.0151705852,"3":-0.0037493111,"4":-0.0262858921,"5":0.0086828179,"6":-0.004479922,"7":0.0028167971,"8":0.0034221108,"9":0.0076709078,"10":-0.0041690269,"11":0.0,"12":-0.0003909303,"13":0.0077654649,"14":0.0010892863,"15":0.0151705852,"16":0.0036730487,"17":0.005317089,"18":-0.0739608331,"19":-0.0235699791,"20":0.0084479782,"21":0.0072608716,"22":-0.0297624937,"23":0.0337815111,"24":0.0325551368,"25":-0.0081436686},"sentiment_mean":{"0":0.0821917808,"1":0.0558758315,"2":0.0949570815,"3":0.049382716,"4":0.0,"5":0.0,"6":0.0,"7":0.1052631579,"8":0.0466830467,"9":0.0,"10":0.1011392053,"11":0.0,"12":0.0660592255,"13":0.1142857143,"14":0.0731707317,"15":0.0949570815,"16":0.0,"17":0.0964467005,"18":-0.0659340659,"19":-0.0930232558,"20":0.0333333333,"21":-0.0303030303,"22":-0.0322580645,"23":0.0,"24":0.075,"25":0.0},"main_std":{"0":0.1020931708,"1":0.1719515589,"2":0.16930517,"3":0.1194294987,"4":0.0455285006,"5":0.018805625,"6":0.040045604,"7":0.0868298501,"8":0.0862031716,"9":0.0211462505,"10":0.1338455652,"11":null,"12":0.1474669772,"13":0.091305877,"14":0.1124899785,"15":0.16930517,"16":0.0073460973,"17":0.113835694,"18":0.224435077,"19":0.0925723287,"20":0.1035180851,"21":0.0473383392,"22":0.1235830542,"23":null,"24":0.0788413424,"25":0.0162873371},"sentiment_std":{"0":0.3633725001,"1":0.4382750558,"2":0.4335578488,"3":0.3516246794,"4":0.0,"5":0.0,"6":0.0,"7":0.3611295223,"8":0.3442455237,"9":0.0,"10":0.4765732931,"11":null,"12":0.3734458891,"13":0.3484660262,"14":0.2636516549,"15":0.4335578488,"16":0.0,"17":0.3723033154,"18":0.5735309311,"19":0.717600283,"20":0.2571117317,"21":0.174077656,"22":0.3119343108,"23":null,"24":0.4167948521,"25":0.0},"sentiment_pv":{"0":0.9607966713,"1":0.0158851321,"2":0.1680658169,"3":0.0180861302,"4":1.488854974e-90,"5":1.488854974e-90,"6":1.488854974e-90,"7":0.4611455714,"8":0.0571009217,"9":1.488854974e-90,"10":0.0175902597,"11":null,"12":0.4426135181,"13":0.3200384104,"14":0.8680680238,"15":0.1680658169,"16":1.488854974e-90,"17":0.5424433592,"18":0.0173549406,"19":0.1213968528,"20":0.0516799316,"21":0.0009931584,"22":0.0064004143,"23":null,"24":0.9389936013,"25":1.488854974e-90},"main_pv":{"0":0.8157206887,"1":0.0012107809,"2":0.0005052341,"3":0.3121987227,"4":0.4123900508,"5":0.0599971742,"6":0.6928638745,"7":0.7989439278,"8":0.5459123447,"9":0.3884014482,"10":0.0619420055,"11":null,"12":0.8778150768,"13":0.4356114643,"14":0.9830140496,"15":0.0005052341,"16":0.4929885525,"17":0.5761028026,"18":0.002088999,"19":0.0941248928,"20":0.4193346905,"21":0.438451959,"22":0.0576395902,"23":null,"24":0.0151053292,"25":0.3582651095},"count":{"0":73,"1":2255,"2":1864,"3":810,"4":3,"5":24,"6":10,"7":114,"8":407,"9":8,"10":3599,"11":1,"12":439,"13":105,"14":41,"15":1864,"16":4,"17":197,"18":91,"19":43,"20":120,"21":33,"22":62,"23":1,"24":40,"25":4},"nb_en":{"0":30,"1":815,"2":718,"3":179,"4":0,"5":4,"6":0,"7":46,"8":98,"9":0,"10":1479,"11":0,"12":98,"13":20,"14":2,"15":718,"16":0,"17":50,"18":68,"19":36,"20":21,"21":4,"22":21,"23":0,"24":4,"25":0},"nb_de":{"0":26,"1":13,"2":479,"3":606,"4":3,"5":20,"6":10,"7":23,"8":293,"9":8,"10":2063,"11":1,"12":16,"13":85,"14":39,"15":479,"16":4,"17":147,"18":14,"19":0,"20":97,"21":29,"22":33,"23":1,"24":35,"25":4}}