{"canton":{"0":"SG","1":"AR","2":"JU","3":"VS","4":"SZ","5":"AG","6":"TG","7":"ZH","8":"BE","9":"GE","10":"BS","11":"GL","12":"LU","13":"GR","14":"ZG","15":"UR","16":"VD","17":"SH","18":"TI","19":"SO","20":"NE","21":"FR"},"main_mean":{"0":0.0210314216,"1":0.2499937502,"2":0.0,"3":-0.0001771898,"4":0.0,"5":0.032050374,"6":0.1933263781,"7":0.0208983223,"8":-0.0024374327,"9":0.0367409322,"10":0.0011748746,"11":0.0275707412,"12":0.0771812789,"13":-0.1034378113,"14":0.0275707412,"15":0.0,"16":0.036644008,"17":-0.0011898338,"18":0.001123529,"19":0.1083309028,"20":-0.0119045068,"21":-0.0166436002},"sentiment_mean":{"0":0.2380952381,"1":1.0,"2":-1.0,"3":0.0,"4":0.0,"5":0.0769230769,"6":0.4,"7":0.2399150743,"8":0.1560693642,"9":0.2302025783,"10":0.0900900901,"11":0.2759226714,"12":0.3,"13":-0.5,"14":0.2759226714,"15":0.0,"16":0.1547619048,"17":0.3333333333,"18":0.0724637681,"19":0.4,"20":-0.3333333333,"21":0.4615384615},"main_std":{"0":0.0819717668,"1":null,"2":0.0,"3":0.114528085,"4":0.0,"5":0.0994083057,"6":0.2553770799,"7":0.1807468803,"8":0.1261636691,"9":0.1586233941,"10":0.1675403188,"11":0.165120785,"12":0.188792999,"13":0.0852440637,"14":0.165120785,"15":null,"16":0.1613612267,"17":0.1742422599,"18":0.1418479188,"19":0.2486012958,"20":0.0702271236,"21":0.1733060484},"sentiment_std":{"0":0.5389584311,"1":null,"2":0.0,"3":0.632455532,"4":0.0,"5":0.6405126152,"6":0.894427191,"7":0.6851849531,"8":0.676800472,"9":0.6740096982,"10":0.6815697063,"11":0.6441504677,"12":0.5712405706,"13":0.5477225575,"14":0.6441504677,"15":null,"16":0.5702260727,"17":1.1547005384,"18":0.4639612236,"19":0.5163977795,"20":0.5163977795,"21":0.7762500258},"sentiment_pv":{"0":0.964407913,"1":null,"2":0.0,"3":0.2508764952,"4":1.457836496e-82,"5":0.3984462838,"6":0.6974236373,"7":0.7765789375,"8":0.1478736539,"9":0.9348324356,"10":0.0320316435,"11":0.1430501501,"12":0.6060794407,"13":0.0219601587,"14":0.1430501501,"15":null,"16":0.2212510408,"17":0.8939320721,"18":0.0063596554,"19":0.3334149672,"20":0.0434905319,"21":0.3094219813},"main_pv":{"0":0.8517595129,"1":null,"2":1.736197532e-16,"3":0.4931573291,"4":1.736197532e-16,"5":0.7888696026,"6":0.2133660697,"7":0.5887121725,"8":0.0079543101,"9":0.098349331,"10":0.1525968707,"11":0.6795818144,"12":0.227839943,"13":0.0141998945,"14":0.6795818144,"15":null,"16":0.4967595881,"17":0.822598166,"18":0.1823027547,"19":0.3140680853,"20":0.2616026761,"21":0.4099424456},"count":{"0":21,"1":1,"2":2,"3":11,"4":3,"5":13,"6":5,"7":942,"8":173,"9":543,"10":111,"11":569,"12":20,"13":6,"14":569,"15":1,"16":84,"17":3,"18":69,"19":10,"20":6,"21":13},"nb_en":{"0":21,"1":1,"2":2,"3":11,"4":3,"5":13,"6":5,"7":942,"8":173,"9":543,"10":111,"11":569,"12":20,"13":6,"14":569,"15":1,"16":84,"17":3,"18":69,"19":10,"20":6,"21":13},"nb_de":{"0":0,"1":0,"2":0,"3":0,"4":0,"5":0,"6":0,"7":0,"8":0,"9":0,"10":0,"11":0,"12":0,"13":0,"14":0,"15":0,"16":0,"17":0,"18":0,"19":0,"20":0,"21":0}}