{"canton":{"0":"NE","1":"GE","2":"GL","3":"BE","4":"SZ","5":"TG","6":"UR","7":"FR","8":"BS","9":"ZH","10":"SO","11":"VD","12":"OW","13":"SG","14":"GR","15":"ZG","16":"AR","17":"LU","18":"TI","19":"JU","20":"AG","21":"SH","22":"VS","23":"AI","24":"BL","25":"NW"},"main_mean":{"0":0.0199321922,"1":-0.0018909752,"2":0.0117631251,"3":0.0009625776,"4":0.027864492,"5":0.0148843017,"6":-0.0307930137,"7":0.0010022135,"8":0.0065331637,"9":0.0053245812,"10":0.022336707,"11":0.0107886354,"12":-0.0032710932,"13":0.0197308154,"14":0.0042755865,"15":0.0117686805,"16":0.0610038734,"17":0.0092578617,"18":-0.0293687652,"19":-0.0014913956,"20":0.0184765851,"21":-0.0003938996,"22":0.0110041138,"23":0.0657746068,"24":0.0372327659,"25":-0.0024742362},"sentiment_mean":{"0":0.0704721635,"1":0.059869142,"2":0.1079101036,"3":0.0699043414,"4":0.1161825726,"5":0.0190972222,"6":-0.0128205128,"7":0.0849306015,"8":0.0504834364,"9":0.125605866,"10":0.0716612378,"11":0.0613578963,"12":0.0,"13":0.0936981758,"14":0.0307167235,"15":0.1080591218,"16":0.1374045802,"17":0.0703112136,"18":0.0847808106,"19":-0.0426229508,"20":0.0678704857,"21":0.0431578947,"22":0.0411295273,"23":0.1176470588,"24":0.0810810811,"25":0.0857142857},"main_std":{"0":0.1121671198,"1":0.1641770712,"2":0.1712017449,"3":0.1257569248,"4":0.125944244,"5":0.0662880771,"6":0.1042668265,"7":0.128571405,"8":0.1129749615,"9":0.1374208942,"10":0.1244174913,"11":0.1584599617,"12":0.010188619,"13":0.121319466,"14":0.1019182897,"15":0.1712862373,"16":0.1684833786,"17":0.1158378057,"18":0.1770923368,"19":0.1431936449,"20":0.1209595597,"21":0.0713475683,"22":0.1276826029,"23":0.2109730405,"24":0.1380699108,"25":0.0124386043},"sentiment_std":{"0":0.3611539096,"1":0.441855127,"2":0.4672885685,"3":0.3787911674,"4":0.4018026462,"5":0.1807709603,"6":0.2536744036,"7":0.3844811188,"8":0.3982248447,"9":0.4832511637,"10":0.3225987224,"11":0.3575954141,"12":0.0,"13":0.3547678017,"14":0.2929240043,"15":0.4675477472,"16":0.3875635686,"17":0.3044945248,"18":0.4725041932,"19":0.5332555846,"20":0.3133111629,"21":0.2661645116,"22":0.3920621485,"23":0.600245048,"24":0.3108874375,"25":0.284028641},"sentiment_pv":{"0":0.0138499022,"1":6.705334971e-70,"2":0.0000000026,"3":1.721301756e-19,"4":0.3962456511,"5":1.582409679e-21,"6":0.0000004611,"7":0.1887695867,"8":3.455674716e-33,"9":1.027404694e-72,"10":0.0149542384,"11":6.954192103e-25,"12":0.0,"13":0.9360042797,"14":3.46829793e-16,"15":0.0000000018,"16":0.2041276732,"17":0.0000000022,"18":0.3299020353,"19":0.0000106341,"20":0.000002563,"21":0.0000000055,"22":0.0000000602,"23":0.8739369316,"24":0.5676334157,"25":0.8611614162},"main_pv":{"0":0.0000035461,"1":9.339255384e-29,"2":0.0,"3":0.0000000153,"4":0.0076136648,"5":0.0014710413,"6":0.0000194351,"7":0.0330733527,"8":0.6201998186,"9":0.1790567608,"10":0.0000050332,"11":0.000607145,"12":0.000652806,"13":0.0,"14":0.5151409649,"15":0.0,"16":0.0002800003,"17":0.031920406,"18":2.902526187e-22,"19":0.3607350384,"20":0.0000000076,"21":0.0060378098,"22":0.1164416055,"23":0.2599826074,"24":0.0024330881,"25":0.0003048188},"count":{"0":1419,"1":62052,"2":46409,"3":21744,"4":241,"5":576,"6":156,"7":3026,"8":12618,"9":96556,"10":1228,"11":13462,"12":20,"13":3618,"14":1465,"15":46345,"16":131,"17":6073,"18":2418,"19":305,"20":3212,"21":950,"22":1629,"23":17,"24":185,"25":35},"nb_en":{"0":383,"1":23032,"2":21106,"3":5637,"4":71,"5":74,"6":28,"7":999,"8":3605,"9":40306,"10":183,"11":3019,"12":3,"13":530,"14":183,"15":21100,"16":10,"17":1068,"18":2025,"19":127,"20":391,"21":128,"22":488,"23":7,"24":17,"25":6},"nb_de":{"0":219,"1":300,"2":10793,"3":15418,"4":169,"5":498,"6":128,"7":902,"8":8759,"9":54039,"10":1039,"11":305,"12":17,"13":3078,"14":1272,"15":10735,"16":121,"17":4965,"18":195,"19":2,"20":2783,"21":819,"22":856,"23":10,"24":168,"25":29},"nb_fr":{"0":817,"1":38720,"2":14510,"3":689,"4":1,"5":4,"6":0,"7":1125,"8":254,"9":2211,"10":6,"11":10138,"12":0,"13":10,"14":10,"15":14510,"16":0,"17":40,"18":198,"19":176,"20":38,"21":3,"22":285,"23":0,"24":0,"25":0}}