{"canton":{"0":"SG","1":"AI","2":"VS","3":"AG","4":"TG","5":"ZH","6":"BE","7":"GE","8":"BS","9":"AR","10":"LU","11":"GR","12":"ZG","13":"UR","14":"GL","15":"VD","16":"SH","17":"BL","18":"TI","19":"SO","20":"NE","21":"FR"},"main_mean":{"0":0.0316927725,"1":0.0,"2":0.0180339369,"3":0.022987954,"4":-0.0499995,"5":0.0202274796,"6":0.0336983108,"7":0.0182780257,"8":0.0455851338,"9":0.0275296076,"10":0.0854966534,"11":-0.0499995,"12":0.0004234285,"13":0.0,"14":0.0022295322,"15":0.0182925607,"16":-0.0023737604,"17":0.0416663194,"18":0.007136633,"19":-0.0677043622,"20":0.0831823288,"21":0.0200530597},"sentiment_mean":{"0":0.45,"1":-0.3333333333,"2":0.1333333333,"3":0.4137931034,"4":-0.5,"5":0.2389680923,"6":0.137755102,"7":0.1682242991,"8":0.0973451327,"9":0.75,"10":0.3142857143,"11":-0.25,"12":0.1981279251,"13":0.0,"14":0.1984496124,"15":0.0970873786,"16":0.2222222222,"17":0.5,"18":0.1960784314,"19":0.25,"20":0.6875,"21":0.1764705882},"main_std":{"0":0.1013893089,"1":0.0,"2":0.0770541509,"3":0.074761544,"4":0.070709971,"5":0.1481907227,"6":0.1697935119,"7":0.1312347128,"8":0.2339064007,"9":0.0323637457,"10":0.2376359237,"11":0.099999,"12":0.2171151773,"13":0.0,"14":0.2200846078,"15":0.1951696493,"16":0.1248444926,"17":0.0589250741,"18":0.1948067533,"19":0.2292251301,"20":0.1670270172,"21":0.0632085137},"sentiment_std":{"0":0.6048053188,"1":1.1547005384,"2":0.743223353,"3":0.5012300142,"4":0.7071067812,"5":0.6924884395,"6":0.6766456189,"7":0.7054492852,"8":0.7191835869,"9":0.5,"10":0.6311254453,"11":0.5,"12":0.7047137645,"13":0.0,"14":0.705566212,"15":0.6933092441,"16":0.8333333333,"17":0.7071067812,"18":0.4480896269,"19":0.7071067812,"20":0.4787135539,"21":0.7276068751},"sentiment_pv":{"0":0.0833587612,"1":0.5060714519,"2":0.7252128534,"3":0.0317000331,"4":0.3938136591,"5":0.0791245356,"6":0.1937199794,"7":0.1747772617,"8":0.1281879326,"9":0.1160402451,"10":0.3032169379,"11":0.1681011096,"12":0.8898374385,"13":1.179388744e-78,"14":0.8982126172,"15":0.1311132691,"16":0.9444880561,"17":0.6580620894,"18":0.9230663652,"19":0.8540637567,"20":0.0010407484,"21":0.8858594262},"main_pv":{"0":0.4940196757,"1":0.0000000024,"2":0.9122757379,"3":0.6139330625,"4":0.4132735464,"5":0.3422280744,"6":0.1504043099,"7":0.616963785,"8":0.1813625142,"9":0.5230504366,"10":0.092297044,"11":0.2798752738,"12":0.0873222824,"13":0.0000000024,"14":0.1350106075,"15":0.897416824,"16":0.6746537585,"17":0.646038282,"18":0.7536497462,"19":0.337374158,"20":0.1278858389,"21":0.7870663114},"count":{"0":20,"1":3,"2":15,"3":29,"4":2,"5":1473,"6":196,"7":963,"8":113,"9":4,"10":35,"11":4,"12":641,"13":2,"14":645,"15":103,"16":9,"17":2,"18":51,"19":8,"20":16,"21":17},"nb_en":{"0":20,"1":3,"2":15,"3":29,"4":2,"5":1473,"6":196,"7":963,"8":113,"9":4,"10":35,"11":4,"12":641,"13":2,"14":645,"15":103,"16":9,"17":2,"18":51,"19":8,"20":16,"21":17},"nb_de":{"0":0,"1":0,"2":0,"3":0,"4":0,"5":0,"6":0,"7":0,"8":0,"9":0,"10":0,"11":0,"12":0,"13":0,"14":0,"15":0,"16":0,"17":0,"18":0,"19":0,"20":0,"21":0}}