{"canton":{"0":"UR","1":"BE","2":"ZG","3":"BL","4":"TI","5":"TG","6":"VD","7":"GR","8":"SG","9":"JU","10":"SH","11":"AG","12":"GE","13":"BS","14":"FR","15":"AR","16":"GL","17":"ZH","18":"SO","19":"NE","20":"LU","21":"AI","22":"VS","23":"SZ"},"main_mean":{"0":-0.0041269295,"1":0.0208090934,"2":0.019604804,"3":0.1192578191,"4":0.0229825234,"5":0.0180216327,"6":0.0228096815,"7":0.0134809468,"8":0.02507002,"9":-0.0102248525,"10":-0.0140380406,"11":0.0064630714,"12":0.0296341088,"13":0.018098428,"14":0.024881617,"15":0.1404892092,"16":0.0196558614,"17":0.0141655537,"18":-0.0042778162,"19":0.0109390543,"20":0.0175719733,"21":-0.0770592294,"22":0.0120208493,"23":0.012150016},"sentiment_mean":{"0":-0.1111111111,"1":0.0764006791,"2":0.1245722108,"3":0.25,"4":0.1129032258,"5":0.0,"6":0.0322580645,"7":0.0212765957,"8":0.0745341615,"9":-0.0714285714,"10":-0.0227272727,"11":0.0336134454,"12":0.0550632911,"13":0.0728862974,"14":-0.012987013,"15":0.3333333333,"16":0.1244019139,"17":0.1250509165,"18":0.037037037,"19":0.1111111111,"20":0.0765027322,"21":0.0,"22":0.0,"23":0.125},"main_std":{"0":0.0367921016,"1":0.1065029899,"2":0.1618264025,"3":0.2394053422,"4":0.1425651721,"5":0.032319265,"6":0.1505193336,"7":0.0712307925,"8":0.1147623329,"9":0.0855732402,"10":0.0625629633,"11":0.112462128,"12":0.1563598753,"13":0.1044959771,"14":0.0847315356,"15":0.2163386864,"16":0.1616947208,"17":0.1278605965,"18":0.0196956041,"19":0.1075064927,"20":0.1171335889,"21":null,"22":0.1519168161,"23":0.0585660566},"sentiment_std":{"0":0.3333333333,"1":0.385894952,"2":0.5015918889,"3":0.5,"4":0.5154924022,"5":0.0,"6":0.3623662483,"7":0.2544697558,"8":0.307262002,"9":0.2672612419,"10":0.1507556723,"11":0.222952952,"12":0.4460859927,"13":0.4016699154,"14":0.1982493442,"15":0.5773502692,"16":0.5012698319,"17":0.4728183583,"18":0.1924500897,"19":0.3202563076,"20":0.3049856937,"21":null,"22":0.4803844614,"23":0.3378319623},"sentiment_pv":{"0":0.0982547753,"1":0.2179213642,"2":0.0473635259,"3":0.5835323734,"4":0.8078406932,"5":5.837381073e-90,"6":0.0014908857,"7":0.0490411312,"8":0.3667133668,"9":0.0350066635,"10":0.0000050837,"11":0.0030932573,"12":0.0006166571,"13":0.2807918296,"14":0.0000081723,"15":0.5516425148,"16":0.0484764301,"17":0.0082683311,"18":0.120784946,"19":0.8195804687,"20":0.3778294324,"21":null,"22":0.1490889789,"23":0.6877700659},"main_pv":{"0":0.089692173,"1":0.7985204024,"2":0.9962903037,"3":0.4662987009,"4":0.8540084281,"5":0.8385605995,"6":0.7010124128,"7":0.5610159263,"8":0.5533447789,"9":0.2151808011,"10":0.0009819536,"11":0.2087524151,"12":0.0174334964,"13":0.7936828213,"14":0.5921114748,"15":0.435303541,"16":0.9946272508,"17":0.0669615132,"18":0.0000011898,"19":0.6787888068,"20":0.8154294104,"21":null,"22":0.717682276,"23":0.5408262696},"count":{"0":9,"1":589,"2":1461,"3":4,"4":62,"5":18,"6":341,"7":47,"8":161,"9":14,"10":44,"11":119,"12":1580,"13":343,"14":77,"15":3,"16":1463,"17":2455,"18":27,"19":27,"20":183,"21":1,"22":53,"23":24},"nb_en":{"0":2,"1":156,"2":732,"3":0,"4":54,"5":2,"6":69,"7":5,"8":15,"9":1,"10":0,"11":9,"12":554,"13":91,"14":18,"15":0,"16":732,"17":878,"18":3,"19":4,"20":30,"21":0,"22":14,"23":7},"nb_de":{"0":7,"1":407,"2":244,"3":4,"4":4,"5":16,"6":7,"7":41,"8":146,"9":0,"10":44,"11":109,"12":6,"13":248,"14":16,"15":3,"16":246,"17":1509,"18":24,"19":2,"20":153,"21":1,"22":26,"23":17},"nb_fr":{"0":0,"1":26,"2":485,"3":0,"4":4,"5":0,"6":265,"7":1,"8":0,"9":13,"10":0,"11":1,"12":1020,"13":4,"14":43,"15":0,"16":485,"17":68,"18":0,"19":21,"20":0,"21":0,"22":13,"23":0}}