{"canton":{"0":"NE","1":"GE","2":"GL","3":"BE","4":"SZ","5":"TG","6":"UR","7":"FR","8":"BS","9":"BL","10":"ZH","11":"VD","12":"SG","13":"GR","14":"ZG","15":"AR","16":"LU","17":"TI","18":"JU","19":"AG","20":"SH","21":"VS","22":"SO"},"main_mean":{"0":0.0154898405,"1":-0.0144928372,"2":0.0013702253,"3":-0.0058586082,"4":0.0001599984,"5":0.0087240215,"6":-0.1874976563,"7":-0.0152712236,"8":0.000848286,"9":-0.002638583,"10":0.0010627077,"11":-0.008594434,"12":0.0153365998,"13":0.001239526,"14":0.0013415875,"15":0.1279645227,"16":0.0127371425,"17":-0.1292144477,"18":0.0517961559,"19":0.0291400247,"20":-0.0006958,"21":-0.00319872,"22":0.0309195995},"sentiment_mean":{"0":0.05,"1":0.0424929178,"2":0.1060903733,"3":0.0728476821,"4":-0.2,"5":0.0,"6":-0.5,"7":0.1118881119,"8":0.054631829,"9":0.0,"10":0.1317767042,"11":0.0589353612,"12":0.0695652174,"13":0.0238095238,"14":0.1061598952,"15":0.3333333333,"16":0.0895522388,"17":0.0869565217,"18":0.0,"19":0.1318681319,"20":0.0,"21":-0.0181818182,"22":0.141025641},"main_std":{"0":0.1833478366,"1":0.1658490526,"2":0.177662396,"3":0.1467584759,"4":0.0003577673,"5":0.0427525034,"6":0.2651617284,"7":0.1147339884,"8":0.1117864347,"9":0.059281464,"10":0.1425516245,"11":0.1657124341,"12":0.1159101941,"13":0.0934968555,"14":0.1777171108,"15":0.1799893556,"16":0.1010011897,"17":0.2055934751,"18":0.0705363389,"19":0.1172537948,"20":0.0182052197,"21":0.1148864022,"22":0.1290487338},"sentiment_std":{"0":0.4500712194,"1":0.4465514481,"2":0.4656013738,"3":0.3905267094,"4":0.4472135955,"5":0.0,"6":0.7071067812,"7":0.4612428877,"8":0.383416558,"9":0.0,"10":0.499744267,"11":0.3413502706,"12":0.3168302199,"13":0.15430335,"14":0.4657460766,"15":0.5773502692,"16":0.3192809085,"17":0.4360707149,"18":0.0,"19":0.3714473556,"20":0.0,"21":0.40783571,"22":0.3855964843},"sentiment_pv":{"0":0.5515560397,"1":0.0000003973,"2":0.2931369716,"3":0.1780541933,"4":0.2170449068,"5":2.915468095e-107,"6":0.446050521,"7":0.6237091365,"8":0.0467271734,"9":2.915468095e-107,"10":0.0000227552,"11":0.028784959,"12":0.4374395359,"13":0.0065732225,"14":0.2908917191,"15":0.5455270758,"16":0.8868958149,"17":0.8981930463,"18":2.915468095e-107,"19":0.3212515376,"20":2.915468095e-107,"21":0.0490991667,"22":0.2750297803},"main_pv":{"0":0.5197209473,"1":0.0022149553,"2":0.3207725783,"3":0.6523912356,"4":0.0149431656,"5":0.2506361788,"6":0.5057600228,"7":0.2217295786,"8":0.4549082432,"9":0.9733357473,"10":0.1065071509,"11":0.4782034725,"12":0.0889340462,"13":0.7523261601,"14":0.3239860443,"15":0.3336518632,"16":0.027759579,"17":0.0000000723,"18":0.0840730361,"19":0.0100934275,"20":0.4527981247,"21":0.9914588877,"22":0.0220931512},"count":{"0":40,"1":2471,"2":1527,"3":755,"4":5,"5":18,"6":2,"7":143,"8":421,"9":8,"10":3726,"11":526,"12":115,"13":42,"14":1526,"15":3,"16":201,"17":92,"18":7,"19":91,"20":32,"21":55,"22":78},"nb_en":{"0":18,"1":942,"2":699,"3":195,"4":1,"5":0,"6":2,"7":61,"8":102,"9":1,"10":1645,"11":100,"12":20,"13":2,"14":699,"15":0,"16":49,"17":80,"18":0,"19":14,"20":2,"21":17,"22":14},"nb_de":{"0":6,"1":11,"2":413,"3":539,"4":4,"5":18,"6":0,"7":52,"8":314,"9":7,"10":2004,"11":17,"12":94,"13":40,"14":412,"15":3,"16":151,"17":6,"18":0,"19":77,"20":30,"21":27,"22":64}}