{"canton":{"0":"UR","1":"BE","2":"ZG","3":"BL","4":"TI","5":"TG","6":"VD","7":"GR","8":"SG","9":"JU","10":"SH","11":"AG","12":"GE","13":"BS","14":"FR","15":"AR","16":"GL","17":"ZH","18":"SO","19":"NE","20":"LU","21":"VS","22":"SZ"},"main_mean":{"0":-0.0194829031,"1":-0.0110477076,"2":0.0185820585,"3":0.045353651,"4":-0.0516097759,"5":0.0104734522,"6":-0.0017873962,"7":-0.0216586987,"8":0.0077110194,"9":-0.0738682208,"10":0.0031965229,"11":0.0221999131,"12":-0.0070577165,"13":0.0059645536,"14":-0.0240637783,"15":0.0,"16":0.0185850778,"17":0.0042485363,"18":-0.0075496948,"19":0.0271810282,"20":0.0156319706,"21":0.0219764087,"22":0.1526359254},"sentiment_mean":{"0":0.1666666667,"1":0.0691358025,"2":0.1152160301,"3":0.125,"4":0.0506329114,"5":0.0,"6":0.0425055928,"7":-0.0909090909,"8":0.0636942675,"9":0.1111111111,"10":0.0416666667,"11":0.0782608696,"12":0.0755998189,"13":0.0651041667,"14":0.1571428571,"15":0.5,"16":0.1150719199,"17":0.1240671642,"18":0.1111111111,"19":0.0615384615,"20":0.07239819,"21":0.0731707317,"22":0.3333333333},"main_std":{"0":0.0620945316,"1":0.1167087481,"2":0.1912330799,"3":0.1168168517,"4":0.2243542751,"5":0.050290384,"6":0.1741890298,"7":0.0939660662,"8":0.0835144777,"9":0.280650525,"10":0.0237484522,"11":0.0922982399,"12":0.1806247391,"13":0.0995654184,"14":0.1282715803,"15":0.0,"16":0.1911148346,"17":0.141256111,"18":0.1121241973,"19":0.1022153103,"20":0.1401773229,"21":0.1525871689,"22":0.2001600791},"sentiment_std":{"0":0.4082482905,"1":0.3553030967,"2":0.4701625129,"3":0.3535533906,"4":0.388908208,"5":0.0,"6":0.3147794222,"7":0.3620472678,"8":0.3138170434,"9":0.3333333333,"10":0.2041241452,"11":0.2697570735,"12":0.4384047737,"13":0.38023078,"14":0.4201991404,"15":0.7071067812,"16":0.4698858586,"17":0.4904998566,"18":0.3984095364,"19":0.2998397008,"20":0.2766818731,"21":0.3457053588,"22":0.5},"sentiment_pv":{"0":0.7005881143,"1":0.0247242684,"2":0.1876507898,"3":0.8397513472,"4":0.2769272233,"5":8.590020445e-120,"6":0.0003038465,"7":0.0012051146,"8":0.1692526779,"9":0.9142424927,"10":0.1857489106,"11":0.4232066579,"12":0.0236320729,"13":0.0907955349,"14":0.104714862,"15":0.5694764044,"16":0.1910636022,"17":0.0084779087,"18":0.8537279997,"19":0.3236867742,"20":0.1683944805,"21":0.639151778,"22":0.1970147334},"main_pv":{"0":0.3849690719,"1":0.0003481577,"2":0.0056996265,"3":0.3576345292,"4":0.0289160659,"5":0.5974925608,"6":0.4414503519,"7":0.071373892,"8":0.6571519963,"9":0.4255966666,"10":0.7742534405,"11":0.0471900821,"12":0.0046463244,"13":0.8073986835,"14":0.0096193727,"15":0.0024229404,"16":0.0056350146,"17":0.8856745325,"18":0.5188133631,"19":0.0825956501,"20":0.2524006291,"21":0.4727895374,"22":0.0574038005},"count":{"0":6,"1":810,"2":1597,"3":8,"4":79,"5":22,"6":447,"7":44,"8":157,"9":9,"10":24,"11":115,"12":2209,"13":384,"14":140,"15":2,"16":1599,"17":3216,"18":36,"19":65,"20":221,"21":41,"22":9},"nb_en":{"0":1,"1":199,"2":759,"3":0,"4":67,"5":4,"6":77,"7":9,"8":16,"9":1,"10":3,"11":6,"12":746,"13":88,"14":65,"15":0,"16":759,"17":1369,"18":13,"19":14,"20":27,"21":9,"22":3},"nb_de":{"0":5,"1":583,"2":400,"3":8,"4":6,"5":17,"6":7,"7":35,"8":140,"9":0,"10":21,"11":107,"12":13,"13":285,"14":50,"15":2,"16":402,"17":1751,"18":23,"19":21,"20":192,"21":25,"22":6},"nb_fr":{"0":0,"1":28,"2":438,"3":0,"4":6,"5":1,"6":363,"7":0,"8":1,"9":8,"10":0,"11":2,"12":1450,"13":11,"14":25,"15":0,"16":438,"17":96,"18":0,"19":30,"20":2,"21":7,"22":0}}