{"canton":{"0":"SG","1":"GL","2":"JU","3":"VS","4":"SZ","5":"AG","6":"TG","7":"ZH","8":"BE","9":"GE","10":"BS","11":"AR","12":"LU","13":"GR","14":"ZG","15":"UR","16":"VD","17":"SH","18":"TI","19":"SO","20":"NE","21":"FR"},"main_mean":{"0":0.0910365705,"1":-0.0192731918,"2":0.0,"3":0.0246697395,"4":0.6249921876,"5":-0.0916571538,"6":0.0,"7":-0.0173509151,"8":-0.0476713842,"9":-0.0270225098,"10":-0.0126813672,"11":-0.0666662222,"12":-0.0283327828,"13":-0.0493497555,"14":-0.0192731918,"15":-0.2481455021,"16":-0.0302254997,"17":-0.0780443641,"18":-0.0104899365,"19":0.2153778306,"20":0.0070037694,"21":-0.1019686925},"sentiment_mean":{"0":0.1764705882,"1":0.1556728232,"2":0.0,"3":0.2272727273,"4":1.0,"5":0.2,"6":0.0,"7":0.2396856582,"8":0.1890547264,"9":0.1365079365,"10":0.0606060606,"11":0.0,"12":0.3333333333,"13":0.4,"14":0.1556728232,"15":-0.3333333333,"16":0.1454545455,"17":0.4,"18":0.1797752809,"19":0.4,"20":0.3333333333,"21":-0.0294117647},"main_std":{"0":0.2464003631,"1":0.1905557429,"2":null,"3":0.2666194543,"4":null,"5":0.3479128676,"6":null,"7":0.198723717,"8":0.1918797233,"9":0.1613096576,"10":0.1457535709,"11":null,"12":0.1162377888,"13":0.235094186,"14":0.1905557429,"15":0.2267113849,"16":0.1915666462,"17":0.1438067382,"18":0.2116020621,"19":0.4398614429,"20":0.0646583403,"21":0.1423561081},"sentiment_std":{"0":0.8089572082,"1":0.6618801598,"2":null,"3":0.7516216235,"4":null,"5":0.4216370214,"6":null,"7":0.6946127886,"8":0.6885343869,"9":0.7141061114,"10":0.6780259159,"11":null,"12":0.5466722736,"13":0.5477225575,"14":0.6618801598,"15":0.5773502692,"16":0.6329827981,"17":0.5477225575,"18":0.4661690523,"19":0.5477225575,"20":0.7071067812,"21":0.5213789477},"sentiment_pv":{"0":0.9913863883,"1":0.377832114,"2":null,"3":0.7648477398,"4":null,"5":0.8764745952,"6":null,"7":0.0027419192,"8":0.8335514584,"9":0.0957797406,"10":0.0293098042,"11":null,"12":0.1336015983,"13":0.417423551,"14":0.377832114,"15":0.2642943726,"16":0.588660916,"17":0.417423551,"18":0.9818350013,"19":0.417423551,"20":0.5302992695,"21":0.0269765784},"main_pv":{"0":0.0787031834,"1":0.786334752,"2":null,"3":0.4283181552,"4":null,"5":0.5384940746,"6":null,"7":0.4952890307,"8":0.0574224639,"9":0.3333232878,"10":0.4617041907,"11":null,"12":0.7444202336,"13":0.8028122836,"14":0.786334752,"15":0.2251674354,"16":0.6295443823,"17":0.4275916486,"18":0.6337798746,"19":0.2952821872,"20":0.22793092,"21":0.0023849609},"count":{"0":17,"1":758,"2":1,"3":22,"4":1,"5":10,"6":1,"7":1527,"8":201,"9":945,"10":165,"11":1,"12":30,"13":5,"14":758,"15":3,"16":110,"17":5,"18":89,"19":5,"20":9,"21":34},"nb_en":{"0":17,"1":758,"2":1,"3":22,"4":1,"5":10,"6":1,"7":1527,"8":201,"9":945,"10":165,"11":1,"12":30,"13":5,"14":758,"15":3,"16":110,"17":5,"18":89,"19":5,"20":9,"21":34},"nb_de":{"0":0,"1":0,"2":0,"3":0,"4":0,"5":0,"6":0,"7":0,"8":0,"9":0,"10":0,"11":0,"12":0,"13":0,"14":0,"15":0,"16":0,"17":0,"18":0,"19":0,"20":0,"21":0}}