{"canton":{"0":"UR","1":"BE","2":"ZG","3":"BL","4":"TI","5":"NW","6":"VD","7":"SG","8":"JU","9":"SH","10":"OW","11":"AG","12":"GE","13":"BS","14":"FR","15":"SO","16":"GL","17":"ZH","18":"VS","19":"NE","20":"LU","21":"AI","22":"GR","23":"SZ","24":"TG"},"main_mean":{"0":0.0139686678,"1":-0.0125197917,"2":-0.0035327212,"3":0.0293244135,"4":-0.0399372506,"5":0.0027343408,"6":-0.0087904431,"7":0.0202395194,"8":0.0105431597,"9":0.0011322781,"10":0.0002857122,"11":0.0207021238,"12":-0.0211076331,"13":0.0013263147,"14":0.0092786609,"15":0.0145002933,"16":-0.0035758351,"17":-0.0010443882,"18":-0.0027391908,"19":0.0361185925,"20":-0.0223771687,"21":0.0,"22":0.006027228,"23":0.0095281318,"24":0.06244948},"sentiment_mean":{"0":0.0,"1":0.0666666667,"2":0.104859335,"3":0.0,"4":0.1315789474,"5":0.0,"6":0.0510510511,"7":0.0657894737,"8":0.0,"9":0.0344827586,"10":0.0,"11":0.0927835052,"12":0.0388856645,"13":0.0445544554,"14":0.1323529412,"15":0.0540540541,"16":0.1047923323,"17":0.1371640408,"18":-0.0666666667,"19":0.0535714286,"20":0.0740740741,"21":0.0,"22":0.1111111111,"23":0.0,"24":0.25},"main_std":{"0":0.0185820089,"1":0.1280234468,"2":0.1634450059,"3":0.058648827,"4":0.1977138261,"5":0.0054686816,"6":0.1593733186,"7":0.0918185214,"8":0.0825177382,"9":0.0060975042,"10":null,"11":0.1309408033,"12":0.1745385104,"13":0.0978103531,"14":0.1072012299,"15":0.0544761578,"16":0.163381545,"17":0.1567959441,"18":0.1551644653,"19":0.0873046447,"20":0.1547157168,"21":null,"22":0.0789907309,"23":0.0165032084,"24":0.1252547638},"sentiment_std":{"0":0.0,"1":0.3477865483,"2":0.4487867123,"3":0.0,"4":0.3774336238,"5":0.0,"6":0.4255829883,"7":0.3400206392,"8":0.0,"9":0.1856953382,"10":null,"11":0.3253995693,"12":0.3782675378,"13":0.4083435637,"14":0.5155611858,"15":0.2292434351,"16":0.4486510454,"17":0.5137873968,"18":0.3931226966,"19":0.2630139144,"20":0.3456073559,"21":null,"22":0.3187276292,"23":0.0,"24":0.5},"sentiment_pv":{"0":1.019167234e-83,"1":0.1100137821,"2":0.2342561074,"3":1.019167234e-83,"4":0.3459028461,"5":1.019167234e-83,"6":0.0997333786,"7":0.5346438486,"8":1.019167234e-83,"9":0.1195396911,"10":null,"11":0.9404756931,"12":0.000000514,"13":0.0286604653,"14":0.5044892404,"15":0.346122487,"16":0.2361630008,"17":0.0000934598,"18":0.0105482442,"19":0.1489879374,"20":0.6761808117,"21":null,"22":0.6984558563,"23":1.019167234e-83,"24":0.5683829647},"main_pv":{"0":0.028537998,"1":0.2367893354,"2":0.5635225726,"3":0.3136897033,"4":0.1409225312,"5":0.0351041711,"6":0.7625721056,"7":0.015631573,"8":0.6424410881,"9":0.000355139,"10":null,"11":0.0481445639,"12":0.0009075648,"13":0.1487970263,"14":0.2444926702,"15":0.0293877068,"16":0.5698467581,"17":0.1781610942,"18":0.8853094126,"19":0.0000018236,"20":0.3488015963,"21":null,"22":0.3666388471,"23":0.2402855121,"24":0.3537418422},"count":{"0":7,"1":615,"2":1564,"3":4,"4":76,"5":4,"6":333,"7":76,"8":6,"9":29,"10":1,"11":97,"12":1723,"13":404,"14":68,"15":37,"16":1565,"17":2158,"18":45,"19":112,"20":81,"21":1,"22":36,"23":3,"24":4},"nb_en":{"0":1,"1":172,"2":665,"3":0,"4":59,"5":0,"6":108,"7":9,"8":1,"9":2,"10":0,"11":6,"12":511,"13":105,"14":31,"15":0,"16":665,"17":968,"18":17,"19":13,"20":20,"21":0,"22":4,"23":2,"24":0},"nb_de":{"0":6,"1":436,"2":409,"3":4,"4":12,"5":4,"6":1,"7":67,"8":0,"9":27,"10":1,"11":90,"12":6,"13":294,"14":8,"15":37,"16":410,"17":1129,"18":5,"19":3,"20":61,"21":1,"22":32,"23":1,"24":4},"nb_fr":{"0":0,"1":7,"2":490,"3":0,"4":5,"5":0,"6":224,"7":0,"8":5,"9":0,"10":0,"11":1,"12":1206,"13":5,"14":29,"15":0,"16":490,"17":61,"18":23,"19":96,"20":0,"21":0,"22":0,"23":0,"24":0}}