{"canton":{"0":"NE","1":"GE","2":"GL","3":"BE","4":"SZ","5":"TG","6":"UR","7":"FR","8":"BS","9":"BL","10":"ZH","11":"OW","12":"VD","13":"SG","14":"GR","15":"ZG","16":"AR","17":"LU","18":"TI","19":"JU","20":"AG","21":"SH","22":"VS","23":"AI","24":"SO","25":"NW"},"main_mean":{"0":0.0357198583,"1":0.0235675464,"2":0.0153777314,"3":0.0164602323,"4":0.0251400677,"5":0.0085868904,"6":-0.0032062565,"7":0.0468406441,"8":0.0184981288,"9":0.1363794821,"10":0.0129698471,"11":0.0,"12":0.0237266054,"13":0.0153107347,"14":-0.0001688187,"15":0.0145108135,"16":0.0837152857,"17":0.0323767128,"18":0.0053855056,"19":0.0084296385,"20":0.0192302546,"21":0.0220160983,"22":0.0156242529,"23":0.0,"24":-0.0159479909,"25":0.000999975},"sentiment_mean":{"0":0.3235294118,"1":0.0812387792,"2":0.1102775694,"3":0.0541935484,"4":0.125,"5":-0.0625,"6":0.0,"7":0.0735294118,"8":0.0525059666,"9":0.3,"10":0.1180801745,"11":0.0,"12":0.0349794239,"13":0.1074380165,"14":-0.0217391304,"15":0.1102719033,"16":0.4,"17":0.0695187166,"18":0.1846153846,"19":-0.3255813953,"20":0.1452991453,"21":0.09375,"22":0.0333333333,"23":-0.3333333333,"24":0.0606060606,"25":0.0},"main_std":{"0":0.1379324965,"1":0.1238322276,"2":0.1868218798,"3":0.1122461825,"4":0.0547051884,"5":0.0433000159,"6":0.0385808252,"7":0.0960599856,"8":0.1372317796,"9":0.2526559674,"10":0.111976284,"11":null,"12":0.125355744,"13":0.0829640982,"14":0.0426031216,"15":0.1854274762,"16":0.2363590088,"17":0.1347174228,"18":0.1736323332,"19":0.1021873942,"20":0.073602353,"21":0.1105054071,"22":0.0583955456,"23":0.0,"24":0.1181849029,"25":null},"sentiment_std":{"0":0.4748580799,"1":0.4833536958,"2":0.5146423561,"3":0.3695864561,"4":0.3535533906,"5":0.25,"6":0.0,"7":0.3983614376,"8":0.4058332698,"9":0.4830458915,"10":0.4746352102,"11":null,"12":0.341027404,"13":0.3830068079,"14":0.1474419562,"15":0.5142712389,"16":0.5163977795,"17":0.3119161788,"18":0.429109095,"19":0.7783049418,"20":0.3539179056,"21":0.4655468515,"22":0.3666923463,"23":1.1547005384,"24":0.3481553119,"25":null},"sentiment_pv":{"0":0.0084774232,"1":0.2092487662,"2":0.3097518376,"3":0.0034359417,"4":0.8188498912,"5":0.0235274876,"6":8.551195293e-100,"7":0.655626561,"8":0.0359071792,"9":0.2131091099,"10":0.011353495,"11":null,"12":0.0001987043,"13":0.7292180364,"14":0.000003039,"15":0.311108583,"16":0.0949354927,"17":0.2693372108,"18":0.0991375401,"19":0.0009820683,"20":0.132291327,"21":0.9855035885,"22":0.1977568024,"23":0.5861648974,"24":0.5724485152,"25":null},"main_pv":{"0":0.439597752,"1":0.029424582,"2":0.731895418,"3":0.8638418012,"4":0.6937665927,"5":0.4421840614,"6":0.1525274819,"7":0.0137090267,"8":0.847842384,"9":0.1699729159,"10":0.0622365985,"11":null,"12":0.262757354,"13":0.8067389134,"14":0.0093582401,"15":0.610955374,"16":0.3966413397,"17":0.1280096236,"18":0.5862810554,"19":0.5784025536,"20":0.7685379227,"21":0.8067846499,"22":0.8388050966,"23":1.658667141e-39,"24":0.1177204636,"25":null},"count":{"0":34,"1":2228,"2":1333,"3":775,"4":8,"5":16,"6":9,"7":68,"8":419,"9":10,"10":3667,"11":1,"12":486,"13":121,"14":46,"15":1324,"16":10,"17":187,"18":65,"19":43,"20":117,"21":32,"22":60,"23":3,"24":33,"25":1},"nb_en":{"0":16,"1":963,"2":645,"3":197,"4":0,"5":2,"6":2,"7":17,"8":113,"9":2,"10":1473,"11":0,"12":104,"13":22,"14":4,"15":641,"16":4,"17":35,"18":53,"19":42,"20":29,"21":9,"22":15,"23":3,"24":8,"25":0},"nb_de":{"0":2,"1":10,"2":210,"3":564,"4":8,"5":14,"6":7,"7":14,"8":294,"9":8,"10":2120,"11":1,"12":9,"13":99,"14":42,"15":205,"16":6,"17":152,"18":6,"19":0,"20":86,"21":23,"22":32,"23":0,"24":25,"25":1}}