{"canton":{"0":"NE","1":"GE","2":"GL","3":"BE","4":"SZ","5":"TG","6":"UR","7":"FR","8":"BS","9":"BL","10":"ZH","11":"OW","12":"VD","13":"SG","14":"GR","15":"ZG","16":"AR","17":"LU","18":"TI","19":"JU","20":"AG","21":"SH","22":"VS","23":"SO","24":"NW"},"main_mean":{"0":-0.0005586909,"1":-0.0166131476,"2":0.0162463571,"3":-0.0077706039,"4":0.021650525,"5":0.0070921548,"6":-0.0109645767,"7":-0.024846966,"8":0.006480608,"9":0.0331331417,"10":-0.0067689554,"11":-0.0208844547,"12":-0.01150473,"13":0.0412992841,"14":0.0151493815,"15":0.0163291385,"16":0.0618200133,"17":0.0137417252,"18":-0.0968130215,"19":0.0,"20":0.0296455285,"21":-0.0094283235,"22":0.0026213319,"23":0.0061666187,"24":0.0002013448},"sentiment_mean":{"0":0.08,"1":0.0552511416,"2":0.1170084439,"3":0.0642673522,"4":0.125,"5":-0.0322580645,"6":0.1666666667,"7":0.1465517241,"8":0.0545023697,"9":0.1666666667,"10":0.1058519793,"11":0.0,"12":0.0376068376,"13":0.1512605042,"14":0.0862068966,"15":0.1173623714,"16":0.25,"17":0.0813953488,"18":0.0864197531,"19":0.0,"20":0.0722222222,"21":0.0,"22":-0.0120481928,"23":0.1016949153,"24":0.1666666667},"main_std":{"0":0.0731520164,"1":0.174916518,"2":0.1958868627,"3":0.1209033305,"4":0.0500569782,"5":0.0408763624,"6":0.0353893622,"7":0.1107578425,"8":0.1161180258,"9":0.0665986768,"10":0.1413874937,"11":null,"12":0.1484698906,"13":0.1515649624,"14":0.1553884296,"15":0.1961745986,"16":0.0946354429,"17":0.09750684,"18":0.1977862954,"19":null,"20":0.1410981669,"21":0.0647342592,"22":0.1076132728,"23":0.1182760317,"24":0.0002220423},"sentiment_std":{"0":0.2768874621,"1":0.4265699308,"2":0.5090018644,"3":0.3529369922,"4":0.3535533906,"5":0.179605302,"6":0.4082482905,"7":0.4616475287,"8":0.3703578724,"9":0.4082482905,"10":0.4850536865,"11":null,"12":0.2960141888,"13":0.4041868896,"14":0.3394775531,"15":0.5097307958,"16":0.5,"17":0.3010403341,"18":0.5522121618,"19":null,"20":0.2995444503,"21":0.3849001795,"22":0.3310727539,"23":0.3048411262,"24":0.4082482905},"sentiment_pv":{"0":0.8595136041,"1":0.0005459073,"2":0.0400279717,"3":0.0543108755,"4":0.7872801625,"5":0.0007144564,"6":0.6646353229,"7":0.191176084,"8":0.0561228871,"9":0.6646353229,"10":0.084025289,"11":null,"12":0.0000573115,"13":0.1026082254,"14":0.9339367707,"15":0.0380074322,"16":0.5675750949,"17":0.6568444904,"18":0.9545700029,"19":null,"20":0.4364423624,"21":0.2276332543,"22":0.0065535814,"23":0.7692374762,"24":0.6646353229},"main_pv":{"0":0.9797403568,"1":0.0001007117,"2":0.0006609221,"3":0.1364013996,"4":0.2435477054,"5":0.2918219735,"6":0.5200301004,"7":0.0231212125,"8":0.2052497612,"9":0.2659106019,"10":0.0388603069,"11":null,"12":0.0948430542,"13":0.0030629443,"14":0.4349403828,"15":0.0006439867,"16":0.2767088756,"17":0.0195640857,"18":0.0000390698,"19":null,"20":0.0044574079,"21":0.4964993579,"22":0.7658441742,"23":0.6478453217,"24":0.4477452001},"count":{"0":25,"1":2190,"2":1658,"3":778,"4":8,"5":31,"6":6,"7":116,"8":422,"9":6,"10":3486,"11":1,"12":585,"13":119,"14":58,"15":1653,"16":4,"17":258,"18":81,"19":1,"20":180,"21":28,"22":83,"23":59,"24":6},"nb_en":{"0":5,"1":774,"2":832,"3":165,"4":4,"5":4,"6":0,"7":63,"8":105,"9":1,"10":1474,"11":0,"12":97,"13":22,"14":11,"15":832,"16":0,"17":34,"18":76,"19":0,"20":14,"21":5,"22":17,"23":6,"24":1},"nb_de":{"0":3,"1":10,"2":332,"3":582,"4":4,"5":27,"6":6,"7":16,"8":307,"9":5,"10":1945,"11":1,"12":9,"13":97,"14":47,"15":327,"16":4,"17":222,"18":3,"19":0,"20":165,"21":22,"22":43,"23":53,"24":5}}