{"canton":{"0":"SG","1":"TI","2":"UR","3":"VS","4":"JU","5":"AG","6":"VD","7":"ZH","8":"SH","9":"BE","10":"GE","11":"BS","12":"GL","13":"SZ","14":"LU","15":"GR","16":"NE","17":"ZG","18":"FR"},"main_mean":{"0":0.0075318419,"1":-0.0557108753,"2":0.0,"3":-0.0341023219,"4":0.0,"5":0.080951034,"6":-0.0396080278,"7":-0.0187851778,"8":0.0,"9":-0.0613089968,"10":-0.0367736761,"11":-0.0217742904,"12":-0.0076885544,"13":0.0,"14":-0.1201759842,"15":-0.0227270661,"16":0.0272002718,"17":-0.0076885544,"18":-0.0126592228},"sentiment_mean":{"0":0.0,"1":0.1454545455,"2":0.0,"3":-0.1764705882,"4":0.0,"5":0.8333333333,"6":0.1296296296,"7":0.2365702479,"8":0.5,"9":0.2034883721,"10":0.1154598826,"11":0.1142857143,"12":0.2330827068,"13":0.0,"14":0.25,"15":0.5,"16":0.4615384615,"17":0.2330827068,"18":0.2580645161},"main_std":{"0":0.0846709768,"1":0.2283557592,"2":null,"3":0.2020845917,"4":null,"5":0.0910990021,"6":0.2197581748,"7":0.2096916197,"8":0.0,"9":0.2077232,"10":0.1875243812,"11":0.1578301465,"12":0.2180250332,"13":0.0,"14":0.286726067,"15":0.0454541322,"16":0.0875301038,"17":0.2180250332,"18":0.1418377485},"sentiment_std":{"0":0.755928946,"1":0.4045199175,"2":null,"3":0.6359337738,"4":null,"5":0.4082482905,"6":0.7116204043,"7":0.7080753099,"8":0.7071067812,"9":0.6015472593,"10":0.6630113519,"11":0.7635227783,"12":0.6572947713,"13":0.0,"14":0.5501196042,"15":0.5773502692,"16":0.6602252918,"17":0.6572947713,"18":0.7288228836},"sentiment_pv":{"0":0.4663174622,"1":0.2819031076,"2":null,"3":0.0248563084,"4":null,"5":0.0129949562,"6":0.2737270001,"7":0.232232156,"8":0.6616164118,"9":0.9573442371,"10":0.00423058,"11":0.2264477501,"12":0.334402386,"13":3.929426941e-67,"14":0.7257530314,"15":0.3835928463,"16":0.1888119656,"17":0.334402386,"18":0.6948590313},"main_pv":{"0":0.3769792327,"1":0.2656814885,"2":null,"3":0.7908806991,"4":null,"5":0.0407425536,"6":0.3837793672,"7":0.7866781822,"8":0.0000000074,"9":0.013608324,"10":0.0787207416,"11":0.9536605075,"12":0.1522739408,"13":0.0000000074,"14":0.1383210658,"15":0.9399903106,"16":0.0728652076,"17":0.1522739408,"18":0.7522374727},"count":{"0":8,"1":55,"2":1,"3":17,"4":1,"5":6,"6":108,"7":968,"8":2,"9":172,"10":511,"11":105,"12":665,"13":2,"14":20,"15":4,"16":13,"17":665,"18":31},"nb_en":{"0":8,"1":55,"2":1,"3":17,"4":1,"5":6,"6":108,"7":968,"8":2,"9":172,"10":511,"11":105,"12":665,"13":2,"14":20,"15":4,"16":13,"17":665,"18":31},"nb_de":{"0":0,"1":0,"2":0,"3":0,"4":0,"5":0,"6":0,"7":0,"8":0,"9":0,"10":0,"11":0,"12":0,"13":0,"14":0,"15":0,"16":0,"17":0,"18":0}}