{"canton":{"0":"UR","1":"BE","2":"ZG","3":"BL","4":"TI","5":"TG","6":"VD","7":"GR","8":"SG","9":"JU","10":"SH","11":"OW","12":"AG","13":"GE","14":"BS","15":"FR","16":"AR","17":"GL","18":"ZH","19":"SO","20":"NE","21":"LU","22":"VS","23":"SZ"},"main_mean":{"0":-0.0953222614,"1":0.0115590777,"2":0.0198598392,"3":0.0035955079,"4":0.0193916719,"5":0.0263146895,"6":0.0332470358,"7":0.0075749033,"8":0.0058834812,"9":-0.0032916118,"10":-0.023979586,"11":-0.0198331347,"12":0.0029826318,"13":0.0225972248,"14":0.008646335,"15":0.0188697255,"16":0.0114003048,"17":0.0198153769,"18":0.0119486377,"19":0.0398400002,"20":0.0263535157,"21":0.0156382869,"22":0.017228639,"23":0.0482700441},"sentiment_mean":{"0":-0.2,"1":0.0625869263,"2":0.1159311892,"3":0.0,"4":0.0533333333,"5":0.0,"6":0.0572831424,"7":0.0727272727,"8":0.0614035088,"9":0.25,"10":0.0357142857,"11":0.0,"12":0.0503597122,"13":0.0668141593,"14":0.0702479339,"15":0.0202020202,"16":0.0,"17":0.1156716418,"18":0.1201052016,"19":0.0652173913,"20":0.0,"21":0.0464135021,"22":0.0483870968,"23":0.1},"main_std":{"0":0.0985764309,"1":0.1032363158,"2":0.153476482,"3":0.0135866324,"4":0.1642468889,"5":0.03236751,"6":0.1214206484,"7":0.0572757585,"8":0.0523388086,"9":0.0065832236,"10":0.077432227,"11":0.0285196887,"12":0.1702820813,"13":0.1286896443,"14":0.101045875,"15":0.0849204568,"16":0.2009296834,"17":0.1533073309,"18":0.099445628,"19":0.1938609912,"20":0.1396834884,"21":0.1087128971,"22":0.1191620637,"23":0.0958759222},"sentiment_std":{"0":0.4472135955,"1":0.3697917586,"2":0.477824619,"3":0.0,"4":0.5425996815,"5":0.0,"6":0.3411530353,"7":0.325152127,"8":0.3590816142,"9":0.5,"10":0.3313432658,"11":0.0,"12":0.3868067152,"13":0.4575426898,"14":0.4008571826,"15":0.2466013051,"16":0.5345224838,"17":0.4773205144,"18":0.4674861911,"19":0.3888543808,"20":0.5198752449,"21":0.2477821237,"22":0.3352229185,"23":0.316227766},"sentiment_pv":{"0":0.2174235987,"1":0.0382387535,"2":0.088402584,"3":2.224391779e-104,"4":0.5345152781,"5":2.224391779e-104,"6":0.014862363,"7":0.654945362,"8":0.3605065706,"9":0.5734823339,"10":0.3733386425,"11":2.224391779e-104,"12":0.2045504203,"13":0.0144950383,"14":0.2342591793,"15":0.0048816785,"16":0.6394764032,"17":0.0913468457,"18":0.002279721,"19":0.6371223955,"20":0.2802662016,"21":0.0059782874,"22":0.306271103,"23":0.9420506234},"main_pv":{"0":0.0632765603,"1":0.1692899049,"2":0.5260329615,"3":0.0083266549,"4":0.9041555826,"5":0.2765388714,"6":0.0014474542,"7":0.2279796292,"8":0.0278908962,"9":0.0049950675,"10":0.0093086649,"11":0.317384127,"12":0.3317649249,"13":0.0623111449,"14":0.0752334196,"15":0.8372726753,"16":0.9383502545,"17":0.5318641329,"18":0.0127240762,"19":0.4307447354,"20":0.6856062186,"21":0.8388263705,"22":0.9930454807,"23":0.3309507627},"count":{"0":5,"1":719,"2":1337,"3":11,"4":75,"5":16,"6":611,"7":55,"8":114,"9":4,"10":28,"11":2,"12":139,"13":2260,"14":484,"15":99,"16":8,"17":1340,"18":3422,"19":46,"20":38,"21":237,"22":62,"23":10},"nb_en":{"0":2,"1":202,"2":619,"3":1,"4":65,"5":1,"6":118,"7":11,"8":17,"9":2,"10":6,"11":0,"12":25,"13":911,"14":152,"15":16,"16":0,"17":619,"18":1388,"19":13,"20":21,"21":31,"22":12,"23":0},"nb_de":{"0":3,"1":485,"2":285,"3":10,"4":1,"5":15,"6":8,"7":44,"8":97,"9":0,"10":22,"11":2,"12":112,"13":15,"14":324,"15":47,"16":8,"17":288,"18":1982,"19":33,"20":5,"21":206,"22":45,"23":10},"nb_fr":{"0":0,"1":32,"2":433,"3":0,"4":9,"5":0,"6":485,"7":0,"8":0,"9":2,"10":0,"11":0,"12":2,"13":1334,"14":8,"15":36,"16":0,"17":433,"18":52,"19":0,"20":12,"21":0,"22":5,"23":0}}