{"canton":{"0":"SG","1":"GL","2":"JU","3":"VS","4":"AG","5":"TG","6":"ZH","7":"BE","8":"GE","9":"BS","10":"AI","11":"LU","12":"GR","13":"ZG","14":"UR","15":"VD","16":"SH","17":"BL","18":"TI","19":"SZ","20":"NE","21":"FR"},"main_mean":{"0":-0.0066451051,"1":0.0024745269,"2":0.3333222227,"3":0.0040024617,"4":0.1499962501,"5":0.0,"6":-0.0193202299,"7":-0.0744353362,"8":-0.0109605687,"9":-0.0019556366,"10":-0.1739122873,"11":-0.0265948241,"12":-0.0714280612,"13":0.0024745269,"14":-0.249996875,"15":-0.0458473399,"16":0.0,"17":-0.299997,"18":-0.0172949675,"19":-0.0187497821,"20":0.045903002,"21":-0.0921797979},"sentiment_mean":{"0":0.2608695652,"1":0.1964038728,"2":0.3333333333,"3":0.2222222222,"4":0.0,"5":0.0,"6":0.2177747626,"7":0.1483870968,"8":0.1409395973,"9":0.05,"10":0.0,"11":0.25,"12":0.3333333333,"13":0.1964038728,"14":0.0,"15":0.1585365854,"16":0.3333333333,"17":0.0,"18":0.1206896552,"19":0.5,"20":0.5555555556,"21":0.0882352941},"main_std":{"0":0.220214973,"1":0.2493577637,"2":0.2886655126,"3":0.164010981,"4":0.3354018116,"5":null,"6":0.1974280262,"7":0.1954965484,"8":0.1648007755,"9":0.1918130547,"10":null,"11":0.1623602844,"12":0.1237170311,"13":0.2493577637,"14":0.3535489712,"15":0.1789129813,"16":0.0,"17":null,"18":0.0738417068,"19":0.2164682118,"20":0.0780079811,"21":0.1292611273},"sentiment_std":{"0":0.6887004432,"1":0.6658577561,"2":1.1547005384,"3":0.7320844981,"4":0.7071067812,"5":null,"6":0.6809872138,"7":0.6425754631,"8":0.6810847112,"9":0.6605535067,"10":null,"11":0.651474178,"12":0.5773502692,"13":0.6658577561,"14":0.0,"15":0.597722265,"16":0.5773502692,"17":null,"18":0.4617885218,"19":0.5477225575,"20":0.5270462767,"21":0.570361239},"sentiment_pv":{"0":0.6051561751,"1":0.679957086,"2":0.8449681462,"3":0.833686847,"4":0.5893508142,"5":null,"6":0.1123883044,"7":0.4828866331,"8":0.0747419816,"9":0.018286413,"10":null,"11":0.5161325253,"12":0.7005830489,"13":0.679957086,"14":9.549123302e-73,"15":0.6887966452,"16":0.7005830489,"17":null,"18":0.2968906621,"19":0.2185962642,"20":0.0683197008,"21":0.3302894269},"main_pv":{"0":0.9008070659,"1":0.1279069603,"2":0.1736642065,"3":0.6767178504,"4":0.3397773086,"5":null,"6":0.2543666317,"7":0.0001555629,"8":0.8147478496,"9":0.5261598652,"10":null,"11":0.5693560183,"12":0.4958517444,"13":0.1279069603,"14":0.5162353608,"15":0.0987032736,"16":0.0000770614,"17":null,"18":0.6359041694,"19":0.9459417628,"20":0.0555593925,"21":0.001106279},"count":{"0":23,"1":723,"2":3,"3":18,"4":5,"5":1,"6":1474,"7":155,"8":894,"9":140,"10":1,"11":44,"12":3,"13":723,"14":2,"15":82,"16":3,"17":1,"18":58,"19":6,"20":9,"21":34},"nb_en":{"0":23,"1":723,"2":3,"3":18,"4":5,"5":1,"6":1474,"7":155,"8":894,"9":140,"10":1,"11":44,"12":3,"13":723,"14":2,"15":82,"16":3,"17":1,"18":58,"19":6,"20":9,"21":34},"nb_de":{"0":0,"1":0,"2":0,"3":0,"4":0,"5":0,"6":0,"7":0,"8":0,"9":0,"10":0,"11":0,"12":0,"13":0,"14":0,"15":0,"16":0,"17":0,"18":0,"19":0,"20":0,"21":0}}