{"canton":{"0":"NE","1":"GE","2":"GL","3":"BE","4":"SZ","5":"TG","6":"UR","7":"FR","8":"BS","9":"BL","10":"ZH","11":"VD","12":"SG","13":"GR","14":"ZG","15":"AR","16":"LU","17":"TI","18":"JU","19":"AG","20":"SH","21":"VS","22":"SO","23":"NW"},"main_mean":{"0":0.0122733403,"1":0.0220051704,"2":0.0258151594,"3":0.0190506427,"4":-0.028822458,"5":0.0178481562,"6":-0.0001009254,"7":0.066443986,"8":0.0128799626,"9":0.2446399426,"10":0.0180757259,"11":0.0372176846,"12":0.010519825,"13":-0.0018733898,"14":0.0258472597,"15":0.0136944113,"16":0.0181822642,"17":0.0218875067,"18":0.0335926708,"19":0.0063572646,"20":-0.011540102,"21":0.0499570857,"22":0.0082269003,"23":0.0},"sentiment_mean":{"0":0.1621621622,"1":0.0825645756,"2":0.1100682594,"3":0.0661375661,"4":-0.3333333333,"5":0.0416666667,"6":0.0,"7":0.1125,"8":0.0284463895,"9":0.1666666667,"10":0.133492569,"11":0.0455635492,"12":0.0687022901,"13":0.0,"14":0.1097770154,"15":0.0,"16":0.007751938,"17":0.1494252874,"18":-0.2,"19":0.0285714286,"20":-0.027027027,"21":0.0943396226,"22":0.0243902439,"23":0.3333333333},"main_std":{"0":0.0747183114,"1":0.1272293046,"2":0.1574322449,"3":0.1202884006,"4":0.0971020886,"5":0.0481697568,"6":0.0252477581,"7":0.2292613498,"8":0.1165061138,"9":0.3348994832,"10":0.1267917071,"11":0.1508240079,"12":0.1054544403,"13":0.046246597,"14":0.1578019966,"15":0.0463237964,"16":0.1207630811,"17":0.1718641845,"18":0.0510617236,"19":0.1241763218,"20":0.0518850138,"21":0.1857636816,"22":0.045550078,"23":0.0},"sentiment_std":{"0":0.500750188,"1":0.5111678229,"2":0.4646341357,"3":0.3964964473,"4":0.5163977795,"5":0.2041241452,"6":0.0,"7":0.4207813708,"8":0.4308045231,"9":0.7527726527,"10":0.4892942637,"11":0.325717745,"12":0.3326083327,"13":0.2443388887,"14":0.4650428399,"15":0.0,"16":0.1971044887,"17":0.445356811,"18":0.4472135955,"19":0.3239522418,"20":0.2873718542,"21":0.3543222644,"22":0.1561737619,"23":0.5773502692},"sentiment_pv":{"0":0.4438283693,"1":0.1831999654,"2":0.4114207672,"3":0.0331522662,"4":0.095944068,"5":0.1891288928,"6":5.366160907e-106,"7":0.7651096476,"8":0.0007635599,"9":0.8328497582,"10":0.000118389,"11":0.0015317148,"12":0.3152824998,"13":0.0016097184,"14":0.4245663206,"15":5.366160907e-106,"16":0.0,"17":0.2896103822,"18":0.2100811108,"19":0.0310366436,"20":0.0120526589,"21":0.9351781383,"22":0.0047096556,"23":0.553862723},"main_pv":{"0":0.4716250931,"1":0.8045945278,"2":0.3401992059,"3":0.6287768384,"4":0.2622943625,"5":0.7340686197,"6":0.0668112258,"7":0.0821474785,"8":0.1354042603,"9":0.1632241812,"10":0.1919049431,"11":0.0338464018,"12":0.2505220541,"13":0.0001388239,"14":0.339010458,"15":0.6384265948,"16":0.687234535,"17":0.9728506889,"18":0.6181060322,"19":0.2241949256,"20":0.0005109726,"21":0.2664371468,"22":0.0785930255,"23":7.007391636e-60},"count":{"0":37,"1":2168,"2":1172,"3":756,"4":6,"5":24,"6":7,"7":80,"8":457,"9":6,"10":3768,"11":417,"12":131,"13":68,"14":1166,"15":9,"16":258,"17":87,"18":5,"19":105,"20":37,"21":53,"22":41,"23":3},"nb_en":{"0":14,"1":1048,"2":534,"3":191,"4":2,"5":2,"6":0,"7":19,"8":156,"9":1,"10":1550,"11":98,"12":24,"13":7,"14":533,"15":0,"16":22,"17":73,"18":3,"19":9,"20":6,"21":14,"22":3,"23":3},"nb_de":{"0":6,"1":12,"2":233,"3":534,"4":4,"5":22,"6":7,"7":13,"8":294,"9":5,"10":2108,"11":10,"12":107,"13":60,"14":228,"15":9,"16":236,"17":7,"18":0,"19":94,"20":31,"21":34,"22":38,"23":0}}