{"canton":{"0":"NE","1":"GE","2":"GL","3":"UR","4":"SZ","5":"BE","6":"TG","7":"FR","8":"BS","9":"ZH","10":"SO","11":"VD","12":"OW","13":"SG","14":"GR","15":"ZG","16":"AR","17":"LU","18":"TI","19":"JU","20":"AG","21":"SH","22":"VS","23":"BL"},"main_mean":{"0":0.0263535157,"1":0.0225972248,"2":0.0198153769,"3":-0.0953222614,"4":0.0482700441,"5":0.0115590777,"6":0.0263146895,"7":0.0188697255,"8":0.008646335,"9":0.0119486377,"10":0.0398400002,"11":0.0332470358,"12":-0.0198331347,"13":0.0058834812,"14":0.0075749033,"15":0.0198598392,"16":0.0114003048,"17":0.0156382869,"18":0.0193916719,"19":-0.0032916118,"20":0.0029826318,"21":-0.023979586,"22":0.017228639,"23":0.0035955079},"sentiment_mean":{"0":0.0,"1":0.0668141593,"2":0.1156716418,"3":-0.2,"4":0.1,"5":0.0625869263,"6":0.0,"7":0.0202020202,"8":0.0702479339,"9":0.1201052016,"10":0.0652173913,"11":0.0572831424,"12":0.0,"13":0.0614035088,"14":0.0727272727,"15":0.1159311892,"16":0.0,"17":0.0464135021,"18":0.0533333333,"19":0.25,"20":0.0503597122,"21":0.0357142857,"22":0.0483870968,"23":0.0},"main_std":{"0":0.1396834884,"1":0.1286896443,"2":0.1533073309,"3":0.0985764309,"4":0.0958759222,"5":0.1032363158,"6":0.03236751,"7":0.0849204568,"8":0.101045875,"9":0.099445628,"10":0.1938609912,"11":0.1214206484,"12":0.0285196887,"13":0.0523388086,"14":0.0572757585,"15":0.153476482,"16":0.2009296834,"17":0.1087128971,"18":0.1642468889,"19":0.0065832236,"20":0.1702820813,"21":0.077432227,"22":0.1191620637,"23":0.0135866324},"sentiment_std":{"0":0.5198752449,"1":0.4575426898,"2":0.4773205144,"3":0.4472135955,"4":0.316227766,"5":0.3697917586,"6":0.0,"7":0.2466013051,"8":0.4008571826,"9":0.4674861911,"10":0.3888543808,"11":0.3411530353,"12":0.0,"13":0.3590816142,"14":0.325152127,"15":0.477824619,"16":0.5345224838,"17":0.2477821237,"18":0.5425996815,"19":0.5,"20":0.3868067152,"21":0.3313432658,"22":0.3352229185,"23":0.0},"sentiment_pv":{"0":0.2802662016,"1":0.0144950383,"2":0.0913468457,"3":0.2174235987,"4":0.9420506234,"5":0.0382387535,"6":2.224391779e-104,"7":0.0048816785,"8":0.2342591793,"9":0.002279721,"10":0.6371223955,"11":0.014862363,"12":2.224391779e-104,"13":0.3605065706,"14":0.654945362,"15":0.088402584,"16":0.6394764032,"17":0.0059782874,"18":0.5345152781,"19":0.5734823339,"20":0.2045504203,"21":0.3733386425,"22":0.306271103,"23":2.224391779e-104},"main_pv":{"0":0.6856062186,"1":0.0623111449,"2":0.5318641329,"3":0.0632765603,"4":0.3309507627,"5":0.1692899049,"6":0.2765388714,"7":0.8372726753,"8":0.0752334196,"9":0.0127240762,"10":0.4307447354,"11":0.0014474542,"12":0.317384127,"13":0.0278908962,"14":0.2279796292,"15":0.5260329615,"16":0.9383502545,"17":0.8388263705,"18":0.9041555826,"19":0.0049950675,"20":0.3317649249,"21":0.0093086649,"22":0.9930454807,"23":0.0083266549},"count":{"0":38,"1":2260,"2":1340,"3":5,"4":10,"5":719,"6":16,"7":99,"8":484,"9":3422,"10":46,"11":611,"12":2,"13":114,"14":55,"15":1337,"16":8,"17":237,"18":75,"19":4,"20":139,"21":28,"22":62,"23":11},"nb_en":{"0":21,"1":911,"2":619,"3":2,"4":0,"5":202,"6":1,"7":16,"8":152,"9":1388,"10":13,"11":118,"12":0,"13":17,"14":11,"15":619,"16":0,"17":31,"18":65,"19":2,"20":25,"21":6,"22":12,"23":1},"nb_de":{"0":5,"1":15,"2":288,"3":3,"4":10,"5":485,"6":15,"7":47,"8":324,"9":1982,"10":33,"11":8,"12":2,"13":97,"14":44,"15":285,"16":8,"17":206,"18":1,"19":0,"20":112,"21":22,"22":45,"23":10}}