{"canton":{"0":"UR","1":"BE","2":"ZG","3":"BL","4":"JU","5":"TI","6":"TG","7":"VD","8":"SG","9":"GR","10":"SH","11":"AG","12":"GE","13":"BS","14":"FR","15":"AR","16":"GL","17":"ZH","18":"SO","19":"NE","20":"LU","21":"VS","22":"SZ"},"main_mean":{"0":-0.0391101757,"1":-0.0107665915,"2":0.0077825687,"3":0.0062537069,"4":0.0016129971,"5":-0.0245243085,"6":0.0314088065,"7":-0.0025985873,"8":0.0033093737,"9":0.0156770071,"10":-0.0096478175,"11":0.0410494807,"12":-0.0132396352,"13":-0.0011327786,"14":0.0245556925,"15":0.0073460973,"16":0.0077859051,"17":-0.0011916419,"18":0.0787343948,"19":0.0252711089,"20":0.0101180493,"21":-0.0118177976,"22":0.078644308},"sentiment_mean":{"0":0.0,"1":0.056778679,"2":0.1151702786,"3":0.0,"4":0.0,"5":0.1176470588,"6":0.0,"7":0.0341151386,"8":0.0808080808,"9":0.0545454545,"10":0.0217391304,"11":0.1413043478,"12":0.0688596491,"13":0.0902777778,"14":0.0761904762,"15":0.5,"16":0.1149567367,"17":0.1242864556,"18":0.2352941176,"19":0.0363636364,"20":0.0865384615,"21":-0.0192307692,"22":0.3333333333},"main_std":{"0":0.0803160458,"1":0.1278896077,"2":0.1590223812,"3":0.020577061,"4":0.1054486039,"5":0.2058219396,"6":0.037968027,"7":0.1714900009,"8":0.065660918,"9":0.1426002172,"10":0.0381811035,"11":0.1435297381,"12":0.1655921087,"13":0.1089920069,"14":0.1708263862,"15":0.0103889505,"16":0.1588758876,"17":0.1306382713,"18":0.2060013242,"19":0.1620156205,"20":0.1070754118,"21":0.1072620706,"22":0.2447086911},"sentiment_std":{"0":0.0,"1":0.3443576432,"2":0.4580130084,"3":0.0,"4":0.0,"5":0.4733810683,"6":0.0,"7":0.3623703947,"8":0.3403709764,"9":0.3558079912,"10":0.1474419562,"11":0.3803272662,"12":0.4434640828,"13":0.4015028805,"14":0.3309438163,"15":0.7071067812,"16":0.4576147774,"17":0.4761279688,"18":0.4305615452,"19":0.3831466388,"20":0.3292672856,"21":0.4196349775,"22":0.5163977795},"sentiment_pv":{"0":1.313191008e-128,"1":0.0007531841,"2":0.1726976723,"3":1.313191008e-128,"4":1.313191008e-128,"5":0.7135344107,"6":1.313191008e-128,"7":0.0001960974,"8":0.6050954107,"9":0.3633813503,"10":0.0010767151,"11":0.2876030203,"12":0.0032642293,"13":0.6706364838,"14":0.4911644752,"15":0.5694159539,"16":0.177628742,"17":0.0031450105,"18":0.073615662,"19":0.2343727789,"20":0.6011526515,"21":0.0484644992,"22":0.3163492794},"main_pv":{"0":0.4098832741,"1":0.0279363657,"2":0.0416078494,"3":0.4924014419,"4":0.9672526413,"5":0.2905430975,"6":0.0002337216,"7":0.8168392218,"8":0.5491993118,"9":0.3981711009,"10":0.1299369714,"11":0.0065615248,"12":0.0007847517,"13":0.9417931494,"14":0.133455193,"15":0.4656566854,"16":0.0411911939,"17":0.8556169455,"18":0.0313677919,"19":0.239884554,"20":0.1516367009,"21":0.4614926096,"22":0.4629052015},"count":{"0":4,"1":863,"2":1615,"3":5,"4":4,"5":85,"6":26,"7":469,"8":99,"9":55,"10":46,"11":92,"12":2280,"13":432,"14":105,"15":2,"16":1618,"17":3854,"18":34,"19":55,"20":208,"21":52,"22":6},"nb_en":{"0":0,"1":211,"2":766,"3":0,"4":0,"5":65,"6":3,"7":97,"8":18,"9":3,"10":6,"11":12,"12":871,"13":130,"14":23,"15":1,"16":766,"17":1653,"18":5,"19":19,"20":44,"21":19,"22":4},"nb_de":{"0":4,"1":608,"2":432,"3":5,"4":0,"5":10,"6":23,"7":8,"8":78,"9":52,"10":40,"11":79,"12":8,"13":292,"14":31,"15":1,"16":435,"17":2143,"18":29,"19":9,"20":163,"21":18,"22":2},"nb_fr":{"0":0,"1":44,"2":417,"3":0,"4":4,"5":10,"6":0,"7":364,"8":3,"9":0,"10":0,"11":1,"12":1401,"13":10,"14":51,"15":0,"16":417,"17":58,"18":0,"19":27,"20":1,"21":15,"22":0}}