{"canton":{"0":"NE","1":"GE","2":"GL","3":"BE","4":"SZ","5":"TG","6":"UR","7":"FR","8":"BS","9":"BL","10":"ZH","11":"VD","12":"SG","13":"GR","14":"ZG","15":"AR","16":"LU","17":"TI","18":"JU","19":"AG","20":"SH","21":"VS","22":"SO","23":"NW"},"main_mean":{"0":0.0297267525,"1":-0.0212608386,"2":0.0095891508,"3":-0.0025757347,"4":-0.0112630794,"5":0.0021789931,"6":-0.1077228455,"7":-0.0232848534,"8":0.0116560938,"9":0.1074165525,"10":0.000233981,"11":0.0110061262,"12":0.0168303649,"13":-0.0037928128,"14":0.0096071416,"15":0.6249026068,"16":-0.0074873544,"17":-0.046117837,"18":-0.0374309294,"19":0.0208792856,"20":-0.0119298408,"21":-0.0241557504,"22":0.0165480389,"23":-0.0005564894},"sentiment_mean":{"0":0.0588235294,"1":0.053470437,"2":0.1087456847,"3":0.0559284116,"4":0.0,"5":0.0,"6":0.0,"7":0.1417910448,"8":0.0630841121,"9":0.2,"10":0.1232683065,"11":0.1057884232,"12":0.0860927152,"13":0.0461538462,"14":0.1089965398,"15":1.0,"16":0.0678733032,"17":0.1123595506,"18":0.0,"19":0.0535714286,"20":0.0434782609,"21":0.03125,"22":0.0490196078,"23":0.0},"main_std":{"0":0.123292868,"1":0.1757467893,"2":0.1740552596,"3":0.1428225681,"4":0.0224728577,"5":0.0497164051,"6":0.1509854913,"7":0.0951582219,"8":0.1125943839,"9":0.151460301,"10":0.1429192609,"11":0.1763329411,"12":0.0865281997,"13":0.12334875,"14":0.1742555633,"15":0.0890652453,"16":0.1574662796,"17":0.1796459582,"18":0.1127689469,"19":0.0996936369,"20":0.0851974829,"21":0.1792263099,"22":0.0789962946,"23":0.0014864491},"sentiment_std":{"0":0.2697807536,"1":0.4365261498,"2":0.4728964059,"3":0.3714376588,"4":0.0,"5":0.0,"6":0.0,"7":0.4447350326,"8":0.3184297281,"9":0.4216370214,"10":0.4757273005,"11":0.3883122804,"12":0.3452612026,"13":0.2756112089,"14":0.4734129523,"15":0.0,"16":0.3436561472,"17":0.5316826259,"18":0.6546536707,"19":0.2630139144,"20":0.3665888048,"21":0.4352977452,"22":0.2169751996,"23":0.0},"sentiment_pv":{"0":0.1519891877,"1":0.0001082999,"2":0.2521811308,"3":0.0028933971,"4":2.229947426e-118,"5":2.229947426e-118,"6":2.229947426e-118,"7":0.2274065661,"8":0.0458721909,"9":0.4511738382,"10":0.0016003586,"11":0.5431032832,"12":0.7555408808,"13":0.1610970676,"14":0.2446022839,"15":0.0,"16":0.2498766051,"17":0.7586755697,"18":0.5832901664,"19":0.1030528535,"20":0.5083034703,"21":0.2474036556,"22":0.0379957742,"23":2.229947426e-118},"main_pv":{"0":0.0105880826,"1":0.0000004735,"2":0.0326836341,"3":0.5855525075,"4":0.3859022476,"5":0.8005035673,"6":0.4966987138,"7":0.0057017102,"8":0.0414900999,"9":0.051907379,"10":0.9750766624,"11":0.1757118868,"12":0.0215266921,"13":0.7985036239,"14":0.0327106186,"15":0.0638333228,"16":0.475913273,"17":0.0174373984,"18":0.218195128,"19":0.0316191837,"20":0.505034302,"21":0.2831191032,"22":0.0416053581,"23":0.6788391778},"count":{"0":119,"1":1945,"2":1738,"3":894,"4":4,"5":40,"6":2,"7":134,"8":428,"9":10,"10":3537,"11":501,"12":151,"13":65,"14":1734,"15":2,"16":221,"17":89,"18":15,"19":112,"20":23,"21":64,"22":102,"23":3},"nb_en":{"0":23,"1":738,"2":798,"3":213,"4":1,"5":6,"6":0,"7":58,"8":83,"9":0,"10":1475,"11":153,"12":16,"13":7,"14":798,"15":0,"16":58,"17":79,"18":9,"19":12,"20":5,"21":21,"22":12,"23":0},"nb_de":{"0":24,"1":8,"2":499,"3":649,"4":3,"5":33,"6":2,"7":35,"8":338,"9":10,"10":1983,"11":5,"12":135,"13":57,"14":495,"15":2,"16":163,"17":6,"18":0,"19":99,"20":18,"21":24,"22":89,"23":3}}