{"canton":{"0":"UR","1":"BE","2":"ZG","3":"BL","4":"NW","5":"TI","6":"VD","7":"GR","8":"SG","9":"JU","10":"SH","11":"AG","12":"GE","13":"BS","14":"FR","15":"AR","16":"GL","17":"ZH","18":"SO","19":"NE","20":"LU","21":"VS","22":"SZ","23":"TG"},"main_mean":{"0":-0.0504612385,"1":-0.0013166837,"2":0.0083712059,"3":0.0003636331,"4":-0.0005999925,"5":-0.0154315778,"6":0.0105691968,"7":-0.0370547632,"8":0.0146395578,"9":-0.0026140233,"10":0.0079442289,"11":0.0007756937,"12":-0.0176504539,"13":0.0137502433,"14":0.0067251867,"15":0.2318360672,"16":0.0082053662,"17":-0.0012839801,"18":0.0372800017,"19":0.0000276587,"20":0.0017316996,"21":-0.0043838098,"22":0.0031958146,"23":0.0057799344},"sentiment_mean":{"0":0.0,"1":0.076419214,"2":0.1135416667,"3":0.0,"4":0.0,"5":0.0,"6":0.1264044944,"7":-0.0952380952,"8":0.0348837209,"9":0.1666666667,"10":0.0416666667,"11":0.0641025641,"12":0.0461538462,"13":0.0694864048,"14":0.1547619048,"15":0.2,"16":0.1130208333,"17":0.1540273198,"18":0.0,"19":-0.0769230769,"20":0.0087719298,"21":0.0317460317,"22":0.0,"23":0.0},"main_std":{"0":0.1009224769,"1":0.1171821584,"2":0.1837258565,"3":0.0005142548,"4":null,"5":0.1676042952,"6":0.169116291,"7":0.0710974291,"8":0.1283402376,"9":0.1312877922,"10":0.0209128483,"11":0.103131664,"12":0.1751240995,"13":0.1439637923,"14":0.1029792625,"15":0.4335841704,"16":0.1836510825,"17":0.1379735722,"18":0.1530264724,"19":0.0416202537,"20":0.087806562,"21":0.0843297019,"22":0.0060623493,"23":0.0163777838},"sentiment_std":{"0":0.0,"1":0.3978204501,"2":0.4572659971,"3":0.0,"4":null,"5":0.4548588261,"6":0.4223068698,"7":0.2971017572,"8":0.2848188038,"9":0.5773502692,"10":0.2041241452,"11":0.2945277351,"12":0.3788362098,"13":0.3455422295,"14":0.5028604352,"15":0.4472135955,"16":0.4568250761,"17":0.4972275001,"18":0.0,"19":0.2773500981,"20":0.210166981,"21":0.2519763153,"22":0.0,"23":0.0},"sentiment_pv":{"0":8.203735008e-110,"1":0.178598667,"2":0.318440017,"3":8.203735008e-110,"4":null,"5":0.0387199497,"6":0.2896390921,"7":0.0001047309,"8":0.0328341554,"9":0.7063302471,"10":0.1619007799,"11":0.2611478541,"12":0.000000053,"13":0.0947992872,"14":0.3423475392,"15":0.6504658979,"16":0.3407544046,"17":0.0000098062,"18":8.203735008e-110,"19":0.0383200243,"20":0.0000091968,"21":0.0316368889,"22":8.203735008e-110,"23":8.203735008e-110},"main_pv":{"0":0.3842353849,"1":0.7064479829,"2":0.0959341114,"3":0.7817250112,"4":null,"5":0.3669606791,"6":0.2869137867,"7":0.0014067799,"8":0.3250965469,"9":0.9290335924,"10":0.1321066187,"11":0.9954907361,"12":0.0000562925,"13":0.1115274938,"14":0.605960338,"15":0.2994070663,"16":0.1033536456,"17":0.5362474785,"18":0.2559692974,"19":0.9454140961,"20":0.9158313315,"21":0.6287264434,"22":0.5870560241,"23":0.3420972103},"count":{"0":4,"1":458,"2":1920,"3":2,"4":1,"5":88,"6":356,"7":42,"8":86,"9":12,"10":24,"11":78,"12":1690,"13":331,"14":84,"15":5,"16":1920,"17":2123,"18":24,"19":13,"20":114,"21":63,"22":3,"23":12},"nb_en":{"0":0,"1":148,"2":861,"3":0,"4":0,"5":76,"6":118,"7":18,"8":14,"9":3,"10":2,"11":10,"12":495,"13":78,"14":48,"15":0,"16":861,"17":876,"18":2,"19":1,"20":21,"21":17,"22":0,"23":0},"nb_de":{"0":4,"1":300,"2":464,"3":2,"4":1,"5":6,"6":13,"7":24,"8":72,"9":1,"10":22,"11":68,"12":5,"13":247,"14":10,"15":5,"16":464,"17":1211,"18":22,"19":5,"20":91,"21":34,"22":3,"23":12},"nb_fr":{"0":0,"1":10,"2":595,"3":0,"4":0,"5":6,"6":225,"7":0,"8":0,"9":8,"10":0,"11":0,"12":1190,"13":6,"14":26,"15":0,"16":595,"17":36,"18":0,"19":7,"20":2,"21":12,"22":0,"23":0}}