{"canton":{"0":"SG","1":"TI","2":"JU","3":"SH","4":"VS","5":"AG","6":"VD","7":"ZH","8":"TG","9":"BE","10":"GE","11":"BS","12":"GL","13":"SO","14":"LU","15":"GR","16":"NE","17":"ZG","18":"FR"},"main_mean":{"0":0.1754591334,"1":-0.0836452991,"2":0.0,"3":0.0499995,"4":-0.0576496365,"5":-0.2083295139,"6":-0.0473005219,"7":-0.0149058381,"8":0.099999,"9":-0.0714562656,"10":-0.0163841029,"11":-0.0288270923,"12":0.0147289824,"13":0.0,"14":-0.0047507876,"15":0.0083323264,"16":0.0053029095,"17":0.0147289824,"18":0.1187500312},"sentiment_mean":{"0":0.3333333333,"1":0.0793650794,"2":0.5,"3":0.5,"4":0.0714285714,"5":1.0,"6":0.3333333333,"7":0.2923368023,"8":1.0,"9":0.2023809524,"10":0.1257142857,"11":0.1194968553,"12":0.2650406504,"13":-0.3333333333,"14":0.1428571429,"15":0.0,"16":0.4,"17":0.2650406504,"18":0.0},"main_std":{"0":0.3309584411,"1":0.2136018133,"2":0.0,"3":0.070709971,"4":0.3023480509,"5":0.7660112319,"6":0.2510828762,"7":0.2111825363,"8":0.0,"9":0.2144793098,"10":0.1863504517,"11":0.1414555151,"12":0.2058905319,"13":0.0,"14":0.120744072,"15":0.2173037077,"16":0.1177768908,"17":0.2058905319,"18":0.3565083481},"sentiment_std":{"0":1.032795559,"1":0.4135443691,"2":0.7071067812,"3":0.7071067812,"4":0.7300459115,"5":0.0,"6":0.7393691004,"7":0.6746687796,"8":0.0,"9":0.7386630082,"10":0.6958202052,"11":0.7984540432,"12":0.6579486109,"13":0.5773502692,"14":0.6546536707,"15":0.7071067812,"16":0.5477225575,"17":0.6579486109,"18":0.5345224838},"sentiment_pv":{"0":0.8291409761,"1":0.004238161,"2":0.6921592026,"3":0.6921592026,"4":0.4109884182,"5":0.0,"6":0.3617376621,"7":0.0216425663,"8":0.0,"9":0.5477321762,"10":0.0006436127,"11":0.0688756629,"12":0.3422019886,"13":0.2288551183,"14":0.5168105327,"15":0.4946804795,"16":0.5434893187,"17":0.3422019886,"18":0.2498148819},"main_pv":{"0":0.2307550065,"1":0.0076357583,"2":0.012932217,"3":0.4475442088,"4":0.5567647237,"5":0.7753757535,"6":0.2818885154,"7":0.4151455102,"8":1.01642017e-180,"9":0.0002876073,"10":0.3975061929,"11":0.0915603538,"12":0.0091740281,"13":0.012932217,"14":0.8784831691,"15":0.8681922714,"16":0.8015501853,"17":0.0091740281,"18":0.3451521848},"count":{"0":6,"1":63,"2":2,"3":2,"4":14,"5":2,"6":51,"7":1057,"8":2,"9":168,"10":525,"11":159,"12":615,"13":3,"14":21,"15":5,"16":5,"17":615,"18":8},"nb_en":{"0":6,"1":63,"2":2,"3":2,"4":14,"5":2,"6":51,"7":1057,"8":2,"9":168,"10":525,"11":159,"12":615,"13":3,"14":21,"15":5,"16":5,"17":615,"18":8},"nb_de":{"0":0,"1":0,"2":0,"3":0,"4":0,"5":0,"6":0,"7":0,"8":0,"9":0,"10":0,"11":0,"12":0,"13":0,"14":0,"15":0,"16":0,"17":0,"18":0}}