{"canton":{"0":"NE","1":"GE","2":"GL","3":"UR","4":"SZ","5":"BE","6":"TG","7":"FR","8":"BS","9":"BL","10":"ZH","11":"VD","12":"SG","13":"GR","14":"ZG","15":"AR","16":"LU","17":"TI","18":"JU","19":"AG","20":"SH","21":"VS","22":"SO"},"main_mean":{"0":0.0166239993,"1":-0.0174545088,"2":-0.001712265,"3":-0.0958714114,"4":0.0898276573,"5":0.0025592236,"6":0.0111822483,"7":-0.0266470433,"8":-0.0027976639,"9":0.0633503353,"10":-0.0014696059,"11":0.0108200748,"12":0.0181148728,"13":-0.000501405,"14":-0.001713855,"15":0.0119964456,"16":0.0123374168,"17":-0.014174681,"18":-0.1350098705,"19":0.0281412968,"20":-0.0110558016,"21":0.0067211849,"22":0.0410330061},"sentiment_mean":{"0":0.06,"1":0.0609180609,"2":0.0809614168,"3":-0.1111111111,"4":0.1428571429,"5":0.0674285714,"6":0.0,"7":0.0147058824,"8":0.0323809524,"9":0.2,"10":0.1276185226,"11":0.0703422053,"12":0.0542635659,"13":0.0555555556,"14":0.0810126582,"15":0.0,"16":0.0547445255,"17":0.1717171717,"18":0.0,"19":0.0762711864,"20":0.0588235294,"21":0.0806451613,"22":0.0540540541},"main_std":{"0":0.0781011945,"1":0.1646731723,"2":0.1565863477,"3":0.1634986855,"4":0.2366811226,"5":0.1275416077,"6":0.029682408,"7":0.1207220891,"8":0.0907259304,"9":0.1418810522,"10":0.1449497416,"11":0.1721638717,"12":0.1172454395,"13":0.0919247384,"14":0.1566359111,"15":0.050484317,"16":0.097096335,"17":0.2046297243,"18":0.2416477694,"19":0.16719089,"20":0.0622840791,"21":0.1623478393,"22":0.1685187344},"sentiment_std":{"0":0.3136356914,"1":0.4684691695,"2":0.4730970801,"3":0.3333333333,"4":0.377964473,"5":0.3690263556,"6":0.0,"7":0.2977768023,"8":0.3966691562,"9":0.4472135955,"10":0.4891749676,"11":0.3713484781,"12":0.3379644378,"13":0.2323106841,"14":0.4732424768,"15":0.0,"16":0.2434401801,"17":0.4526656657,"18":0.0,"19":0.2665634307,"20":0.2388325736,"21":0.4544276565,"22":0.2292434351},"sentiment_pv":{"0":0.5608558105,"1":0.0170310764,"2":0.6843190574,"3":0.1139706014,"4":0.704895466,"5":0.155948609,"6":2.253461337e-95,"7":0.0065491719,"8":0.0026576261,"9":0.5994667247,"10":0.0000051797,"11":0.3465407805,"12":0.2914344348,"13":0.4382090164,"14":0.6874755656,"15":2.253461337e-95,"16":0.0410023251,"17":0.0637678504,"18":2.253461337e-95,"19":0.6940692898,"20":0.5123869513,"21":0.925451317,"22":0.4036809457},"main_pv":{"0":0.0805153266,"1":0.0001089496,"2":0.716761061,"3":0.12761551,"4":0.338376617,"5":0.2011602749,"6":0.0954733569,"7":0.0264484263,"8":0.9188925212,"9":0.3533318775,"10":0.525747037,"11":0.0661722967,"12":0.042395907,"13":0.8604958244,"14":0.7171991552,"15":0.3933066777,"16":0.0102279141,"17":0.5964097268,"18":0.2896678574,"19":0.0445936945,"20":0.4720119449,"21":0.6320024215,"22":0.1192881278},"count":{"0":50,"1":2331,"2":1581,"3":9,"4":7,"5":875,"6":14,"7":136,"8":525,"9":5,"10":3628,"11":526,"12":129,"13":36,"14":1580,"15":9,"16":274,"17":99,"18":5,"19":118,"20":34,"21":62,"22":37},"nb_en":{"0":9,"1":947,"2":758,"3":3,"4":1,"5":205,"6":1,"7":35,"8":165,"9":0,"10":1527,"11":110,"12":18,"13":5,"14":758,"15":1,"16":30,"17":90,"18":1,"19":10,"20":5,"21":22,"22":5},"nb_de":{"0":11,"1":14,"2":416,"3":6,"4":6,"5":643,"6":13,"7":57,"8":350,"9":5,"10":2041,"11":11,"12":111,"13":30,"14":415,"15":8,"16":243,"17":2,"18":0,"19":108,"20":29,"21":30,"22":32}}