{"canton":{"0":"SG","1":"AR","2":"VS","3":"SZ","4":"AG","5":"TG","6":"ZH","7":"BE","8":"GE","9":"BS","10":"GL","11":"LU","12":"OW","13":"GR","14":"ZG","15":"VD","16":"SH","17":"BL","18":"TI","19":"SO","20":"NE","21":"FR"},"main_mean":{"0":0.0458994545,"1":0.0,"2":0.0610171598,"3":0.0,"4":0.0611101482,"5":0.1309493718,"6":0.0238313268,"7":0.017737871,"8":0.0202747766,"9":0.0286150919,"10":0.024514551,"11":0.0862548266,"12":0.0,"13":0.0,"14":0.024514551,"15":0.01042237,"16":0.0710779111,"17":-0.0333331111,"18":0.0266547407,"19":0.0045453678,"20":0.0106905868,"21":-0.0184165558},"sentiment_mean":{"0":0.125,"1":-1.0,"2":0.1818181818,"3":0.5,"4":0.25,"5":0.2857142857,"6":0.2165079365,"7":0.1629213483,"8":0.1961823966,"9":0.125,"10":0.232449298,"11":0.3,"12":0.0,"13":0.0,"14":0.232449298,"15":0.1578947368,"16":0.3333333333,"17":0.0,"18":0.1428571429,"19":0.0,"20":0.1764705882,"21":0.125},"main_std":{"0":0.1751671573,"1":null,"2":0.2665055458,"3":0.0,"4":0.1916579844,"5":0.1656678683,"6":0.1703086902,"7":0.1257684425,"8":0.1590656485,"9":0.2127344507,"10":0.1906770148,"11":0.2545659309,"12":null,"13":null,"14":0.1906770148,"15":0.159923123,"16":0.1125415868,"17":0.0471401378,"18":0.1406460041,"19":0.1349918213,"20":0.09490848,"21":0.091133024},"sentiment_std":{"0":0.8850612032,"1":null,"2":0.7950060579,"3":0.7071067812,"4":0.4522670169,"5":0.4879500365,"6":0.7053844436,"7":0.6734483354,"8":0.714355571,"9":0.7596682226,"10":0.6781927439,"11":0.5959634333,"12":null,"13":null,"14":0.6781927439,"15":0.7192754847,"16":0.5163977795,"17":1.4142135624,"18":0.470317081,"19":1.4142135624,"20":0.6359337738,"21":0.4484272031},"sentiment_pv":{"0":0.7123489214,"1":null,"2":0.8778755046,"3":0.6637115215,"4":0.7556906921,"5":0.6893929785,"6":0.688001634,"7":0.3804842553,"8":0.6366200463,"9":0.1638286954,"10":0.3997687322,"11":0.4078991562,"12":null,"13":null,"14":0.3997687322,"15":0.5010346224,"16":0.5790556613,"17":0.8693053445,"18":0.2811981471,"19":0.8693053445,"20":0.8397917261,"21":0.3754308029},"main_pv":{"0":0.6192408957,"1":null,"2":0.5182323586,"3":2.264157046e-19,"4":0.5126665837,"5":0.1375237987,"6":0.9700282925,"7":0.546791019,"8":0.5617413661,"9":0.7651437883,"10":0.9129243278,"11":0.1889734526,"12":null,"13":null,"14":0.9129243278,"15":0.4281237498,"16":0.349616593,"17":0.3355921933,"18":0.8669718951,"19":0.8743013632,"20":0.5836590749,"21":0.0347301716},"count":{"0":16,"1":1,"2":22,"3":2,"4":12,"5":7,"6":1575,"7":178,"8":943,"9":168,"10":641,"11":30,"12":1,"13":1,"14":641,"15":95,"16":6,"17":2,"18":63,"19":2,"20":17,"21":24},"nb_en":{"0":16,"1":1,"2":22,"3":2,"4":12,"5":7,"6":1575,"7":178,"8":943,"9":168,"10":641,"11":30,"12":1,"13":1,"14":641,"15":95,"16":6,"17":2,"18":63,"19":2,"20":17,"21":24},"nb_de":{"0":0,"1":0,"2":0,"3":0,"4":0,"5":0,"6":0,"7":0,"8":0,"9":0,"10":0,"11":0,"12":0,"13":0,"14":0,"15":0,"16":0,"17":0,"18":0,"19":0,"20":0,"21":0}}