{"canton":{"0":"NE","1":"GE","2":"GL","3":"BE","4":"SZ","5":"TG","6":"UR","7":"FR","8":"BS","9":"BL","10":"ZH","11":"OW","12":"VD","13":"SG","14":"GR","15":"ZG","16":"LU","17":"TI","18":"JU","19":"AG","20":"SH","21":"VS","22":"SO","23":"NW"},"main_mean":{"0":0.0167706242,"1":-0.0176936393,"2":0.0021234736,"3":-0.0089529357,"4":-0.0083147266,"5":0.0697599235,"6":0.0001822222,"7":-0.028350074,"8":0.0104212526,"9":0.0,"10":0.0016246232,"11":0.0005041625,"12":-0.0054169241,"13":0.0092684209,"14":0.0157526956,"15":0.0021234736,"16":-0.0110988729,"17":-0.0634468228,"18":-0.0170077394,"19":0.0021146236,"20":-0.0031089582,"21":0.0099049774,"22":0.0060144552,"23":0.0},"sentiment_mean":{"0":0.0793650794,"1":0.0668485675,"2":0.1074380165,"3":0.0894607843,"4":0.2,"5":0.0714285714,"6":0.0,"7":0.0153846154,"8":0.0877944325,"9":0.0,"10":0.1409064497,"11":0.0,"12":0.0695296524,"13":0.0601503759,"14":0.05,"15":0.1074380165,"16":0.0754716981,"17":0.0243902439,"18":-0.1111111111,"19":0.0240963855,"20":0.1481481481,"21":0.0909090909,"22":0.0606060606,"23":0.0},"main_std":{"0":0.0880814846,"1":0.1788758218,"2":0.1651546713,"3":0.1314209205,"4":0.0508606583,"5":0.2123510257,"6":0.0009165503,"7":0.1584603719,"8":0.1361673771,"9":null,"10":0.1489801942,"11":0.0007129934,"12":0.1657751037,"13":0.0576186509,"14":0.1802552003,"15":0.1651546713,"16":0.1256218522,"17":0.1628754956,"18":0.0903114804,"19":0.0665272037,"20":0.0458727308,"21":0.1303239002,"22":0.0585858835,"23":0.0},"sentiment_std":{"0":0.2724789013,"1":0.4610257092,"2":0.43096773,"3":0.37148246,"4":0.4216370214,"5":0.2672612419,"6":0.0,"7":0.3746793501,"8":0.3570276322,"9":null,"10":0.4829738028,"11":0.0,"12":0.3667423936,"13":0.2954041529,"14":0.2207214279,"15":0.43096773,"16":0.2647761536,"17":0.4437664205,"18":0.3333333333,"19":0.2694123512,"20":0.3620139929,"21":0.520204871,"22":0.2423058423,"23":0.0},"sentiment_pv":{"0":0.5052290945,"1":0.0008063729,"2":0.6620971264,"3":0.3377197322,"4":0.4835189219,"5":0.6708631992,"6":8.480175089e-137,"7":0.0662692474,"8":0.3868693494,"9":null,"10":0.0000295868,"11":8.480175089e-137,"12":0.0538035963,"13":0.104522579,"14":0.1427342978,"15":0.6620971264,"16":0.1478281031,"17":0.1158983663,"18":0.0908110654,"19":0.0101989248,"20":0.5190167292,"21":0.8830566442,"22":0.3297938933,"23":8.480175089e-137},"main_pv":{"0":0.0803577705,"1":0.0003633697,"2":0.2199475371,"3":0.2267683102,"4":0.7547304103,"5":0.221644061,"6":0.0298716656,"7":0.2049819683,"8":0.0368395936,"9":null,"10":0.1055948597,"11":0.021292205,"12":0.7632706218,"13":0.0185577859,"14":0.512379312,"15":0.2199475371,"16":0.362560704,"17":0.0012492695,"18":0.6570595618,"19":0.4843025797,"20":0.9994237602,"21":0.5121648137,"22":0.3818593029,"23":0.0327379238},"count":{"0":63,"1":2199,"2":1694,"3":816,"4":10,"5":14,"6":5,"7":65,"8":467,"9":1,"10":3442,"11":2,"12":489,"13":133,"14":40,"15":1694,"16":212,"17":82,"18":9,"19":83,"20":27,"21":44,"22":33,"23":2},"nb_en":{"0":13,"1":855,"2":669,"3":217,"4":5,"5":1,"6":0,"7":19,"8":110,"9":0,"10":1447,"11":0,"12":120,"13":17,"14":5,"15":669,"16":38,"17":66,"18":1,"19":14,"20":7,"21":18,"22":5,"23":0},"nb_de":{"0":16,"1":10,"2":447,"3":569,"4":5,"5":12,"6":5,"7":14,"8":346,"9":1,"10":1898,"11":2,"12":6,"13":116,"14":34,"15":447,"16":170,"17":4,"18":0,"19":68,"20":20,"21":16,"22":28,"23":2}}