{"canton":{"0":"NE","1":"GE","2":"GL","3":"BE","4":"SZ","5":"TG","6":"UR","7":"FR","8":"BS","9":"BL","10":"ZH","11":"OW","12":"VD","13":"SG","14":"GR","15":"ZG","16":"AR","17":"LU","18":"TI","19":"JU","20":"AG","21":"SH","22":"VS","23":"AI","24":"SO","25":"NW"},"main_mean":{"0":0.0296026812,"1":-0.0198179038,"2":0.0041447549,"3":-0.0017466379,"4":-0.0608552175,"5":0.0088419786,"6":-0.0787245627,"7":-0.0082351103,"8":0.0074243298,"9":0.0320544094,"10":0.0032236615,"11":0.0,"12":0.0127192968,"13":-0.0082078678,"14":-0.0158177902,"15":0.0045038984,"16":0.1607045638,"17":-0.015333119,"18":-0.0296803309,"19":0.0109457886,"20":0.0169668625,"21":0.0041396624,"22":0.0004081905,"23":0.2659144507,"24":0.0241917275,"25":0.0},"sentiment_mean":{"0":0.03125,"1":0.0432620587,"2":0.0809651475,"3":0.0836197022,"4":0.0,"5":0.0,"6":0.1428571429,"7":0.088,"8":0.0531914894,"9":0.0833333333,"10":0.1248534584,"11":0.0,"12":0.0657596372,"13":0.1327433628,"14":-0.0222222222,"15":0.0814576635,"16":0.5,"17":0.1,"18":0.1445783133,"19":0.0,"20":0.1047619048,"21":0.0,"22":0.0208333333,"23":1.0,"24":0.0606060606,"25":0.0},"main_std":{"0":0.0932890713,"1":0.1664918013,"2":0.1699834465,"3":0.1469325889,"4":0.1134539721,"5":0.0195994905,"6":0.1021445364,"7":0.1418399484,"8":0.1221908725,"9":0.1080317204,"10":0.1425819126,"11":null,"12":0.1500195717,"13":0.081951252,"14":0.1252353087,"15":0.1706445527,"16":0.2064926726,"17":0.1453153582,"18":0.1777584795,"19":0.0848072125,"20":0.1111932097,"21":0.0236082955,"22":0.0811790584,"23":null,"24":0.1564876443,"25":null},"sentiment_std":{"0":0.4003526671,"1":0.4512206777,"2":0.4250563348,"3":0.3814743275,"4":0.0,"5":0.0,"6":0.377964473,"7":0.3595696352,"8":0.330398427,"9":0.2886751346,"10":0.4679127812,"11":null,"12":0.2980732465,"13":0.3408085129,"14":0.3363499861,"15":0.4254746192,"16":0.7071067812,"17":0.3496029494,"18":0.4170900973,"19":0.0,"20":0.3375195015,"21":0.0,"22":0.3853477751,"23":null,"24":0.3481553119,"25":null},"sentiment_pv":{"0":0.4402633046,"1":0.0000617091,"2":0.5913991777,"3":0.8217986347,"4":1.131116891e-103,"5":1.131116891e-103,"6":0.7077356358,"7":0.9671455123,"8":0.0564085236,"9":0.9688792784,"10":0.0000197053,"11":null,"12":0.1567152531,"13":0.1564464389,"14":0.0357963624,"15":0.624058724,"16":0.5602215929,"17":0.6039632563,"18":0.2110768106,"19":1.131116891e-103,"20":0.5865168205,"21":1.131116891e-103,"22":0.2436616003,"23":null,"24":0.6707620845,"25":null},"main_pv":{"0":0.0753067701,"1":0.0000019902,"2":0.2337348156,"3":0.8619949934,"4":0.3678086196,"5":0.1389206006,"6":0.0902934227,"7":0.5638218746,"8":0.2013894058,"9":0.3144482235,"10":0.1508469445,"11":null,"12":0.0632701708,"13":0.3497844977,"14":0.4282085216,"15":0.2032369382,"16":0.4678515267,"17":0.174906696,"18":0.1443267067,"19":0.7474125198,"20":0.1065832295,"21":0.3119276241,"22":0.915793789,"23":null,"24":0.365520388,"25":null},"count":{"0":32,"1":2011,"2":1865,"3":873,"4":4,"5":11,"6":7,"7":125,"8":376,"9":12,"10":3412,"11":1,"12":441,"13":113,"14":45,"15":1866,"16":2,"17":190,"18":83,"19":6,"20":105,"21":26,"22":48,"23":1,"24":33,"25":1},"nb_en":{"0":11,"1":773,"2":696,"3":216,"4":1,"5":0,"6":3,"7":36,"8":87,"9":1,"10":1367,"11":1,"12":91,"13":26,"14":9,"15":696,"16":0,"17":42,"18":65,"19":1,"20":21,"21":2,"22":20,"23":0,"24":3,"25":1},"nb_de":{"0":2,"1":19,"2":556,"3":637,"4":3,"5":11,"6":4,"7":32,"8":277,"9":11,"10":1984,"11":0,"12":17,"13":87,"14":35,"15":557,"16":2,"17":147,"18":11,"19":0,"20":83,"21":24,"22":26,"23":1,"24":29,"25":0}}