{"canton":{"0":"NE","1":"GE","2":"GL","3":"BE","4":"SZ","5":"TG","6":"UR","7":"FR","8":"BS","9":"ZH","10":"OW","11":"VD","12":"SG","13":"GR","14":"ZG","15":"AR","16":"LU","17":"TI","18":"JU","19":"AG","20":"SH","21":"VS","22":"SO","23":"NW"},"main_mean":{"0":0.0068311088,"1":-0.0196777582,"2":0.0100815092,"3":-0.0215699504,"4":0.0405495494,"5":0.0104379401,"6":-0.0038585215,"7":0.0160362231,"8":-0.0021159465,"9":-0.0070811884,"10":-0.0166357075,"11":0.0064556046,"12":0.041962263,"13":0.0127627378,"14":0.010447798,"15":-0.0018138596,"16":0.010773209,"17":-0.0853682889,"18":-0.0252873322,"19":0.0194948092,"20":0.0315955938,"21":-0.001888168,"22":0.0465766097,"23":-0.0249535612},"sentiment_mean":{"0":0.0,"1":0.0435274166,"2":0.1049543677,"3":0.0830945559,"4":0.0,"5":0.0,"6":0.1666666667,"7":0.2136752137,"8":0.031884058,"9":0.1500535906,"10":0.1666666667,"11":0.0652173913,"12":0.1559633028,"13":0.1081081081,"14":0.1055374593,"15":-0.3333333333,"16":0.1222222222,"17":0.038961039,"18":0.0,"19":-0.0227272727,"20":0.0344827586,"21":0.0322580645,"22":0.1666666667,"23":0.0},"main_std":{"0":0.1054628415,"1":0.187962655,"2":0.1922624816,"3":0.1619443448,"4":0.0573457228,"5":0.0179081396,"6":0.0181437863,"7":0.1558818239,"8":0.1505050907,"9":0.1509441627,"10":0.0353976683,"11":0.1771879666,"12":0.149182144,"13":0.0925676924,"14":0.1928194865,"15":0.0385525495,"16":0.0969215446,"17":0.1842129048,"18":0.0662512316,"19":0.1214638223,"20":0.0980167312,"21":0.0751213765,"22":0.097234074,"23":0.0425626375},"sentiment_std":{"0":0.3086066999,"1":0.3697011672,"2":0.4926745483,"3":0.4503838015,"4":0.0,"5":0.0,"6":0.3806934938,"7":0.5386614929,"8":0.3437535427,"9":0.5009294282,"10":0.4082482905,"11":0.4123461706,"12":0.3890708763,"13":0.3148000939,"14":0.4930434788,"15":0.5773502692,"16":0.3293772734,"17":0.4984596917,"18":0.4714045208,"19":0.3023765152,"20":0.3254402096,"21":0.3145230217,"22":0.3834824944,"23":0.0},"sentiment_pv":{"0":0.1613052726,"1":0.0000002333,"2":0.4961090749,"3":0.6071430045,"4":2.790735958e-82,"5":2.790735958e-82,"6":0.3718386254,"7":0.0200997438,"8":0.0009337877,"9":0.0000170111,"10":0.6882914375,"11":0.1244824677,"12":0.1120619171,"13":0.813531692,"14":0.4693698105,"15":0.3268551374,"16":0.4523515452,"17":0.3223136294,"18":0.5368415732,"19":0.0004620253,"20":0.3207626759,"21":0.2715430812,"22":0.4441414574,"23":2.790735958e-82},"main_pv":{"0":0.6984291599,"1":0.0002853926,"2":0.0215072902,"3":0.0282869775,"4":0.4841971314,"5":0.1195294579,"6":0.663202856,"7":0.2163324477,"8":0.9918257156,"9":0.2043548644,"10":0.3608610316,"11":0.3172899363,"12":0.0028411602,"13":0.3409903788,"14":0.0181222246,"15":0.9931278069,"16":0.220947077,"17":0.000169287,"18":0.297151078,"19":0.1034707708,"20":0.0765469202,"21":0.9917250713,"22":0.0494199111,"23":0.3608353553},"count":{"0":22,"1":1769,"2":1534,"3":349,"4":2,"5":7,"6":24,"7":117,"8":345,"9":1866,"10":6,"11":460,"12":109,"13":37,"14":1535,"15":3,"16":90,"17":77,"18":10,"19":88,"20":29,"21":31,"22":18,"23":4},"nb_en":{"0":6,"1":462,"2":772,"3":130,"4":0,"5":1,"6":0,"7":70,"8":90,"9":813,"10":1,"11":183,"12":17,"13":7,"14":773,"15":1,"16":23,"17":64,"18":3,"19":10,"20":1,"21":4,"22":5,"23":0},"nb_de":{"0":2,"1":4,"2":208,"3":217,"4":2,"5":6,"6":24,"7":5,"8":246,"9":1005,"10":5,"11":5,"12":92,"13":28,"14":208,"15":2,"16":67,"17":3,"18":0,"19":78,"20":28,"21":18,"22":13,"23":4}}