{"canton":{"0":"NE","1":"GE","2":"GL","3":"BE","4":"SZ","5":"SO","6":"UR","7":"FR","8":"BS","9":"TG","10":"ZH","11":"OW","12":"VD","13":"SG","14":"GR","15":"ZG","16":"AR","17":"LU","18":"TI","19":"JU","20":"AG","21":"SH","22":"VS","23":"AI","24":"BL"},"main_mean":{"0":0.0080853495,"1":-0.0130476555,"2":0.0081144087,"3":-0.0057318311,"4":0.0284012152,"5":0.0053803427,"6":0.0325056953,"7":-0.0315299723,"8":-0.0012811965,"9":0.0076602297,"10":-0.0032110448,"11":0.0,"12":0.0129127454,"13":0.0142884204,"14":-0.0264810177,"15":0.0081332432,"16":0.0,"17":0.0071035625,"18":-0.0543780274,"19":0.0581570445,"20":0.0103502458,"21":0.0111137471,"22":0.0128668625,"23":0.0094249215,"24":0.0555987633},"sentiment_mean":{"0":0.0694444444,"1":0.0578009561,"2":0.0942622951,"3":0.0613496933,"4":0.25,"5":-0.0444444444,"6":0.3333333333,"7":0.0845070423,"8":0.0425531915,"9":0.0,"10":0.1154887218,"11":0.0,"12":0.0949913644,"13":0.0862068966,"14":0.0,"15":0.0944835681,"16":1.0,"17":0.1010638298,"18":-0.0217391304,"19":0.1428571429,"20":0.0068027211,"21":0.0277777778,"22":0.0689655172,"23":0.0,"24":0.1111111111},"main_std":{"0":0.1195211585,"1":0.188742223,"2":0.1928238077,"3":0.1279321667,"4":0.0390352158,"5":0.1061343534,"6":0.1895303641,"7":0.1212281473,"8":0.0914899734,"9":0.0426002119,"10":0.1448939174,"11":0.0,"12":0.1656962074,"13":0.0764120378,"14":0.136485386,"15":0.1930497341,"16":null,"17":0.1030756045,"18":0.2156053029,"19":0.2140342979,"20":0.1396667741,"21":0.0643760014,"22":0.1476073673,"23":null,"24":0.2694896045},"sentiment_std":{"0":0.3061063467,"1":0.4320388835,"2":0.4899839019,"3":0.3521302587,"4":0.5,"5":0.4240259188,"6":0.5163977795,"7":0.4374808242,"8":0.3977240214,"9":0.0,"10":0.4874021642,"11":0.0,"12":0.366823725,"13":0.386038194,"14":0.3849001795,"15":0.4905376785,"16":null,"17":0.3194228354,"18":0.5130872057,"19":0.3631365196,"20":0.3606804574,"21":0.1666666667,"22":0.4906876294,"23":null,"24":0.3333333333},"sentiment_pv":{"0":0.647926034,"1":0.004406953,"2":0.5161156624,"3":0.0577090842,"4":0.5588931802,"5":0.0452216087,"6":0.2937694279,"7":0.965732559,"8":0.0381384003,"9":1.646003746e-92,"10":0.0018405629,"11":1.646003746e-92,"12":0.5738749216,"13":0.9975798742,"14":0.2475658535,"15":0.5056824535,"16":null,"17":0.5278938606,"18":0.0473822293,"19":0.5689859721,"20":0.0091684794,"21":0.0449648107,"22":0.7917000846,"23":null,"24":0.8276302657},"main_pv":{"0":0.5201038104,"1":0.0046207319,"2":0.0616176055,"3":0.3256718881,"4":0.228192246,"5":0.6867094188,"6":0.6824435779,"7":0.0035833667,"8":0.9665132549,"9":0.4443069837,"10":0.4680219591,"11":0.4856471768,"12":0.0478966051,"13":0.0363127195,"14":0.3341164904,"15":0.0616352082,"16":null,"17":0.2878965077,"18":0.0200900515,"19":0.3194873918,"20":0.3272298726,"21":0.2682303805,"22":0.4762926261,"23":null,"24":0.5457661147},"count":{"0":72,"1":2301,"2":1708,"3":815,"4":4,"5":45,"6":6,"7":142,"8":376,"9":15,"10":3325,"11":7,"12":579,"13":116,"14":28,"15":1704,"16":1,"17":188,"18":92,"19":14,"20":147,"21":36,"22":58,"23":1,"24":9},"nb_en":{"0":28,"1":738,"2":876,"3":186,"4":1,"5":12,"6":3,"7":62,"8":92,"9":0,"10":1391,"11":0,"12":129,"13":18,"14":6,"15":876,"16":1,"17":30,"18":83,"19":0,"20":32,"21":3,"22":21,"23":0,"24":1},"nb_de":{"0":14,"1":12,"2":281,"3":609,"4":3,"5":33,"6":3,"7":58,"8":277,"9":15,"10":1878,"11":7,"12":10,"13":98,"14":22,"15":277,"16":0,"17":157,"18":2,"19":0,"20":114,"21":33,"22":27,"23":1,"24":8}}