{"canton":{"0":"SG","1":"GL","2":"SH","3":"VS","4":"SO","5":"AG","6":"VD","7":"ZH","8":"TG","9":"BE","10":"BL","11":"GE","12":"BS","13":"TI","14":"SZ","15":"LU","16":"GR","17":"NE","18":"ZG","19":"FR"},"main_mean":{"0":0.0421116414,"1":-0.0122459774,"2":0.1152759526,"3":0.0214943367,"4":-0.1499970001,"5":0.0154874141,"6":-0.0014403526,"7":-0.0182547499,"8":0.0,"9":-0.0902478541,"10":-0.249996875,"11":-0.015419413,"12":0.0063636526,"13":-0.0301696613,"14":-0.1538449704,"15":0.0218402109,"16":-0.1229154549,"17":0.0168348451,"18":-0.0122459774,"19":-0.0540890088},"sentiment_mean":{"0":0.2,"1":0.2320441989,"2":0.1666666667,"3":0.5,"4":0.0,"5":0.1785714286,"6":0.1666666667,"7":0.2324402607,"8":0.0,"9":0.2065217391,"10":0.0,"11":0.1661971831,"12":0.1354166667,"13":0.1111111111,"14":1.0,"15":0.3333333333,"16":-0.375,"17":0.3333333333,"18":0.2320441989,"19":0.3103448276},"main_std":{"0":0.3534658752,"1":0.2224287197,"2":0.1572668134,"3":0.1156608126,"4":0.2999940001,"5":0.104788271,"6":0.2406634597,"7":0.1976166041,"8":0.0,"9":0.193273094,"10":0.2165036447,"11":0.1929516871,"12":0.1431245092,"13":0.1853626401,"14":null,"15":0.1449565198,"16":0.2056593774,"17":0.0581599465,"18":0.2224287197,"19":0.1518956277},"sentiment_std":{"0":0.9189365835,"1":0.6430999597,"2":0.7527726527,"3":0.5222329679,"4":0.8164965809,"5":0.722832465,"6":0.6903879446,"7":0.6959440863,"8":0.0,"9":0.610259167,"10":0.0,"11":0.6969495618,"12":0.690076909,"13":0.5986843401,"14":null,"15":0.7019641182,"16":0.5175491695,"17":0.6513389473,"18":0.6430999597,"19":0.6602731186},"sentiment_pv":{"0":0.9626705489,"1":0.4891305479,"2":0.8836904825,"3":0.084750029,"4":0.6364840965,"5":0.7979297357,"6":0.4830706888,"7":0.3898577636,"8":1.12263213e-88,"9":0.8716810383,"10":1.12263213e-88,"11":0.0900930157,"12":0.2724647153,"13":0.1814085596,"14":null,"15":0.4146110327,"16":0.014653079,"17":0.5391325395,"18":0.4891305479,"19":0.4401014376},"main_pv":{"0":0.6051703349,"1":0.5321962973,"2":0.0929748872,"3":0.2658826933,"4":0.4430248187,"5":0.1081808042,"6":0.4859327982,"7":0.9395268717,"8":0.0000000278,"9":0.0000014756,"10":0.2042513011,"11":0.765188952,"12":0.1093512078,"13":0.6010709305,"14":null,"15":0.1958053982,"16":0.1916735927,"17":0.0660082671,"18":0.5321962973,"19":0.2111541496},"count":{"0":10,"1":724,"2":6,"3":12,"4":4,"5":28,"6":108,"7":1381,"8":4,"9":184,"10":3,"11":710,"12":96,"13":63,"14":1,"15":24,"16":8,"17":12,"18":724,"19":29},"nb_en":{"0":10,"1":724,"2":6,"3":12,"4":4,"5":28,"6":108,"7":1381,"8":4,"9":184,"10":3,"11":710,"12":96,"13":63,"14":1,"15":24,"16":8,"17":12,"18":724,"19":29},"nb_de":{"0":0,"1":0,"2":0,"3":0,"4":0,"5":0,"6":0,"7":0,"8":0,"9":0,"10":0,"11":0,"12":0,"13":0,"14":0,"15":0,"16":0,"17":0,"18":0,"19":0}}