{"canton":{"0":"UR","1":"NW","2":"BE","3":"ZG","4":"BL","5":"TI","6":"TG","7":"VD","8":"GR","9":"SG","10":"JU","11":"SH","12":"OW","13":"AG","14":"GE","15":"BS","16":"FR","17":"AR","18":"GL","19":"ZH","20":"SO","21":"NE","22":"LU","23":"VS","24":"SZ"},"main_mean":{"0":-0.0220420592,"1":0.0,"2":-0.013120949,"3":0.0040840278,"4":-0.0147262417,"5":-0.0560178618,"6":-0.0554232689,"7":-0.0033715085,"8":0.0488049071,"9":0.0388625141,"10":-0.0047307636,"11":-0.0514321462,"12":0.0,"13":0.0274153182,"14":-0.015341924,"15":0.0023357229,"16":-0.0071368909,"17":0.0322400921,"18":0.0037534364,"19":0.0003194541,"20":0.0009185701,"21":0.0023005316,"22":0.0045748042,"23":0.0003307765,"24":0.0},"sentiment_mean":{"0":0.0,"1":0.0,"2":0.0489596083,"3":0.111404087,"4":0.0,"5":0.0752688172,"6":0.0588235294,"7":0.0547169811,"8":0.1428571429,"9":0.0952380952,"10":-0.125,"11":0.0833333333,"12":0.0,"13":0.067961165,"14":0.0306965762,"15":0.0459459459,"16":0.1063829787,"17":0.0,"18":0.1107448912,"19":0.1341216216,"20":0.0188679245,"21":0.1136363636,"22":0.0793650794,"23":0.0769230769,"24":0.0},"main_std":{"0":0.0440841183,"1":null,"2":0.1363887181,"3":0.192833842,"4":0.0297495143,"5":0.1517437655,"6":0.1741169748,"7":0.1597267958,"8":0.1534914944,"9":0.2025933518,"10":0.1146234918,"11":0.1924026742,"12":0.0,"13":0.1889090406,"14":0.1865664574,"15":0.1086722415,"16":0.1612019391,"17":0.0274126754,"18":0.1924099271,"19":0.1444462576,"20":0.0381398719,"21":0.0896314825,"22":0.1060196551,"23":0.1042581009,"24":null},"sentiment_std":{"0":0.0,"1":null,"2":0.3604898894,"3":0.5124908837,"4":0.0,"5":0.4481012876,"6":0.242535625,"7":0.3294413199,"8":0.3563483225,"9":0.380379606,"10":0.6408699445,"11":0.2803059553,"12":0.0,"13":0.35040973,"14":0.3896322045,"15":0.3382519984,"16":0.3722926587,"17":0.0,"18":0.5119900502,"19":0.4931959202,"20":0.1373605639,"21":0.3867520744,"22":0.3246071587,"23":0.407265742,"24":null},"sentiment_pv":{"0":1.135481918e-91,"1":null,"2":0.004369184,"3":0.0773639054,"4":1.135481918e-91,"5":0.8024998888,"6":0.6395470537,"7":0.0310728558,"8":0.4147572092,"9":0.8253326235,"10":0.380719447,"11":0.938605126,"12":1.135481918e-91,"13":0.5858800237,"14":0.0000000002,"15":0.023848509,"16":0.5404931445,"17":1.135481918e-91,"18":0.0854147378,"19":0.0000025465,"20":0.0008484828,"21":0.6505774964,"22":0.751503786,"23":0.8434822016,"24":null},"main_pv":{"0":0.4593746253,"1":null,"2":0.0526052486,"3":0.1526751354,"4":0.501431284,"5":0.0012439812,"6":0.2356884647,"7":0.99850237,"8":0.0836969462,"9":0.0356218927,"10":0.9739432419,"11":0.1432317668,"12":0.0353079283,"13":0.1025445243,"14":0.0029645922,"15":0.3326365815,"16":0.7826025646,"17":0.0135571499,"18":0.17088184,"19":0.2351530959,"20":0.4378095417,"21":0.6795052851,"22":0.3149576423,"23":0.7779737222,"24":null},"count":{"0":4,"1":1,"2":817,"3":1517,"4":4,"5":93,"6":17,"7":530,"8":28,"9":105,"10":8,"11":36,"12":2,"13":103,"14":2541,"15":370,"16":141,"17":7,"18":1517,"19":2960,"20":53,"21":44,"22":189,"23":65,"24":1},"nb_en":{"0":1,"1":0,"2":221,"3":735,"4":0,"5":83,"6":3,"7":114,"8":3,"9":13,"10":4,"11":8,"12":2,"13":17,"14":775,"15":71,"16":62,"17":0,"18":735,"19":1290,"20":5,"21":12,"22":28,"23":23,"24":0},"nb_de":{"0":3,"1":1,"2":576,"3":235,"4":4,"5":4,"6":14,"7":20,"8":25,"9":91,"10":0,"11":27,"12":0,"13":86,"14":16,"15":295,"16":40,"17":7,"18":235,"19":1609,"20":48,"21":19,"22":161,"23":33,"24":1},"nb_fr":{"0":0,"1":0,"2":20,"3":547,"4":0,"5":6,"6":0,"7":396,"8":0,"9":1,"10":4,"11":1,"12":0,"13":0,"14":1750,"15":4,"16":39,"17":0,"18":547,"19":61,"20":0,"21":13,"22":0,"23":9,"24":0}}