{"canton":{"0":"NE","1":"GE","2":"GL","3":"BE","4":"SZ","5":"TG","6":"UR","7":"FR","8":"BS","9":"BL","10":"ZH","11":"OW","12":"VD","13":"SG","14":"GR","15":"ZG","16":"AR","17":"LU","18":"TI","19":"JU","20":"AG","21":"SH","22":"VS","23":"SO","24":"NW"},"main_mean":{"0":0.0302469888,"1":-0.0124429089,"2":0.0023805279,"3":0.0067625889,"4":0.040061138,"5":0.0429012346,"6":-0.2994940126,"7":0.0094245334,"8":0.0104275927,"9":0.0422244678,"10":-0.0047699319,"11":0.0,"12":0.0138110702,"13":0.0214123784,"14":-0.0084792474,"15":0.002402812,"16":0.0,"17":0.0015527226,"18":-0.0103086684,"19":0.1465265291,"20":0.0102282359,"21":0.011380174,"22":0.0237746246,"23":0.0095479162,"24":0.0225282688},"sentiment_mean":{"0":0.1914893617,"1":0.0482256597,"2":0.1015058561,"3":0.0823680824,"4":0.2,"5":0.1875,"6":0.0,"7":0.1474358974,"8":0.0426065163,"9":0.0,"10":0.1196784757,"11":0.0,"12":0.0687361419,"13":0.0508474576,"14":0.0256410256,"15":0.1017328116,"16":0.0,"17":0.0655737705,"18":0.0707070707,"19":0.25,"20":0.0,"21":0.0967741935,"22":0.0574712644,"23":0.0697674419,"24":0.0},"main_std":{"0":0.1834125148,"1":0.2035814727,"2":0.1801000767,"3":0.1439197307,"4":0.0894075232,"5":0.0775758652,"6":0.4249626727,"7":0.1398040768,"8":0.0974492661,"9":0.0809679403,"10":0.1486333204,"11":null,"12":0.1551340892,"13":0.1207312514,"14":0.1307654042,"15":0.1802996514,"16":0.0,"17":0.1116292236,"18":0.2102540555,"19":0.2659532111,"20":0.0950872546,"21":0.0743625681,"22":0.1399119168,"23":0.0990746244,"24":0.0191437943},"sentiment_std":{"0":0.4490714029,"1":0.4397666034,"2":0.4479155182,"3":0.3878443643,"4":0.4472135955,"5":0.4031128874,"6":0.0,"7":0.3902767782,"8":0.3760268662,"9":0.0,"10":0.4862276091,"11":null,"12":0.3362181157,"13":0.3161590433,"14":0.2797724157,"15":0.4483905024,"16":0.0,"17":0.3722010177,"18":0.4574223532,"19":0.5,"20":0.3320184038,"21":0.3962186862,"22":0.3182920203,"23":0.4020985923,"24":0.0},"sentiment_pv":{"0":0.1293996204,"1":0.0000428283,"2":0.3171313783,"3":0.5913240508,"4":0.6121281214,"5":0.3497424177,"6":1.698494337e-105,"7":0.0709980994,"8":0.0139558191,"9":1.698494337e-105,"10":0.0015719089,"11":null,"12":0.1907732711,"13":0.1835561728,"14":0.1595729913,"15":0.3084681774,"16":1.698494337e-105,"17":0.3779249272,"18":0.6743535318,"19":0.568083001,"20":0.0028293451,"21":0.9266563969,"22":0.3441709401,"23":0.7416858763,"24":1.698494337e-105},"main_pv":{"0":0.2524182559,"1":0.0116957607,"2":0.4808820023,"3":0.1603819505,"4":0.364635271,"5":0.0399321863,"6":0.5019212608,"7":0.3664031825,"8":0.0286020741,"9":0.3005377441,"10":0.1864781296,"11":null,"12":0.05078837,"13":0.0499192934,"14":0.7169502771,"15":0.4786887729,"16":0.6008361892,"17":0.7786153218,"18":0.6549447913,"19":0.348719318,"20":0.1986607031,"21":0.3716012729,"22":0.106609898,"23":0.4988814564,"24":0.1667538397},"count":{"0":47,"1":2198,"2":1793,"3":777,"4":5,"5":16,"6":2,"7":156,"8":399,"9":5,"10":3359,"11":1,"12":451,"13":118,"14":39,"15":1789,"16":2,"17":183,"18":99,"19":4,"20":128,"21":31,"22":87,"23":43,"24":3},"nb_en":{"0":19,"1":797,"2":784,"3":191,"4":1,"5":2,"6":1,"7":58,"8":100,"9":0,"10":1384,"11":1,"12":95,"13":15,"14":6,"15":784,"16":0,"17":38,"18":78,"19":0,"20":19,"21":7,"22":39,"23":8,"24":0},"nb_de":{"0":9,"1":12,"2":234,"3":558,"4":4,"5":14,"6":1,"7":26,"8":290,"9":5,"10":1866,"11":0,"12":18,"13":103,"14":33,"15":230,"16":2,"17":145,"18":9,"19":0,"20":109,"21":24,"22":44,"23":35,"24":3}}