{"canton":{"0":"VD","1":"SG","2":"TI","3":"JU","4":"VS","5":"GL","6":"AG","7":"TG","8":"ZH","9":"SH","10":"BE","11":"BL","12":"GE","13":"BS","14":"AR","15":"SO","16":"LU","17":"GR","18":"NE","19":"ZG","20":"FR"},"main_mean":{"0":0.0189626066,"1":-0.0628781514,"2":-0.0978700864,"3":0.0666661111,"4":0.0553047662,"5":-0.0158663248,"6":0.0106585215,"7":0.099998,"8":-0.0167054299,"9":-0.2727247934,"10":-0.0528319966,"11":-0.4285653062,"12":0.0042340722,"13":-0.0182309338,"14":0.99990001,"15":0.0,"16":0.0328005013,"17":0.0416642362,"18":0.0136300434,"19":-0.0158663248,"20":-0.1203065718},"sentiment_mean":{"0":0.3302752294,"1":0.3125,"2":0.0566037736,"3":0.4,"4":0.1111111111,"5":0.1620185923,"6":0.125,"7":0.5,"8":0.2060338484,"9":0.0,"10":0.15,"11":0.0,"12":0.1755319149,"13":0.0804597701,"14":1.0,"15":0.0,"16":0.3636363636,"17":0.5,"18":0.2142857143,"19":0.1620185923,"20":0.0588235294},"main_std":{"0":0.1972449617,"1":0.1386461598,"2":0.2684289101,"3":0.1490699563,"4":0.1085997351,"5":0.2383587417,"6":0.187732117,"7":0.1414185279,"8":0.1822195503,"9":null,"10":0.2158584512,"11":null,"12":0.2134928525,"13":0.1713453476,"14":null,"15":0.0,"16":0.1198217426,"17":0.2097120125,"18":0.1371475625,"19":0.2383587417,"20":0.1850609731},"sentiment_std":{"0":0.6946228109,"1":0.6020797289,"2":0.6329143319,"3":0.5477225575,"4":0.78173596,"5":0.6505252908,"6":0.8062257748,"7":0.7071067812,"8":0.7160635943,"9":null,"10":0.7198881814,"11":null,"12":0.6912327004,"13":0.755991724,"14":null,"15":0.0,"16":0.4923659639,"17":0.5773502692,"18":0.5789342235,"19":0.6505252908,"20":0.5557189302},"sentiment_pv":{"0":0.0273520541,"1":0.3925061297,"2":0.1656703687,"3":0.4194987267,"4":0.7992104574,"5":0.4961885801,"6":0.7900996784,"7":0.6372690831,"8":0.2336168655,"9":null,"10":0.6087086705,"11":null,"12":0.8791878344,"13":0.0903112169,"14":null,"15":9.438857776e-63,"16":0.0955726545,"17":0.3481989948,"18":0.8269018266,"19":0.4961885801,"20":0.3844163322},"main_pv":{"0":0.0894157362,"1":0.1793485022,"2":0.0273779597,"3":0.2937147052,"4":0.0928773834,"5":0.8305832173,"6":0.6094999279,"7":0.4585977194,"8":0.633477001,"9":null,"10":0.0262567878,"11":null,"12":0.0321277797,"13":0.7456641032,"14":null,"15":0.0000216915,"16":0.0837619998,"17":0.6330947862,"18":0.4678164326,"19":0.8305832173,"20":0.0308613932},"count":{"0":109,"1":16,"2":53,"3":5,"4":9,"5":753,"6":16,"7":2,"8":1359,"9":1,"10":160,"11":1,"12":752,"13":174,"14":1,"15":3,"16":22,"17":4,"18":14,"19":753,"20":17},"nb_en":{"0":109,"1":16,"2":53,"3":5,"4":9,"5":753,"6":16,"7":2,"8":1359,"9":1,"10":160,"11":1,"12":752,"13":174,"14":1,"15":3,"16":22,"17":4,"18":14,"19":753,"20":17},"nb_de":{"0":0,"1":0,"2":0,"3":0,"4":0,"5":0,"6":0,"7":0,"8":0,"9":0,"10":0,"11":0,"12":0,"13":0,"14":0,"15":0,"16":0,"17":0,"18":0,"19":0,"20":0}}