{"canton":{"0":"NE","1":"GE","2":"GL","3":"BE","4":"SZ","5":"TG","6":"UR","7":"FR","8":"BS","9":"BL","10":"ZH","11":"OW","12":"VD","13":"SG","14":"GR","15":"ZG","16":"AR","17":"LU","18":"TI","19":"JU","20":"AG","21":"SH","22":"VS","23":"SO"},"main_mean":{"0":-0.0032877779,"1":0.0007424489,"2":-0.0013455709,"3":-0.0090907085,"4":0.0248372105,"5":0.0238497907,"6":-0.002743036,"7":-0.0433527669,"8":0.0045311003,"9":-0.043261511,"10":0.000246954,"11":-0.0167331939,"12":0.0136147405,"13":0.0092843062,"14":0.0150450587,"15":-0.001346977,"16":0.2776392498,"17":0.0095777081,"18":-0.0686481692,"19":0.0161931035,"20":0.0132739761,"21":-0.005339507,"22":0.0038833061,"23":0.0200224878},"sentiment_mean":{"0":0.0555555556,"1":0.0719459198,"2":0.0857321652,"3":0.0563380282,"4":0.0,"5":0.0526315789,"6":0.0,"7":0.0101010101,"8":0.0574257426,"9":0.0,"10":0.1142674753,"11":0.0,"12":0.0887290168,"13":0.1048951049,"14":0.0641025641,"15":0.0857858485,"16":0.5,"17":0.1075268817,"18":0.0428571429,"19":0.0833333333,"20":0.0762711864,"21":0.0,"22":0.0277777778,"23":0.0454545455},"main_std":{"0":0.1186421956,"1":0.1931210785,"2":0.190528333,"3":0.1122716868,"4":0.0376842562,"5":0.0669877774,"6":0.0161568813,"7":0.1455831666,"8":0.1241248708,"9":0.1606548386,"10":0.1399601747,"11":null,"12":0.144278402,"13":0.1058168813,"14":0.0996715763,"15":0.1905880053,"16":0.3902864305,"17":0.06318744,"18":0.2409226409,"19":0.1360364032,"20":0.0985738276,"21":0.0566198825,"22":0.0671167695,"23":0.0640787304},"sentiment_std":{"0":0.3019850469,"1":0.43643265,"2":0.4636131907,"3":0.3750815217,"4":0.0,"5":0.2294157339,"6":0.0,"7":0.2256487018,"8":0.4742049601,"9":0.0,"10":0.5051118776,"11":null,"12":0.3974589552,"13":0.3296025501,"14":0.2465209135,"15":0.4637534419,"16":0.5345224838,"17":0.311460989,"18":0.5499858835,"19":0.5149286505,"20":0.3734061207,"21":0.0,"22":0.3769131094,"23":0.2107070549},"sentiment_pv":{"0":0.4552514281,"1":0.163387126,"2":0.9418257876,"3":0.0401101417,"4":4.537563697e-86,"5":0.5276614996,"6":4.537563697e-86,"7":0.0012616622,"8":0.1757984195,"9":4.537563697e-86,"10":0.0058718387,"11":null,"12":0.9165050994,"13":0.5139436671,"14":0.4274434759,"15":0.9453025238,"16":0.0649509621,"17":0.5230697989,"18":0.5085492782,"19":0.9826753665,"20":0.7653493216,"21":4.537563697e-86,"22":0.3562834174,"23":0.205638536},"main_pv":{"0":0.8460326952,"1":0.8484798699,"2":0.8075568356,"3":0.0465098263,"4":0.1662539426,"5":0.13777279,"6":0.4565554875,"7":0.00410422,"8":0.4181745596,"9":0.472484907,"10":0.9005231262,"11":null,"12":0.0583713318,"13":0.2969653227,"14":0.1869503906,"15":0.8074465207,"16":0.0840044546,"17":0.1530809021,"18":0.0202582132,"19":0.6859985812,"20":0.148331372,"21":0.6456904555,"22":0.7249305579,"23":0.0453557239},"count":{"0":54,"1":2071,"2":1598,"3":710,"4":6,"5":19,"6":27,"7":99,"8":505,"9":8,"10":3133,"11":1,"12":417,"13":143,"14":78,"15":1597,"16":8,"17":93,"18":70,"19":12,"20":118,"21":26,"22":36,"23":44},"nb_en":{"0":14,"1":753,"2":753,"3":162,"4":0,"5":2,"6":0,"7":17,"8":174,"9":1,"10":1359,"11":0,"12":111,"13":16,"14":4,"15":754,"16":1,"17":22,"18":54,"19":6,"20":16,"21":1,"22":9,"23":3},"nb_de":{"0":20,"1":10,"2":202,"3":538,"4":6,"5":17,"6":27,"7":21,"8":313,"9":7,"10":1682,"11":1,"12":11,"13":126,"14":74,"15":200,"16":7,"17":71,"18":13,"19":0,"20":101,"21":25,"22":23,"23":41}}