{"canton":{"0":"SG","1":"AI","2":"TI","3":"VS","4":"UR","5":"AG","6":"VD","7":"ZH","8":"SH","9":"BE","10":"TG","11":"GE","12":"BS","13":"GL","14":"SO","15":"LU","16":"GR","17":"NE","18":"ZG","19":"FR","20":"BL"},"main_mean":{"0":-0.0015624648,"1":-0.3749953126,"2":-0.0760636831,"3":-0.0086131707,"4":-0.0416663194,"5":-0.0784976763,"6":0.0139750264,"7":-0.0278052925,"8":0.0915149574,"9":-0.0545822416,"10":0.1999960001,"11":-0.0435947831,"12":0.0006770224,"13":-0.020618499,"14":0.0479047571,"15":-0.0309199873,"16":0.02196796,"17":-0.016870232,"18":-0.020618499,"19":0.0238478995,"20":-0.299997},"sentiment_mean":{"0":0.125,"1":1.0,"2":0.1298701299,"3":0.1764705882,"4":-0.5,"5":-0.2941176471,"6":0.11,"7":0.1851078636,"8":0.5,"9":0.2150537634,"10":1.0,"11":0.1419753086,"12":0.0,"13":0.1504660453,"14":0.4117647059,"15":0.0263157895,"16":0.125,"17":0.2941176471,"18":0.1504660453,"19":0.0483870968,"20":0.0},"main_std":{"0":0.0643498634,"1":null,"2":0.2559858187,"3":0.1763722997,"4":0.0589250741,"5":0.2269649755,"6":0.2988407118,"7":0.1956583933,"8":0.2741627983,"9":0.2288231357,"10":null,"11":0.1998715473,"12":0.2455248675,"13":0.2289346458,"14":0.0939629021,"15":0.1337200407,"16":0.2965256294,"17":0.1118853503,"18":0.2289346458,"19":0.1912936253,"20":null},"sentiment_std":{"0":0.7187952884,"1":null,"2":0.546535725,"3":0.8828430012,"4":0.7071067812,"5":0.6859943406,"6":0.6650738548,"7":0.6935643818,"8":1.0,"9":0.6298770771,"10":null,"11":0.7019950728,"12":0.7963330594,"13":0.6732976923,"14":0.5072996562,"15":0.5921487261,"16":0.8345229604,"17":0.6859943406,"18":0.6732976923,"19":0.6121025135,"20":null},"sentiment_pv":{"0":0.8756845146,"1":null,"2":0.7074948494,"3":0.9165016847,"4":0.4156409809,"5":0.0161488361,"6":0.5181006083,"7":0.1337495109,"8":0.5383341162,"9":0.1957325007,"10":null,"11":0.662474825,"12":0.0154868878,"13":0.9051391212,"14":0.0526436097,"15":0.1954339674,"16":0.9254310332,"17":0.4117103262,"18":0.9051391212,"19":0.184302102,"20":null},"main_pv":{"0":0.1385850086,"1":null,"2":0.0993717374,"3":0.6719067791,"4":0.7861771201,"5":0.3651853088,"6":0.1745952267,"7":0.9097821066,"8":0.4505227603,"9":0.1094520696,"10":null,"11":0.0330280514,"12":0.1533634998,"13":0.4679193928,"14":0.0047176675,"15":0.8632055061,"16":0.6539959311,"17":0.7124660821,"18":0.4679193928,"19":0.0416144917,"20":null},"count":{"0":16,"1":1,"2":77,"3":17,"4":2,"5":17,"6":100,"7":1437,"8":4,"9":186,"10":1,"11":810,"12":165,"13":751,"14":17,"15":38,"16":8,"17":17,"18":751,"19":62,"20":1},"nb_en":{"0":16,"1":1,"2":77,"3":17,"4":2,"5":17,"6":100,"7":1437,"8":4,"9":186,"10":1,"11":810,"12":165,"13":751,"14":17,"15":38,"16":8,"17":17,"18":751,"19":62,"20":1},"nb_de":{"0":0,"1":0,"2":0,"3":0,"4":0,"5":0,"6":0,"7":0,"8":0,"9":0,"10":0,"11":0,"12":0,"13":0,"14":0,"15":0,"16":0,"17":0,"18":0,"19":0,"20":0}}