{"canton":{"0":"UR","1":"BE","2":"ZG","3":"BL","4":"TG","5":"TI","6":"VD","7":"SG","8":"JU","9":"SH","10":"OW","11":"AG","12":"GE","13":"BS","14":"FR","15":"SO","16":"AR","17":"GL","18":"ZH","19":"VS","20":"NE","21":"LU","22":"GR","23":"SZ"},"main_mean":{"0":0.0003212708,"1":0.0075508097,"2":-0.0102460986,"3":0.0214714315,"4":0.0023975008,"5":-0.0604608531,"6":-0.0068347639,"7":0.0168390297,"8":-0.0161437253,"9":-0.0012913365,"10":0.0249258419,"11":0.0255858761,"12":-0.0140941978,"13":-0.0020065935,"14":0.0127009605,"15":0.0115155092,"16":0.0174088286,"17":-0.0102251375,"18":0.0017689968,"19":0.012317157,"20":-0.0279556303,"21":-0.0088704076,"22":0.0207669986,"23":0.0},"sentiment_mean":{"0":0.0,"1":0.0803418803,"2":0.0486548369,"3":0.0,"4":0.0,"5":0.0652173913,"6":0.018018018,"7":0.0843373494,"8":0.0,"9":0.0158730159,"10":0.2,"11":0.085106383,"12":0.0223769269,"13":0.0241691843,"14":0.18,"15":0.08,"16":0.0,"17":0.0491428571,"18":0.1501775748,"19":0.0714285714,"20":0.0,"21":0.0571428571,"22":0.0,"23":0.0},"main_std":{"0":0.0001975272,"1":0.1365449493,"2":0.1829085041,"3":0.0357164436,"4":0.0450281113,"5":0.1734562843,"6":0.1685106516,"7":0.1208610112,"8":0.0373570717,"9":0.0210056766,"10":0.0559425101,"11":0.0904138283,"12":0.1809491815,"13":0.1152862228,"14":0.1296257563,"15":0.0460762261,"16":0.0243128065,"17":0.1827523057,"18":0.1399967688,"19":0.2760573871,"20":0.1415757727,"21":0.1326902452,"22":0.0629359873,"23":null},"sentiment_std":{"0":0.0,"1":0.3729370921,"2":0.4482780717,"3":0.0,"4":0.0,"5":0.4641984188,"6":0.371791057,"7":0.3890206364,"8":0.0,"9":0.1259881577,"10":0.4472135955,"11":0.2805361406,"12":0.3568749368,"13":0.3473128296,"14":0.5001009999,"15":0.2768874621,"16":0.0,"17":0.4484735015,"18":0.5233373177,"19":0.465758754,"20":0.0,"21":0.3047247001,"22":0.0,"23":null},"sentiment_pv":{"0":3.43149084e-49,"1":0.3832256952,"2":0.1283098705,"3":3.43149084e-49,"4":3.43149084e-49,"5":0.9817270125,"6":0.0210979508,"7":0.6760452464,"8":3.43149084e-49,"9":0.0031070706,"10":0.540572267,"11":0.5229146541,"12":0.0000015364,"13":0.0321711678,"14":0.0257315833,"15":0.8077583249,"16":3.43149084e-49,"17":0.1390412075,"18":0.0,"19":0.9543237063,"20":3.43149084e-49,"21":0.7604802189,"22":3.43149084e-49,"23":null},"main_pv":{"0":0.0000923235,"1":0.0186221815,"2":0.408071568,"3":0.3093071741,"4":0.4679580517,"5":0.0036983622,"6":0.9596616687,"7":0.0864846101,"8":0.6949326026,"9":0.1100718284,"10":0.2796471276,"11":0.0010727874,"12":0.0775996627,"13":0.5075471756,"14":0.1479438953,"15":0.06773119,"16":0.0936837958,"17":0.4099085,"18":0.0234591666,"19":0.7232658636,"20":0.493184464,"21":0.847913264,"22":0.0387572261,"23":null},"count":{"0":10,"1":585,"2":1747,"3":3,"4":15,"5":92,"6":333,"7":83,"8":3,"9":63,"10":5,"11":94,"12":2011,"13":331,"14":100,"15":25,"16":5,"17":1750,"18":1971,"19":28,"20":21,"21":105,"22":26,"23":1},"nb_en":{"0":0,"1":133,"2":752,"3":0,"4":4,"5":70,"6":76,"7":13,"8":0,"9":3,"10":3,"11":9,"12":500,"13":55,"14":52,"15":0,"16":0,"17":752,"18":829,"19":14,"20":3,"21":27,"22":0,"23":0},"nb_de":{"0":10,"1":437,"2":215,"3":3,"4":11,"5":12,"6":25,"7":70,"8":0,"9":59,"10":2,"11":85,"12":5,"13":269,"14":11,"15":25,"16":5,"17":218,"18":1118,"19":8,"20":6,"21":78,"22":26,"23":1},"nb_fr":{"0":0,"1":15,"2":780,"3":0,"4":0,"5":10,"6":232,"7":0,"8":3,"9":1,"10":0,"11":0,"12":1506,"13":7,"14":37,"15":0,"16":0,"17":780,"18":24,"19":6,"20":12,"21":0,"22":0,"23":0}}