{"canton":{"0":"UR","1":"BS","2":"AG","3":"BE","4":"ZG","5":"GE","6":"GR","7":"FR","8":"TG","9":"TI","10":"GL","11":"ZH","12":"VS","13":"SG","14":"LU","15":"JU","16":"VD","17":"SO","18":"SH","19":"SZ","20":"NE"},"main_mean":{"0":-0.1937474141,"1":-0.0111050661,"2":-0.02980911,"3":-0.0436987301,"4":0.0149877229,"5":-0.0218780726,"6":0.3266203263,"7":0.0061738368,"8":-0.04999875,"9":-0.0479131534,"10":0.0149877229,"11":-0.0022648331,"12":0.051751573,"13":-0.0062231276,"14":0.0258668514,"15":0.1722210031,"16":-0.045109395,"17":0.0359047557,"18":0.0,"19":0.0,"20":0.0666653334},"sentiment_mean":{"0":-0.5,"1":0.2448979592,"2":0.3333333333,"3":0.1455696203,"4":0.2571428571,"5":0.1147798742,"6":0.5,"7":0.25,"8":-0.2,"9":0.0549450549,"10":0.2571428571,"11":0.2650701899,"12":0.3333333333,"13":0.25,"14":0.3783783784,"15":0.4,"16":0.2727272727,"17":0.0,"18":-0.25,"19":-0.5,"20":0.6666666667},"main_std":{"0":0.008836835,"1":0.1367001866,"2":0.0756322255,"3":0.1995505681,"4":0.2304382323,"5":0.1980649538,"6":0.4715834201,"7":0.3108908668,"8":0.1118006039,"9":0.2393234599,"10":0.2304382323,"11":0.1975884817,"12":0.1406543232,"13":0.1442324117,"14":0.1681096526,"15":0.3645088267,"16":0.2747961326,"17":0.1691461519,"18":0.0,"19":0.0,"20":0.1154677445},"sentiment_std":{"0":0.7071067812,"1":0.6589780355,"2":0.8660254038,"3":0.7122758838,"4":0.6849889118,"5":0.6926169354,"6":0.5773502692,"7":0.5773502692,"8":0.8366600265,"9":0.4798758488,"10":0.6849889118,"11":0.6692245846,"12":0.6513389473,"13":0.6079187589,"14":0.5452497568,"15":0.5477225575,"16":0.7067372453,"17":0.4714045208,"18":0.5,"19":0.7071067812,"20":0.5773502692},"sentiment_pv":{"0":0.3835420167,"1":0.788652418,"2":0.7217582289,"3":0.1611925605,"4":0.2698249646,"5":0.0001607524,"6":0.4138355628,"7":0.8746132155,"8":0.3177741552,"9":0.0011897052,"10":0.2698249646,"11":0.0831922338,"12":0.5828097022,"13":0.8536719844,"14":0.101562462,"15":0.5187059945,"16":0.5475181233,"17":0.1631780503,"18":0.152487718,"19":0.3835420167,"20":0.3177061902},"main_pv":{"0":0.0031762587,"1":0.5215098365,"2":0.3043760942,"3":0.0110071721,"4":0.0647321458,"5":0.0202715388,"6":0.2577649352,"7":0.9181518326,"8":0.3915585515,"9":0.0727289921,"10":0.0647321458,"11":0.9628546116,"12":0.2139031633,"13":0.8867485488,"14":0.3242191082,"15":0.3455411964,"16":0.1469220326,"17":0.4976853491,"18":0.5676415654,"19":0.5676415654,"20":0.4115423729},"count":{"0":2,"1":98,"2":9,"3":158,"4":735,"5":636,"6":4,"7":16,"8":5,"9":91,"10":735,"11":1211,"12":12,"13":24,"14":37,"15":5,"16":88,"17":10,"18":4,"19":2,"20":3},"nb_en":{"0":2,"1":86,"2":8,"3":153,"4":727,"5":619,"6":1,"7":11,"8":5,"9":88,"10":727,"11":1194,"12":12,"13":18,"14":35,"15":5,"16":85,"17":8,"18":4,"19":1,"20":3},"nb_de":{"0":0,"1":9,"2":1,"3":5,"4":2,"5":0,"6":3,"7":1,"8":0,"9":3,"10":2,"11":15,"12":0,"13":6,"14":2,"15":0,"16":0,"17":2,"18":0,"19":1,"20":0},"nb_fr":{"0":0,"1":3,"2":0,"3":0,"4":6,"5":17,"6":0,"7":4,"8":0,"9":0,"10":6,"11":2,"12":0,"13":0,"14":0,"15":0,"16":3,"17":0,"18":0,"19":0,"20":0}}