{"canton":{"0":"NE","1":"GE","2":"GL","3":"SG","4":"GR","5":"ZG","6":"BE","7":"BS","8":"LU","9":"TI","10":"UR","11":"AG","12":"FR","13":"SH","14":"VS","15":"BL","16":"VD","17":"ZH","18":"SO"},"main_mean":{"0":-0.0227093875,"1":-0.0287157883,"2":-0.0023419136,"3":0.062726526,"4":-0.0961530745,"5":-0.0023419136,"6":-0.0513580914,"7":-0.0014338805,"8":-0.0195662944,"9":-0.0852477913,"10":-0.2499937502,"11":0.0161913179,"12":-0.0396810658,"13":-0.1111098766,"14":-0.0325653359,"15":-0.2380932835,"16":-0.013438371,"17":-0.0252279997,"18":-0.0185183128},"sentiment_mean":{"0":0.1538461538,"1":0.1763888889,"2":0.2201986755,"3":0.4,"4":0.2,"5":0.2201986755,"6":0.1676300578,"7":0.2181818182,"8":0.0857142857,"9":0.1025641026,"10":0.0,"11":0.4545454545,"12":0.0,"13":-0.5,"14":0.3125,"15":0.0,"16":0.1428571429,"17":0.2004204625,"18":-0.1666666667},"main_std":{"0":0.2588807621,"1":0.175957487,"2":0.2250085504,"3":0.1701855921,"4":0.1318384507,"5":0.2250085504,"6":0.1671340793,"7":0.2026246619,"8":0.1669471072,"9":0.2236703051,"10":0.353544552,"11":0.1658813102,"12":0.1254521581,"13":0.1571330943,"14":0.1844555103,"15":0.054083931,"16":0.2161928009,"17":0.1919132937,"18":0.0453604172},"sentiment_std":{"0":0.6887372317,"1":0.6801360118,"2":0.6663103229,"3":0.632455532,"4":0.8366600265,"5":0.6663103229,"6":0.6653322667,"7":0.72164209,"8":0.6584933146,"9":0.444000222,"10":0.0,"11":0.5222329679,"12":0.3429971703,"13":0.7071067812,"14":0.7041543391,"15":0.0,"16":0.6787593725,"17":0.6949425333,"18":0.7527726527},"sentiment_pv":{"0":0.8308731167,"1":0.4850300056,"2":0.3989342143,"3":0.2319763207,"4":0.9911899627,"5":0.3989342143,"6":0.5891090654,"7":0.7463338902,"8":0.3325459597,"9":0.0738326209,"10":6.34921008e-72,"11":0.1316088727,"12":0.0277756713,"13":0.3966784954,"14":0.5174295573,"15":6.34921008e-72,"16":0.3349355885,"17":0.8208966934,"18":0.291648142},"main_pv":{"0":0.9716996619,"1":0.2375380076,"2":0.0671538889,"3":0.0808376818,"4":0.2668533144,"5":0.0671538889,"6":0.0179875127,"7":0.3422269237,"8":0.9849398792,"9":0.0126215838,"10":0.5266435184,"11":0.4853669197,"12":0.5190151862,"13":0.5630698168,"14":0.7911489476,"15":0.0190420818,"16":0.7009188471,"17":0.3925992836,"18":0.9357493364},"count":{"0":13,"1":720,"2":604,"3":15,"4":5,"5":604,"6":173,"7":110,"8":35,"9":78,"10":2,"11":11,"12":18,"13":2,"14":16,"15":3,"16":161,"17":1427,"18":6},"nb_en":{"0":13,"1":715,"2":602,"3":15,"4":5,"5":602,"6":173,"7":109,"8":35,"9":78,"10":2,"11":11,"12":18,"13":2,"14":16,"15":3,"16":161,"17":1426,"18":6},"nb_de":{"0":0,"1":0,"2":0,"3":0,"4":0,"5":0,"6":0,"7":1,"8":0,"9":0,"10":0,"11":0,"12":0,"13":0,"14":0,"15":0,"16":0,"17":0,"18":0}}