{"canton":{"0":"NE","1":"GE","2":"GL","3":"BE","4":"SZ","5":"TG","6":"UR","7":"FR","8":"BS","9":"BL","10":"ZH","11":"OW","12":"VD","13":"SG","14":"GR","15":"ZG","16":"AR","17":"LU","18":"TI","19":"JU","20":"AG","21":"SH","22":"VS","23":"SO","24":"NW"},"main_mean":{"0":0.0377020688,"1":-0.0163348564,"2":-0.0003666829,"3":-0.0117464434,"4":0.02762481,"5":-0.0440184679,"6":-0.0447987679,"7":0.0026688401,"8":0.0138516417,"9":0.0490002281,"10":-0.0017127984,"11":0.0454541322,"12":-0.0052392936,"13":0.0368834776,"14":-0.0009915638,"15":-0.0003674231,"16":0.1710005272,"17":-0.004839957,"18":-0.0137616123,"19":0.0236275763,"20":0.0009993494,"21":0.0080506078,"22":0.0315212859,"23":0.0463579969,"24":0.0115331403},"sentiment_mean":{"0":0.2,"1":0.0434285714,"2":0.1061114842,"3":0.0560131796,"4":0.0,"5":0.1333333333,"6":0.0,"7":0.1764705882,"8":0.0745762712,"9":0.0,"10":0.1378780113,"11":0.0,"12":0.0657894737,"13":0.0924369748,"14":0.0181818182,"15":0.1063257066,"16":0.3333333333,"17":0.0267857143,"18":0.0898876404,"19":0.0,"20":0.0,"21":0.0416666667,"22":0.02,"23":0.0952380952,"24":0.0},"main_std":{"0":0.0849912545,"1":0.1903360464,"2":0.1832833204,"3":0.1219044581,"4":0.0190348273,"5":0.1396855365,"6":0.1059561433,"7":0.0875809056,"8":0.1139886295,"9":0.0521258343,"10":0.1434493508,"11":0.0642818503,"12":0.1448455798,"13":0.1409431745,"14":0.0721584089,"15":0.1834683609,"16":0.3747860147,"17":0.1092070092,"18":0.1754725068,"19":0.0339905125,"20":0.044734938,"21":0.0542714912,"22":0.1407704054,"23":0.1990882787,"24":0.0204977891},"sentiment_std":{"0":0.4216370214,"1":0.3584314253,"2":0.4660766135,"3":0.3635531291,"4":0.0,"5":0.5163977795,"6":0.0,"7":0.408129389,"8":0.3516691106,"9":0.0,"10":0.488803256,"11":0.0,"12":0.3284336792,"13":0.3903843529,"14":0.2349869256,"15":0.4665227328,"16":0.5773502692,"17":0.3411644455,"18":0.5359878187,"19":0.0,"20":0.2156655464,"21":0.2041241452,"22":0.3187987658,"23":0.4310805374,"24":0.0},"sentiment_pv":{"0":0.4376552706,"1":0.0000007907,"2":0.2642103997,"3":0.0214919553,"4":8.417775161e-85,"5":0.7593535281,"6":8.417775161e-85,"7":0.0395247071,"8":0.4164456655,"9":8.417775161e-85,"10":0.0001203807,"11":8.417775161e-85,"12":0.1832941073,"13":0.9828336386,"14":0.0255146344,"15":0.2580131218,"16":0.5437998604,"17":0.0487481883,"18":0.9752808875,"19":8.417775161e-85,"20":0.0001903812,"21":0.2449583458,"22":0.1201667669,"23":0.9574502698,"24":8.417775161e-85},"main_pv":{"0":0.1598101728,"1":0.0088716901,"2":0.5317548678,"3":0.1189575767,"4":0.0441467149,"5":0.2810641628,"6":0.5695750848,"7":0.4846278788,"8":0.0118271168,"9":0.2226299347,"10":0.6219378326,"11":0.4759693413,"12":0.841501202,"13":0.0024061136,"14":0.7976733571,"15":0.5325764123,"16":0.5045576514,"17":0.9013383525,"18":0.5856676029,"19":0.3000923177,"20":0.376896861,"21":0.3118472477,"22":0.0855622411,"23":0.1125183014,"24":0.3301911646},"count":{"0":10,"1":1750,"2":1489,"3":607,"4":4,"5":15,"6":3,"7":102,"8":295,"9":3,"10":1951,"11":2,"12":304,"13":119,"14":55,"15":1486,"16":3,"17":112,"18":89,"19":3,"20":87,"21":24,"22":50,"23":42,"24":3},"nb_en":{"0":2,"1":469,"2":674,"3":145,"4":0,"5":4,"6":0,"7":49,"8":62,"9":0,"10":781,"11":0,"12":47,"13":20,"14":4,"15":674,"16":0,"17":26,"18":70,"19":1,"20":10,"21":0,"22":17,"23":10,"24":0},"nb_de":{"0":3,"1":20,"2":238,"3":456,"4":4,"5":11,"6":3,"7":12,"8":230,"9":3,"10":1118,"11":2,"12":27,"13":99,"14":51,"15":235,"16":3,"17":86,"18":12,"19":0,"20":77,"21":24,"22":29,"23":32,"24":3}}