{"canton":{"0":"SG","1":"TI","2":"UR","3":"SH","4":"VS","5":"SZ","6":"AG","7":"TG","8":"ZH","9":"VD","10":"BE","11":"BL","12":"GE","13":"BS","14":"GL","15":"SO","16":"LU","17":"GR","18":"NE","19":"ZG","20":"FR"},"main_mean":{"0":-0.0135733108,"1":-0.0804099324,"2":0.1111059415,"3":-0.0527773441,"4":0.0201992535,"5":0.0,"6":0.0322838667,"7":0.1309471232,"8":-0.0239754841,"9":-0.0131971068,"10":-0.0817244933,"11":-0.4545413224,"12":-0.0255398469,"13":0.0047905808,"14":-0.0280228851,"15":0.0222143714,"16":-0.0078407433,"17":-0.0461534911,"18":-0.0058751618,"19":-0.0280228851,"20":-0.1068483236},"sentiment_mean":{"0":0.0526315789,"1":0.0681818182,"2":0.25,"3":0.5,"4":0.4444444444,"5":0.0,"6":0.1538461538,"7":0.2857142857,"8":0.2136164897,"9":0.1625,"10":0.1865284974,"11":-1.0,"12":0.1595441595,"13":0.1238095238,"14":0.1621966794,"15":0.2222222222,"16":0.3947368421,"17":-0.4,"18":0.2142857143,"19":0.1621966794,"20":0.1739130435},"main_std":{"0":0.0501766227,"1":0.1890082728,"2":0.3142631334,"3":0.0611105895,"4":0.1851034875,"5":null,"6":0.0815297636,"7":0.2539280697,"8":0.1891150971,"9":0.2400440662,"10":0.1897740596,"11":null,"12":0.2091389204,"13":0.1919449762,"14":0.2348285216,"15":0.5043920179,"16":0.2415499007,"17":0.1032023436,"18":0.1509015398,"19":0.2348285216,"20":0.1543519468},"sentiment_std":{"0":0.6212607442,"1":0.4745343645,"2":0.9574271078,"3":0.5773502692,"4":0.5270462767,"5":null,"6":0.6887372317,"7":0.755928946,"8":0.7119265941,"9":0.7016030469,"10":0.6093241393,"11":null,"12":0.6924609859,"13":0.6459226867,"14":0.6655584561,"15":0.6666666667,"16":0.6383879056,"17":0.5477225575,"18":0.8017837257,"19":0.6655584561,"20":0.576208131},"sentiment_pv":{"0":0.3825483492,"1":0.0320012796,"2":0.8937893139,"3":0.3492350595,"4":0.171783909,"5":null,"6":0.8914840817,"7":0.7254635044,"8":0.1063051589,"9":0.820557541,"10":0.893612088,"11":null,"12":0.4551652258,"13":0.3765752461,"14":0.4794348872,"15":0.855876534,"16":0.0464684032,"17":0.0767789091,"18":0.8772676824,"19":0.4794348872,"20":0.9569222954},"main_pv":{"0":0.2408447656,"1":0.0117711229,"2":0.4412840175,"3":0.4775327161,"4":0.4577817305,"5":null,"6":0.0210028623,"7":0.1488856931,"8":0.4806559525,"9":0.5857184483,"10":0.0001666957,"11":null,"12":0.7737151112,"13":0.0872700734,"14":0.9966298482,"15":0.7729072779,"16":0.6113604162,"17":0.71436872,"18":0.5938355237,"19":0.9966298482,"20":0.0231005101},"count":{"0":19,"1":88,"2":4,"3":4,"4":9,"5":1,"6":13,"7":7,"8":1601,"9":80,"10":193,"11":1,"12":702,"13":105,"14":783,"15":9,"16":38,"17":5,"18":14,"19":783,"20":23},"nb_en":{"0":19,"1":88,"2":4,"3":4,"4":9,"5":1,"6":13,"7":7,"8":1601,"9":80,"10":193,"11":1,"12":702,"13":105,"14":783,"15":9,"16":38,"17":5,"18":14,"19":783,"20":23},"nb_de":{"0":0,"1":0,"2":0,"3":0,"4":0,"5":0,"6":0,"7":0,"8":0,"9":0,"10":0,"11":0,"12":0,"13":0,"14":0,"15":0,"16":0,"17":0,"18":0,"19":0,"20":0}}