{"canton":{"0":"UR","1":"BE","2":"ZG","3":"BL","4":"JU","5":"TI","6":"TG","7":"VD","8":"SG","9":"GR","10":"SH","11":"AG","12":"GE","13":"BS","14":"FR","15":"GL","16":"ZH","17":"SO","18":"NE","19":"LU","20":"AI","21":"VS","22":"SZ"},"main_mean":{"0":0.0108208242,"1":0.0001542913,"2":-0.0047911274,"3":0.1403486211,"4":0.2227611816,"5":-0.0446934802,"6":0.0088039352,"7":-0.0022852325,"8":0.0178562437,"9":0.0503750149,"10":-0.0117052601,"11":0.0181737323,"12":-0.0139907938,"13":-0.0042578688,"14":0.0007013235,"15":-0.0047991722,"16":-0.0056367536,"17":0.058293655,"18":0.0109472763,"19":-0.0008791983,"20":0.0348896511,"21":0.0055464051,"22":-0.0385296147},"sentiment_mean":{"0":0.0555555556,"1":0.0752688172,"2":0.081919251,"3":0.0,"4":0.2,"5":0.12,"6":0.0,"7":0.0460829493,"8":0.0165289256,"9":0.0731707317,"10":0.0285714286,"11":0.0948905109,"12":0.0517482517,"13":0.025404157,"14":0.1161290323,"15":0.082063306,"16":0.1284947755,"17":0.0943396226,"18":0.0983606557,"19":0.0579710145,"20":0.0,"21":0.1466666667,"22":0.0},"main_std":{"0":0.0440933151,"1":0.123217397,"2":0.1800370689,"3":0.350631486,"4":0.4296097838,"5":0.1818467117,"6":0.0244238136,"7":0.1623251356,"8":0.0898868885,"9":0.2146661071,"10":0.10795515,"11":0.108933225,"12":0.1917435247,"13":0.0970140934,"14":0.1126585232,"15":0.1801952858,"16":0.1307241218,"17":0.2180171457,"18":0.135226337,"19":0.0675802824,"20":null,"21":0.0836645393,"22":0.0544891037},"sentiment_std":{"0":0.2357022604,"1":0.3598545435,"2":0.485462734,"3":0.5345224838,"4":0.4472135955,"5":0.4557156654,"6":0.0,"7":0.3855416001,"8":0.3157918902,"9":0.3457053588,"10":0.3823852604,"11":0.3181567242,"12":0.4390329987,"13":0.3623500784,"14":0.4257131329,"15":0.4858774674,"16":0.4737561404,"17":0.4049763024,"18":0.4727549765,"19":0.3640678203,"20":null,"21":0.3922676049,"22":0.0},"sentiment_pv":{"0":0.5934692236,"1":0.4189735499,"2":0.7515876237,"3":0.6634184815,"4":0.598773095,"5":0.4572732606,"6":6.466130899e-96,"7":0.0112686864,"8":0.0183091975,"9":0.8159400382,"10":0.3825822011,"11":0.7429067417,"12":0.0009672377,"13":0.0007854255,"14":0.3807133536,"15":0.7607513438,"16":0.0000019593,"17":0.8797007991,"18":0.8373989924,"19":0.2778688955,"20":null,"21":0.1852265824,"22":6.466130899e-96},"main_pv":{"0":0.1476298043,"1":0.2456991421,"2":0.9518262786,"3":0.2791695389,"4":0.3013235911,"5":0.0321957846,"6":0.0564746372,"7":0.6697725928,"8":0.0065793512,"9":0.1062838599,"10":0.7191321854,"11":0.0147740661,"12":0.0419176618,"13":0.8681640141,"14":0.5298032652,"15":0.9532968172,"16":0.828726643,"17":0.0393647484,"18":0.3602638557,"19":0.3947132122,"20":null,"21":0.2805387697,"22":0.5446390453},"count":{"0":18,"1":837,"2":1709,"3":8,"4":5,"5":100,"6":14,"7":651,"8":121,"9":41,"10":35,"11":137,"12":2145,"13":433,"14":155,"15":1706,"16":3541,"17":53,"18":61,"19":207,"20":1,"21":75,"22":2},"nb_en":{"0":1,"1":192,"2":846,"3":1,"4":0,"5":87,"6":2,"7":144,"8":15,"9":6,"10":5,"11":22,"12":802,"13":118,"14":58,"15":846,"16":1520,"17":12,"18":24,"19":43,"20":0,"21":22,"22":0},"nb_de":{"0":17,"1":616,"2":262,"3":7,"4":0,"5":8,"6":12,"7":20,"8":106,"9":34,"10":30,"11":112,"12":12,"13":313,"14":37,"15":259,"16":1946,"17":41,"18":5,"19":164,"20":1,"21":47,"22":2},"nb_fr":{"0":0,"1":29,"2":601,"3":0,"4":5,"5":5,"6":0,"7":487,"8":0,"9":1,"10":0,"11":3,"12":1331,"13":2,"14":60,"15":601,"16":75,"17":0,"18":32,"19":0,"20":0,"21":6,"22":0}}