{"canton":{"0":"NE","1":"GE","2":"GL","3":"SO","4":"BE","5":"SZ","6":"TG","7":"UR","8":"FR","9":"BS","10":"ZH","11":"OW","12":"VD","13":"SG","14":"GR","15":"ZG","16":"AR","17":"LU","18":"TI","19":"JU","20":"AG","21":"SH","22":"VS","23":"BL"},"main_mean":{"0":0.0115622561,"1":-0.0076288893,"2":-0.0194150421,"3":-0.0001573208,"4":-0.0145383685,"5":0.1234603343,"6":0.0040484459,"7":0.0005742762,"8":-0.040641646,"9":0.0061559219,"10":0.0037310378,"11":0.4285653062,"12":0.0125972997,"13":0.0180767881,"14":0.0022895114,"15":-0.0194401619,"16":0.0,"17":0.0135601796,"18":-0.0632542071,"19":0.0565586131,"20":0.0011616798,"21":0.0543239554,"22":0.0191558149,"23":0.0},"sentiment_mean":{"0":0.0833333333,"1":0.045045045,"2":0.0803794309,"3":0.0512820513,"4":0.0610687023,"5":0.3,"6":0.0,"7":-0.2,"8":0.0,"9":0.1025641026,"10":0.167858846,"11":1.0,"12":0.0989847716,"13":0.067961165,"14":0.0,"15":0.0804195804,"16":0.5,"17":0.1009174312,"18":0.0198019802,"19":0.1,"20":-0.0330578512,"21":0.0666666667,"22":0.06,"23":1.0},"main_std":{"0":0.0546935874,"1":0.181117566,"2":0.1851516496,"3":0.0467470181,"4":0.1216072218,"5":0.3498822946,"6":0.0144015592,"7":0.0003766584,"8":0.2210857042,"9":0.1450055781,"10":0.1463731907,"11":null,"12":0.1376668594,"13":0.0832017675,"14":0.0376208626,"15":0.1851944945,"16":0.0,"17":0.111216506,"18":0.1600486441,"19":0.283689571,"20":0.1212115246,"21":0.2065686511,"22":0.1117269677,"23":null},"sentiment_std":{"0":0.2823298513,"1":0.396515488,"2":0.4645574692,"3":0.223455865,"4":0.396074914,"5":0.4830458915,"6":0.0,"7":0.4472135955,"8":0.2747211279,"9":0.4117172441,"10":0.4946824518,"11":null,"12":0.353605903,"13":0.2890869983,"14":0.0,"15":0.46467006,"16":0.7071067812,"17":0.3586227288,"18":0.4237970745,"19":0.316227766,"20":0.3399481406,"21":0.2581988897,"22":0.3136356914,"23":null},"sentiment_pv":{"0":0.8933011369,"1":0.0000175245,"2":0.3406349028,"3":0.275460238,"4":0.0928645786,"5":0.2048895673,"6":2.087418717e-88,"7":0.2191654675,"8":0.0188297989,"9":0.6317031277,"10":0.0000000001,"11":null,"12":0.6710096203,"13":0.4227367563,"14":2.087418717e-88,"15":0.3426334583,"16":0.5636464323,"17":0.7790210261,"18":0.0954635325,"19":0.9316509695,"20":0.000117133,"21":0.7192477951,"22":0.4876897018,"23":null},"main_pv":{"0":0.0853854289,"1":0.8220420542,"2":0.0167099694,"3":0.2722489779,"4":0.2957072339,"5":0.2628623205,"6":0.0093522973,"7":0.0000000665,"8":0.293912147,"9":0.0773646813,"10":0.0006105748,"11":null,"12":0.0030263552,"13":0.0018064638,"14":0.2265228747,"15":0.0165008289,"16":0.0000003546,"17":0.0413730113,"18":0.0009426591,"19":0.485523513,"20":0.3782312834,"21":0.2572328767,"22":0.0857692838,"23":null},"count":{"0":24,"1":1665,"2":2003,"3":39,"4":524,"5":10,"6":13,"7":5,"8":54,"9":312,"10":2097,"11":1,"12":394,"13":103,"14":19,"15":2002,"16":2,"17":109,"18":101,"19":10,"20":121,"21":15,"22":50,"23":1},"nb_en":{"0":2,"1":489,"2":1007,"3":6,"4":148,"5":4,"6":1,"7":1,"8":6,"9":76,"10":836,"11":1,"12":96,"13":11,"14":1,"15":1007,"16":2,"17":29,"18":84,"19":1,"20":21,"21":0,"22":12,"23":1},"nb_de":{"0":11,"1":15,"2":291,"3":33,"4":374,"5":6,"6":12,"7":4,"8":12,"9":230,"10":1191,"11":0,"12":16,"13":92,"14":18,"15":290,"16":0,"17":80,"18":11,"19":0,"20":100,"21":14,"22":20,"23":0}}