{"canton":{"0":"UR","1":"BE","2":"ZG","3":"BL","4":"TI","5":"TG","6":"VD","7":"SG","8":"JU","9":"SH","10":"OW","11":"AG","12":"GE","13":"BS","14":"FR","15":"SO","16":"AR","17":"GL","18":"ZH","19":"VS","20":"NE","21":"LU","22":"AI","23":"GR","24":"SZ"},"main_mean":{"0":0.0325056953,"1":-0.0057318311,"2":0.0081332432,"3":0.0555987633,"4":-0.0543780274,"5":0.0076602297,"6":0.0129127454,"7":0.0142884204,"8":0.0581570445,"9":0.0111137471,"10":0.0,"11":0.0103502458,"12":-0.0130476555,"13":-0.0012811965,"14":-0.0315299723,"15":0.0053803427,"16":0.0,"17":0.0081144087,"18":-0.0032110448,"19":0.0128668625,"20":0.0080853495,"21":0.0071035625,"22":0.0094249215,"23":-0.0264810177,"24":0.0284012152},"sentiment_mean":{"0":0.3333333333,"1":0.0613496933,"2":0.0944835681,"3":0.1111111111,"4":-0.0217391304,"5":0.0,"6":0.0949913644,"7":0.0862068966,"8":0.1428571429,"9":0.0277777778,"10":0.0,"11":0.0068027211,"12":0.0578009561,"13":0.0425531915,"14":0.0845070423,"15":-0.0444444444,"16":1.0,"17":0.0942622951,"18":0.1154887218,"19":0.0689655172,"20":0.0694444444,"21":0.1010638298,"22":0.0,"23":0.0,"24":0.25},"main_std":{"0":0.1895303641,"1":0.1279321667,"2":0.1930497341,"3":0.2694896045,"4":0.2156053029,"5":0.0426002119,"6":0.1656962074,"7":0.0764120378,"8":0.2140342979,"9":0.0643760014,"10":0.0,"11":0.1396667741,"12":0.188742223,"13":0.0914899734,"14":0.1212281473,"15":0.1061343534,"16":null,"17":0.1928238077,"18":0.1448939174,"19":0.1476073673,"20":0.1195211585,"21":0.1030756045,"22":null,"23":0.136485386,"24":0.0390352158},"sentiment_std":{"0":0.5163977795,"1":0.3521302587,"2":0.4905376785,"3":0.3333333333,"4":0.5130872057,"5":0.0,"6":0.366823725,"7":0.386038194,"8":0.3631365196,"9":0.1666666667,"10":0.0,"11":0.3606804574,"12":0.4320388835,"13":0.3977240214,"14":0.4374808242,"15":0.4240259188,"16":null,"17":0.4899839019,"18":0.4874021642,"19":0.4906876294,"20":0.3061063467,"21":0.3194228354,"22":null,"23":0.3849001795,"24":0.5},"sentiment_pv":{"0":0.2937694279,"1":0.0577090842,"2":0.5056824535,"3":0.8276302657,"4":0.0473822293,"5":1.646003746e-92,"6":0.5738749216,"7":0.9975798742,"8":0.5689859721,"9":0.0449648107,"10":1.646003746e-92,"11":0.0091684794,"12":0.004406953,"13":0.0381384003,"14":0.965732559,"15":0.0452216087,"16":null,"17":0.5161156624,"18":0.0018405629,"19":0.7917000846,"20":0.647926034,"21":0.5278938606,"22":null,"23":0.2475658535,"24":0.5588931802},"main_pv":{"0":0.6824435779,"1":0.3256718881,"2":0.0616352082,"3":0.5457661147,"4":0.0200900515,"5":0.4443069837,"6":0.0478966051,"7":0.0363127195,"8":0.3194873918,"9":0.2682303805,"10":0.4856471768,"11":0.3272298726,"12":0.0046207319,"13":0.9665132549,"14":0.0035833667,"15":0.6867094188,"16":null,"17":0.0616176055,"18":0.4680219591,"19":0.4762926261,"20":0.5201038104,"21":0.2878965077,"22":null,"23":0.3341164904,"24":0.228192246},"count":{"0":6,"1":815,"2":1704,"3":9,"4":92,"5":15,"6":579,"7":116,"8":14,"9":36,"10":7,"11":147,"12":2301,"13":376,"14":142,"15":45,"16":1,"17":1708,"18":3325,"19":58,"20":72,"21":188,"22":1,"23":28,"24":4},"nb_en":{"0":3,"1":186,"2":876,"3":1,"4":83,"5":0,"6":129,"7":18,"8":0,"9":3,"10":0,"11":32,"12":738,"13":92,"14":62,"15":12,"16":1,"17":876,"18":1391,"19":21,"20":28,"21":30,"22":0,"23":6,"24":1},"nb_de":{"0":3,"1":609,"2":277,"3":8,"4":2,"5":15,"6":10,"7":98,"8":0,"9":33,"10":7,"11":114,"12":12,"13":277,"14":58,"15":33,"16":0,"17":281,"18":1878,"19":27,"20":14,"21":157,"22":1,"23":22,"24":3},"nb_fr":{"0":0,"1":20,"2":551,"3":0,"4":7,"5":0,"6":440,"7":0,"8":14,"9":0,"10":0,"11":1,"12":1551,"13":7,"14":22,"15":0,"16":0,"17":551,"18":56,"19":10,"20":30,"21":1,"22":0,"23":0,"24":0}}