{"canton":{"0":"UR","1":"NW","2":"BE","3":"ZG","4":"BL","5":"TG","6":"TI","7":"VD","8":"SG","9":"JU","10":"SH","11":"OW","12":"AG","13":"GE","14":"BS","15":"FR","16":"SO","17":"AR","18":"GL","19":"ZH","20":"VS","21":"NE","22":"LU","23":"AI","24":"GR","25":"SZ"},"main_mean":{"0":-0.0143106134,"1":0.0017477517,"2":-0.0101976062,"3":-0.0026549002,"4":-0.0108104139,"5":0.0162143985,"6":-0.0505879432,"7":0.0040916278,"8":0.0243983227,"9":0.0338281322,"10":0.0096858687,"11":0.0107262034,"12":0.0173858425,"13":-0.0151128167,"14":0.0064826808,"15":-0.0074053223,"16":0.0287007087,"17":0.056952022,"18":-0.0026966798,"19":-0.003709151,"20":0.0076717144,"21":0.0123143685,"22":0.0037420968,"23":-0.015739561,"24":0.0118787826,"25":0.0334425093},"sentiment_mean":{"0":0.0147928994,"1":0.0579710145,"2":0.0764324605,"3":0.1086548218,"4":0.0061349693,"5":0.0484988453,"6":0.0745937962,"7":0.0715248526,"8":0.0960508701,"9":0.0805687204,"10":0.0561674009,"11":0.0441176471,"12":0.0433865622,"13":0.0589177017,"14":0.0507168459,"15":0.1250753466,"16":0.0775330396,"17":0.1260504202,"18":0.1086149596,"19":0.1325044657,"20":0.0966469428,"21":0.1024793388,"22":0.0816086548,"23":0.0,"24":0.0413961039,"25":0.0980392157},"main_std":{"0":0.0960685285,"1":0.0378155234,"2":0.1379032165,"3":0.1897725237,"4":0.1417458129,"5":0.0987897807,"6":0.1892762406,"7":0.1673450471,"8":0.1286548921,"9":0.1890559821,"10":0.1001250717,"11":0.084143371,"12":0.1288580044,"13":0.1868450815,"14":0.1311250792,"15":0.1331354891,"16":0.1508136338,"17":0.1846651863,"18":0.1896706154,"19":0.147460786,"20":0.1276758472,"21":0.1358782176,"22":0.1119315062,"23":0.1042828102,"24":0.1164617144,"25":0.1583877187},"sentiment_std":{"0":0.236981735,"1":0.2912477201,"2":0.3926662905,"3":0.4897071021,"4":0.2605059776,"5":0.2720869459,"6":0.4918741453,"7":0.39525744,"8":0.3791667959,"9":0.3493554047,"10":0.2858968414,"11":0.2695393267,"12":0.3365213738,"13":0.4450345044,"14":0.4112511935,"15":0.4278141437,"16":0.3651207098,"17":0.3807802393,"18":0.4892689415,"19":0.5114828866,"20":0.4029438542,"21":0.3935927724,"22":0.3612238394,"23":0.5163977795,"24":0.2862809495,"25":0.3395954614},"sentiment_pv":{"0":0.0000000004,"1":0.2580483781,"2":0.0,"3":0.0000111395,"4":0.0000130554,"5":0.0001817235,"6":0.013822905,"7":0.0,"8":0.783269798,"9":0.4703515448,"10":0.0000127333,"11":0.1042168475,"12":3.950825068e-20,"13":1.697632973e-80,"14":2.994485571e-32,"15":0.0002930619,"16":0.0603347256,"17":0.4229447184,"18":0.000011785,"19":1.176582891e-69,"20":0.8982041818,"21":0.6913702934,"22":0.0035230761,"23":0.4596814929,"24":0.0,"25":0.9980926459},"main_pv":{"0":0.0668792471,"1":0.162934999,"2":0.0000001162,"3":0.029469481,"4":0.5822075352,"5":0.0000140215,"6":2.676093707e-35,"7":0.0000000213,"8":9.567743329e-34,"9":0.0034457026,"10":0.0000182867,"11":0.1357608858,"12":2.744652442e-22,"13":3.361722075e-35,"14":2.715026723e-18,"15":0.2438666277,"16":0.0,"17":0.0004049729,"18":0.032861271,"19":0.0988389084,"20":0.000177065,"21":0.0000154804,"22":0.0000013812,"23":0.6776600503,"24":0.000000756,"25":0.0033884494},"count":{"0":338,"1":69,"2":19285,"3":46321,"4":163,"5":433,"6":2708,"7":11870,"8":2988,"9":211,"10":908,"11":68,"12":3319,"13":56842,"14":11160,"15":3318,"16":1135,"17":119,"18":46338,"19":84533,"20":1521,"21":1210,"22":4252,"23":16,"24":1232,"25":153},"nb_en":{"0":37,"1":9,"2":5546,"3":23769,"4":25,"5":68,"6":2285,"7":3393,"8":503,"9":46,"10":113,"11":11,"12":549,"13":21727,"14":3272,"15":1473,"16":251,"17":10,"18":23754,"19":39475,"20":536,"21":399,"22":1029,"23":5,"24":149,"25":28},"nb_de":{"0":300,"1":60,"2":13317,"3":6834,"4":138,"5":364,"6":237,"7":409,"8":2479,"9":1,"10":791,"11":56,"12":2751,"13":314,"14":7678,"15":802,"16":884,"17":109,"18":6866,"19":43321,"20":764,"21":307,"22":3206,"23":11,"24":1077,"25":125},"nb_fr":{"0":1,"1":0,"2":422,"3":15718,"4":0,"5":1,"6":186,"7":8068,"8":6,"9":164,"10":4,"11":1,"12":19,"13":34801,"14":210,"15":1043,"16":0,"17":0,"18":15718,"19":1737,"20":221,"21":504,"22":17,"23":0,"24":6,"25":0}}