{"canton":{"0":"UR","1":"NW","2":"BE","3":"ZG","4":"BL","5":"TI","6":"TG","7":"VD","8":"GR","9":"SG","10":"JU","11":"SH","12":"OW","13":"AG","14":"GE","15":"BS","16":"FR","17":"AR","18":"GL","19":"ZH","20":"SO","21":"NE","22":"LU","23":"AI","24":"VS","25":"SZ"},"main_mean":{"0":-0.0257451344,"1":0.0,"2":-0.0043968351,"3":-0.0024265754,"4":-0.003815197,"5":-0.0398658852,"6":0.0390860696,"7":0.0117427917,"8":0.0101353037,"9":0.0078323226,"10":0.0626550915,"11":0.0794100629,"12":0.0,"13":0.0199437424,"14":-0.0123773145,"15":0.0047423396,"16":-0.0147470662,"17":0.119621473,"18":-0.0023950012,"19":-0.0066681851,"20":0.0017258851,"21":0.0087391297,"22":0.0061035164,"23":-0.0055554475,"24":-0.0005015906,"25":0.0053154396},"sentiment_mean":{"0":0.0,"1":0.0,"2":0.0606451613,"3":0.1126179245,"4":0.0,"5":0.1263157895,"6":0.1538461538,"7":0.0863157895,"8":0.0322580645,"9":0.0774647887,"10":0.0,"11":0.0975609756,"12":0.0,"13":0.0694444444,"14":0.0437289765,"15":0.0278372591,"16":0.0340909091,"17":0.3333333333,"18":0.1120283019,"19":0.1191887676,"20":0.0465116279,"21":0.1020408163,"22":0.1191709845,"23":-0.2,"24":0.0136986301,"25":0.0},"main_std":{"0":0.0924178489,"1":0.0,"2":0.1315281234,"3":0.1860837354,"4":0.0362214686,"5":0.1315063793,"6":0.0866553952,"7":0.2037721018,"8":0.1466280664,"9":0.0748626637,"10":0.0558680657,"11":0.2251836411,"12":null,"13":0.1228117483,"14":0.1822538745,"15":0.124828843,"16":0.1038416895,"17":0.1504301611,"18":0.1862948795,"19":0.1473185859,"20":0.0593538026,"21":0.1124296695,"22":0.0790732884,"23":0.0691654147,"24":0.1257646273,"25":0.0122880639},"sentiment_std":{"0":0.0,"1":0.0,"2":0.3597114789,"3":0.463085698,"4":0.0,"5":0.3925396108,"6":0.3755338081,"7":0.39367642,"8":0.179605302,"9":0.3384139825,"10":0.0,"11":0.300406229,"12":null,"13":0.3271572359,"14":0.4279988448,"15":0.3547292857,"16":0.2372671823,"17":0.5773502692,"18":0.4625915345,"19":0.4871859534,"20":0.2130826323,"21":0.3677010765,"22":0.3698188419,"23":0.8366600265,"24":0.3906245244,"25":0.0},"sentiment_pv":{"0":1.301710714e-103,"1":1.301710714e-103,"2":0.027310478,"3":0.0669098611,"4":1.301710714e-103,"5":0.3804926227,"6":0.5555614975,"7":0.8154061639,"8":0.0823784113,"9":0.6467524059,"10":1.301710714e-103,"11":0.8839817609,"12":null,"13":0.4432445065,"14":0.0000050053,"15":0.0002296868,"16":0.0298479412,"17":0.5422839535,"18":0.0742899363,"19":0.0028261611,"20":0.1849055745,"21":0.8296795143,"22":0.2909549119,"23":0.4806785766,"24":0.0979803427,"25":1.301710714e-103},"main_pv":{"0":0.5013487301,"1":0.0092271145,"2":0.9415880765,"3":0.7367554312,"4":0.9839566289,"5":0.0097085056,"6":0.0984301343,"7":0.0966256242,"8":0.5951673556,"9":0.0685720749,"10":0.0195398378,"11":0.0226579379,"12":null,"13":0.0218962467,"14":0.0515722009,"15":0.1428918918,"16":0.3403146704,"17":0.2905035944,"18":0.7320388801,"19":0.3841056316,"20":0.5338181245,"21":0.4324744587,"22":0.0871341795,"23":0.9631248824,"24":0.8121129552,"25":0.1253054693},"count":{"0":9,"1":2,"2":775,"3":1696,"4":12,"5":95,"6":13,"7":475,"8":31,"9":142,"10":7,"11":41,"12":1,"13":144,"14":2081,"15":467,"16":88,"17":3,"18":1696,"19":3205,"20":43,"21":49,"22":193,"23":5,"24":73,"25":6},"nb_en":{"0":1,"1":0,"2":173,"3":831,"4":1,"5":77,"6":3,"7":122,"8":3,"9":14,"10":1,"11":3,"12":0,"13":21,"14":729,"15":122,"16":15,"17":0,"18":830,"19":1343,"20":4,"21":13,"22":44,"23":3,"24":24,"25":0},"nb_de":{"0":8,"1":2,"2":577,"3":280,"4":11,"5":10,"6":10,"7":8,"8":28,"9":127,"10":0,"11":38,"12":1,"13":121,"14":12,"15":339,"16":29,"17":3,"18":281,"19":1765,"20":39,"21":27,"22":148,"23":2,"24":28,"25":6},"nb_fr":{"0":0,"1":0,"2":25,"3":585,"4":0,"5":8,"6":0,"7":345,"8":0,"9":1,"10":6,"11":0,"12":0,"13":2,"14":1340,"15":6,"16":44,"17":0,"18":585,"19":97,"20":0,"21":9,"22":1,"23":0,"24":21,"25":0}}