{"canton":{"0":"UR","1":"NW","2":"BE","3":"ZG","4":"BL","5":"JU","6":"TI","7":"TG","8":"VD","9":"SG","10":"GR","11":"SH","12":"OW","13":"AG","14":"GE","15":"BS","16":"FR","17":"AR","18":"GL","19":"ZH","20":"SO","21":"NE","22":"LU","23":"VS","24":"SZ"},"main_mean":{"0":-0.0402229391,"1":0.0,"2":-0.0106153803,"3":-0.0156376026,"4":-0.0455400795,"5":0.0075512699,"6":-0.0311709203,"7":-0.0076048717,"8":-0.0048132535,"9":0.0336312504,"10":0.0046748877,"11":0.0198051004,"12":0.0,"13":0.006988898,"14":-0.0083972545,"15":0.0116064242,"16":-0.0031662161,"17":0.1600154309,"18":-0.0156376026,"19":-0.0021503336,"20":0.0706431267,"21":0.0237566302,"22":0.0134418823,"23":-0.028161882,"24":-0.0014728692},"sentiment_mean":{"0":0.0,"1":0.0,"2":0.0854341737,"3":0.1109195402,"4":0.0,"5":0.0,"6":0.1111111111,"7":0.05,"8":0.0869565217,"9":0.1047619048,"10":0.0740740741,"11":0.0256410256,"12":0.0,"13":0.0396825397,"14":0.0663153272,"15":0.0446650124,"16":0.119047619,"17":0.6666666667,"18":0.1109195402,"19":0.1135151156,"20":0.1081081081,"21":0.1621621622,"22":0.0760233918,"23":0.0338983051,"24":0.0},"main_std":{"0":0.0685118654,"1":0.0,"2":0.1535487514,"3":0.2024668919,"4":0.1246596791,"5":0.1332539965,"6":0.2121932085,"7":0.0955290308,"8":0.1639351863,"9":0.1608935249,"10":0.0863413171,"11":0.0723674793,"12":0.0,"13":0.1284535634,"14":0.1881955444,"15":0.118199344,"16":0.1244003004,"17":0.3441754822,"18":0.2024668919,"19":0.1403258469,"20":0.194811546,"21":0.1714592079,"22":0.1150991101,"23":0.1134409978,"24":0.0132161919},"sentiment_std":{"0":0.0,"1":0.0,"2":0.402984162,"3":0.469661844,"4":0.0,"5":0.0,"6":0.5694409878,"7":0.2236067977,"8":0.3824465046,"9":0.3903600292,"10":0.3280503788,"11":0.3618068318,"12":0.0,"13":0.3200198407,"14":0.4270028716,"15":0.3568659523,"16":0.4119639374,"17":0.5773502692,"18":0.469661844,"19":0.4977041005,"20":0.3932615601,"21":0.4063545596,"22":0.2870918679,"23":0.260377822,"24":0.0},"sentiment_pv":{"0":5.727945027e-113,"1":5.727945027e-113,"2":0.4932464581,"3":0.219862103,"4":5.727945027e-113,"5":5.727945027e-113,"6":0.7950855625,"7":0.3689028985,"8":0.6419398324,"9":0.8229942958,"10":0.6242190224,"11":0.2321159011,"12":5.727945027e-113,"13":0.0521282711,"14":0.0025593683,"15":0.0050282331,"16":0.536769276,"17":0.2291045999,"18":0.219862103,"19":0.0692599866,"20":0.8547987667,"21":0.1682140445,"22":0.3687209447,"23":0.0733149125,"24":5.727945027e-113},"main_pv":{"0":0.285973851,"1":0.00002141,"2":0.5218704852,"3":0.0836531892,"4":0.5254120129,"5":0.755140708,"6":0.2570891733,"7":0.9701837584,"8":0.8146612252,"9":0.0118310627,"10":0.3376877442,"11":0.0284920696,"12":0.00002141,"13":0.2351112367,"14":0.706327906,"15":0.0027024946,"16":0.7464813115,"17":0.4895661951,"18":0.0836531892,"19":0.108961515,"20":0.0209200424,"21":0.1308172099,"22":0.0248813698,"23":0.1555568492,"24":0.4277761092},"count":{"0":6,"1":4,"2":714,"3":1740,"4":5,"5":9,"6":99,"7":20,"8":391,"9":105,"10":54,"11":39,"12":3,"13":126,"14":2277,"15":403,"16":126,"17":3,"18":1740,"19":3374,"20":37,"21":74,"22":171,"23":59,"24":5},"nb_en":{"0":1,"1":0,"2":191,"3":851,"4":1,"5":0,"6":88,"7":4,"8":101,"9":18,"10":11,"11":6,"12":0,"13":18,"14":762,"15":103,"16":53,"17":0,"18":851,"19":1467,"20":3,"21":28,"22":35,"23":12,"24":0},"nb_de":{"0":5,"1":4,"2":510,"3":249,"4":4,"5":0,"6":6,"7":16,"8":6,"9":87,"10":42,"11":33,"12":3,"13":108,"14":14,"15":297,"16":49,"17":3,"18":249,"19":1859,"20":34,"21":24,"22":134,"23":38,"24":5},"nb_fr":{"0":0,"1":0,"2":13,"3":640,"4":0,"5":9,"6":5,"7":0,"8":284,"9":0,"10":1,"11":0,"12":0,"13":0,"14":1501,"15":3,"16":24,"17":0,"18":640,"19":48,"20":0,"21":22,"22":2,"23":9,"24":0}}