{"canton":{"0":"UR","1":"BE","2":"ZG","3":"BL","4":"TG","5":"TI","6":"VD","7":"SG","8":"JU","9":"SH","10":"AG","11":"GE","12":"BS","13":"FR","14":"SO","15":"AR","16":"GL","17":"ZH","18":"VS","19":"NE","20":"LU","21":"GR","22":"SZ"},"main_mean":{"0":-0.1874976563,"1":-0.027738775,"2":-0.0067832134,"3":0.0937494141,"4":0.0069110535,"5":-0.0183293106,"6":-0.0048063069,"7":0.0056701312,"8":-0.035333081,"9":0.2206468398,"10":0.0232945513,"11":-0.015490751,"12":-0.0120796669,"13":-0.0035729054,"14":0.0,"15":-0.1111098766,"16":-0.0067832134,"17":-0.017005908,"18":-0.0031368992,"19":0.0053980624,"20":-0.0351707672,"21":-0.1132381357,"22":-0.0533555615},"sentiment_mean":{"0":1.0,"1":0.1967213115,"2":0.2138263666,"3":0.5,"4":0.0,"5":0.0821917808,"6":0.0965517241,"7":0.1666666667,"8":0.0,"9":0.6666666667,"10":0.0434782609,"11":0.0950226244,"12":-0.0060240964,"13":0.1818181818,"14":0.3333333333,"15":0.0,"16":0.2138263666,"17":0.2209072978,"18":0.1052631579,"19":0.1666666667,"20":0.2558139535,"21":0.0,"22":0.25},"main_std":{"0":0.2651617284,"1":0.209515466,"2":0.2423466515,"3":0.1325816928,"4":0.0119702958,"5":0.200197022,"6":0.1974915592,"7":0.2513085517,"8":0.0611986914,"9":0.2936369864,"10":0.1073610382,"11":0.1734625845,"12":0.1884590322,"13":0.0987278867,"14":0.0,"15":null,"16":0.2423466515,"17":0.1769313999,"18":0.1730051907,"19":0.0371326476,"20":0.1245752899,"21":0.1681779406,"22":0.0661960053},"sentiment_std":{"0":0.0,"1":0.6063674619,"2":0.6301101471,"3":0.7071067812,"4":0.0,"5":0.5713878002,"6":0.5691628591,"7":0.4815434123,"8":0.0,"9":0.8164965809,"10":0.638055346,"11":0.6508275937,"12":0.7006229951,"13":0.5401432744,"14":0.5773502692,"15":null,"16":0.6301101471,"17":0.6736463757,"18":0.4588314677,"19":0.5773502692,"20":0.6580281965,"21":0.5773502692,"22":0.5},"sentiment_pv":{"0":0.0,"1":0.657285071,"2":0.1667369532,"3":0.6342552197,"4":2.410708215e-70,"5":0.1677341624,"6":0.1003210492,"7":0.9228422512,"8":2.410708215e-70,"9":0.2013255295,"10":0.3299979834,"11":0.0007145233,"12":0.0011678293,"13":0.9470184685,"14":0.6840755982,"15":null,"16":0.1667369532,"17":0.0247844002,"18":0.5097780224,"19":0.9548408693,"20":0.4348761557,"21":0.4502008983,"22":0.7875751571},"main_pv":{"0":0.523166735,"1":0.3573392391,"2":0.5291093367,"3":0.4580952537,"4":0.080959684,"5":0.8282029602,"6":0.6159715313,"7":0.7169955662,"8":0.5951998276,"9":0.1085991866,"10":0.1200277239,"11":0.7251603165,"12":0.941055355,"13":0.5297288974,"14":0.0000107205,"15":null,"16":0.5291093367,"17":0.4820704338,"18":0.8035195097,"19":0.1192509254,"20":0.2591244611,"21":0.1667291512,"22":0.312078603},"count":{"0":2,"1":183,"2":622,"3":2,"4":3,"5":73,"6":145,"7":24,"8":3,"9":6,"10":23,"11":884,"12":166,"13":44,"14":3,"15":1,"16":622,"17":1521,"18":19,"19":12,"20":43,"21":7,"22":4},"nb_en":{"0":2,"1":164,"2":598,"3":2,"4":2,"5":73,"6":136,"7":13,"8":1,"9":6,"10":23,"11":819,"12":132,"13":31,"14":3,"15":1,"16":598,"17":1398,"18":16,"19":11,"20":37,"21":7,"22":3},"nb_de":{"0":0,"1":19,"2":14,"3":0,"4":1,"5":0,"6":1,"7":11,"8":0,"9":0,"10":0,"11":6,"12":33,"13":1,"14":0,"15":0,"16":14,"17":118,"18":3,"19":0,"20":6,"21":0,"22":1},"nb_fr":{"0":0,"1":0,"2":10,"3":0,"4":0,"5":0,"6":8,"7":0,"8":2,"9":0,"10":0,"11":59,"12":1,"13":12,"14":0,"15":0,"16":10,"17":5,"18":0,"19":1,"20":0,"21":0,"22":0}}