{"canton":{"0":"SG","1":"GL","2":"VS","3":"SO","4":"AG","5":"TG","6":"ZH","7":"BE","8":"GE","9":"BS","10":"AR","11":"LU","12":"GR","13":"ZG","14":"UR","15":"VD","16":"SH","17":"BL","18":"TI","19":"SZ","20":"NE","21":"FR"},"main_mean":{"0":0.0068763758,"1":-0.0086180854,"2":0.007142881,"3":0.0,"4":0.0827573256,"5":0.071427551,"6":-0.0215486357,"7":-0.0775296512,"8":-0.0284803576,"9":-0.014225775,"10":0.3636330579,"11":-0.0356378371,"12":-0.0899991833,"13":-0.0086180854,"14":-0.2499958334,"15":-0.005195729,"16":0.0092878312,"17":0.0,"18":-0.0351416833,"19":0.02499975,"20":0.0236729127,"21":-0.0403090302},"sentiment_mean":{"0":0.3684210526,"1":0.2947368421,"2":0.1428571429,"3":0.0,"4":0.0,"5":0.5,"6":0.207201087,"7":0.1094527363,"8":0.0556745182,"9":0.1290322581,"10":1.0,"11":0.2564102564,"12":0.2,"13":0.2947368421,"14":0.0,"15":0.2333333333,"16":0.4285714286,"17":0.0,"18":0.1818181818,"19":0.25,"20":0.5555555556,"21":0.2916666667},"main_std":{"0":0.0537799225,"1":0.2234383534,"2":0.1058494077,"3":0.0,"4":0.3093537732,"5":0.1010138114,"6":0.2076510545,"7":0.2205830787,"8":0.1803769141,"9":0.1556558155,"10":null,"11":0.2013745544,"12":0.1244978849,"13":0.2234383534,"14":0.3535474981,"15":0.1712147596,"16":0.2157371745,"17":null,"18":0.1782484926,"19":0.0499995,"20":0.093324725,"21":0.1069864084},"sentiment_std":{"0":0.5972647204,"1":0.6474014715,"2":0.5345224838,"3":0.0,"4":0.7844645406,"5":0.7071067812,"6":0.6877601694,"7":0.6464984138,"8":0.6937980694,"9":0.6630923349,"10":null,"11":0.6373443553,"12":0.4472135955,"13":0.6474014715,"14":0.0,"15":0.68777446,"16":0.5345224838,"17":null,"18":0.4933119128,"19":0.5,"20":0.5113099926,"21":0.6174185564},"sentiment_pv":{"0":0.220717466,"1":0.0005683278,"2":0.725953359,"3":4.473702961e-74,"4":0.3717891811,"5":0.6505009928,"6":0.5294770461,"7":0.0715782904,"8":0.0000000361,"9":0.351458737,"10":null,"11":0.5474742439,"12":0.9780946055,"13":0.0005683278,"14":4.473702961e-74,"15":0.5939814393,"16":0.2903573948,"17":null,"18":0.8419402458,"19":0.8376683961,"20":0.0081697623,"21":0.2825220165},"main_pv":{"0":0.0373429345,"1":0.1930947732,"2":0.3324918902,"3":0.0,"4":0.2297992686,"5":0.4169237777,"6":0.9916099047,"7":0.0005064182,"8":0.2958007873,"9":0.6599757878,"10":null,"11":0.6646152031,"12":0.2861528438,"13":0.1930947732,"14":0.5285482685,"15":0.3762629476,"16":0.7190520394,"17":null,"18":0.5398232854,"19":0.1594113979,"20":0.0574283294,"21":0.2377999296},"count":{"0":19,"1":570,"2":14,"3":2,"4":14,"5":2,"6":1472,"7":201,"8":934,"9":93,"10":1,"11":39,"12":5,"13":570,"14":2,"15":90,"16":7,"17":1,"18":66,"19":4,"20":18,"21":48},"nb_en":{"0":19,"1":570,"2":14,"3":2,"4":14,"5":2,"6":1472,"7":201,"8":934,"9":93,"10":1,"11":39,"12":5,"13":570,"14":2,"15":90,"16":7,"17":1,"18":66,"19":4,"20":18,"21":48},"nb_de":{"0":0,"1":0,"2":0,"3":0,"4":0,"5":0,"6":0,"7":0,"8":0,"9":0,"10":0,"11":0,"12":0,"13":0,"14":0,"15":0,"16":0,"17":0,"18":0,"19":0,"20":0,"21":0}}