{"canton":{"0":"SG","1":"VS","2":"AG","3":"TG","4":"ZH","5":"BE","6":"GE","7":"BS","8":"GL","9":"LU","10":"OW","11":"GR","12":"ZG","13":"UR","14":"VD","15":"SH","16":"BL","17":"NW","18":"TI","19":"SO","20":"NE","21":"FR"},"main_mean":{"0":-0.0065045559,"1":-0.0026726532,"2":-0.0463410171,"3":0.244439926,"4":-0.0211671205,"5":-0.0410974878,"6":-0.0150410878,"7":-0.0197103895,"8":0.0026703214,"9":0.0277522565,"10":0.4999937501,"11":-0.3749953126,"12":0.0026703214,"13":0.0,"14":-0.006549116,"15":0.0,"16":0.0,"17":0.0,"18":-0.0781430727,"19":-0.0030887344,"20":-0.005434759,"21":-0.0359119851},"sentiment_mean":{"0":-0.1538461538,"1":0.3181818182,"2":0.12,"3":0.3333333333,"4":0.243902439,"5":0.1551724138,"6":0.1553524804,"7":0.0672268908,"8":0.2340702211,"9":0.1515151515,"10":1.0,"11":0.0,"12":0.2340702211,"13":0.0,"14":0.1811023622,"15":0.0,"16":-1.0,"17":-1.0,"18":0.0563380282,"19":-0.0208333333,"20":0.0,"21":0.2660550459},"main_std":{"0":0.0778155406,"1":0.1434743034,"2":0.1971539586,"3":0.2142992947,"4":0.1867925356,"5":0.2239337032,"6":0.2019903371,"7":0.2163192392,"8":0.2392803235,"9":0.2258916506,"10":null,"11":null,"12":0.2392803235,"13":null,"14":0.2285629801,"15":0.0,"16":null,"17":null,"18":0.2273533886,"19":0.1317082394,"20":0.0153718197,"21":0.138906666},"sentiment_std":{"0":0.800640769,"1":0.716231117,"2":0.7257180352,"3":1.1547005384,"4":0.6877586631,"5":0.6397721091,"6":0.7108064598,"7":0.685578964,"8":0.65338398,"9":0.5657523819,"10":null,"11":null,"12":0.65338398,"13":null,"14":0.6948486513,"15":0.0,"16":null,"17":null,"18":0.4747126633,"19":0.6010481389,"20":0.755928946,"21":0.6031123265},"sentiment_pv":{"0":0.1309744538,"1":0.4730609256,"2":0.5582154472,"3":0.8665596093,"4":0.07787543,"5":0.3027006259,"6":0.0648828598,"7":0.0306971703,"8":0.2806412411,"9":0.5832317911,"10":null,"11":null,"12":0.2806412411,"13":null,"14":0.6864544014,"15":4.424368488e-88,"16":null,"17":null,"18":0.0106149237,"19":0.0122898679,"20":0.4654962149,"21":0.3110878116},"main_pv":{"0":0.7853969168,"1":0.7506109599,"2":0.4016692767,"3":0.173298376,"4":0.1519420118,"5":0.1003647085,"6":0.7567818113,"7":0.7229505909,"8":0.0977995994,"9":0.3142701974,"10":null,"11":null,"12":0.0977995994,"13":null,"14":0.7696379886,"15":0.0000814401,"16":null,"17":null,"18":0.0183547994,"19":0.6248366544,"20":0.2782299878,"21":0.0906137125},"count":{"0":13,"1":22,"2":25,"3":3,"4":1353,"5":174,"6":766,"7":119,"8":769,"9":33,"10":1,"11":1,"12":769,"13":1,"14":127,"15":5,"16":1,"17":1,"18":71,"19":48,"20":8,"21":109},"nb_en":{"0":13,"1":22,"2":25,"3":3,"4":1353,"5":174,"6":766,"7":119,"8":769,"9":33,"10":1,"11":1,"12":769,"13":1,"14":127,"15":5,"16":1,"17":1,"18":71,"19":48,"20":8,"21":109},"nb_de":{"0":0,"1":0,"2":0,"3":0,"4":0,"5":0,"6":0,"7":0,"8":0,"9":0,"10":0,"11":0,"12":0,"13":0,"14":0,"15":0,"16":0,"17":0,"18":0,"19":0,"20":0,"21":0}}