{"canton":{"0":"NE","1":"GE","2":"GL","3":"BE","4":"SZ","5":"TG","6":"UR","7":"FR","8":"BS","9":"ZH","10":"SO","11":"VD","12":"SG","13":"GR","14":"ZG","15":"AR","16":"LU","17":"TI","18":"JU","19":"AG","20":"SH","21":"VS","22":"BL","23":"NW"},"main_mean":{"0":0.0100666587,"1":-0.0207896187,"2":-0.0100042124,"3":-0.0098885394,"4":0.1666638889,"5":0.0293320926,"6":-0.1781392432,"7":-0.007059824,"8":0.0037054985,"9":-0.0051627101,"10":0.0339198515,"11":-0.0112686411,"12":0.0047465618,"13":-0.0046593249,"14":-0.0100107406,"15":0.0073460973,"16":0.0000133033,"17":-0.0503774016,"18":0.0285695753,"19":-0.0057564338,"20":0.0001292119,"21":-0.0107601886,"22":-0.0214862178,"23":0.0},"sentiment_mean":{"0":0.1395348837,"1":0.0548463357,"2":0.106884058,"3":0.0503597122,"4":0.3333333333,"5":0.0967741935,"6":-0.2857142857,"7":0.067961165,"8":0.0412371134,"9":0.1262531328,"10":0.1212121212,"11":0.0660592255,"12":0.0434782609,"13":0.0,"14":0.1069486405,"15":0.0,"16":0.0747126437,"17":0.0202020202,"18":0.0,"19":0.015503876,"20":0.0256410256,"21":0.1304347826,"22":-0.125,"23":0.0},"main_std":{"0":0.0920439989,"1":0.177896686,"2":0.1888420762,"3":0.1232667798,"4":0.2886703234,"5":0.1528842787,"6":0.3742326025,"7":0.0798957672,"8":0.077124022,"9":0.1412282172,"10":0.2238292003,"11":0.1773149917,"12":0.1070773357,"13":0.0798777591,"14":0.1888989671,"15":0.0103889505,"16":0.1110215762,"17":0.1662558622,"18":0.1002785916,"19":0.0791375081,"20":0.0657268988,"21":0.0925755947,"22":0.0928018272,"23":null},"sentiment_std":{"0":0.4129680807,"1":0.4412707552,"2":0.4465926872,"3":0.3697520211,"4":0.5773502692,"5":0.3005371535,"6":0.4879500365,"7":0.3212150926,"8":0.3268367149,"9":0.491902461,"10":0.4808694534,"11":0.38547925,"12":0.3600999946,"13":0.254000254,"14":0.4467199352,"15":0.0,"16":0.3878854461,"17":0.4280901579,"18":0.0,"19":0.2495150335,"20":0.2797724157,"21":0.4004828004,"22":0.3415650255,"23":null},"sentiment_pv":{"0":0.4387892129,"1":0.000741175,"2":0.1556926473,"3":0.0031698259,"4":0.541625332,"5":0.9041908624,"6":0.0876670485,"7":0.48754505,"8":0.0044200334,"9":0.0001924397,"10":0.6030241808,"11":0.201302146,"12":0.1699688734,"13":0.0541472156,"14":0.1543099105,"15":6.170987922e-101,"16":0.602647713,"17":0.1085274458,"18":6.170987922e-101,"19":0.0010781451,"20":0.1593618393,"21":0.500179609,"22":0.0236253778,"23":null},"main_pv":{"0":0.1678904379,"1":0.0079204146,"2":0.9566118186,"3":0.973583838,"4":0.4008080955,"5":0.165657842,"6":0.2788037048,"7":0.7389993429,"8":0.0014646535,"9":0.1183274531,"10":0.1184333622,"11":0.8588412758,"12":0.1541872956,"13":0.7230041956,"14":0.9555715337,"15":0.2469861514,"16":0.2557535376,"17":0.0172417058,"18":0.2130150752,"19":0.5775682286,"20":0.3591052709,"21":0.9410172522,"22":0.6206503863,"23":null},"count":{"0":43,"1":2115,"2":1656,"3":834,"4":3,"5":31,"6":7,"7":103,"8":388,"9":3192,"10":66,"11":439,"12":115,"13":32,"14":1655,"15":2,"16":174,"17":99,"18":12,"19":129,"20":39,"21":46,"22":16,"23":1},"nb_en":{"0":15,"1":763,"2":703,"3":193,"4":2,"5":6,"6":2,"7":29,"8":76,"9":1356,"10":24,"11":110,"12":16,"13":3,"14":703,"15":0,"16":33,"17":86,"18":2,"19":27,"20":4,"21":16,"22":1,"23":0},"nb_de":{"0":18,"1":7,"2":272,"3":614,"4":1,"5":25,"6":5,"7":20,"8":305,"9":1774,"10":42,"11":10,"12":99,"13":29,"14":271,"15":2,"16":140,"17":8,"18":0,"19":100,"20":35,"21":18,"22":15,"23":1}}