{"canton":{"0":"UR","1":"NW","2":"BE","3":"ZG","4":"BL","5":"TI","6":"TG","7":"VD","8":"SG","9":"JU","10":"SH","11":"AG","12":"GE","13":"BS","14":"FR","15":"SO","16":"AR","17":"GL","18":"ZH","19":"VS","20":"NE","21":"LU","22":"GR","23":"SZ"},"main_mean":{"0":0.0002288863,"1":-0.0111561105,"2":-0.0212905965,"3":0.0014320695,"4":-0.0534080356,"5":-0.1209594887,"6":0.0105032177,"7":0.0135856243,"8":0.0286261445,"9":-0.0325744539,"10":0.0247478469,"11":0.0074690711,"12":-0.0135568532,"13":0.0046591163,"14":0.030336188,"15":0.0755735938,"16":0.0137044835,"17":0.0012486927,"18":0.0011668173,"19":0.0535759113,"20":0.0102961944,"21":-0.0021241307,"22":0.0089013226,"23":0.0256590895},"sentiment_mean":{"0":0.0,"1":0.0,"2":0.0711678832,"3":0.1059063136,"4":0.0,"5":0.0410958904,"6":0.0,"7":0.0813704497,"8":0.1538461538,"9":0.0,"10":0.0588235294,"11":0.036036036,"12":0.037723362,"13":0.0567164179,"14":0.0825688073,"15":0.1944444444,"16":0.0,"17":0.1050484447,"18":0.1658745247,"19":0.2272727273,"20":0.027027027,"21":0.1,"22":0.0444444444,"23":0.0},"main_std":{"0":0.000242933,"1":0.0157771228,"2":0.1291827267,"3":0.1808455058,"4":0.1386640472,"5":0.2545525753,"6":0.0334754627,"7":0.1705029999,"8":0.0939317247,"9":0.1844700347,"10":0.1259264221,"11":0.1597869896,"12":0.1836600062,"13":0.1125016958,"14":0.1606264295,"15":0.2654626209,"16":0.1535864034,"17":0.1808239163,"18":0.1558525609,"19":0.1704409612,"20":0.117984512,"21":0.1141949494,"22":0.0367559396,"23":0.0433034675},"sentiment_std":{"0":0.0,"1":0.0,"2":0.4016065829,"3":0.4592245156,"4":0.0,"5":0.5384740828,"6":0.0,"7":0.4009321834,"8":0.3636090462,"9":0.0,"10":0.242535625,"11":0.3549117157,"12":0.3875972583,"13":0.3542825594,"14":0.4111510574,"15":0.401386486,"16":0.0,"17":0.4586804612,"18":0.5165403911,"19":0.4965923587,"20":0.1643989873,"21":0.3658045238,"22":0.2084090771,"23":0.0},"sentiment_pv":{"0":6.506090635e-108,"1":6.506090635e-108,"2":0.0814380251,"3":0.7403502851,"4":6.506090635e-108,"5":0.3371171158,"6":6.506090635e-108,"7":0.2772530207,"8":0.2583046588,"9":6.506090635e-108,"10":0.4732158671,"11":0.0542513786,"12":0.0000000049,"13":0.0229037009,"14":0.6222992941,"15":0.1773647055,"16":6.506090635e-108,"17":0.7981500658,"18":0.0000001695,"19":0.0207490155,"20":0.0092816913,"21":0.94517707,"22":0.072578698,"23":6.506090635e-108},"main_pv":{"0":0.4203701542,"1":0.5331773122,"2":0.0005332642,"3":0.5579724855,"4":0.4470442538,"5":0.0001437817,"6":0.2052374507,"7":0.0684007279,"8":0.0137942652,"9":0.6233870662,"10":0.4093716205,"11":0.5727948699,"12":0.0138475889,"13":0.3622863917,"14":0.0442730201,"15":0.0918523507,"16":0.8392467349,"17":0.5863160894,"18":0.5408503705,"19":0.0035127683,"20":0.5597981293,"21":0.9221467156,"22":0.0855293913,"23":0.2387586937},"count":{"0":10,"1":2,"2":548,"3":1964,"4":5,"5":73,"6":15,"7":467,"8":65,"9":9,"10":17,"11":111,"12":1511,"13":335,"14":109,"15":36,"16":5,"17":1961,"18":2104,"19":88,"20":37,"21":140,"22":45,"23":5},"nb_en":{"0":1,"1":0,"2":179,"3":932,"4":1,"5":60,"6":0,"7":111,"8":13,"9":1,"10":1,"11":22,"12":457,"13":72,"14":50,"15":10,"16":1,"17":932,"18":957,"19":41,"20":2,"21":33,"22":2,"23":0},"nb_de":{"0":9,"1":2,"2":357,"3":275,"4":4,"5":6,"6":15,"7":21,"8":52,"9":0,"10":16,"11":88,"12":7,"13":257,"14":30,"15":26,"16":4,"17":272,"18":1098,"19":34,"20":21,"21":105,"22":43,"23":5},"nb_fr":{"0":0,"1":0,"2":12,"3":757,"4":0,"5":7,"6":0,"7":335,"8":0,"9":8,"10":0,"11":1,"12":1047,"13":6,"14":29,"15":0,"16":0,"17":757,"18":49,"19":13,"20":14,"21":2,"22":0,"23":0}}