{"canton":{"0":"SG","1":"JU","2":"VS","3":"SZ","4":"AG","5":"TG","6":"ZH","7":"BE","8":"GE","9":"BS","10":"GL","11":"LU","12":"GR","13":"ZG","14":"UR","15":"VD","16":"SH","17":"BL","18":"TI","19":"SO","20":"NE","21":"FR"},"main_mean":{"0":0.0197419308,"1":-0.071427551,"2":0.030391554,"3":0.3076925049,"4":0.0264587108,"5":0.0,"6":-0.0237310328,"7":-0.062155362,"8":-0.0139499422,"9":-0.0063102702,"10":-0.024714678,"11":-0.1240878739,"12":0.0159059843,"13":-0.024714678,"14":0.0,"15":0.007866556,"16":0.0129868949,"17":-0.299997,"18":-0.0821257427,"19":0.1111000011,"20":0.0119032408,"21":-0.0263861836},"sentiment_mean":{"0":0.0476190476,"1":0.0,"2":0.3529411765,"3":0.6666666667,"4":0.0,"5":0.0,"6":0.2308791994,"7":0.2310756972,"8":0.1133603239,"9":0.1492537313,"10":0.164053076,"11":0.0294117647,"12":0.0,"13":0.164053076,"14":0.5,"15":0.1326530612,"16":0.5714285714,"17":0.0,"18":0.0735294118,"19":0.0,"20":0.3571428571,"21":0.3090909091},"main_std":{"0":0.1073499964,"1":0.1010138114,"2":0.1956539435,"3":0.6007882472,"4":0.138689996,"5":null,"6":0.1872919918,"7":0.2143297509,"8":0.1808018964,"9":0.2932071735,"10":0.2363273354,"11":0.2726353635,"12":0.4362638368,"13":0.2363273354,"14":0.0,"15":0.2267183551,"16":0.0343600943,"17":null,"18":0.2208966168,"19":0.3333000033,"20":0.1662019217,"21":0.0754210815},"sentiment_std":{"0":0.6690433825,"1":0.0,"2":0.6063390626,"3":0.5773502692,"4":0.632455532,"5":null,"6":0.7007180144,"7":0.646831074,"8":0.7037330314,"9":0.7018100266,"10":0.6423921004,"11":0.7171194109,"12":0.755928946,"13":0.6423921004,"14":0.7071067812,"15":0.6831967778,"16":0.5345224838,"17":null,"18":0.5273469636,"19":0.7071067812,"20":0.4972451581,"21":0.5732534593},"sentiment_pv":{"0":0.380113488,"1":1.225858354e-68,"2":0.2549082666,"3":0.2809069834,"4":0.1626934205,"5":null,"6":0.0146232668,"7":0.2159942949,"8":0.0182531985,"9":0.732014195,"10":0.5430800361,"11":0.2340918305,"12":0.5248473889,"13":0.5430800361,"14":0.6365940203,"15":0.5084091808,"16":0.1001577926,"17":null,"18":0.1079265917,"19":0.4698395746,"20":0.2038508444,"21":0.100565678},"main_pv":{"0":0.0785852844,"1":0.6267383485,"2":0.269489894,"3":0.4398675596,"4":0.0769769778,"5":null,"6":0.9646969256,"7":0.0064072456,"8":0.1723753567,"9":0.6245122077,"10":0.9346270888,"11":0.0401285573,"12":0.8033595206,"13":0.9346270888,"14":0.0,"15":0.1712322071,"16":0.0289382262,"17":null,"18":0.0346446031,"19":0.2587828803,"20":0.4345472686,"21":0.8229031421},"count":{"0":21,"1":2,"2":17,"3":3,"4":26,"5":1,"6":1399,"7":251,"8":741,"9":67,"10":829,"11":34,"12":8,"13":829,"14":2,"15":98,"16":7,"17":1,"18":68,"19":9,"20":14,"21":55},"nb_en":{"0":21,"1":2,"2":17,"3":3,"4":26,"5":1,"6":1399,"7":251,"8":741,"9":67,"10":829,"11":34,"12":8,"13":829,"14":2,"15":98,"16":7,"17":1,"18":68,"19":9,"20":14,"21":55},"nb_de":{"0":0,"1":0,"2":0,"3":0,"4":0,"5":0,"6":0,"7":0,"8":0,"9":0,"10":0,"11":0,"12":0,"13":0,"14":0,"15":0,"16":0,"17":0,"18":0,"19":0,"20":0,"21":0}}