{"canton":{"0":"SG","1":"GL","2":"JU","3":"VS","4":"SO","5":"AG","6":"TG","7":"ZH","8":"BE","9":"GE","10":"BS","11":"AR","12":"LU","13":"GR","14":"ZG","15":"UR","16":"VD","17":"SH","18":"BL","19":"TI","20":"SZ","21":"NE","22":"FR"},"main_mean":{"0":0.0205115408,"1":-0.0054341366,"2":0.0,"3":-0.0018608087,"4":0.0,"5":0.0232945513,"6":0.0,"7":-0.0200186863,"8":-0.0317627734,"9":-0.0157632869,"10":-0.0135974891,"11":-0.1111098766,"12":-0.0486132058,"13":-0.1132381357,"14":-0.0054341366,"15":-0.1874976563,"16":-0.0011694149,"17":0.2206468398,"18":0.0937494141,"19":-0.0133756161,"20":-0.0454543388,"21":0.0050504209,"22":-0.0040322507},"sentiment_mean":{"0":0.25,"1":0.2224080268,"2":0.0,"3":0.125,"4":0.3333333333,"5":0.0434782609,"6":0.0,"7":0.2260869565,"8":0.2208588957,"9":0.1025641026,"10":-0.0075757576,"11":0.0,"12":0.2972972973,"13":0.0,"14":0.2224080268,"15":1.0,"16":0.1037037037,"17":0.6666666667,"18":0.5,"19":0.0833333333,"20":0.3333333333,"21":0.1818181818,"22":0.2580645161},"main_std":{"0":0.3347536684,"1":0.246257746,"2":null,"3":0.1893842955,"4":0.0,"5":0.1073610382,"6":0.0,"7":0.1846288663,"8":0.2216250827,"9":0.1774976916,"10":0.2112839674,"11":null,"12":0.1228148965,"13":0.1681779406,"14":0.246257746,"15":0.2651617284,"16":0.1997398755,"17":0.2936369864,"18":0.1325816928,"19":0.1970450573,"20":0.0787292243,"21":0.0389245628,"22":0.1180606779},"sentiment_std":{"0":0.6215815605,"1":0.6411617027,"2":null,"3":0.5,"4":0.5773502692,"5":0.638055346,"6":0.0,"7":0.6936262552,"8":0.6385220191,"9":0.6756185388,"10":0.7862968781,"11":null,"12":0.7017780935,"13":0.5773502692,"14":0.6411617027,"15":0.0,"16":0.5893846282,"17":0.8164965809,"18":0.7071067812,"19":0.575313754,"20":0.5773502692,"21":0.6030226892,"22":0.6307530914},"sentiment_pv":{"0":0.7274405286,"1":0.1947896121,"2":null,"3":0.6351239403,"4":0.7012739546,"5":0.2978554563,"6":4.140547664e-67,"7":0.0599745676,"8":0.4929375067,"9":0.0013284445,"10":0.0059888777,"11":null,"12":0.3419102174,"13":0.4276918684,"14":0.1947896121,"15":0.0,"16":0.1154729114,"17":0.2087511177,"18":0.6427663941,"19":0.139786609,"20":0.7012739546,"21":0.9832300223,"22":0.5297378061},"main_pv":{"0":0.7290094175,"1":0.4264394089,"2":null,"3":0.8039463331,"4":0.0000186454,"5":0.1141897954,"6":0.0000186454,"7":0.2981874264,"8":0.3117727943,"9":0.784460173,"10":0.9892281572,"11":null,"12":0.0973116404,"13":0.1691670769,"14":0.4264394089,"15":0.524376109,"16":0.4696695921,"17":0.1078327679,"18":0.4561154506,"19":0.9839110095,"20":0.559058812,"21":0.1474093752,"22":0.6503024333},"count":{"0":12,"1":598,"2":1,"3":16,"4":3,"5":23,"6":2,"7":1380,"8":163,"9":819,"10":132,"11":1,"12":37,"13":7,"14":598,"15":2,"16":135,"17":6,"18":2,"19":72,"20":3,"21":11,"22":31},"nb_en":{"0":12,"1":598,"2":1,"3":16,"4":3,"5":23,"6":2,"7":1380,"8":163,"9":819,"10":132,"11":1,"12":37,"13":7,"14":598,"15":2,"16":135,"17":6,"18":2,"19":72,"20":3,"21":11,"22":31},"nb_de":{"0":0,"1":0,"2":0,"3":0,"4":0,"5":0,"6":0,"7":0,"8":0,"9":0,"10":0,"11":0,"12":0,"13":0,"14":0,"15":0,"16":0,"17":0,"18":0,"19":0,"20":0,"21":0,"22":0}}