{"canton":{"0":"SG","1":"GL","2":"JU","3":"VS","4":"UR","5":"AG","6":"TG","7":"ZH","8":"VD","9":"BE","10":"BL","11":"GE","12":"BS","13":"TI","14":"SO","15":"LU","16":"GR","17":"NE","18":"ZG","19":"FR"},"main_mean":{"0":0.0340912415,"1":-0.0259641046,"2":0.0,"3":-0.0016836267,"4":-0.0357137755,"5":-0.0125512943,"6":0.4999875003,"7":-0.022713805,"8":-0.0758005738,"9":-0.1039218457,"10":0.0,"11":-0.0061887001,"12":0.0069209601,"13":-0.0591287403,"14":-0.0769224852,"15":-0.0132825667,"16":0.0312496094,"17":0.0138887346,"18":-0.0259641046,"19":-0.2208126169},"sentiment_mean":{"0":0.4615384615,"1":0.1614518148,"2":0.0,"3":0.3333333333,"4":0.0,"5":-0.0833333333,"6":1.0,"7":0.2268041237,"8":0.1756756757,"9":0.2824427481,"10":0.0,"11":0.1852589641,"12":0.1460674157,"13":0.0281690141,"14":-0.3333333333,"15":0.4285714286,"16":0.5,"17":0.125,"18":0.1614518148,"19":-0.3636363636},"main_std":{"0":0.1250223008,"1":0.2376129861,"2":null,"3":0.1174704569,"4":0.071427551,"5":0.2015963283,"6":null,"7":0.1892484687,"8":0.1638494744,"9":0.2119246399,"10":null,"11":0.2104427489,"12":0.2383971664,"13":0.2002987835,"14":0.1332336526,"15":0.1199127942,"16":0.0624992188,"17":0.0392832736,"18":0.2376129861,"19":0.2510739074},"sentiment_std":{"0":0.5188745217,"1":0.671821595,"2":null,"3":0.5,"4":0.0,"5":0.7172815024,"6":null,"7":0.7128351324,"8":0.6694530196,"9":0.6235729451,"10":null,"11":0.6860033757,"12":0.7158999708,"13":0.5598936375,"14":0.5773502692,"15":0.6900655593,"16":0.5773502692,"17":0.3535533906,"18":0.671821595,"19":0.5045249791},"sentiment_pv":{"0":0.0777975076,"1":0.4057054848,"2":null,"3":0.3956150379,"4":2.50744396e-54,"5":0.0821975949,"6":null,"7":0.1056833458,"8":0.9215097144,"9":0.0777099836,"10":null,"11":0.9560666667,"12":0.6274097488,"13":0.0241325114,"14":0.261109109,"15":0.0718798876,"16":0.3530735045,"17":0.6553863793,"18":0.4057054848,"19":0.0048714445},"main_pv":{"0":0.1099764181,"1":0.997557612,"2":null,"3":0.5534418935,"4":0.8037969743,"5":0.7478434498,"6":null,"7":0.6579668807,"8":0.0121651686,"9":0.0000627454,"10":null,"11":0.0503232571,"12":0.2007670996,"13":0.1726084731,"14":0.5761225991,"15":0.5842627316,"16":0.1639437677,"17":0.0240409389,"18":0.997557612,"19":0.0277717453},"count":{"0":13,"1":799,"2":1,"3":9,"4":4,"5":24,"6":1,"7":873,"8":74,"9":131,"10":1,"11":502,"12":89,"13":71,"14":3,"15":28,"16":4,"17":8,"18":799,"19":11},"nb_en":{"0":13,"1":799,"2":1,"3":9,"4":4,"5":24,"6":1,"7":873,"8":74,"9":131,"10":1,"11":502,"12":89,"13":71,"14":3,"15":28,"16":4,"17":8,"18":799,"19":11},"nb_de":{"0":0,"1":0,"2":0,"3":0,"4":0,"5":0,"6":0,"7":0,"8":0,"9":0,"10":0,"11":0,"12":0,"13":0,"14":0,"15":0,"16":0,"17":0,"18":0,"19":0}}