{"canton":{"0":"SG","1":"TI","2":"UR","3":"VS","4":"AG","5":"VD","6":"ZH","7":"SH","8":"BE","9":"BL","10":"GE","11":"BS","12":"GL","13":"SO","14":"LU","15":"GR","16":"NE","17":"ZG","18":"FR"},"main_mean":{"0":0.062726526,"1":-0.0852477913,"2":-0.2499937502,"3":-0.0325653359,"4":0.0178104497,"5":-0.0136074071,"6":-0.0252456912,"7":-0.1111098766,"8":-0.0500094747,"9":-0.2380932835,"10":-0.0278786904,"11":-0.0014470353,"12":-0.0016107805,"13":-0.0185183128,"14":-0.0195662944,"15":-0.0961530745,"16":-0.0227093875,"17":-0.0016107805,"18":-0.0396810658},"sentiment_mean":{"0":0.4,"1":0.1025641026,"2":0.0,"3":0.3125,"4":0.4,"5":0.1446540881,"6":0.2005610098,"7":-0.5,"8":0.1637426901,"9":0.0,"10":0.1797752809,"11":0.2201834862,"12":0.2209302326,"13":-0.1666666667,"14":0.0857142857,"15":0.2,"16":0.1538461538,"17":0.2209302326,"18":0.0},"main_std":{"0":0.1701855921,"1":0.2236703051,"2":0.353544552,"3":0.1844555103,"4":0.174762606,"5":0.2175514871,"6":0.1919794559,"7":0.1571330943,"8":0.1666655169,"9":0.054083931,"10":0.1756764895,"11":0.2035605304,"12":0.2245014686,"13":0.0453604172,"14":0.1669471072,"15":0.1318384507,"16":0.2588807621,"17":0.2245014686,"18":0.1254521581},"sentiment_std":{"0":0.632455532,"1":0.444000222,"2":0.0,"3":0.7041543391,"4":0.5163977795,"5":0.6828502995,"6":0.6951660416,"7":0.7071067812,"8":0.6660471838,"9":0.0,"10":0.6802299231,"11":0.7246684831,"12":0.6672967782,"13":0.7527726527,"14":0.6584933146,"15":0.8366600265,"16":0.6887372317,"17":0.6672967782,"18":0.3429971703},"sentiment_pv":{"0":0.233464168,"1":0.0718194713,"2":6.184847606e-72,"3":0.5198459381,"4":0.2443768683,"5":0.3509753609,"6":0.8409452259,"7":0.3963822798,"8":0.5326015341,"9":6.184847606e-72,"10":0.5506643411,"11":0.7342856923,"12":0.3994722921,"13":0.2908425851,"14":0.3296093509,"15":0.9925561821,"16":0.8281612651,"17":0.3994722921,"18":0.0273104418},"main_pv":{"0":0.0822248784,"1":0.0120867469,"2":0.5260666511,"3":0.784325706,"4":0.5150763859,"5":0.7293306,"6":0.3540877464,"7":0.5616369559,"8":0.0220490135,"9":0.0189665227,"10":0.262848354,"11":0.357781879,"12":0.0624087358,"13":0.9526488414,"14":0.9966096016,"15":0.2646295792,"16":0.9671544634,"17":0.0624087358,"18":0.5102428537},"count":{"0":15,"1":78,"2":2,"3":16,"4":10,"5":159,"6":1426,"7":2,"8":171,"9":3,"10":712,"11":109,"12":602,"13":6,"14":35,"15":5,"16":13,"17":602,"18":18},"nb_en":{"0":15,"1":78,"2":2,"3":16,"4":10,"5":159,"6":1426,"7":2,"8":171,"9":3,"10":712,"11":109,"12":602,"13":6,"14":35,"15":5,"16":13,"17":602,"18":18},"nb_de":{"0":0,"1":0,"2":0,"3":0,"4":0,"5":0,"6":0,"7":0,"8":0,"9":0,"10":0,"11":0,"12":0,"13":0,"14":0,"15":0,"16":0,"17":0,"18":0}}