{"canton":{"0":"SG","1":"TI","2":"UR","3":"VS","4":"AG","5":"TG","6":"ZH","7":"VD","8":"BE","9":"BL","10":"GE","11":"SH","12":"GL","13":"SO","14":"LU","15":"GR","16":"NE","17":"ZG","18":"FR","19":"BS"},"main_mean":{"0":0.0157340499,"1":-0.0532341561,"2":0.1874988281,"3":-0.0058826985,"4":0.0420643966,"5":0.0,"6":-0.0236246048,"7":-0.0202002061,"8":-0.0264077707,"9":0.0,"10":-0.0219785342,"11":-0.1622161756,"12":-0.0252217858,"13":0.2446364686,"14":-0.0230315703,"15":-0.0940649251,"16":-0.0065667361,"17":-0.0252217858,"18":-0.0329894239,"19":-0.0291826827},"sentiment_mean":{"0":-0.0666666667,"1":0.1176470588,"2":1.0,"3":0.4545454545,"4":0.3636363636,"5":0.0,"6":0.2468729427,"7":0.1597222222,"8":0.2,"9":-1.0,"10":0.11125,"11":-0.2,"12":0.1453900709,"13":0.3333333333,"14":0.2790697674,"15":0.0,"16":0.2083333333,"17":0.1453900709,"18":0.2931034483,"19":0.0423728814},"main_std":{"0":0.0955556242,"1":0.1960788032,"2":null,"3":0.1326701939,"4":0.2082097051,"5":0.0,"6":0.1747589663,"7":0.2052193065,"8":0.2098513143,"9":null,"10":0.2098810628,"11":0.206608548,"12":0.2201002062,"13":0.4057954559,"14":0.1375515532,"15":0.1594932191,"16":0.1705242163,"17":0.2201002062,"18":0.1065064757,"19":0.1675190388},"sentiment_std":{"0":0.7988086367,"1":0.4733810683,"2":null,"3":0.5958006,"4":0.5810872031,"5":0.0,"6":0.6665460924,"7":0.7541326185,"8":0.6440611887,"9":null,"10":0.6888153023,"11":0.8366600265,"12":0.6662773214,"13":0.7784989442,"14":0.7661151659,"15":0.632455532,"16":0.7210600088,"17":0.6662773214,"18":0.6491187194,"19":0.6588525093},"sentiment_pv":{"0":0.2584619052,"1":0.2630493375,"2":null,"3":0.0404401333,"4":0.1468296619,"5":6.464519467e-71,"6":0.0003573326,"7":0.7921893089,"8":0.6231165696,"9":null,"10":0.0130075224,"11":0.3712960815,"12":0.2115663023,"13":0.5001096408,"14":0.3865770376,"15":0.5248074059,"16":0.8310640349,"17":0.2115663023,"18":0.1793322915,"19":0.0308940127},"main_pv":{"0":0.1350583537,"1":0.1709677942,"2":null,"3":0.5397533319,"4":0.1546239643,"5":5.759692318e-16,"6":0.9965740004,"7":0.8448053993,"8":0.8565082747,"9":null,"10":0.838643253,"11":0.2079990503,"12":0.8416186745,"13":0.0428158172,"14":0.9786458154,"15":0.3288327311,"16":0.630316427,"17":0.8416186745,"18":0.5134591304,"19":0.722704593},"count":{"0":15,"1":85,"2":1,"3":22,"4":22,"5":2,"6":1519,"7":144,"8":190,"9":1,"10":800,"11":5,"12":846,"13":12,"14":43,"15":6,"16":24,"17":846,"18":58,"19":118},"nb_en":{"0":15,"1":85,"2":1,"3":22,"4":22,"5":2,"6":1519,"7":144,"8":190,"9":1,"10":800,"11":5,"12":846,"13":12,"14":43,"15":6,"16":24,"17":846,"18":58,"19":118},"nb_de":{"0":0,"1":0,"2":0,"3":0,"4":0,"5":0,"6":0,"7":0,"8":0,"9":0,"10":0,"11":0,"12":0,"13":0,"14":0,"15":0,"16":0,"17":0,"18":0,"19":0}}