{"canton":{"0":"NE","1":"GE","2":"GL","3":"BE","4":"SZ","5":"TG","6":"UR","7":"FR","8":"BS","9":"ZH","10":"SO","11":"VD","12":"SG","13":"GR","14":"ZG","15":"AR","16":"LU","17":"TI","18":"JU","19":"AG","20":"SH","21":"VS","22":"BL"},"main_mean":{"0":0.0187833233,"1":-0.0170853913,"2":-0.0006972336,"3":-0.0157115567,"4":0.0007517773,"5":0.0254231182,"6":-0.057879054,"7":0.0004405925,"8":0.0120293299,"9":-0.0043194165,"10":0.0209906832,"11":-0.0040788348,"12":0.0108156763,"13":0.0006364771,"14":-0.0006986356,"15":0.0543018395,"16":0.0017099276,"17":-0.0473012693,"18":0.0059284867,"19":0.0396640112,"20":0.0085828671,"21":0.0120913983,"22":-0.0164549661},"sentiment_mean":{"0":0.243902439,"1":0.0290577003,"2":0.1294806145,"3":0.0399515738,"4":0.0666666667,"5":0.1,"6":0.0,"7":0.125984252,"8":0.0536585366,"9":0.1078001753,"10":0.0416666667,"11":0.0650759219,"12":0.0990990991,"13":0.1333333333,"14":0.1300514328,"15":0.1,"16":0.0724637681,"17":0.1363636364,"18":0.0,"19":0.0476190476,"20":0.1176470588,"21":0.0416666667,"22":0.0},"main_std":{"0":0.0871219811,"1":0.1749357435,"2":0.1754923831,"3":0.1343572295,"4":0.0354760815,"5":0.0449047428,"6":0.1573642827,"7":0.1068493159,"8":0.1368134811,"9":0.1488963858,"10":0.1115588781,"11":0.1607824653,"12":0.0661360855,"13":0.0953218964,"14":0.1758790526,"15":0.1522620347,"16":0.1078262506,"17":0.1758919642,"18":0.0083841463,"19":0.1741269602,"20":0.0946696946,"21":0.1111545548,"22":0.0649495854},"sentiment_std":{"0":0.4347693529,"1":0.4455231168,"2":0.4511916313,"3":0.3612798765,"4":0.2581988897,"5":0.316227766,"6":0.0,"7":0.4177058657,"8":0.359364803,"9":0.4796324253,"10":0.2041241452,"11":0.3490599872,"12":0.3290469697,"13":0.3457459036,"14":0.4521036584,"15":0.3077935056,"16":0.3261502682,"17":0.4336908741,"18":0.0,"19":0.3545621042,"20":0.3270349701,"21":0.2886751346,"22":0.0},"sentiment_pv":{"0":0.0257147603,"1":0.0000000107,"2":0.0008403425,"3":0.0004819635,"4":0.7726833283,"5":0.8944098429,"6":2.800089978e-93,"7":0.2897900587,"8":0.0737413864,"9":0.0196809496,"10":0.2969421439,"11":0.205835785,"12":0.686213252,"13":0.4634747482,"14":0.0007505082,"15":0.8450106512,"16":0.5478866434,"17":0.2840951477,"18":2.800089978e-93,"19":0.2265079712,"20":0.5814371193,"21":0.2914305406,"22":2.800089978e-93},"main_pv":{"0":0.0823135414,"1":0.0030150394,"2":0.3251828598,"3":0.0397583438,"4":0.5045303442,"5":0.0572344665,"6":0.3209964444,"7":0.5304093866,"8":0.0112179945,"9":0.6654593467,"10":0.255825844,"11":0.8423965026,"12":0.0122454065,"13":0.7236964596,"14":0.3272560964,"15":0.0948490583,"16":0.3400956601,"17":0.0291977138,"18":0.2873913924,"19":0.004342654,"20":0.3906290263,"21":0.2778039535,"22":0.760312517},"count":{"0":41,"1":2409,"2":1367,"3":826,"4":15,"5":10,"6":10,"7":127,"8":410,"9":3423,"10":24,"11":461,"12":111,"13":30,"14":1361,"15":20,"16":207,"17":88,"18":2,"19":126,"20":34,"21":48,"22":4},"nb_en":{"0":18,"1":938,"2":570,"3":202,"4":4,"5":2,"6":2,"7":48,"8":93,"9":1472,"10":2,"11":93,"12":20,"13":5,"14":570,"15":1,"16":39,"17":68,"18":0,"19":14,"20":8,"21":14,"22":1},"nb_de":{"0":4,"1":9,"2":257,"3":599,"4":11,"5":8,"6":7,"7":44,"8":308,"9":1890,"10":22,"11":20,"12":91,"13":25,"14":251,"15":19,"16":167,"17":11,"18":0,"19":112,"20":26,"21":24,"22":3}}