{"canton":{"0":"SG","1":"AR","2":"TG","3":"JU","4":"VS","5":"AG","6":"VD","7":"ZH","8":"SH","9":"BE","10":"GE","11":"BS","12":"GL","13":"SO","14":"LU","15":"TI","16":"OW","17":"GR","18":"NE","19":"ZG","20":"FR"},"main_mean":{"0":0.019393751,"1":0.0,"2":0.0,"3":0.0,"4":-0.0349647978,"5":-0.0266662889,"6":-0.0068071162,"7":-0.0294714351,"8":-0.0833326389,"9":-0.0933093702,"10":-0.0365958164,"11":-0.0258275232,"12":0.0096991049,"13":0.2023788454,"14":0.028785667,"15":-0.0916366055,"16":0.0,"17":0.104164323,"18":-0.0246212329,"19":0.0096991049,"20":-0.0099774767},"sentiment_mean":{"0":0.4666666667,"1":-1.0,"2":0.0,"3":1.0,"4":0.25,"5":-0.4,"6":0.1657142857,"7":0.2795566502,"8":-1.0,"9":0.1153846154,"10":0.1239130435,"11":0.0777777778,"12":0.2033678756,"13":0.5,"14":0.3913043478,"15":0.046875,"16":1.0,"17":0.6666666667,"18":0.0,"19":0.2033678756,"20":0.3285714286},"main_std":{"0":0.0551761782,"1":null,"2":null,"3":null,"4":0.1373896925,"5":0.0583721226,"6":0.1492586744,"7":0.1937137597,"8":null,"9":0.2201328833,"10":0.207753314,"11":0.2672465647,"12":0.2438837974,"13":0.185192375,"14":0.1728949306,"15":0.187838772,"16":null,"17":0.1228959906,"18":0.1416012223,"19":0.2438837974,"20":0.1212962348},"sentiment_std":{"0":0.6399404734,"1":null,"2":null,"3":null,"4":0.9574271078,"5":0.5163977795,"6":0.6351499312,"7":0.687694051,"8":null,"9":0.6545560705,"10":0.6730688611,"11":0.6400101435,"12":0.6709375939,"13":0.7071067812,"14":0.4990108793,"15":0.547133584,"16":null,"17":0.5163977795,"18":0.632455532,"19":0.6709375939,"20":0.6532289603},"sentiment_pv":{"0":0.1333400923,"1":null,"2":null,"3":null,"4":0.9277956352,"5":0.0049696065,"6":0.4526050563,"7":0.0041890501,"8":null,"9":0.1373674743,"10":0.0184737361,"11":0.0707301486,"12":0.9851152472,"13":0.6586403088,"14":0.0852531667,"15":0.0278003198,"16":null,"17":0.0791003217,"18":0.4679028886,"19":0.9851152472,"20":0.1155741887},"main_pv":{"0":0.0393916039,"1":null,"2":null,"3":null,"4":0.7769348309,"5":0.5059432127,"6":0.5652859277,"7":0.0420558534,"8":null,"9":0.0000849805,"10":0.0276783297,"11":0.6694944407,"12":0.0146309389,"13":0.3467301036,"14":0.2538883567,"15":0.00166076,"16":null,"17":0.065658832,"18":0.8572728714,"19":0.0146309389,"20":0.8065776999},"count":{"0":15,"1":1,"2":1,"3":1,"4":4,"5":10,"6":175,"7":812,"8":1,"9":130,"10":460,"11":90,"12":772,"13":2,"14":23,"15":64,"16":1,"17":6,"18":6,"19":772,"20":70},"nb_en":{"0":15,"1":1,"2":1,"3":1,"4":4,"5":10,"6":175,"7":812,"8":1,"9":130,"10":460,"11":90,"12":772,"13":2,"14":23,"15":64,"16":1,"17":6,"18":6,"19":772,"20":70},"nb_de":{"0":0,"1":0,"2":0,"3":0,"4":0,"5":0,"6":0,"7":0,"8":0,"9":0,"10":0,"11":0,"12":0,"13":0,"14":0,"15":0,"16":0,"17":0,"18":0,"19":0,"20":0}}