{"canton":{"0":"SG","1":"TI","2":"JU","3":"VS","4":"SZ","5":"AG","6":"VD","7":"ZH","8":"SH","9":"BE","10":"GE","11":"BS","12":"GL","13":"SO","14":"LU","15":"OW","16":"GR","17":"NE","18":"ZG","19":"FR"},"main_mean":{"0":-0.0112488851,"1":-0.057615245,"2":0.0,"3":0.0035716454,"4":-0.0909082645,"5":0.1896042678,"6":-0.0006214092,"7":-0.0134297903,"8":-0.0331621217,"9":-0.0230177014,"10":-0.0270564515,"11":0.0199574621,"12":-0.0134777222,"13":0.3749850701,"14":0.0316950917,"15":0.0,"16":-0.0130451205,"17":-0.080237619,"18":-0.0134777222,"19":-0.0122134741},"sentiment_mean":{"0":0.15,"1":0.1285714286,"2":1.0,"3":0.2,"4":-1.0,"5":0.0,"6":0.1869918699,"7":0.2571829012,"8":0.4,"9":0.2781065089,"10":0.1447368421,"11":0.1132075472,"12":0.2239382239,"13":0.5,"14":0.3170731707,"15":0.0,"16":0.125,"17":0.0,"18":0.2239382239,"19":0.2407407407},"main_std":{"0":0.1361899244,"1":0.2533437744,"2":null,"3":0.1070744647,"4":null,"5":0.4439687116,"6":0.1921943116,"7":0.1856576052,"8":0.1679001503,"9":0.2232535528,"10":0.1911229807,"11":0.2545574571,"12":0.2341850898,"13":0.4936896601,"14":0.2438889175,"15":null,"16":0.1495464964,"17":0.2159202756,"18":0.2341850898,"19":0.1279534877},"sentiment_std":{"0":0.6708203932,"1":0.5626394467,"2":null,"3":0.632455532,"4":null,"5":0.5773502692,"6":0.6817238696,"7":0.6969246587,"8":0.5477225575,"9":0.6168709157,"10":0.6634916431,"11":0.7202419783,"12":0.6590319645,"13":0.5477225575,"14":0.649577724,"15":null,"16":0.6408699445,"17":0.8164965809,"18":0.6590319645,"19":0.5115712085},"sentiment_pv":{"0":0.6564579082,"1":0.1930640062,"2":null,"3":0.9306043808,"4":null,"5":0.3568304088,"6":0.620343656,"7":0.0626266723,"8":0.4988040224,"9":0.2165859096,"10":0.0075490355,"11":0.0728673339,"12":0.8155251315,"13":0.2630127655,"14":0.3365829449,"15":null,"16":0.6942042125,"17":0.4207950493,"18":0.8155251315,"19":0.7470093125},"main_pv":{"0":0.9312346669,"1":0.1557690227,"2":null,"3":0.6191169705,"4":null,"5":0.2707970181,"6":0.4516942389,"7":0.9326918373,"8":0.8105676715,"9":0.6034330153,"10":0.1003357307,"11":0.0992978474,"12":0.9602815038,"13":0.1115504216,"14":0.2396051077,"15":null,"16":0.9871958804,"17":0.3572342701,"18":0.9602815038,"19":0.9233009101},"count":{"0":20,"1":70,"2":1,"3":10,"4":1,"5":7,"6":123,"7":1427,"8":5,"9":169,"10":684,"11":159,"12":777,"13":6,"14":41,"15":1,"16":8,"17":10,"18":777,"19":54},"nb_en":{"0":20,"1":70,"2":1,"3":10,"4":1,"5":7,"6":123,"7":1427,"8":5,"9":169,"10":684,"11":159,"12":777,"13":6,"14":41,"15":1,"16":8,"17":10,"18":777,"19":54},"nb_de":{"0":0,"1":0,"2":0,"3":0,"4":0,"5":0,"6":0,"7":0,"8":0,"9":0,"10":0,"11":0,"12":0,"13":0,"14":0,"15":0,"16":0,"17":0,"18":0,"19":0}}