{"canton":{"0":"UR","1":"BE","2":"ZG","3":"BL","4":"NW","5":"TI","6":"VD","7":"GR","8":"SG","9":"JU","10":"SH","11":"OW","12":"AG","13":"GE","14":"BS","15":"FR","16":"AR","17":"GL","18":"ZH","19":"SO","20":"NE","21":"LU","22":"AI","23":"VS","24":"SZ","25":"TG"},"main_mean":{"0":-0.0204550729,"1":-0.0135416154,"2":-0.0035338978,"3":-0.0062928675,"4":-0.0204824989,"5":-0.0068504536,"6":0.0188364206,"7":0.0074532896,"8":0.0380162971,"9":0.1849133244,"10":0.0307350039,"11":-0.0170687491,"12":0.0191673167,"13":0.0258478816,"14":0.0154868648,"15":0.0395523718,"16":0.0626492169,"17":-0.0035338978,"18":-0.0077311956,"19":0.0197261497,"20":0.0431118235,"21":0.0003406565,"22":0.0004999938,"23":0.0335444046,"24":0.0,"25":0.0143377527},"sentiment_mean":{"0":-0.0833333333,"1":0.093220339,"2":0.0885286783,"3":0.0,"4":0.0,"5":0.2054794521,"6":0.0708860759,"7":-0.0277777778,"8":0.1111111111,"9":0.375,"10":0.0476190476,"11":0.0,"12":0.0512820513,"13":0.0938399539,"14":0.0743589744,"15":0.0476190476,"16":0.0,"17":0.0879052369,"18":0.1350699469,"19":0.09375,"20":-0.0263157895,"21":0.012987013,"22":0.0,"23":0.0227272727,"24":0.0,"25":0.0},"main_std":{"0":0.0315955641,"1":0.1398529581,"2":0.1786427268,"3":0.0176275221,"4":0.0295845067,"5":0.1149272596,"6":0.1459687167,"7":0.0307770332,"8":0.1629267802,"9":0.3506561048,"10":0.1117398119,"11":0.027750974,"12":0.1175942591,"13":0.2111558956,"14":0.1273187225,"15":0.1652237309,"16":null,"17":0.1786427268,"18":0.1581086891,"19":0.0535426377,"20":0.1493480507,"21":0.0640510771,"22":null,"23":0.1728979429,"24":0.0,"25":0.0198806701},"sentiment_std":{"0":0.2886751346,"1":0.4270530655,"2":0.4601587291,"3":0.0,"4":0.0,"5":0.4701921625,"6":0.3562893575,"7":0.1666666667,"8":0.4090120859,"9":0.5175491695,"10":0.2182178902,"11":0.0,"12":0.2215211458,"13":0.4371198727,"14":0.4614818808,"15":0.2155402687,"16":null,"17":0.4596001419,"18":0.5399933928,"19":0.2961445811,"20":0.2834957557,"21":0.2561612616,"22":null,"23":0.4028177708,"24":0.0,"25":0.0},"sentiment_pv":{"0":0.0531154443,"1":0.8382424685,"2":0.4797613168,"3":6.774234277e-86,"4":6.774234277e-86,"5":0.0541694463,"6":0.1550284821,"7":0.0000784683,"8":0.752003335,"9":0.1730463035,"10":0.3109359697,"11":6.774234277e-86,"12":0.0304602365,"13":0.7612492486,"14":0.3359768422,"15":0.1463207514,"16":null,"17":0.4488360319,"18":0.0033243938,"19":0.945725371,"20":0.0110024376,"21":0.0055484244,"22":null,"23":0.2271696183,"24":6.774234277e-86,"25":6.774234277e-86},"main_pv":{"0":0.0212979968,"1":0.0082771412,"2":0.1090668968,"3":0.3218381248,"4":0.1356514825,"5":0.4182609042,"6":0.053842319,"7":0.5534830161,"8":0.0533077192,"9":0.1883144189,"10":0.2906170923,"11":0.1201058395,"12":0.1771205651,"13":0.0000610062,"14":0.0929407987,"15":0.1740509627,"16":null,"17":0.1090668968,"18":0.002411235,"19":0.1167529758,"20":0.1176729306,"21":0.609471116,"22":null,"23":0.2676008147,"24":0.0223473586,"25":0.1319248505},"count":{"0":12,"1":472,"2":1604,"3":4,"4":5,"5":73,"6":395,"7":36,"8":90,"9":8,"10":21,"11":6,"12":117,"13":1737,"14":390,"15":42,"16":1,"17":1604,"18":2073,"19":32,"20":38,"21":77,"22":1,"23":44,"24":2,"25":11},"nb_en":{"0":2,"1":156,"2":730,"3":0,"4":0,"5":55,"6":94,"7":3,"8":15,"9":3,"10":1,"11":0,"12":7,"13":582,"14":130,"15":1,"16":0,"17":729,"18":949,"19":6,"20":7,"21":19,"22":0,"23":16,"24":0,"25":0},"nb_de":{"0":10,"1":308,"2":262,"3":4,"4":5,"5":13,"6":14,"7":33,"8":75,"9":0,"10":20,"11":5,"12":109,"13":5,"14":253,"15":21,"16":1,"17":263,"18":1064,"19":26,"20":7,"21":58,"22":1,"23":12,"24":2,"25":11},"nb_fr":{"0":0,"1":8,"2":612,"3":0,"4":0,"5":5,"6":287,"7":0,"8":0,"9":5,"10":0,"11":1,"12":1,"13":1150,"14":7,"15":20,"16":0,"17":612,"18":60,"19":0,"20":24,"21":0,"22":0,"23":16,"24":0,"25":0}}