{"canton":{"0":"NE","1":"GE","2":"GL","3":"BE","4":"SZ","5":"TG","6":"UR","7":"FR","8":"BS","9":"BL","10":"ZH","11":"OW","12":"VD","13":"SG","14":"GR","15":"ZG","16":"AR","17":"LU","18":"TI","19":"JU","20":"AG","21":"SH","22":"VS","23":"SO","24":"NW"},"main_mean":{"0":0.0023005316,"1":-0.015341924,"2":0.0037534364,"3":-0.013120949,"4":0.0,"5":-0.0554232689,"6":-0.0220420592,"7":-0.0071368909,"8":0.0023357229,"9":-0.0147262417,"10":0.0003194541,"11":0.0,"12":-0.0033715085,"13":0.0388625141,"14":0.0488049071,"15":0.0040840278,"16":0.0322400921,"17":0.0045748042,"18":-0.0560178618,"19":-0.0047307636,"20":0.0274153182,"21":-0.0514321462,"22":0.0003307765,"23":0.0009185701,"24":0.0},"sentiment_mean":{"0":0.1136363636,"1":0.0306965762,"2":0.1107448912,"3":0.0489596083,"4":0.0,"5":0.0588235294,"6":0.0,"7":0.1063829787,"8":0.0459459459,"9":0.0,"10":0.1341216216,"11":0.0,"12":0.0547169811,"13":0.0952380952,"14":0.1428571429,"15":0.111404087,"16":0.0,"17":0.0793650794,"18":0.0752688172,"19":-0.125,"20":0.067961165,"21":0.0833333333,"22":0.0769230769,"23":0.0188679245,"24":0.0},"main_std":{"0":0.0896314825,"1":0.1865664574,"2":0.1924099271,"3":0.1363887181,"4":null,"5":0.1741169748,"6":0.0440841183,"7":0.1612019391,"8":0.1086722415,"9":0.0297495143,"10":0.1444462576,"11":0.0,"12":0.1597267958,"13":0.2025933518,"14":0.1534914944,"15":0.192833842,"16":0.0274126754,"17":0.1060196551,"18":0.1517437655,"19":0.1146234918,"20":0.1889090406,"21":0.1924026742,"22":0.1042581009,"23":0.0381398719,"24":null},"sentiment_std":{"0":0.3867520744,"1":0.3896322045,"2":0.5119900502,"3":0.3604898894,"4":null,"5":0.242535625,"6":0.0,"7":0.3722926587,"8":0.3382519984,"9":0.0,"10":0.4931959202,"11":0.0,"12":0.3294413199,"13":0.380379606,"14":0.3563483225,"15":0.5124908837,"16":0.0,"17":0.3246071587,"18":0.4481012876,"19":0.6408699445,"20":0.35040973,"21":0.2803059553,"22":0.407265742,"23":0.1373605639,"24":null},"sentiment_pv":{"0":0.6505774964,"1":0.0000000002,"2":0.0854147378,"3":0.004369184,"4":null,"5":0.6395470537,"6":1.135481918e-91,"7":0.5404931445,"8":0.023848509,"9":1.135481918e-91,"10":0.0000025465,"11":1.135481918e-91,"12":0.0310728558,"13":0.8253326235,"14":0.4147572092,"15":0.0773639054,"16":1.135481918e-91,"17":0.751503786,"18":0.8024998888,"19":0.380719447,"20":0.5858800237,"21":0.938605126,"22":0.8434822016,"23":0.0008484828,"24":null},"main_pv":{"0":0.6795052851,"1":0.0029645922,"2":0.17088184,"3":0.0526052486,"4":null,"5":0.2356884647,"6":0.4593746253,"7":0.7826025646,"8":0.3326365815,"9":0.501431284,"10":0.2351530959,"11":0.0353079283,"12":0.99850237,"13":0.0356218927,"14":0.0836969462,"15":0.1526751354,"16":0.0135571499,"17":0.3149576423,"18":0.0012439812,"19":0.9739432419,"20":0.1025445243,"21":0.1432317668,"22":0.7779737222,"23":0.4378095417,"24":null},"count":{"0":44,"1":2541,"2":1517,"3":817,"4":1,"5":17,"6":4,"7":141,"8":370,"9":4,"10":2960,"11":2,"12":530,"13":105,"14":28,"15":1517,"16":7,"17":189,"18":93,"19":8,"20":103,"21":36,"22":65,"23":53,"24":1},"nb_en":{"0":12,"1":775,"2":735,"3":221,"4":0,"5":3,"6":1,"7":62,"8":71,"9":0,"10":1290,"11":2,"12":114,"13":13,"14":3,"15":735,"16":0,"17":28,"18":83,"19":4,"20":17,"21":8,"22":23,"23":5,"24":0},"nb_de":{"0":19,"1":16,"2":235,"3":576,"4":1,"5":14,"6":3,"7":40,"8":295,"9":4,"10":1609,"11":0,"12":20,"13":91,"14":25,"15":235,"16":7,"17":161,"18":4,"19":0,"20":86,"21":27,"22":33,"23":48,"24":1}}