{"canton":{"0":"SG","1":"TI","2":"JU","3":"VS","4":"AG","5":"TG","6":"ZH","7":"VD","8":"BE","9":"GE","10":"BS","11":"GL","12":"SO","13":"LU","14":"GR","15":"NE","16":"ZG","17":"FR"},"main_mean":{"0":0.0138079851,"1":-0.0173038446,"2":0.0,"3":0.0304292119,"4":-0.000952338,"5":-0.2291579431,"6":-0.017530077,"7":-0.0417387782,"8":-0.073989143,"9":-0.0319971343,"10":-0.0027530685,"11":0.0015765791,"12":-0.0291232572,"13":-0.006335222,"14":-0.1583318889,"15":0.099999,"16":0.0015765791,"17":-0.0210815249},"sentiment_mean":{"0":0.0,"1":0.1014492754,"2":0.0,"3":0.0,"4":0.0,"5":0.3333333333,"6":0.2756410256,"7":0.3488372093,"8":0.1458333333,"9":0.1343283582,"10":0.2419354839,"11":0.2299703264,"12":0.1,"13":0.16,"14":-0.25,"15":1.0,"16":0.2299703264,"17":0.3673469388},"main_std":{"0":0.0827566486,"1":0.1988859735,"2":null,"3":0.1632042393,"4":0.1239058897,"5":0.2525774374,"6":0.205055262,"7":0.2081982802,"8":0.1823616493,"9":0.225448123,"10":0.1728600302,"11":0.2234556921,"12":0.2104636975,"13":0.1934684723,"14":0.1833316768,"15":0.141419942,"16":0.2234556921,"17":0.0805360542},"sentiment_std":{"0":0.6488856845,"1":0.59766525,"2":null,"3":0.5163977795,"4":0.6666666667,"5":1.1547005384,"6":0.7036829388,"7":0.7522575841,"8":0.6581256496,"9":0.6578541155,"10":0.6698540059,"11":0.6579659315,"12":0.7378647874,"13":0.687992248,"14":0.5,"15":0.0,"16":0.6579659315,"17":0.528120786},"sentiment_pv":{"0":0.1476495723,"1":0.1096463309,"2":null,"3":0.1105895459,"4":0.3252432616,"5":0.8802876238,"6":0.0454307524,"7":0.2689489135,"8":0.1907489178,"9":0.0093153512,"10":0.796121189,"11":0.7131775173,"12":0.6208775052,"13":0.6697099798,"14":0.1568297248,"15":0.0,"16":0.7131775173,"17":0.0588534459},"main_pv":{"0":0.1588804066,"1":0.8861616579,"2":null,"3":0.2970408056,"4":0.7511419299,"5":0.2777374949,"6":0.6546442342,"7":0.38752002,"8":0.0001776743,"9":0.1020643022,"10":0.6212268982,"11":0.1029166484,"12":0.8235336828,"13":0.8489610583,"14":0.2129900498,"15":0.4587103612,"16":0.1029166484,"17":0.5517968884},"count":{"0":20,"1":69,"2":1,"3":16,"4":10,"5":3,"6":780,"7":43,"8":144,"9":469,"10":62,"11":674,"12":10,"13":25,"14":4,"15":2,"16":674,"17":49},"nb_en":{"0":20,"1":69,"2":1,"3":16,"4":10,"5":3,"6":780,"7":43,"8":144,"9":469,"10":62,"11":674,"12":10,"13":25,"14":4,"15":2,"16":674,"17":49},"nb_de":{"0":0,"1":0,"2":0,"3":0,"4":0,"5":0,"6":0,"7":0,"8":0,"9":0,"10":0,"11":0,"12":0,"13":0,"14":0,"15":0,"16":0,"17":0}}