{"canton":{"0":"VD","1":"SG","2":"TI","3":"UR","4":"VS","5":"SO","6":"AG","7":"TG","8":"ZH","9":"SH","10":"BE","11":"GE","12":"BS","13":"GL","14":"SZ","15":"LU","16":"OW","17":"GR","18":"NE","19":"ZG","20":"FR"},"main_mean":{"0":0.0210793817,"1":0.0258201153,"2":-0.0153380927,"3":-0.5999880002,"4":0.0498437444,"5":-0.014393955,"6":-0.0349365695,"7":0.1249968751,"8":-0.0260249525,"9":0.044737736,"10":-0.0361581075,"11":-0.0193417209,"12":0.0002870656,"13":-0.0100376544,"14":0.199998,"15":-0.0285563444,"16":0.0,"17":-0.1813113253,"18":-0.0549492599,"19":-0.0100376544,"20":-0.0250737031},"sentiment_mean":{"0":0.2765957447,"1":0.0769230769,"2":0.0897435897,"3":0.0,"4":0.1351351351,"5":0.125,"6":-0.2105263158,"7":1.0,"8":0.2268656716,"9":0.4285714286,"10":0.2052631579,"11":0.104140527,"12":0.12,"13":0.2232142857,"14":1.0,"15":0.2631578947,"16":0.0,"17":0.0,"18":0.3684210526,"19":0.2232142857,"20":0.3448275862},"main_std":{"0":0.2180723508,"1":0.0632842177,"2":0.2364888239,"3":null,"4":0.2030575948,"5":0.0994099841,"6":0.1144153997,"7":0.176772276,"8":0.2033289955,"9":0.1522903975,"10":0.1865617886,"11":0.2301535908,"12":0.1508229913,"13":0.2346146856,"14":null,"15":0.1573620867,"16":null,"17":0.2051691378,"18":0.1935192577,"19":0.2346146856,"20":0.1306274096},"sentiment_std":{"0":0.6459843754,"1":0.7595545253,"2":0.5143624836,"3":null,"4":0.4808650863,"5":0.8345229604,"6":0.7132825035,"7":0.0,"8":0.6940657648,"9":0.7867957925,"10":0.6626655203,"11":0.7020754733,"12":0.7146377199,"13":0.6471644606,"14":null,"15":0.7235128466,"16":null,"17":0.632455532,"18":0.5972647204,"19":0.6471644606,"20":0.5477777798},"sentiment_pv":{"0":0.2469065712,"1":0.576220358,"2":0.0705283032,"3":null,"4":0.4346934353,"5":0.8115748175,"6":0.0225885825,"7":0.0,"8":0.1811406518,"9":0.4679182235,"10":0.8839379656,"11":0.0004913077,"12":0.281917887,"13":0.3198408572,"14":null,"15":0.5839526849,"16":null,"17":0.4778474344,"18":0.2308179839,"19":0.3198408572,"20":0.0478965404},"main_pv":{"0":0.0955863687,"1":0.0318032212,"2":0.9457772914,"3":null,"4":0.0531636906,"5":0.9392923144,"6":0.5103128978,"7":0.4590292081,"8":0.1707324073,"9":0.3238796457,"10":0.1744536561,"11":0.8057005084,"12":0.2603675181,"13":0.4277923942,"14":null,"15":0.6609473726,"16":null,"17":0.1073793469,"18":0.4072199587,"19":0.4277923942,"20":0.6528310001},"count":{"0":94,"1":13,"2":78,"3":1,"4":37,"5":8,"6":19,"7":2,"8":1340,"9":7,"10":190,"11":797,"12":100,"13":784,"14":1,"15":38,"16":1,"17":6,"18":19,"19":784,"20":58},"nb_en":{"0":94,"1":13,"2":78,"3":1,"4":37,"5":8,"6":19,"7":2,"8":1340,"9":7,"10":190,"11":797,"12":100,"13":784,"14":1,"15":38,"16":1,"17":6,"18":19,"19":784,"20":58},"nb_de":{"0":0,"1":0,"2":0,"3":0,"4":0,"5":0,"6":0,"7":0,"8":0,"9":0,"10":0,"11":0,"12":0,"13":0,"14":0,"15":0,"16":0,"17":0,"18":0,"19":0,"20":0}}