{"canton":{"0":"NE","1":"GE","2":"GL","3":"BE","4":"SZ","5":"SO","6":"UR","7":"FR","8":"BS","9":"TG","10":"ZH","11":"OW","12":"VD","13":"SG","14":"GR","15":"ZG","16":"AR","17":"LU","18":"TI","19":"JU","20":"AG","21":"SH","22":"VS","23":"BL","24":"NW"},"main_mean":{"0":0.0402799523,"1":-0.0159224577,"2":-0.0103999601,"3":-0.0205182327,"4":-0.0054766119,"5":0.0403890889,"6":-0.0011871634,"7":0.0080693434,"8":0.0265518749,"9":0.015777581,"10":-0.0041538213,"11":-0.0292329679,"12":0.0203799146,"13":0.0344300929,"14":0.0332855178,"15":-0.010408141,"16":0.0028285513,"17":0.0362083328,"18":-0.0582331791,"19":-0.0833305556,"20":0.035225818,"21":0.0416368803,"22":-0.0151921366,"23":0.0029650879,"24":-0.0175397808},"sentiment_mean":{"0":0.1304347826,"1":0.1857923497,"2":0.17,"3":0.054446461,"4":0.0,"5":0.0625,"6":0.0,"7":0.225,"8":0.0830188679,"9":0.0,"10":0.1452196382,"11":0.0,"12":0.2905405405,"13":0.0736842105,"14":0.0408163265,"15":0.1701701702,"16":0.0,"17":0.1153846154,"18":0.1153846154,"19":-0.25,"20":0.0434782609,"21":0.15,"22":0.0857142857,"23":0.0,"24":0.0},"main_std":{"0":0.2374054659,"1":0.1830985652,"2":0.2187461654,"3":0.1448181837,"4":0.0098342106,"5":0.1065472408,"6":0.076753728,"7":0.1559850521,"8":0.1481863685,"9":0.0266060224,"10":0.1443483715,"11":0.0336794838,"12":0.1188566637,"13":0.1372532792,"14":0.0927908284,"15":0.2188555772,"16":0.0060492019,"17":0.1809855102,"18":0.1703771783,"19":0.1666611113,"20":0.1589491832,"21":0.1404101813,"22":0.0903612753,"23":0.0354465655,"24":0.0286971033},"sentiment_std":{"0":0.4576965873,"1":0.6521289956,"2":0.6176418715,"3":0.4229046877,"4":0.0,"5":0.2459346884,"6":0.0,"7":0.5767948575,"8":0.3996854109,"9":0.0,"10":0.5136166961,"11":0.0,"12":0.6199997628,"13":0.300428958,"14":0.1999149479,"15":0.6179277794,"16":0.0,"17":0.3941378634,"18":0.5091569102,"19":0.5,"20":0.3611575593,"21":0.3663475485,"22":0.3734913631,"23":0.0,"24":0.0},"sentiment_pv":{"0":0.8907250603,"1":0.1433780171,"2":0.2059526299,"3":0.000004599,"4":5.861181991e-90,"5":0.0741951935,"6":5.861181991e-90,"7":0.3796796873,"8":0.0180439603,"9":5.861181991e-90,"10":0.9131618212,"11":5.861181991e-90,"12":0.0049228719,"13":0.0288876966,"14":0.0009431836,"15":0.203416954,"16":5.861181991e-90,"17":0.5320976772,"18":0.6268106746,"19":0.2133430088,"20":0.0258183177,"21":0.9400306394,"22":0.3673198425,"23":5.861181991e-90,"24":5.861181991e-90},"main_pv":{"0":0.3695180668,"1":0.1846332601,"2":0.4680739835,"3":0.0194008568,"4":0.9570459114,"5":0.0224762015,"6":0.7640401349,"7":0.597450862,"8":0.0008345619,"9":0.3059140891,"10":0.8094844159,"11":0.3403117203,"12":0.0119549617,"13":0.0066477581,"14":0.0062075446,"15":0.4677877376,"16":0.0447140505,"17":0.0484703393,"18":0.0077052817,"19":0.4172339072,"20":0.0399266096,"21":0.1537204977,"22":0.5182472732,"23":0.5726213952,"24":0.3914119679},"count":{"0":23,"1":549,"2":1000,"3":551,"4":3,"5":32,"6":36,"7":40,"8":265,"9":3,"10":1935,"11":3,"12":148,"13":95,"14":49,"15":999,"16":5,"17":78,"18":78,"19":4,"20":69,"21":20,"22":35,"23":7,"24":5},"nb_en":{"0":17,"1":530,"2":819,"3":179,"4":0,"5":7,"6":1,"7":32,"8":75,"9":0,"10":859,"11":0,"12":138,"13":9,"14":2,"15":819,"16":1,"17":18,"18":66,"19":4,"20":11,"21":3,"22":11,"23":0,"24":0},"nb_de":{"0":6,"1":9,"2":172,"3":372,"4":3,"5":25,"6":35,"7":4,"8":190,"9":3,"10":1074,"11":3,"12":6,"13":86,"14":47,"15":171,"16":4,"17":60,"18":12,"19":0,"20":58,"21":17,"22":24,"23":7,"24":5}}