{"canton":{"0":"SG","1":"JU","2":"VS","3":"SO","4":"AG","5":"TG","6":"ZH","7":"BE","8":"GE","9":"BS","10":"GL","11":"LU","12":"GR","13":"ZG","14":"UR","15":"VD","16":"SH","17":"BL","18":"TI","19":"SZ","20":"NE","21":"FR"},"main_mean":{"0":-0.0551586818,"1":0.0,"2":-0.0020292455,"3":0.0525293041,"4":-0.0367572385,"5":0.0277763118,"6":-0.0290504208,"7":-0.0455486186,"8":-0.0187736709,"9":-0.0165965682,"10":-0.0087510028,"11":-0.0319478828,"12":-0.1372042778,"13":-0.0087510028,"14":-0.6249817714,"15":-0.0200060821,"16":-0.0066290362,"17":0.0,"18":-0.0552685609,"19":0.2499958334,"20":0.0114813919,"21":-0.036979198},"sentiment_mean":{"0":-0.125,"1":0.0,"2":0.4285714286,"3":0.1666666667,"4":0.037037037,"5":0.3333333333,"6":0.2212389381,"7":0.1295336788,"8":0.1291172596,"9":0.0921052632,"10":0.2389758179,"11":0.2727272727,"12":0.0,"13":0.2389758179,"14":-1.0,"15":0.180952381,"16":0.25,"17":-1.0,"18":0.0117647059,"19":0.5,"20":0.3333333333,"21":0.1724137931},"main_std":{"0":0.1580045754,"1":0.0,"2":0.08496695,"3":0.3459494521,"4":0.1418917209,"5":0.2670082401,"6":0.1898234175,"7":0.2038591399,"8":0.1786237668,"9":0.1176143648,"10":0.2408111991,"11":0.1913205618,"12":0.2153463888,"13":0.2408111991,"14":0.5303087261,"15":0.1915604429,"16":0.2306626055,"17":null,"18":0.175249908,"19":0.3535474981,"20":0.0866897224,"21":0.0989156112},"sentiment_std":{"0":0.7187952884,"1":0.0,"2":0.513552591,"3":0.7019641182,"4":0.5175000172,"5":0.5163977795,"6":0.6945376325,"7":0.6837460315,"8":0.7074299508,"9":0.656813146,"10":0.6447818847,"11":0.8012773893,"12":1.0,"13":0.6447818847,"14":0.0,"15":0.6903309182,"16":0.9574271078,"17":null,"18":0.4497120149,"19":0.7071067812,"20":0.6172133998,"21":0.5391107438},"sentiment_pv":{"0":0.0946364825,"1":3.964699555e-75,"2":0.1146733126,"3":0.839954896,"4":0.12423692,"5":0.5438835025,"6":0.2422926763,"7":0.1879208468,"8":0.0160351179,"9":0.1758827864,"10":0.1049439739,"11":0.5871273399,"12":0.7665899093,"13":0.1049439739,"14":0.0,"15":0.8256433641,"16":0.9173370525,"17":null,"18":0.0003758535,"19":0.6522239565,"20":0.4042297196,"21":0.8163433583},"main_pv":{"0":0.3992131528,"1":0.0000000001,"2":0.4276858993,"3":0.3104261369,"4":0.5661089156,"5":0.6747029635,"6":0.1733873241,"7":0.1006776732,"8":0.7812537536,"9":0.7634946265,"10":0.211941714,"11":0.7407445726,"12":0.4479380385,"13":0.211941714,"14":0.3535956575,"15":0.9674109818,"16":0.910110044,"17":null,"18":0.077031935,"19":0.4745872528,"20":0.1746791663,"21":0.392010178},"count":{"0":16,"1":2,"2":14,"3":24,"4":27,"5":6,"6":1356,"7":193,"8":759,"9":76,"10":703,"11":33,"12":3,"13":703,"14":2,"15":105,"16":4,"17":1,"18":85,"19":2,"20":15,"21":29},"nb_en":{"0":16,"1":2,"2":14,"3":24,"4":27,"5":6,"6":1356,"7":193,"8":759,"9":76,"10":703,"11":33,"12":3,"13":703,"14":2,"15":105,"16":4,"17":1,"18":85,"19":2,"20":15,"21":29},"nb_de":{"0":0,"1":0,"2":0,"3":0,"4":0,"5":0,"6":0,"7":0,"8":0,"9":0,"10":0,"11":0,"12":0,"13":0,"14":0,"15":0,"16":0,"17":0,"18":0,"19":0,"20":0,"21":0}}