{"canton":{"0":"SG","1":"GL","2":"JU","3":"VS","4":"SZ","5":"AG","6":"TG","7":"ZH","8":"BE","9":"GE","10":"BS","11":"AR","12":"LU","13":"GR","14":"ZG","15":"VD","16":"SH","17":"NW","18":"TI","19":"SO","20":"NE","21":"FR"},"main_mean":{"0":0.0166537339,"1":0.0079606187,"2":-0.2222197531,"3":0.0160627927,"4":0.0833326389,"5":0.0294455079,"6":-0.0813485151,"7":-0.02299691,"8":-0.0482978439,"9":-0.0179441273,"10":-0.0048996301,"11":-0.2307674556,"12":-0.0685102255,"13":-0.0500834374,"14":0.0079606187,"15":0.0095813341,"16":0.0333331111,"17":0.0389606848,"18":-0.0946887186,"19":0.0363747541,"20":0.057793159,"21":-0.0618333515},"sentiment_mean":{"0":0.3846153846,"1":0.2535433071,"2":1.0,"3":0.1052631579,"4":0.5,"5":0.0384615385,"6":0.0,"7":0.2026666667,"8":0.2751322751,"9":0.1291560102,"10":0.019047619,"11":0.0,"12":0.2692307692,"13":0.0,"14":0.2535433071,"15":0.2222222222,"16":0.5,"17":0.5714285714,"18":-0.0476190476,"19":0.6666666667,"20":0.5,"21":0.25},"main_std":{"0":0.0953545899,"1":0.2202345923,"2":null,"3":0.1318649489,"4":0.1178501481,"5":0.2230295862,"6":0.1029446331,"7":0.1828093764,"8":0.166252887,"9":0.1809783341,"10":0.2274434741,"11":null,"12":0.2606776212,"13":0.1387837763,"14":0.2202345923,"15":0.1904108281,"16":0.0471401378,"17":0.07152624,"18":0.194232466,"19":0.1321447112,"20":0.15620073,"21":0.1111616499},"sentiment_std":{"0":0.6373020055,"1":0.6671417534,"2":null,"3":0.4588314677,"4":0.7071067812,"5":0.7736029592,"6":0.8164965809,"7":0.6874406195,"8":0.6175325028,"9":0.6863916329,"10":0.7718727523,"11":null,"12":0.6667948595,"13":0.7071067812,"14":0.6671417534,"15":0.7142984126,"16":0.7071067812,"17":0.5345224838,"18":0.5514956622,"19":0.5163977795,"20":0.512989176,"21":0.6105139415},"sentiment_pv":{"0":0.1600028909,"1":0.0764459454,"2":null,"3":0.3671718291,"4":0.6588277662,"5":0.2893110192,"6":0.6531332872,"7":0.9845252733,"8":0.1196212325,"9":0.0056800112,"10":0.0171969168,"11":null,"12":0.6183674366,"13":0.4143612714,"14":0.0764459454,"15":0.7668825336,"16":0.6588277662,"17":0.1182151953,"18":0.0006829809,"19":0.079192644,"20":0.0182768088,"21":0.570492706},"main_pv":{"0":0.1270892669,"1":0.0223648099,"2":null,"3":0.3484938403,"4":0.4532295007,"5":0.3400920849,"6":0.2773663225,"7":0.0794570896,"8":0.0052878245,"9":0.5048306017,"10":0.7121430189,"11":null,"12":0.2902400787,"13":0.4488611346,"14":0.0223648099,"15":0.1885509578,"16":0.3943481305,"17":0.1025047995,"18":0.0015562352,"19":0.4008414922,"20":0.056969168,"21":0.0021386818},"count":{"0":26,"1":635,"2":1,"3":19,"4":2,"5":26,"6":4,"7":1500,"8":189,"9":782,"10":105,"11":1,"12":26,"13":9,"14":635,"15":126,"16":2,"17":7,"18":63,"19":6,"20":20,"21":56},"nb_en":{"0":26,"1":635,"2":1,"3":19,"4":2,"5":26,"6":4,"7":1500,"8":189,"9":782,"10":105,"11":1,"12":26,"13":9,"14":635,"15":126,"16":2,"17":7,"18":63,"19":6,"20":20,"21":56},"nb_de":{"0":0,"1":0,"2":0,"3":0,"4":0,"5":0,"6":0,"7":0,"8":0,"9":0,"10":0,"11":0,"12":0,"13":0,"14":0,"15":0,"16":0,"17":0,"18":0,"19":0,"20":0,"21":0}}