{"canton":{"0":"SG","1":"TI","2":"VS","3":"AG","4":"VD","5":"ZH","6":"TG","7":"BE","8":"GE","9":"BS","10":"GL","11":"LU","12":"OW","13":"SH","14":"NE","15":"ZG","16":"FR"},"main_mean":{"0":-0.0033793087,"1":-0.0552896234,"2":-0.0149352668,"3":0.0806862922,"4":-0.0227950405,"5":-0.0098890492,"6":0.0,"7":-0.0502161508,"8":-0.0429754136,"9":-0.0580778473,"10":-0.0290028534,"11":-0.0305883289,"12":0.0416661458,"13":0.0,"14":-0.0303027548,"15":-0.0290028534,"16":-0.0069868079},"sentiment_mean":{"0":0.3076923077,"1":0.0857142857,"2":0.1428571429,"3":0.5555555556,"4":0.1304347826,"5":0.2689987937,"6":0.0,"7":0.2180451128,"8":0.076,"9":0.0363636364,"10":0.1050531915,"11":0.2222222222,"12":0.3333333333,"13":0.3333333333,"14":0.0,"15":0.1050531915,"16":0.3076923077},"main_std":{"0":0.1216395569,"1":0.1811916757,"2":0.3205621032,"3":0.1301054202,"4":0.1526758994,"5":0.1927116161,"6":0.0,"7":0.1907182109,"8":0.2253106216,"9":0.2196930321,"10":0.2342991758,"11":0.2369871123,"12":0.0721678816,"13":0.0,"14":0.052485911,"15":0.2342991758,"16":0.1399759113},"sentiment_std":{"0":0.7510676162,"1":0.5314147686,"2":0.6629935441,"3":0.5270462767,"4":0.7052960054,"5":0.7364010842,"6":0.0,"7":0.6779910818,"8":0.6864155685,"9":0.7926429387,"10":0.6715651352,"11":0.5773502692,"12":0.5773502692,"13":0.5773502692,"14":0.0,"15":0.6715651352,"16":0.6428631281},"sentiment_pv":{"0":0.4700336411,"1":0.3081036894,"2":0.959419523,"3":0.0508662712,"4":0.8015825356,"5":0.000038123,"6":1.659260176e-35,"7":0.273487044,"8":0.021429613,"9":0.2867193721,"10":0.085404464,"11":0.5355577083,"12":0.6411769194,"13":0.6411769194,"14":1.659260176e-35,"15":0.085404464,"16":0.0894902329},"main_pv":{"0":0.4966373392,"1":0.2047583467,"2":0.8888169146,"3":0.0378424529,"4":0.8166821749,"5":0.0248232158,"6":0.0,"7":0.1762239506,"8":0.1422106432,"9":0.3050106636,"10":0.8437405401,"11":0.9408611881,"12":0.2396744962,"13":0.0,"14":0.9271814886,"15":0.8437405401,"16":0.3121506577},"count":{"0":13,"1":70,"2":14,"3":9,"4":69,"5":829,"6":4,"7":133,"8":500,"9":55,"10":752,"11":27,"12":3,"13":3,"14":3,"15":752,"16":52},"nb_en":{"0":13,"1":70,"2":14,"3":9,"4":69,"5":829,"6":4,"7":133,"8":500,"9":55,"10":752,"11":27,"12":3,"13":3,"14":3,"15":752,"16":52},"nb_de":{"0":0,"1":0,"2":0,"3":0,"4":0,"5":0,"6":0,"7":0,"8":0,"9":0,"10":0,"11":0,"12":0,"13":0,"14":0,"15":0,"16":0}}