{"canton":{"0":"UR","1":"BE","2":"ZG","3":"BL","4":"TG","5":"TI","6":"VD","7":"SG","8":"JU","9":"SH","10":"AG","11":"GE","12":"BS","13":"FR","14":"SO","15":"AR","16":"GL","17":"ZH","18":"VS","19":"NE","20":"LU","21":"GR","22":"SZ"},"main_mean":{"0":-0.057879054,"1":-0.0157115567,"2":-0.0006986356,"3":-0.0164549661,"4":0.0254231182,"5":-0.0473012693,"6":-0.0040788348,"7":0.0108156763,"8":0.0059284867,"9":0.0085828671,"10":0.0396640112,"11":-0.0170853913,"12":0.0120293299,"13":0.0004405925,"14":0.0209906832,"15":0.0543018395,"16":-0.0006972336,"17":-0.0043194165,"18":0.0120913983,"19":0.0187833233,"20":0.0017099276,"21":0.0006364771,"22":0.0007517773},"sentiment_mean":{"0":0.0,"1":0.0399515738,"2":0.1300514328,"3":0.0,"4":0.1,"5":0.1363636364,"6":0.0650759219,"7":0.0990990991,"8":0.0,"9":0.1176470588,"10":0.0476190476,"11":0.0290577003,"12":0.0536585366,"13":0.125984252,"14":0.0416666667,"15":0.1,"16":0.1294806145,"17":0.1078001753,"18":0.0416666667,"19":0.243902439,"20":0.0724637681,"21":0.1333333333,"22":0.0666666667},"main_std":{"0":0.1573642827,"1":0.1343572295,"2":0.1758790526,"3":0.0649495854,"4":0.0449047428,"5":0.1758919642,"6":0.1607824653,"7":0.0661360855,"8":0.0083841463,"9":0.0946696946,"10":0.1741269602,"11":0.1749357435,"12":0.1368134811,"13":0.1068493159,"14":0.1115588781,"15":0.1522620347,"16":0.1754923831,"17":0.1488963858,"18":0.1111545548,"19":0.0871219811,"20":0.1078262506,"21":0.0953218964,"22":0.0354760815},"sentiment_std":{"0":0.0,"1":0.3612798765,"2":0.4521036584,"3":0.0,"4":0.316227766,"5":0.4336908741,"6":0.3490599872,"7":0.3290469697,"8":0.0,"9":0.3270349701,"10":0.3545621042,"11":0.4455231168,"12":0.359364803,"13":0.4177058657,"14":0.2041241452,"15":0.3077935056,"16":0.4511916313,"17":0.4796324253,"18":0.2886751346,"19":0.4347693529,"20":0.3261502682,"21":0.3457459036,"22":0.2581988897},"sentiment_pv":{"0":2.800089978e-93,"1":0.0004819635,"2":0.0007505082,"3":2.800089978e-93,"4":0.8944098429,"5":0.2840951477,"6":0.205835785,"7":0.686213252,"8":2.800089978e-93,"9":0.5814371193,"10":0.2265079712,"11":0.0000000107,"12":0.0737413864,"13":0.2897900587,"14":0.2969421439,"15":0.8450106512,"16":0.0008403425,"17":0.0196809496,"18":0.2914305406,"19":0.0257147603,"20":0.5478866434,"21":0.4634747482,"22":0.7726833283},"main_pv":{"0":0.3209964444,"1":0.0397583438,"2":0.3272560964,"3":0.760312517,"4":0.0572344665,"5":0.0291977138,"6":0.8423965026,"7":0.0122454065,"8":0.2873913924,"9":0.3906290263,"10":0.004342654,"11":0.0030150394,"12":0.0112179945,"13":0.5304093866,"14":0.255825844,"15":0.0948490583,"16":0.3251828598,"17":0.6654593467,"18":0.2778039535,"19":0.0823135414,"20":0.3400956601,"21":0.7236964596,"22":0.5045303442},"count":{"0":10,"1":826,"2":1361,"3":4,"4":10,"5":88,"6":461,"7":111,"8":2,"9":34,"10":126,"11":2409,"12":410,"13":127,"14":24,"15":20,"16":1367,"17":3423,"18":48,"19":41,"20":207,"21":30,"22":15},"nb_en":{"0":2,"1":202,"2":570,"3":1,"4":2,"5":68,"6":93,"7":20,"8":0,"9":8,"10":14,"11":938,"12":93,"13":48,"14":2,"15":1,"16":570,"17":1472,"18":14,"19":18,"20":39,"21":5,"22":4},"nb_de":{"0":7,"1":599,"2":251,"3":3,"4":8,"5":11,"6":20,"7":91,"8":0,"9":26,"10":112,"11":9,"12":308,"13":44,"14":22,"15":19,"16":257,"17":1890,"18":24,"19":4,"20":167,"21":25,"22":11},"nb_fr":{"0":1,"1":25,"2":540,"3":0,"4":0,"5":9,"6":348,"7":0,"8":2,"9":0,"10":0,"11":1462,"12":9,"13":35,"14":0,"15":0,"16":540,"17":61,"18":10,"19":19,"20":1,"21":0,"22":0}}