{"canton":{"0":"NE","1":"GE","2":"GL","3":"BE","4":"SZ","5":"TG","6":"UR","7":"FR","8":"BS","9":"ZH","10":"SO","11":"VD","12":"OW","13":"SG","14":"GR","15":"ZG","16":"AR","17":"LU","18":"TI","19":"JU","20":"AG","21":"SH","22":"VS","23":"BL","24":"NW"},"main_mean":{"0":0.0237566302,"1":-0.0083972545,"2":-0.0156376026,"3":-0.0106153803,"4":-0.0014728692,"5":-0.0076048717,"6":-0.0402229391,"7":-0.0031662161,"8":0.0116064242,"9":-0.0021503336,"10":0.0706431267,"11":-0.0048132535,"12":0.0,"13":0.0336312504,"14":0.0046748877,"15":-0.0156376026,"16":0.1600154309,"17":0.0134418823,"18":-0.0311709203,"19":0.0075512699,"20":0.006988898,"21":0.0198051004,"22":-0.028161882,"23":-0.0455400795,"24":0.0},"sentiment_mean":{"0":0.1621621622,"1":0.0663153272,"2":0.1109195402,"3":0.0854341737,"4":0.0,"5":0.05,"6":0.0,"7":0.119047619,"8":0.0446650124,"9":0.1135151156,"10":0.1081081081,"11":0.0869565217,"12":0.0,"13":0.1047619048,"14":0.0740740741,"15":0.1109195402,"16":0.6666666667,"17":0.0760233918,"18":0.1111111111,"19":0.0,"20":0.0396825397,"21":0.0256410256,"22":0.0338983051,"23":0.0,"24":0.0},"main_std":{"0":0.1714592079,"1":0.1881955444,"2":0.2024668919,"3":0.1535487514,"4":0.0132161919,"5":0.0955290308,"6":0.0685118654,"7":0.1244003004,"8":0.118199344,"9":0.1403258469,"10":0.194811546,"11":0.1639351863,"12":0.0,"13":0.1608935249,"14":0.0863413171,"15":0.2024668919,"16":0.3441754822,"17":0.1150991101,"18":0.2121932085,"19":0.1332539965,"20":0.1284535634,"21":0.0723674793,"22":0.1134409978,"23":0.1246596791,"24":0.0},"sentiment_std":{"0":0.4063545596,"1":0.4270028716,"2":0.469661844,"3":0.402984162,"4":0.0,"5":0.2236067977,"6":0.0,"7":0.4119639374,"8":0.3568659523,"9":0.4977041005,"10":0.3932615601,"11":0.3824465046,"12":0.0,"13":0.3903600292,"14":0.3280503788,"15":0.469661844,"16":0.5773502692,"17":0.2870918679,"18":0.5694409878,"19":0.0,"20":0.3200198407,"21":0.3618068318,"22":0.260377822,"23":0.0,"24":0.0},"sentiment_pv":{"0":0.1682140445,"1":0.0025593683,"2":0.219862103,"3":0.4932464581,"4":5.727945027e-113,"5":0.3689028985,"6":5.727945027e-113,"7":0.536769276,"8":0.0050282331,"9":0.0692599866,"10":0.8547987667,"11":0.6419398324,"12":5.727945027e-113,"13":0.8229942958,"14":0.6242190224,"15":0.219862103,"16":0.2291045999,"17":0.3687209447,"18":0.7950855625,"19":5.727945027e-113,"20":0.0521282711,"21":0.2321159011,"22":0.0733149125,"23":5.727945027e-113,"24":5.727945027e-113},"main_pv":{"0":0.1308172099,"1":0.706327906,"2":0.0836531892,"3":0.5218704852,"4":0.4277761092,"5":0.9701837584,"6":0.285973851,"7":0.7464813115,"8":0.0027024946,"9":0.108961515,"10":0.0209200424,"11":0.8146612252,"12":0.00002141,"13":0.0118310627,"14":0.3376877442,"15":0.0836531892,"16":0.4895661951,"17":0.0248813698,"18":0.2570891733,"19":0.755140708,"20":0.2351112367,"21":0.0284920696,"22":0.1555568492,"23":0.5254120129,"24":0.00002141},"count":{"0":74,"1":2277,"2":1740,"3":714,"4":5,"5":20,"6":6,"7":126,"8":403,"9":3374,"10":37,"11":391,"12":3,"13":105,"14":54,"15":1740,"16":3,"17":171,"18":99,"19":9,"20":126,"21":39,"22":59,"23":5,"24":4},"nb_en":{"0":28,"1":762,"2":851,"3":191,"4":0,"5":4,"6":1,"7":53,"8":103,"9":1467,"10":3,"11":101,"12":0,"13":18,"14":11,"15":851,"16":0,"17":35,"18":88,"19":0,"20":18,"21":6,"22":12,"23":1,"24":0},"nb_de":{"0":24,"1":14,"2":249,"3":510,"4":5,"5":16,"6":5,"7":49,"8":297,"9":1859,"10":34,"11":6,"12":3,"13":87,"14":42,"15":249,"16":3,"17":134,"18":6,"19":0,"20":108,"21":33,"22":38,"23":4,"24":4}}