{"canton":{"0":"NE","1":"GE","2":"GL","3":"BE","4":"SZ","5":"TG","6":"UR","7":"FR","8":"BS","9":"BL","10":"ZH","11":"OW","12":"VD","13":"SG","14":"GR","15":"ZG","16":"AR","17":"LU","18":"TI","19":"JU","20":"AG","21":"SH","22":"VS","23":"AI","24":"SO","25":"NW"},"main_mean":{"0":-0.0490921539,"1":-0.0164178601,"2":-0.0056231471,"3":-0.0008039981,"4":-0.018538219,"5":0.0232553805,"6":-0.0257989373,"7":0.0074751575,"8":0.016706347,"9":0.0002176459,"10":-0.0007608853,"11":-0.0001199988,"12":-0.0014979806,"13":0.0442339733,"14":0.0063538816,"15":-0.0056327055,"16":0.0749423335,"17":0.0143394917,"18":-0.0419389663,"19":0.0362592644,"20":0.0294887519,"21":-0.0051262912,"22":0.0072057537,"23":0.0380660322,"24":0.0853404954,"25":-0.0002399976},"sentiment_mean":{"0":0.0,"1":0.0553571429,"2":0.119921363,"3":0.0896226415,"4":-0.2,"5":0.0,"6":0.0,"7":0.1538461538,"8":0.0615384615,"9":0.0,"10":0.1423076923,"11":0.0,"12":0.0572687225,"13":0.1565217391,"14":0.0240963855,"15":0.1201575837,"16":0.1111111111,"17":0.1059602649,"18":0.1041666667,"19":0.1428571429,"20":0.027027027,"21":0.0689655172,"22":0.05,"23":0.0,"24":0.1142857143,"25":0.0},"main_std":{"0":0.1804251239,"1":0.1807413376,"2":0.1855070442,"3":0.1337844262,"4":0.0404575525,"5":0.038269781,"6":0.0399777597,"7":0.1349717291,"8":0.1664551443,"9":0.0000249564,"10":0.1427433407,"11":0.0002399976,"12":0.1714888546,"13":0.1647164338,"14":0.0596945998,"15":0.1856896507,"16":0.2743623438,"17":0.1410912852,"18":0.2261262403,"19":0.0611488313,"20":0.1325872788,"21":0.0682974235,"22":0.0744720205,"23":null,"24":0.2372009831,"25":0.0003394079},"sentiment_std":{"0":0.5477225575,"1":0.3937518451,"2":0.4892646812,"3":0.367780124,"4":0.4472135955,"5":0.0,"6":0.0,"7":0.4126455205,"8":0.4508360395,"9":0.0,"10":0.5092335566,"11":0.0,"12":0.3945294042,"13":0.4310595747,"14":0.21952852,"15":0.4897176385,"16":0.6009252126,"17":0.3856132411,"18":0.4915960401,"19":0.377964473,"20":0.2507972546,"21":0.2578807148,"22":0.2867113354,"23":null,"24":0.3228028511,"25":0.0},"sentiment_pv":{"0":0.3965522976,"1":0.0000003102,"2":0.2195821986,"3":0.3585696905,"4":0.2036238379,"5":2.081706974e-119,"6":2.081706974e-119,"7":0.2199250837,"8":0.0518554615,"9":2.081706974e-119,"10":0.0001344495,"11":2.081706974e-119,"12":0.015227996,"13":0.1933365467,"14":0.0016571419,"15":0.2137557471,"16":0.9710800471,"17":0.9411559816,"18":0.991320703,"19":0.7928547436,"20":0.0019822551,"21":0.4770469266,"22":0.1554547797,"23":null,"24":0.846625976,"25":2.081706974e-119},"main_pv":{"0":0.2619072432,"1":0.0019888045,"2":0.6870962594,"3":0.6134429676,"4":0.456489866,"5":0.0429131077,"6":0.135732,"7":0.4077984275,"8":0.0110838355,"9":0.0169629784,"10":0.3457233987,"11":0.0299577214,"12":0.7975309639,"13":0.00244424,"14":0.1432514258,"15":0.686219351,"16":0.4154603557,"17":0.123690235,"18":0.1007779354,"19":0.1356260919,"20":0.0103129775,"21":0.9060503638,"22":0.2716440372,"23":null,"24":0.0334188656,"25":0.0377777525},"count":{"0":21,"1":2240,"2":1526,"3":636,"4":5,"5":11,"6":9,"7":104,"8":455,"9":2,"10":3120,"11":4,"12":454,"13":115,"14":83,"15":1523,"16":9,"17":151,"18":96,"19":7,"20":111,"21":29,"22":60,"23":1,"24":35,"25":2},"nb_en":{"0":10,"1":685,"2":777,"3":172,"4":1,"5":0,"6":0,"7":54,"8":159,"9":0,"10":1429,"11":1,"12":123,"13":20,"14":8,"15":777,"16":0,"17":41,"18":72,"19":1,"20":7,"21":5,"22":10,"23":0,"24":8,"25":0},"nb_de":{"0":3,"1":14,"2":220,"3":447,"4":4,"5":11,"6":9,"7":10,"8":278,"9":2,"10":1611,"11":3,"12":11,"13":95,"14":74,"15":217,"16":9,"17":108,"18":12,"19":0,"20":104,"21":23,"22":38,"23":1,"24":27,"25":2}}