{"canton":{"0":"NE","1":"GE","2":"GL","3":"BE","4":"SZ","5":"TG","6":"UR","7":"FR","8":"BS","9":"BL","10":"ZH","11":"OW","12":"VD","13":"SG","14":"GR","15":"ZG","16":"AR","17":"LU","18":"TI","19":"AG","20":"SH","21":"VS","22":"SO","23":"NW"},"main_mean":{"0":-0.0005657415,"1":-0.0143588994,"2":-0.0055079954,"3":-0.0140847587,"4":-0.0382945773,"5":0.0047353282,"6":-0.00230809,"7":-0.0098088629,"8":0.0116425117,"9":-0.07203216,"10":-0.0021299979,"11":-0.008637555,"12":-0.0035873774,"13":0.056090528,"14":-0.0010765121,"15":-0.0055140674,"16":0.0097438377,"17":0.0106789913,"18":-0.0256868476,"19":0.0285044142,"20":0.0185662441,"21":0.0031036056,"22":-0.0278737844,"23":-0.008637555},"sentiment_mean":{"0":0.1904761905,"1":0.1574074074,"2":0.180785124,"3":0.0903522205,"4":0.25,"5":0.0,"6":0.0,"7":0.2,"8":0.06,"9":0.0,"10":0.1309601568,"11":0.0,"12":0.162601626,"13":0.16,"14":-0.0273972603,"15":0.1809720786,"16":0.0,"17":0.0802919708,"18":0.1126760563,"19":0.0961538462,"20":0.1142857143,"21":0.12,"22":0.0333333333,"23":0.0},"main_std":{"0":0.0574578995,"1":0.1877494382,"2":0.1986455783,"3":0.1351574469,"4":0.0770342364,"5":0.0124656279,"6":0.0239441171,"7":0.1920720643,"8":0.0980577301,"9":0.1728397058,"10":0.1471852494,"11":0.020688633,"12":0.2277907634,"13":0.1860855106,"14":0.1035385904,"15":0.1987482804,"16":0.014449,"17":0.0709662928,"18":0.1751199799,"19":0.1380403068,"20":0.0776656503,"21":0.0602134371,"22":0.1114282171,"23":0.020688633},"sentiment_std":{"0":0.5117663157,"1":0.6772250729,"2":0.5710733044,"3":0.3830560415,"4":0.5,"5":0.0,"6":0.0,"7":0.5345224838,"8":0.3924064322,"9":0.0,"10":0.5030079328,"11":0.0,"12":0.6575411692,"13":0.4431293675,"14":0.2340822944,"15":0.5713391757,"16":0.0,"17":0.3442467087,"18":0.5744387515,"19":0.4299295668,"20":0.4037638048,"21":0.3282607227,"22":0.319841915,"23":0.0},"sentiment_pv":{"0":0.6330841288,"1":0.404386599,"2":0.0212718016,"3":0.0045527858,"4":0.6801005941,"5":4.118821262e-111,"6":4.118821262e-111,"7":0.4046374357,"8":0.0005234102,"9":4.118821262e-111,"10":0.6261330427,"11":4.118821262e-111,"12":0.6592476385,"13":0.596658835,"14":0.0000001124,"15":0.0208482235,"16":4.118821262e-111,"17":0.0641911751,"18":0.7313755163,"19":0.348340369,"20":0.7503126652,"21":0.7297065942,"22":0.0898711288,"23":4.118821262e-111},"main_pv":{"0":0.8174949924,"1":0.1264542169,"2":0.7661076143,"3":0.0602473774,"4":0.433459203,"5":0.0309474136,"6":0.8524395726,"7":0.8185241636,"8":0.006666948,"9":0.2686852005,"10":0.6672360855,"11":0.4287195578,"12":0.9977212604,"13":0.0019088785,"14":0.8420529,"15":0.7656279906,"16":0.0526875977,"17":0.0265061426,"18":0.2918766967,"19":0.0209148188,"20":0.1045040081,"21":0.450177713,"22":0.2428952218,"23":0.4287195578},"count":{"0":21,"1":756,"2":968,"3":653,"4":4,"5":16,"6":15,"7":50,"8":350,"9":9,"10":3062,"11":12,"12":123,"13":100,"14":73,"15":967,"16":7,"17":137,"18":71,"19":104,"20":35,"21":50,"22":30,"23":12},"nb_en":{"0":12,"1":712,"2":724,"3":188,"4":1,"5":4,"6":0,"7":29,"8":96,"9":3,"10":1384,"11":0,"12":110,"13":10,"14":8,"15":724,"16":0,"17":24,"18":65,"19":28,"20":6,"21":12,"22":4,"23":0},"nb_de":{"0":8,"1":12,"2":240,"3":465,"4":3,"5":12,"6":15,"7":18,"8":252,"9":6,"10":1662,"11":12,"12":7,"13":90,"14":65,"15":239,"16":7,"17":113,"18":6,"19":76,"20":29,"21":38,"22":26,"23":12}}