{"canton":{"0":"SG","1":"AR","2":"AI","3":"JU","4":"VS","5":"SO","6":"AG","7":"TG","8":"ZH","9":"BE","10":"GE","11":"BS","12":"GL","13":"LU","14":"OW","15":"GR","16":"ZG","17":"UR","18":"VD","19":"SH","20":"BL","21":"NW","22":"TI","23":"SZ","24":"NE","25":"FR"},"main_mean":{"0":0.010358364,"1":0.0901656216,"2":-0.08055451,"3":0.0378098223,"4":0.0191542747,"5":0.0493275865,"6":-0.007722118,"7":0.0145445092,"8":-0.0202821881,"9":-0.0594386052,"10":-0.0199353424,"11":-0.0033277215,"12":-0.0124003932,"13":-0.0113965208,"14":0.095777954,"15":-0.0365937658,"16":-0.0124009153,"17":-0.1027118563,"18":-0.0038892713,"19":0.0131205667,"20":-0.1443945677,"21":0.048821119,"22":-0.0582205218,"23":0.1289203241,"24":0.009191619,"25":-0.0309727734},"sentiment_mean":{"0":0.1769547325,"1":0.3,"2":0.0,"3":0.2051282051,"4":0.252354049,"5":0.1585365854,"6":0.0676416819,"7":0.2307692308,"8":0.2329415982,"9":0.1885454545,"10":0.1307334163,"11":0.1127750611,"12":0.1997558306,"13":0.2667964946,"14":0.2727272727,"15":0.0878378378,"16":0.1997642403,"17":0.027027027,"18":0.217800729,"19":0.2767857143,"20":-0.04,"21":0.4444444444,"22":0.0820399113,"23":0.4285714286,"24":0.2731829574,"25":0.2593856655},"main_std":{"0":0.1427273602,"1":0.3544525584,"2":0.178511955,"3":0.2502450724,"4":0.1748767722,"5":0.2564688736,"6":0.1954071085,"7":0.2067387421,"8":0.1931124784,"9":0.209812546,"10":0.2027325516,"11":0.2070507231,"12":0.2309947221,"13":0.1860851605,"14":0.1866491361,"15":0.2395935558,"16":0.2309995707,"17":0.2649594431,"18":0.2051974071,"19":0.2281173066,"20":0.1807204531,"21":0.0771746093,"22":0.2023198942,"23":0.3415240248,"24":0.156550054,"25":0.1430953139},"sentiment_std":{"0":0.6898108108,"1":0.6749485577,"2":1.0,"3":0.5702948074,"4":0.6327307655,"5":0.6414812997,"6":0.6907251296,"7":0.606455655,"8":0.6968703326,"9":0.6558697943,"10":0.6905903222,"11":0.7126807059,"12":0.6577108894,"13":0.6495595752,"14":0.6466697907,"15":0.6590970328,"16":0.6577234575,"17":0.6449154332,"18":0.6784517912,"19":0.6604642297,"20":0.5385164807,"21":0.7264831573,"22":0.5302820299,"23":0.6341264875,"24":0.6245059508,"25":0.5979435655},"sentiment_pv":{"0":0.570926991,"1":0.6336874789,"2":0.6857167662,"3":0.9099713472,"4":0.0367643541,"5":0.3775493381,"6":0.0000206999,"7":0.6336093786,"8":1.3469465e-21,"9":0.4940257741,"10":1.257868065e-36,"11":0.0000000001,"12":0.2817065249,"13":0.0004176586,"14":0.6975610983,"15":0.0505027248,"16":0.2809181409,"17":0.1225027848,"18":0.0541237527,"19":0.1914807249,"20":0.0393655945,"21":0.3326276363,"22":7.005335871e-23,"23":0.0614939168,"24":0.0126505399,"25":0.0000419374},"main_pv":{"0":0.0000134189,"1":0.3587826021,"2":0.4786164188,"3":0.1701072724,"4":0.0000012026,"5":0.0000499892,"6":0.2101444598,"7":0.2059284839,"8":0.0722974676,"9":2.170509769e-45,"10":0.2550120872,"11":0.0000494057,"12":0.0002954463,"13":0.2418973429,"14":0.0702967213,"15":0.352871934,"16":0.000295967,"17":0.0603319671,"18":0.0000775555,"19":0.1487838585,"20":0.0018868934,"21":0.0313060803,"22":3.194059334e-20,"23":0.0307353428,"24":0.0005382366,"25":0.0007797566},"count":{"0":486,"1":10,"2":5,"3":39,"4":531,"5":246,"6":547,"7":65,"8":39057,"9":5500,"10":21693,"11":3272,"12":23754,"13":1027,"14":11,"15":148,"16":23753,"17":37,"18":3292,"19":112,"20":25,"21":9,"22":2255,"23":28,"24":399,"25":1465},"nb_en":{"0":486,"1":10,"2":5,"3":39,"4":531,"5":246,"6":547,"7":65,"8":39057,"9":5500,"10":21693,"11":3272,"12":23754,"13":1027,"14":11,"15":148,"16":23753,"17":37,"18":3292,"19":112,"20":25,"21":9,"22":2255,"23":28,"24":399,"25":1465},"nb_de":{"0":0,"1":0,"2":0,"3":0,"4":0,"5":0,"6":0,"7":0,"8":0,"9":0,"10":0,"11":0,"12":0,"13":0,"14":0,"15":0,"16":0,"17":0,"18":0,"19":0,"20":0,"21":0,"22":0,"23":0,"24":0,"25":0},"nb_fr":{"0":0,"1":0,"2":0,"3":0,"4":0,"5":0,"6":0,"7":0,"8":0,"9":0,"10":0,"11":0,"12":0,"13":0,"14":0,"15":0,"16":0,"17":0,"18":0,"19":0,"20":0,"21":0,"22":0,"23":0,"24":0,"25":0}}