{"canton":{"0":"NE","1":"GE","2":"GL","3":"BE","4":"SZ","5":"TG","6":"UR","7":"FR","8":"BS","9":"ZH","10":"SO","11":"VD","12":"SG","13":"GR","14":"ZG","15":"AR","16":"LU","17":"TI","18":"JU","19":"AG","20":"SH","21":"VS","22":"BL","23":"NW"},"main_mean":{"0":0.01977872,"1":-0.0133420854,"2":-0.0048387387,"3":-0.0220934394,"4":0.1382936035,"5":0.0859477454,"6":-0.0029844606,"7":-0.0178321791,"8":0.0124542856,"9":-0.0052724615,"10":0.0263387673,"11":-0.0224524323,"12":0.0372075518,"13":0.0144286308,"14":-0.0048387387,"15":-0.0192135441,"16":0.006067367,"17":-0.0501969526,"18":-0.0231199707,"19":0.0246282184,"20":0.0000272725,"21":-0.0034713502,"22":0.0016403078,"23":0.0},"sentiment_mean":{"0":0.0208333333,"1":0.0613317757,"2":0.088688946,"3":0.1036144578,"4":0.2,"5":0.1111111111,"6":0.0,"7":-0.0260869565,"8":0.0606936416,"9":0.1338825953,"10":0.0740740741,"11":0.0308219178,"12":0.15625,"13":0.0689655172,"14":0.0893316195,"15":0.0,"16":0.1238095238,"17":0.0344827586,"18":0.0,"19":0.0229007634,"20":0.0,"21":0.0731707317,"22":0.0,"23":0.0},"main_std":{"0":0.12794798,"1":0.1863818257,"2":0.1931663281,"3":0.1600745435,"4":0.1967401084,"5":0.1927445733,"6":0.02171898,"7":0.1114448913,"8":0.16246488,"9":0.1446263899,"10":0.1345853268,"11":0.1641974366,"12":0.1199423727,"13":0.0730303856,"14":0.1931663281,"15":0.0438731791,"16":0.0744012123,"17":0.1842171337,"18":0.1422795609,"19":0.1552240333,"20":0.0001943591,"21":0.0605565018,"22":0.0043324604,"23":null},"sentiment_std":{"0":0.1443375673,"1":0.4005841465,"2":0.4941854355,"3":0.3886822104,"4":0.4472135955,"5":0.3333333333,"6":0.0,"7":0.2077814964,"8":0.3946212035,"9":0.5171905864,"10":0.3849001795,"11":0.3647839955,"12":0.3649981975,"13":0.2556085937,"14":0.4947199701,"15":0.0,"16":0.4089206735,"17":0.5159835012,"18":0.0,"19":0.3608888355,"20":0.0,"21":0.2636516549,"22":0.0,"23":null},"sentiment_pv":{"0":0.0028361257,"1":0.0145529454,"2":0.9529359726,"3":0.4254316387,"4":0.6050992463,"5":0.8398431891,"6":7.517284497e-70,"7":0.0000000769,"8":0.2124764228,"9":0.0003085946,"10":0.8537510862,"11":0.0096141275,"12":0.0719431205,"13":0.5789466594,"14":0.9150666007,"15":7.517284497e-70,"16":0.3737540284,"17":0.3388531083,"18":7.517284497e-70,"19":0.0436333323,"20":7.517284497e-70,"21":0.7243697283,"22":7.517284497e-70,"23":null},"main_pv":{"0":0.1650309581,"1":0.1537506602,"2":0.7671595809,"3":0.0523932424,"4":0.1754485405,"5":0.1887013757,"6":0.3564828784,"7":0.2805661917,"8":0.035490006,"9":0.7670445647,"10":0.218619674,"11":0.1017462498,"12":0.0006503808,"13":0.0370725598,"14":0.7671595809,"15":0.6632895106,"16":0.0991392405,"17":0.0298347017,"18":0.7335484639,"19":0.0250454473,"20":0.000556568,"21":0.7635008275,"22":0.0006410423,"23":null},"count":{"0":48,"1":1712,"2":1556,"3":415,"4":5,"5":9,"6":47,"7":115,"8":346,"9":1942,"10":27,"11":292,"12":96,"13":58,"14":1556,"15":3,"16":105,"17":87,"18":9,"19":131,"20":12,"21":41,"22":11,"23":1},"nb_en":{"0":8,"1":506,"2":799,"3":131,"4":0,"5":1,"6":4,"7":11,"8":89,"9":875,"10":3,"11":76,"12":13,"13":4,"14":800,"15":0,"16":28,"17":71,"18":1,"19":24,"20":0,"21":9,"22":1,"23":0},"nb_de":{"0":5,"1":8,"2":247,"3":278,"4":5,"5":8,"6":43,"7":63,"8":249,"9":1029,"10":24,"11":9,"12":82,"13":54,"14":246,"15":3,"16":77,"17":8,"18":0,"19":107,"20":12,"21":26,"22":10,"23":1}}