{"canton":{"0":"SG","1":"GL","2":"TI","3":"VS","4":"SZ","5":"AG","6":"VD","7":"ZH","8":"SH","9":"UR","10":"BE","11":"BL","12":"GE","13":"BS","14":"AR","15":"SO","16":"LU","17":"GR","18":"NE","19":"ZG","20":"FR"},"main_mean":{"0":0.0116736595,"1":-0.0081899497,"2":-0.0595152378,"3":0.0330863977,"4":0.0,"5":-0.069204952,"6":-0.0017758074,"7":-0.0204057428,"8":0.0,"9":0.0648113942,"10":-0.0492966896,"11":-0.299997,"12":-0.01402191,"13":-0.0330754708,"14":0.0,"15":-0.018696789,"16":-0.0063055797,"17":-0.2325369909,"18":0.0086753029,"19":-0.0081899497,"20":-0.0720325372},"sentiment_mean":{"0":0.1666666667,"1":0.1609589041,"2":-0.0240963855,"3":0.1904761905,"4":1.0,"5":-0.0625,"6":0.312,"7":0.2207045291,"8":0.0,"9":0.6666666667,"10":0.1684782609,"11":0.0,"12":0.1343283582,"13":0.0869565217,"14":1.0,"15":-0.25,"16":0.4,"17":0.0,"18":0.1785714286,"19":0.1609589041,"20":0.1551724138},"main_std":{"0":0.0955232704,"1":0.2261667547,"2":0.2254534766,"3":0.2439997559,"4":null,"5":0.1534480035,"6":0.1932276828,"7":0.2052478644,"8":0.0,"9":0.294403224,"10":0.2285577799,"11":null,"12":0.1879553968,"13":0.135628635,"14":null,"15":0.1403703834,"16":0.1354206587,"17":0.1380824008,"18":0.0834181146,"19":0.2261667547,"20":0.122520778},"sentiment_std":{"0":0.785905248,"1":0.6557915998,"2":0.5404583334,"3":0.8135752958,"4":null,"5":0.7156093726,"6":0.6402620431,"7":0.6990454486,"8":0.0,"9":0.5773502692,"10":0.6519293515,"11":null,"12":0.7125633959,"13":0.7508555401,"14":null,"15":0.7537783614,"16":0.563241848,"17":0.894427191,"18":0.4755948656,"19":0.6557915998,"20":0.6435025903},"sentiment_pv":{"0":0.9694547008,"1":0.5956159843,"2":0.0014477807,"3":0.9265416658,"4":null,"5":0.0718914857,"6":0.0189596376,"7":0.0277819655,"8":5.6423351e-65,"9":0.2773287872,"10":0.9125896693,"11":null,"12":0.1597467405,"13":0.273585736,"14":null,"15":0.0775450624,"16":0.0366754667,"17":0.6541192328,"18":0.9589587082,"19":0.5956159843,"20":0.8267956836},"main_pv":{"0":0.2245671371,"1":0.2891580868,"2":0.0913694473,"3":0.3594756657,"4":null,"5":0.0645490608,"6":0.3896284598,"7":0.5816660147,"8":0.0000000433,"9":0.678076397,"10":0.060297878,"11":null,"12":0.7013985863,"13":0.2672644068,"14":null,"15":0.9660759774,"16":0.6728899633,"17":0.0122464488,"18":0.1217541916,"19":0.2891580868,"20":0.0013299108},"count":{"0":18,"1":876,"2":83,"3":21,"4":1,"5":32,"6":125,"7":1391,"8":3,"9":3,"10":184,"11":1,"12":737,"13":92,"14":1,"15":12,"16":30,"17":6,"18":28,"19":876,"20":58},"nb_en":{"0":18,"1":876,"2":83,"3":21,"4":1,"5":32,"6":125,"7":1391,"8":3,"9":3,"10":184,"11":1,"12":737,"13":92,"14":1,"15":12,"16":30,"17":6,"18":28,"19":876,"20":58},"nb_de":{"0":0,"1":0,"2":0,"3":0,"4":0,"5":0,"6":0,"7":0,"8":0,"9":0,"10":0,"11":0,"12":0,"13":0,"14":0,"15":0,"16":0,"17":0,"18":0,"19":0,"20":0}}