{"canton":{"0":"UR","1":"NW","2":"BE","3":"ZG","4":"BL","5":"JU","6":"TI","7":"TG","8":"VD","9":"SG","10":"GR","11":"SH","12":"OW","13":"AG","14":"GE","15":"BS","16":"FR","17":"AR","18":"GL","19":"ZH","20":"SO","21":"NE","22":"LU","23":"AI","24":"VS","25":"SZ"},"main_mean":{"0":0.0392444425,"1":0.000121211,"2":-0.0160226582,"3":-0.0081599095,"4":-0.1020992512,"5":0.0557476736,"6":-0.063929231,"7":0.0262294743,"8":0.003477226,"9":0.023210824,"10":0.0162334294,"11":0.0001872749,"12":0.0001818165,"13":0.0534914005,"14":-0.0241674814,"15":0.0188307566,"16":-0.0594241915,"17":0.1453827543,"18":-0.008159728,"19":-0.0073961032,"20":0.0397695905,"21":-0.0006387691,"22":0.0060931886,"23":0.0001666653,"24":0.0001787514,"25":0.0029597803},"sentiment_mean":{"0":0.1111111111,"1":0.0,"2":0.0797720798,"3":0.085495283,"4":-0.2,"5":0.0,"6":0.0540540541,"7":0.0714285714,"8":0.0543806647,"9":0.0671641791,"10":0.0144927536,"11":0.0350877193,"12":0.0,"13":0.0564516129,"14":0.0625620655,"15":0.0606796117,"16":0.0512820513,"17":0.2,"18":0.085495283,"19":0.1254416961,"20":0.1290322581,"21":0.1176470588,"22":0.0920245399,"23":0.0,"24":0.1025641026,"25":0.0},"main_std":{"0":0.2061832315,"1":0.0002099436,"2":0.1404867536,"3":0.1855331068,"4":0.199438343,"5":0.0503176253,"6":0.1715688828,"7":0.1536226097,"8":0.189627666,"9":0.1423059838,"10":0.0802729765,"11":0.0498637427,"12":0.0002571274,"13":0.1761194637,"14":0.1924113516,"15":0.1435962284,"16":0.1609812739,"17":0.2808659947,"18":0.185533115,"19":0.1472214236,"20":0.2797964815,"21":0.12211392,"22":0.1208770657,"23":0.0002357003,"24":0.0987430252,"25":0.0232681017},"sentiment_std":{"0":0.6009252126,"1":0.0,"2":0.3730063764,"3":0.4701115062,"4":0.4472135955,"5":0.0,"6":0.4229299929,"7":0.377964473,"8":0.3854204632,"9":0.37190348,"10":0.2707697971,"11":0.1856371538,"12":0.0,"13":0.2936293597,"14":0.4264696863,"15":0.3674168715,"16":0.3181699251,"17":0.4472135955,"18":0.468854868,"19":0.5335743361,"20":0.4275461366,"21":0.5373732906,"22":0.3480069524,"23":0.0,"24":0.3073547406,"25":0.0},"sentiment_pv":{"0":0.9175024232,"1":6.16306297e-91,"2":0.5012805557,"3":0.7314288204,"4":0.2210874799,"5":6.16306297e-91,"6":0.3793527774,"7":0.8004610745,"8":0.1035161355,"9":0.4883511015,"10":0.0252428443,"11":0.0327379816,"12":6.16306297e-91,"13":0.2159115733,"14":0.0096047203,"15":0.1200031937,"16":0.2930873772,"17":0.6106875136,"18":0.7308265012,"19":0.0004356662,"20":0.6127572793,"21":0.7638070867,"22":0.9328341262,"23":6.16306297e-91,"24":0.7958912557,"25":6.16306297e-91},"main_pv":{"0":0.502219348,"1":0.0000000126,"2":0.2089505327,"3":0.851394082,"4":0.3557929627,"5":0.1550247823,"6":0.0010894413,"7":0.2353668021,"8":0.2354735398,"9":0.0102655049,"10":0.0118777824,"11":0.1787293834,"12":0.0000000118,"13":0.0001372154,"14":0.0009782105,"15":0.0001382807,"16":0.0073463698,"17":0.2862600158,"18":0.8513643541,"19":0.5792841911,"20":0.3392467712,"21":0.6911575952,"22":0.1165168817,"23":0.0000000119,"24":0.5645586083,"25":0.3147412224},"count":{"0":9,"1":3,"2":702,"3":1696,"4":5,"5":3,"6":111,"7":28,"8":331,"9":134,"10":69,"11":57,"12":2,"13":124,"14":2014,"15":412,"16":78,"17":5,"18":1696,"19":3396,"20":31,"21":34,"22":163,"23":2,"24":39,"25":5},"nb_en":{"0":4,"1":0,"2":198,"3":785,"4":1,"5":0,"6":89,"7":7,"8":82,"9":19,"10":5,"11":4,"12":0,"13":14,"14":702,"15":105,"16":24,"17":0,"18":783,"19":1680,"20":9,"21":14,"22":38,"23":0,"24":9,"25":1},"nb_de":{"0":5,"1":3,"2":484,"3":188,"4":4,"5":0,"6":12,"7":20,"8":12,"9":115,"10":64,"11":53,"12":2,"13":110,"14":12,"15":298,"16":12,"17":5,"18":190,"19":1657,"20":22,"21":5,"22":124,"23":2,"24":24,"25":4},"nb_fr":{"0":0,"1":0,"2":20,"3":723,"4":0,"5":3,"6":10,"7":1,"8":237,"9":0,"10":0,"11":0,"12":0,"13":0,"14":1300,"15":9,"16":42,"17":0,"18":723,"19":59,"20":0,"21":15,"22":1,"23":0,"24":6,"25":0}}