{"canton":{"0":"UR","1":"NW","2":"BE","3":"ZG","4":"BL","5":"TI","6":"TG","7":"VD","8":"SG","9":"JU","10":"SH","11":"OW","12":"AG","13":"GE","14":"BS","15":"FR","16":"SO","17":"AR","18":"GL","19":"ZH","20":"VS","21":"NE","22":"LU","23":"AI","24":"GR","25":"SZ"},"main_mean":{"0":-0.0257989373,"1":-0.0002399976,"2":-0.0008039981,"3":-0.0056327055,"4":0.0002176459,"5":-0.0419389663,"6":0.0232553805,"7":-0.0014979806,"8":0.0442339733,"9":0.0362592644,"10":-0.0051262912,"11":-0.0001199988,"12":0.0294887519,"13":-0.0164178601,"14":0.016706347,"15":0.0074751575,"16":0.0853404954,"17":0.0749423335,"18":-0.0056231471,"19":-0.0007608853,"20":0.0072057537,"21":-0.0490921539,"22":0.0143394917,"23":0.0380660322,"24":0.0063538816,"25":-0.018538219},"sentiment_mean":{"0":0.0,"1":0.0,"2":0.0896226415,"3":0.1201575837,"4":0.0,"5":0.1041666667,"6":0.0,"7":0.0572687225,"8":0.1565217391,"9":0.1428571429,"10":0.0689655172,"11":0.0,"12":0.027027027,"13":0.0553571429,"14":0.0615384615,"15":0.1538461538,"16":0.1142857143,"17":0.1111111111,"18":0.119921363,"19":0.1423076923,"20":0.05,"21":0.0,"22":0.1059602649,"23":0.0,"24":0.0240963855,"25":-0.2},"main_std":{"0":0.0399777597,"1":0.0003394079,"2":0.1337844262,"3":0.1856896507,"4":0.0000249564,"5":0.2261262403,"6":0.038269781,"7":0.1714888546,"8":0.1647164338,"9":0.0611488313,"10":0.0682974235,"11":0.0002399976,"12":0.1325872788,"13":0.1807413376,"14":0.1664551443,"15":0.1349717291,"16":0.2372009831,"17":0.2743623438,"18":0.1855070442,"19":0.1427433407,"20":0.0744720205,"21":0.1804251239,"22":0.1410912852,"23":null,"24":0.0596945998,"25":0.0404575525},"sentiment_std":{"0":0.0,"1":0.0,"2":0.367780124,"3":0.4897176385,"4":0.0,"5":0.4915960401,"6":0.0,"7":0.3945294042,"8":0.4310595747,"9":0.377964473,"10":0.2578807148,"11":0.0,"12":0.2507972546,"13":0.3937518451,"14":0.4508360395,"15":0.4126455205,"16":0.3228028511,"17":0.6009252126,"18":0.4892646812,"19":0.5092335566,"20":0.2867113354,"21":0.5477225575,"22":0.3856132411,"23":null,"24":0.21952852,"25":0.4472135955},"sentiment_pv":{"0":2.081706974e-119,"1":2.081706974e-119,"2":0.3585696905,"3":0.2137557471,"4":2.081706974e-119,"5":0.991320703,"6":2.081706974e-119,"7":0.015227996,"8":0.1933365467,"9":0.7928547436,"10":0.4770469266,"11":2.081706974e-119,"12":0.0019822551,"13":0.0000003102,"14":0.0518554615,"15":0.2199250837,"16":0.846625976,"17":0.9710800471,"18":0.2195821986,"19":0.0001344495,"20":0.1554547797,"21":0.3965522976,"22":0.9411559816,"23":null,"24":0.0016571419,"25":0.2036238379},"main_pv":{"0":0.135732,"1":0.0377777525,"2":0.6134429676,"3":0.686219351,"4":0.0169629784,"5":0.1007779354,"6":0.0429131077,"7":0.7975309639,"8":0.00244424,"9":0.1356260919,"10":0.9060503638,"11":0.0299577214,"12":0.0103129775,"13":0.0019888045,"14":0.0110838355,"15":0.4077984275,"16":0.0334188656,"17":0.4154603557,"18":0.6870962594,"19":0.3457233987,"20":0.2716440372,"21":0.2619072432,"22":0.123690235,"23":null,"24":0.1432514258,"25":0.456489866},"count":{"0":9,"1":2,"2":636,"3":1523,"4":2,"5":96,"6":11,"7":454,"8":115,"9":7,"10":29,"11":4,"12":111,"13":2240,"14":455,"15":104,"16":35,"17":9,"18":1526,"19":3120,"20":60,"21":21,"22":151,"23":1,"24":83,"25":5},"nb_en":{"0":0,"1":0,"2":172,"3":777,"4":0,"5":72,"6":0,"7":123,"8":20,"9":1,"10":5,"11":1,"12":7,"13":685,"14":159,"15":54,"16":8,"17":0,"18":777,"19":1429,"20":10,"21":10,"22":41,"23":0,"24":8,"25":1},"nb_de":{"0":9,"1":2,"2":447,"3":217,"4":2,"5":12,"6":11,"7":11,"8":95,"9":0,"10":23,"11":3,"12":104,"13":14,"14":278,"15":10,"16":27,"17":9,"18":220,"19":1611,"20":38,"21":3,"22":108,"23":1,"24":74,"25":4},"nb_fr":{"0":0,"1":0,"2":17,"3":529,"4":0,"5":12,"6":0,"7":320,"8":0,"9":6,"10":1,"11":0,"12":0,"13":1541,"14":18,"15":40,"16":0,"17":0,"18":529,"19":80,"20":12,"21":8,"22":2,"23":0,"24":1,"25":0}}