{"canton":{"0":"SG","1":"GL","2":"JU","3":"VS","4":"UR","5":"AG","6":"VD","7":"ZH","8":"SH","9":"BE","10":"GE","11":"BS","12":"TI","13":"SO","14":"LU","15":"GR","16":"NE","17":"ZG","18":"FR"},"main_mean":{"0":0.039045061,"1":-0.0207546509,"2":0.4809399301,"3":0.0580334963,"4":-0.0357140306,"5":-0.0036808709,"6":0.0539017417,"7":-0.0293439805,"8":0.1111098766,"9":-0.0662744717,"10":0.0604163573,"11":0.0270684708,"12":-0.0099025319,"13":0.0277773148,"14":-0.0181057137,"15":0.0,"16":-0.0028859446,"17":-0.0207546509,"18":0.0},"sentiment_mean":{"0":0.1333333333,"1":0.182441701,"2":1.0,"3":0.0625,"4":-0.5,"5":0.5714285714,"6":0.3488372093,"7":0.2255005269,"8":1.0,"9":0.2258064516,"10":0.247848537,"11":0.1769230769,"12":0.2962962963,"13":0.3333333333,"14":0.0526315789,"15":-0.3333333333,"16":-0.1428571429,"17":0.182441701,"18":0.0},"main_std":{"0":0.1299482857,"1":0.2217934651,"2":0.4563056867,"3":0.21964741,"4":0.0505072665,"5":0.1922548656,"6":0.2136794603,"7":0.2084252531,"8":null,"9":0.2091273121,"10":0.2469970066,"11":0.1971172708,"12":0.1321865199,"13":0.0680402477,"14":0.1171698736,"15":0.0,"16":0.0585255165,"17":0.2217934651,"18":null},"sentiment_std":{"0":0.743223353,"1":0.6554245895,"2":0.0,"3":0.6800735254,"4":0.7071067812,"5":0.5345224838,"6":0.6281146741,"7":0.7447020241,"8":null,"9":0.6889516513,"10":0.7025934846,"11":0.7621408506,"12":0.5001746725,"13":0.5163977795,"14":0.5242650104,"15":0.5773502692,"16":0.6900655593,"17":0.6554245895,"18":null},"sentiment_pv":{"0":0.6901752967,"1":0.2800580748,"2":0.0,"3":0.3954023203,"4":0.3898386195,"5":0.1253512465,"6":0.0488290229,"7":0.6039647912,"8":null,"9":0.8015282983,"10":0.2483956312,"11":0.6105237473,"12":0.2250002351,"13":0.5889811817,"14":0.2046421623,"15":0.2436300651,"16":0.2232671016,"17":0.2800580748,"18":null},"main_pv":{"0":0.1977528608,"1":0.1161181068,"2":0.2054509113,"3":0.2587557997,"4":0.5633846948,"5":0.9698007444,"6":0.0112164293,"7":0.0032690579,"8":null,"9":0.0006601897,"10":0.0000000014,"11":0.0594162622,"12":0.8559488541,"13":0.2733934702,"14":0.6751873601,"15":0.0810136387,"16":0.8752931178,"17":0.1161181068,"18":null},"count":{"0":15,"1":729,"2":3,"3":16,"4":2,"5":7,"6":86,"7":949,"8":1,"9":155,"10":581,"11":130,"12":54,"13":6,"14":19,"15":3,"16":7,"17":729,"18":1},"nb_en":{"0":15,"1":729,"2":3,"3":16,"4":2,"5":7,"6":86,"7":949,"8":1,"9":155,"10":581,"11":130,"12":54,"13":6,"14":19,"15":3,"16":7,"17":729,"18":1},"nb_de":{"0":0,"1":0,"2":0,"3":0,"4":0,"5":0,"6":0,"7":0,"8":0,"9":0,"10":0,"11":0,"12":0,"13":0,"14":0,"15":0,"16":0,"17":0,"18":0}}