{"canton":{"0":"UR","1":"BE","2":"ZG","3":"BL","4":"TI","5":"TG","6":"VD","7":"GR","8":"SG","9":"JU","10":"SH","11":"OW","12":"AG","13":"GE","14":"BS","15":"FR","16":"AR","17":"GL","18":"ZH","19":"SO","20":"NE","21":"LU","22":"AI","23":"VS","24":"SZ"},"main_mean":{"0":-0.0219963442,"1":-0.0108296606,"2":-0.0025435448,"3":0.0086040591,"4":-0.0358860013,"5":0.0174791663,"6":-0.0035004873,"7":-0.0031779244,"8":0.0254149963,"9":0.0764340517,"10":0.008092536,"11":0.0,"12":0.0192247011,"13":-0.0264122928,"14":-0.0028520293,"15":-0.0095605153,"16":0.0114576042,"17":-0.0025383645,"18":-0.0005640822,"19":0.0546107514,"20":0.0045839594,"21":0.0052156984,"22":0.0004444395,"23":0.0266806618,"24":-0.012658986},"sentiment_mean":{"0":0.0,"1":0.0454545455,"2":0.101663586,"3":0.0,"4":0.1315789474,"5":0.0,"6":0.025751073,"7":0.0,"8":0.0492957746,"9":0.3,"10":0.05,"11":0.0,"12":0.0699300699,"13":0.0577521102,"14":0.047029703,"15":0.1319444444,"16":0.0,"17":0.101663586,"18":0.1262419638,"19":0.1136363636,"20":0.0185185185,"21":0.064516129,"22":0.0,"23":0.1525423729,"24":0.0},"main_std":{"0":0.0447553928,"1":0.1294654579,"2":0.1905187896,"3":0.0149026675,"4":0.1607732764,"5":0.0231266566,"6":0.1461219671,"7":0.0879719564,"8":0.1262579608,"9":0.1082692912,"10":0.0295560535,"11":null,"12":0.0829204338,"13":0.1769586877,"14":0.1134356337,"15":0.1451900531,"16":0.0162034992,"17":0.1905189731,"18":0.1452109719,"19":0.1747671338,"20":0.0753579226,"21":0.1146812821,"22":null,"23":0.1301067816,"24":0.0362162334},"sentiment_std":{"0":0.0,"1":0.3448308045,"2":0.4593362957,"3":0.0,"4":0.5499601261,"5":0.0,"6":0.3582844041,"7":0.3015113446,"8":0.3827386344,"9":0.4830458915,"10":0.2207214279,"11":null,"12":0.3060504803,"13":0.4374127091,"14":0.3232374833,"15":0.4463766759,"16":0.0,"17":0.4593362957,"18":0.4912158738,"19":0.3210382206,"20":0.4116575212,"21":0.3974636237,"22":null,"23":0.407412327,"24":0.0},"sentiment_pv":{"0":2.976131183e-102,"1":0.0003360995,"2":0.3089845044,"3":2.976131183e-102,"4":0.5059505764,"5":2.976131183e-102,"6":0.0002226802,"7":0.0539780571,"8":0.2183636613,"9":0.2012451751,"10":0.269753767,"11":null,"12":0.4554767965,"13":0.0017825003,"14":0.0111634201,"15":0.2566751765,"16":2.976131183e-102,"17":0.3089845044,"18":0.0000802606,"19":0.619262275,"20":0.2129176939,"21":0.4002981267,"22":null,"23":0.2395196578,"24":2.976131183e-102},"main_pv":{"0":0.5344720337,"1":0.3233145728,"2":0.4466517073,"3":0.222324284,"4":0.1142091718,"5":0.004489225,"6":0.6844368607,"7":0.8129342809,"8":0.0035273759,"9":0.0388478142,"10":0.0051066077,"11":null,"12":0.0004263768,"13":0.0000006119,"14":0.5529023119,"15":0.7907566924,"16":0.3609891108,"17":0.4460289062,"18":0.0472319117,"19":0.0257894744,"20":0.2973379228,"21":0.1783983275,"22":null,"23":0.0570886297,"24":0.6375685827},"count":{"0":4,"1":902,"2":1623,"3":3,"4":76,"5":12,"6":466,"7":45,"8":142,"9":10,"10":40,"11":1,"12":143,"13":2251,"14":404,"15":144,"16":2,"17":1623,"18":3422,"19":44,"20":54,"21":186,"22":1,"23":59,"24":8},"nb_en":{"0":0,"1":214,"2":723,"3":0,"4":64,"5":2,"6":89,"7":8,"8":14,"9":4,"10":5,"11":0,"12":13,"13":815,"14":99,"15":65,"16":0,"17":723,"18":1438,"19":7,"20":18,"21":44,"22":0,"23":18,"24":1},"nb_de":{"0":4,"1":663,"2":307,"3":3,"4":4,"5":10,"6":27,"7":37,"8":128,"9":0,"10":35,"11":1,"12":129,"13":18,"14":290,"15":35,"16":2,"17":307,"18":1914,"19":37,"20":7,"21":142,"22":1,"23":38,"24":7},"nb_fr":{"0":0,"1":25,"2":593,"3":0,"4":8,"5":0,"6":350,"7":0,"8":0,"9":6,"10":0,"11":0,"12":1,"13":1418,"14":15,"15":44,"16":0,"17":593,"18":70,"19":0,"20":29,"21":0,"22":0,"23":3,"24":0}}