{"canton":{"0":"SG","1":"TI","2":"JU","3":"SH","4":"VS","5":"SO","6":"AG","7":"VD","8":"ZH","9":"TG","10":"BE","11":"GE","12":"BS","13":"GL","14":"SZ","15":"LU","16":"GR","17":"NE","18":"ZG","19":"FR"},"main_mean":{"0":0.0130951171,"1":-0.0403475075,"2":0.1428551021,"3":0.0333327778,"4":0.0964014278,"5":0.0,"6":0.0376057873,"7":-0.0469835706,"8":-0.0200007643,"9":0.0,"10":-0.05857745,"11":-0.0415480674,"12":-0.0238859085,"13":-0.0209455454,"14":0.0,"15":0.0205594645,"16":-0.0590905992,"17":-0.0007717668,"18":-0.0209455454,"19":-0.0318104914},"sentiment_mean":{"0":-0.2142857143,"1":0.15625,"2":0.0,"3":0.4,"4":0.4444444444,"5":0.2857142857,"6":0.2307692308,"7":0.0227272727,"8":0.2322670376,"9":0.0,"10":0.1220657277,"11":0.1291512915,"12":0.1515151515,"13":0.2005532503,"14":0.0,"15":0.1818181818,"16":0.0,"17":0.0555555556,"18":0.2005532503,"19":0.296875},"main_std":{"0":0.0712345798,"1":0.1727995688,"2":null,"3":0.074534357,"4":0.2155588284,"5":0.0,"6":0.1091028653,"7":0.1780403962,"8":0.1892918498,"9":0.0,"10":0.2224124357,"11":0.1746530857,"12":0.2119519064,"13":0.236302786,"14":null,"15":0.1741880957,"16":0.187632019,"17":0.0941091549,"18":0.236302786,"19":0.1220375139},"sentiment_std":{"0":0.8017837257,"1":0.5967837076,"2":null,"3":0.5477225575,"4":0.6156987635,"5":0.4879500365,"6":0.7250110521,"7":0.7424295737,"8":0.6951581275,"9":0.0,"10":0.6399671685,"11":0.6960825591,"12":0.5952813837,"13":0.6445163734,"14":null,"15":0.7555293008,"16":0.755928946,"17":0.7253576986,"18":0.6445163734,"19":0.6089201345},"sentiment_pv":{"0":0.0828194516,"1":0.6678517472,"2":null,"3":0.4372110179,"4":0.0965792311,"5":0.6181694856,"6":0.8379980235,"7":0.0403774632,"8":0.0380135218,"9":1.927592606e-73,"10":0.1401818391,"11":0.024614337,"12":0.541380741,"13":0.6494021322,"14":null,"15":0.9522518727,"16":0.5031967023,"17":0.447525692,"18":0.6494021322,"19":0.163724083},"main_pv":{"0":0.0625526473,"1":0.5133363721,"2":null,"3":0.1497598827,"4":0.0277618207,"5":5.226704006e-17,"6":0.0579700477,"7":0.2781855792,"8":0.3063771217,"9":5.226704006e-17,"10":0.0373007148,"11":0.0236674061,"12":0.9216969079,"13":0.5870405892,"14":null,"15":0.0851314567,"16":0.6335657765,"17":0.2749109495,"18":0.5870405892,"19":0.7104016451},"count":{"0":14,"1":64,"2":1,"3":5,"4":18,"5":7,"6":13,"7":88,"8":1438,"9":2,"10":213,"11":813,"12":99,"13":723,"14":1,"15":44,"16":8,"17":18,"18":723,"19":64},"nb_en":{"0":14,"1":64,"2":1,"3":5,"4":18,"5":7,"6":13,"7":88,"8":1438,"9":2,"10":213,"11":813,"12":99,"13":723,"14":1,"15":44,"16":8,"17":18,"18":723,"19":64},"nb_de":{"0":0,"1":0,"2":0,"3":0,"4":0,"5":0,"6":0,"7":0,"8":0,"9":0,"10":0,"11":0,"12":0,"13":0,"14":0,"15":0,"16":0,"17":0,"18":0,"19":0}}