{"canton":{"0":"UR","1":"NW","2":"BE","3":"ZG","4":"BL","5":"TI","6":"TG","7":"VD","8":"SG","9":"JU","10":"SH","11":"OW","12":"AG","13":"GE","14":"BS","15":"FR","16":"SO","17":"AR","18":"GL","19":"ZH","20":"VS","21":"NE","22":"LU","23":"GR","24":"SZ"},"main_mean":{"0":-0.0011871634,"1":-0.0175397808,"2":-0.0205182327,"3":-0.010408141,"4":0.0029650879,"5":-0.0582331791,"6":0.015777581,"7":0.0203799146,"8":0.0344300929,"9":-0.0833305556,"10":0.0416368803,"11":-0.0292329679,"12":0.035225818,"13":-0.0159224577,"14":0.0265518749,"15":0.0080693434,"16":0.0403890889,"17":0.0028285513,"18":-0.0103999601,"19":-0.0041538213,"20":-0.0151921366,"21":0.0402799523,"22":0.0362083328,"23":0.0332855178,"24":-0.0054766119},"sentiment_mean":{"0":0.0,"1":0.0,"2":0.054446461,"3":0.1701701702,"4":0.0,"5":0.1153846154,"6":0.0,"7":0.2905405405,"8":0.0736842105,"9":-0.25,"10":0.15,"11":0.0,"12":0.0434782609,"13":0.1857923497,"14":0.0830188679,"15":0.225,"16":0.0625,"17":0.0,"18":0.17,"19":0.1452196382,"20":0.0857142857,"21":0.1304347826,"22":0.1153846154,"23":0.0408163265,"24":0.0},"main_std":{"0":0.076753728,"1":0.0286971033,"2":0.1448181837,"3":0.2188555772,"4":0.0354465655,"5":0.1703771783,"6":0.0266060224,"7":0.1188566637,"8":0.1372532792,"9":0.1666611113,"10":0.1404101813,"11":0.0336794838,"12":0.1589491832,"13":0.1830985652,"14":0.1481863685,"15":0.1559850521,"16":0.1065472408,"17":0.0060492019,"18":0.2187461654,"19":0.1443483715,"20":0.0903612753,"21":0.2374054659,"22":0.1809855102,"23":0.0927908284,"24":0.0098342106},"sentiment_std":{"0":0.0,"1":0.0,"2":0.4229046877,"3":0.6179277794,"4":0.0,"5":0.5091569102,"6":0.0,"7":0.6199997628,"8":0.300428958,"9":0.5,"10":0.3663475485,"11":0.0,"12":0.3611575593,"13":0.6521289956,"14":0.3996854109,"15":0.5767948575,"16":0.2459346884,"17":0.0,"18":0.6176418715,"19":0.5136166961,"20":0.3734913631,"21":0.4576965873,"22":0.3941378634,"23":0.1999149479,"24":0.0},"sentiment_pv":{"0":5.861181991e-90,"1":5.861181991e-90,"2":0.000004599,"3":0.203416954,"4":5.861181991e-90,"5":0.6268106746,"6":5.861181991e-90,"7":0.0049228719,"8":0.0288876966,"9":0.2133430088,"10":0.9400306394,"11":5.861181991e-90,"12":0.0258183177,"13":0.1433780171,"14":0.0180439603,"15":0.3796796873,"16":0.0741951935,"17":5.861181991e-90,"18":0.2059526299,"19":0.9131618212,"20":0.3673198425,"21":0.8907250603,"22":0.5320976772,"23":0.0009431836,"24":5.861181991e-90},"main_pv":{"0":0.7640401349,"1":0.3914119679,"2":0.0194008568,"3":0.4677877376,"4":0.5726213952,"5":0.0077052817,"6":0.3059140891,"7":0.0119549617,"8":0.0066477581,"9":0.4172339072,"10":0.1537204977,"11":0.3403117203,"12":0.0399266096,"13":0.1846332601,"14":0.0008345619,"15":0.597450862,"16":0.0224762015,"17":0.0447140505,"18":0.4680739835,"19":0.8094844159,"20":0.5182472732,"21":0.3695180668,"22":0.0484703393,"23":0.0062075446,"24":0.9570459114},"count":{"0":36,"1":5,"2":551,"3":999,"4":7,"5":78,"6":3,"7":148,"8":95,"9":4,"10":20,"11":3,"12":69,"13":549,"14":265,"15":40,"16":32,"17":5,"18":1000,"19":1935,"20":35,"21":23,"22":78,"23":49,"24":3},"nb_en":{"0":1,"1":0,"2":179,"3":819,"4":0,"5":66,"6":0,"7":138,"8":9,"9":4,"10":3,"11":0,"12":11,"13":530,"14":75,"15":32,"16":7,"17":1,"18":819,"19":859,"20":11,"21":17,"22":18,"23":2,"24":0},"nb_de":{"0":35,"1":5,"2":372,"3":171,"4":7,"5":12,"6":3,"7":6,"8":86,"9":0,"10":17,"11":3,"12":58,"13":9,"14":190,"15":4,"16":25,"17":4,"18":172,"19":1074,"20":24,"21":6,"22":60,"23":47,"24":3},"nb_fr":{"0":0,"1":0,"2":0,"3":9,"4":0,"5":0,"6":0,"7":4,"8":0,"9":0,"10":0,"11":0,"12":0,"13":10,"14":0,"15":4,"16":0,"17":0,"18":9,"19":2,"20":0,"21":0,"22":0,"23":0,"24":0}}