{"canton":{"0":"UR","1":"BE","2":"ZG","3":"BL","4":"TI","5":"TG","6":"VD","7":"SG","8":"JU","9":"SH","10":"OW","11":"AG","12":"GE","13":"BS","14":"FR","15":"SO","16":"AR","17":"GL","18":"ZH","19":"VS","20":"NE","21":"LU","22":"GR","23":"SZ"},"main_mean":{"0":0.0017478613,"1":0.0012341118,"2":0.0053560951,"3":-0.0305096949,"4":-0.026127347,"5":0.0081826,"6":0.0098534767,"7":0.047072304,"8":0.1171691056,"9":-0.0103988769,"10":0.0,"11":0.0093900537,"12":-0.0161641114,"13":0.0024875688,"14":-0.0597915046,"15":0.0491997403,"16":0.0183848162,"17":0.0053668483,"18":-0.0014813116,"19":-0.0138372528,"20":-0.0153896504,"21":0.003307831,"22":-0.0136050389,"23":0.1125102446},"sentiment_mean":{"0":0.0,"1":0.0811638591,"2":0.1156462585,"3":0.0,"4":0.0275229358,"5":0.0,"6":0.0642857143,"7":0.15,"8":0.1428571429,"9":0.0303030303,"10":-1.0,"11":0.0544217687,"12":0.0465799413,"13":0.0484496124,"14":-0.0298507463,"15":0.1290322581,"16":0.0,"17":0.1155747837,"18":0.1170688114,"19":0.0327868852,"20":0.0,"21":0.0674157303,"22":-0.0588235294,"23":0.2},"main_std":{"0":0.0038449685,"1":0.1236342977,"2":0.1873687996,"3":0.0528443417,"4":0.1458413424,"5":0.0198403691,"6":0.1513033828,"7":0.1681906812,"8":0.4317467995,"9":0.0896414071,"10":null,"11":0.0946776446,"12":0.1772710654,"13":0.1350654416,"14":0.1587104465,"15":0.1695578689,"16":null,"17":0.1873114746,"18":0.1314804002,"19":0.0836346676,"20":0.0668972284,"21":0.0725682532,"22":0.0921527486,"23":0.3124603837},"sentiment_std":{"0":0.0,"1":0.3604239057,"2":0.4857971336,"3":0.0,"4":0.535044401,"5":0.0,"6":0.3286781427,"7":0.4142254625,"8":0.377964473,"9":0.174077656,"10":null,"11":0.2559514328,"12":0.4107240164,"13":0.4981300171,"14":0.1714597977,"15":0.3407771005,"16":null,"17":0.4856554048,"18":0.486097531,"19":0.3144949981,"20":0.242535625,"21":0.3116478097,"22":0.2388325736,"23":0.4216370214},"sentiment_pv":{"0":2.009906244e-99,"1":0.5447292665,"2":0.0458662808,"3":2.009906244e-99,"4":0.2263575776,"5":2.009906244e-99,"6":0.1204279536,"7":0.0914532976,"8":0.7245987702,"9":0.0591605484,"10":null,"11":0.099584744,"12":0.0000039122,"13":0.0627844751,"14":0.0000003549,"15":0.5302913671,"16":null,"17":0.0463588358,"18":0.0040676659,"19":0.162069697,"20":0.0356598731,"21":0.3407988318,"22":0.0009653871,"23":0.4312139209},"main_pv":{"0":0.0686544599,"1":0.5935180405,"2":0.1631124518,"3":0.4416809897,"4":0.0819861352,"5":0.0628385243,"6":0.1334508673,"7":0.0008861187,"8":0.4946055837,"9":0.5728052446,"10":null,"11":0.173903581,"12":0.0001842721,"13":0.5188744636,"14":0.0038020435,"15":0.1069156702,"16":null,"17":0.1622164534,"18":0.996367275,"19":0.2569952903,"20":0.2303763512,"21":0.3979693655,"22":0.449894587,"23":0.2784422284},"count":{"0":17,"1":653,"2":1617,"3":3,"4":109,"5":18,"6":420,"7":140,"8":7,"9":33,"10":1,"11":147,"12":2383,"13":516,"14":67,"15":31,"16":1,"17":1618,"18":3357,"19":61,"20":35,"21":178,"22":34,"23":10},"nb_en":{"0":0,"1":150,"2":817,"3":0,"4":96,"5":2,"6":86,"7":20,"8":2,"9":4,"10":1,"11":17,"12":784,"13":223,"14":13,"15":3,"16":0,"17":817,"18":1429,"19":14,"20":7,"21":44,"22":6,"23":1},"nb_de":{"0":17,"1":480,"2":218,"3":3,"4":8,"5":16,"6":23,"7":120,"8":0,"9":29,"10":0,"11":128,"12":11,"13":283,"14":24,"15":28,"16":1,"17":219,"18":1845,"19":38,"20":4,"21":132,"22":28,"23":9},"nb_fr":{"0":0,"1":23,"2":582,"3":0,"4":5,"5":0,"6":311,"7":0,"8":5,"9":0,"10":0,"11":2,"12":1588,"13":10,"14":30,"15":0,"16":0,"17":582,"18":83,"19":9,"20":24,"21":2,"22":0,"23":0}}