{"canton":{"0":"SG","1":"GL","2":"VS","3":"SZ","4":"AG","5":"TG","6":"ZH","7":"BE","8":"GE","9":"BS","10":"AR","11":"LU","12":"GR","13":"ZG","14":"VD","15":"SH","16":"BL","17":"NW","18":"TI","19":"SO","20":"NE","21":"FR"},"main_mean":{"0":0.0237533226,"1":0.0082772583,"2":-0.0170063695,"3":-0.0833319445,"4":0.0160487835,"5":-0.2023799225,"6":-0.0216098193,"7":-0.0632851998,"8":-0.0171051411,"9":-0.0251583335,"10":0.0,"11":0.0290162102,"12":0.0486077982,"13":0.0082772583,"14":-0.0468245498,"15":0.0,"16":0.0,"17":-0.0681811984,"18":-0.0681553906,"19":0.0285710204,"20":0.0213014219,"21":-0.0091449696},"sentiment_mean":{"0":0.1333333333,"1":0.2922535211,"2":0.2142857143,"3":-0.5,"4":0.1481481481,"5":-0.5,"6":0.204,"7":0.1075268817,"8":0.0835322196,"9":0.1529411765,"10":0.0,"11":0.1951219512,"12":0.3333333333,"13":0.2922535211,"14":0.1304347826,"15":0.3333333333,"16":0.0,"17":-0.25,"18":0.0465116279,"19":0.0,"20":0.5384615385,"21":0.0454545455},"main_std":{"0":0.136635816,"1":0.2056699768,"2":0.0736384825,"3":0.117849166,"4":0.204455608,"5":0.0505074802,"6":0.1831961559,"7":0.2027767001,"8":0.1724820938,"9":0.1781799753,"10":null,"11":0.252195824,"12":0.2637909783,"13":0.2056699768,"14":0.1987482072,"15":0.0,"16":null,"17":0.1363623967,"18":0.2540824451,"19":0.0638867438,"20":0.057747086,"21":0.0878117991},"sentiment_std":{"0":0.743223353,"1":0.6471834452,"2":0.6992932068,"3":0.7071067812,"4":0.7181013269,"5":0.7071067812,"6":0.6947703245,"7":0.6403101544,"8":0.6862297603,"9":0.6987383588,"10":null,"11":0.6789518464,"12":0.5773502692,"13":0.6471834452,"14":0.6435296689,"15":0.5773502692,"16":null,"17":0.5,"18":0.6307227739,"19":0.0,"20":0.6602252918,"21":0.5687417959},"sentiment_pv":{"0":0.7730895999,"1":0.0004598734,"2":0.898020026,"3":0.3992026699,"4":0.7660028304,"5":0.3992026699,"6":0.4951788011,"7":0.0886497928,"8":0.0000440104,"9":0.6309626891,"10":null,"11":0.9605927728,"12":0.7088272538,"13":0.0004598734,"14":0.2530603826,"15":0.7088272538,"16":null,"17":0.1767139611,"18":0.0401591964,"19":1.445841137e-70,"20":0.0814482138,"21":0.1017055677},"main_pv":{"0":0.2887804735,"1":0.010065446,"2":0.9314180901,"3":0.5638751565,"4":0.4345857511,"5":0.1180376053,"6":0.255138174,"7":0.0017759735,"8":0.7816864319,"9":0.6139826855,"10":null,"11":0.2688817178,"12":0.7157217356,"13":0.010065446,"14":0.0492888667,"15":0.0000002527,"16":null,"17":0.4944051429,"18":0.0582109343,"19":0.2002298182,"20":0.043052945,"21":0.6540829282},"count":{"0":15,"1":568,"2":14,"3":2,"4":27,"5":2,"6":1500,"7":186,"8":838,"9":85,"10":1,"11":41,"12":3,"13":568,"14":161,"15":3,"16":1,"17":4,"18":86,"19":5,"20":13,"21":44},"nb_en":{"0":15,"1":568,"2":14,"3":2,"4":27,"5":2,"6":1500,"7":186,"8":838,"9":85,"10":1,"11":41,"12":3,"13":568,"14":161,"15":3,"16":1,"17":4,"18":86,"19":5,"20":13,"21":44},"nb_de":{"0":0,"1":0,"2":0,"3":0,"4":0,"5":0,"6":0,"7":0,"8":0,"9":0,"10":0,"11":0,"12":0,"13":0,"14":0,"15":0,"16":0,"17":0,"18":0,"19":0,"20":0,"21":0}}