{"canton":{"0":"UR","1":"BE","2":"ZG","3":"BL","4":"JU","5":"TI","6":"TG","7":"VD","8":"SG","9":"GR","10":"SH","11":"AG","12":"GE","13":"BS","14":"FR","15":"GL","16":"ZH","17":"SO","18":"NE","19":"LU","20":"VS","21":"SZ"},"main_mean":{"0":-0.1342559543,"1":0.0131473458,"2":0.0140583447,"3":-0.0122121619,"4":0.015463828,"5":-0.002717204,"6":-0.0006835004,"7":-0.0134521572,"8":0.0562950964,"9":-0.0807346956,"10":0.0000303028,"11":0.0002814477,"12":-0.0067526911,"13":-0.0232254878,"14":0.0438167057,"15":0.0140583447,"16":-0.0068406654,"17":0.0,"18":0.0635078155,"19":-0.0550264112,"20":0.0308926484,"21":0.0474729141},"sentiment_mean":{"0":-0.1666666667,"1":0.0990990991,"2":0.0763636364,"3":0.1428571429,"4":0.0,"5":0.2083333333,"6":0.0,"7":0.0238095238,"8":0.1428571429,"9":-0.1666666667,"10":0.0833333333,"11":0.2,"12":0.0383351588,"13":0.0714285714,"14":0.1186440678,"15":0.0763636364,"16":0.1674876847,"17":1.0,"18":0.1,"19":0.2307692308,"20":0.0,"21":0.3333333333},"main_std":{"0":0.1515481641,"1":0.1073499111,"2":0.1405261681,"3":0.0270992057,"4":0.0336937151,"5":0.0769650292,"6":0.0596083606,"7":0.1416696359,"8":0.2807186469,"9":0.1386403266,"10":0.0001049718,"11":0.0425008255,"12":0.177978387,"13":0.1066942915,"14":0.1688037213,"15":0.1405261681,"16":0.1730116879,"17":0.0,"18":0.1387113546,"19":0.1587897953,"20":0.123062278,"21":0.082603686},"sentiment_std":{"0":0.4082482905,"1":0.4254399852,"2":0.3930005244,"3":0.377964473,"4":0.0,"5":0.414851117,"6":0.0,"7":0.2250015801,"8":0.3631365196,"9":0.4082482905,"10":0.2886751346,"11":0.4216370214,"12":0.3169344074,"13":0.5197945127,"14":0.3261449732,"15":0.3930005244,"16":0.6189393731,"17":0.0,"18":0.3077935056,"19":0.5991446895,"20":0.4472135955,"21":0.5773502692},"sentiment_pv":{"0":0.211644212,"1":0.5087899713,"2":0.8080713288,"3":0.6378884802,"4":7.429439199e-31,"5":0.1219035033,"6":7.429439199e-31,"7":0.0009644278,"8":0.4791949462,"9":0.211644212,"10":0.8947509541,"11":0.3626034967,"12":0.0004914703,"13":0.9924328372,"14":0.2815595718,"15":0.8080713288,"16":0.0002369593,"17":0.0,"18":0.6900257516,"19":0.3585410192,"20":0.605244107,"21":0.5151957522},"main_pv":{"0":0.0829746301,"1":0.1960708112,"2":0.0253224405,"3":0.3042724175,"4":0.2280421052,"5":0.8897775278,"6":0.9970674139,"7":0.134056884,"8":0.4628384114,"9":0.215617669,"10":0.8352458407,"11":0.9561920469,"12":0.1972562417,"13":0.0843023912,"14":0.0497193616,"15":0.0253224405,"16":0.393702099,"17":0.8447175508,"18":0.0535332961,"19":0.2398306264,"20":0.4183046876,"21":0.4205024267},"count":{"0":6,"1":111,"2":550,"3":7,"4":8,"5":24,"6":2,"7":294,"8":14,"9":6,"10":12,"11":10,"12":1826,"13":70,"14":59,"15":550,"16":609,"17":2,"18":20,"19":13,"20":11,"21":3},"nb_en":{"0":6,"1":41,"2":147,"3":1,"4":0,"5":20,"6":0,"7":19,"8":3,"9":3,"10":1,"11":5,"12":301,"13":26,"14":12,"15":147,"16":401,"17":2,"18":0,"19":9,"20":5,"21":1},"nb_de":{"0":0,"1":49,"2":24,"3":6,"4":0,"5":0,"6":2,"7":0,"8":11,"9":3,"10":11,"11":4,"12":3,"13":38,"14":0,"15":24,"16":132,"17":0,"18":1,"19":3,"20":2,"21":2},"nb_fr":{"0":0,"1":21,"2":379,"3":0,"4":8,"5":4,"6":0,"7":275,"8":0,"9":0,"10":0,"11":1,"12":1522,"13":6,"14":47,"15":379,"16":76,"17":0,"18":19,"19":1,"20":4,"21":0}}