{"canton":{"0":"NE","1":"GE","2":"GL","3":"BE","4":"SZ","5":"TG","6":"UR","7":"FR","8":"BS","9":"BL","10":"ZH","11":"OW","12":"VD","13":"SG","14":"GR","15":"ZG","16":"AR","17":"LU","18":"TI","19":"AG","20":"SH","21":"VS","22":"SO"},"main_mean":{"0":0.018662702,"1":-0.0061774122,"2":0.0051560974,"3":-0.0000483646,"4":0.3749953126,"5":0.0138219919,"6":-0.0225701194,"7":0.0178750026,"8":-0.0022024059,"9":0.000444442,"10":-0.0080319621,"11":0.0078116434,"12":-0.0043987237,"13":0.0235077399,"14":0.0188093196,"15":0.0051560974,"16":0.005943279,"17":0.0207574667,"18":-0.000938364,"19":0.02700973,"20":0.0041500757,"21":-0.0115609186,"22":0.0002847194},"sentiment_mean":{"0":0.2222222222,"1":0.1118760757,"2":0.1681034483,"3":0.0211640212,"4":1.0,"5":0.0,"6":0.0,"7":0.12,"8":-0.0053191489,"9":0.0,"10":0.0834028357,"11":0.0,"12":0.1578947368,"13":0.125,"14":0.0,"15":0.1681034483,"16":0.8571428571,"17":0.0789473684,"18":0.2,"19":0.0416666667,"20":0.0,"21":-0.0714285714,"22":0.0},"main_std":{"0":0.0493067994,"1":0.1321459164,"2":0.0971327118,"3":0.0812424112,"4":null,"5":0.0239403922,"6":0.0398239024,"7":0.0558956989,"8":0.0554282953,"9":null,"10":0.1048623176,"11":0.0355271241,"12":0.108321868,"13":0.1211012874,"14":0.0431480063,"15":0.0971327118,"16":0.1523996696,"17":0.0567362388,"18":0.1180177107,"19":0.1246471307,"20":0.034148337,"21":0.0783063312,"22":0.0004196604},"sentiment_std":{"0":0.4409585518,"1":0.5749483561,"2":0.5199232607,"3":0.4120224116,"4":null,"5":0.0,"6":0.0,"7":0.331662479,"8":0.3014641708,"9":null,"10":0.5494417537,"11":0.0,"12":0.4135850959,"13":0.463404348,"14":0.0,"15":0.5199232607,"16":0.377964473,"17":0.2732763127,"18":0.4842341981,"19":0.2041241452,"20":0.0,"21":0.2672612419,"22":0.0},"sentiment_pv":{"0":0.4191604386,"1":0.558522644,"2":0.0454055246,"3":0.0169851487,"4":null,"5":1.350429314e-23,"6":1.350429314e-23,"7":0.7324498505,"8":0.0000286043,"9":null,"10":0.4689904613,"11":1.350429314e-23,"12":0.2766170175,"13":0.7050412484,"14":1.350429314e-23,"15":0.0454055246,"16":0.0017617556,"17":0.6954504207,"18":0.2552261766,"19":0.2085584901,"20":1.350429314e-23,"21":0.0356173769,"22":1.350429314e-23},"main_pv":{"0":0.2303342499,"1":0.5594960688,"2":0.2352565786,"3":0.6613611808,"4":null,"5":0.3523561621,"6":0.4803218031,"7":0.0805449032,"8":0.8979919739,"9":null,"10":0.1452703851,"11":0.7460395824,"12":0.9113066306,"13":0.1796971668,"14":0.1739182486,"15":0.2352565786,"16":0.8846630136,"17":0.0165221664,"18":0.9327885918,"19":0.2549022659,"20":0.4699780069,"21":0.6827869063,"22":0.1197174807},"count":{"0":9,"1":581,"2":232,"3":189,"4":1,"5":3,"6":3,"7":25,"8":188,"9":1,"10":1199,"11":2,"12":57,"13":40,"14":9,"15":232,"16":7,"17":38,"18":30,"19":24,"20":14,"21":14,"22":4},"nb_en":{"0":7,"1":356,"2":117,"3":56,"4":1,"5":0,"6":0,"7":11,"8":31,"9":0,"10":563,"11":0,"12":25,"13":9,"14":0,"15":117,"16":4,"17":7,"18":23,"19":2,"20":1,"21":2,"22":1},"nb_de":{"0":0,"1":3,"2":44,"3":132,"4":0,"5":3,"6":3,"7":8,"8":154,"9":1,"10":613,"11":2,"12":1,"13":31,"14":9,"15":44,"16":3,"17":31,"18":6,"19":22,"20":13,"21":11,"22":3}}