{"canton":{"0":"SG","1":"GL","2":"UR","3":"VS","4":"SZ","5":"AG","6":"VD","7":"ZH","8":"SH","9":"BE","10":"GE","11":"BS","12":"TI","13":"SO","14":"LU","15":"OW","16":"GR","17":"NE","18":"ZG","19":"FR"},"main_mean":{"0":0.0429314876,"1":-0.0210885389,"2":0.0,"3":-0.0426011418,"4":0.0,"5":-0.0791630974,"6":-0.0251008228,"7":-0.038680003,"8":0.0259996793,"9":-0.0271741964,"10":-0.009052564,"11":-0.0036810564,"12":-0.0420323789,"13":0.3227380712,"14":-0.0076394204,"15":0.0,"16":-0.0017857685,"17":-0.0166664758,"18":-0.0226991681,"19":0.01383749},"sentiment_mean":{"0":0.0,"1":0.1771956857,"2":0.0,"3":-0.1428571429,"4":0.0,"5":0.125,"6":0.2068965517,"7":0.2123839009,"8":0.2,"9":0.1764705882,"10":0.1654275093,"11":0.1666666667,"12":0.0982142857,"13":0.4444444444,"14":0.1666666667,"15":0.0,"16":0.0,"17":0.1666666667,"18":0.1761978362,"19":0.1475409836},"main_std":{"0":0.2459979056,"1":0.2569256708,"2":null,"3":0.1154808086,"4":null,"5":0.1868090772,"6":0.2104285752,"7":0.1964097855,"8":0.1355718689,"9":0.2346624465,"10":0.1910678944,"11":0.1779087214,"12":0.1529036473,"13":0.4330107178,"14":0.2317324663,"15":null,"16":0.0632460727,"17":0.1283681267,"18":0.2541618224,"19":0.1143273926},"sentiment_std":{"0":0.6488856845,"1":0.6533655701,"2":null,"3":0.5345224838,"4":null,"5":0.8345229604,"6":0.6529830064,"7":0.6651868592,"8":0.4472135955,"9":0.6995598039,"10":0.6823719939,"11":0.6190133844,"12":0.5688588455,"13":0.5270462767,"14":0.6369147332,"15":null,"16":0.4714045208,"17":0.3834824944,"18":0.653536991,"19":0.511079432},"sentiment_pv":{"0":0.2239489671,"1":0.8394469404,"2":null,"3":0.040392781,"4":null,"5":0.8504546408,"6":0.6947291713,"7":0.1218182883,"8":0.9354599112,"9":0.908453334,"10":0.4500121063,"11":0.7903297217,"12":0.1242921881,"13":0.175009465,"14":0.8543855884,"15":null,"16":0.2520079578,"17":0.8616235988,"18":0.8113885458,"19":0.5964076743},"main_pv":{"0":0.2424641622,"1":0.8177108967,"2":null,"3":0.5489612727,"4":null,"5":0.4277622687,"6":0.9365766142,"7":0.0090371833,"8":0.4602176761,"9":0.8418078695,"10":0.0287403095,"11":0.2565950934,"12":0.2129333243,"13":0.0432556756,"14":0.6182457787,"15":null,"16":0.3095732018,"17":0.8242888119,"18":0.9372977724,"19":0.015083633},"count":{"0":20,"1":649,"2":1,"3":14,"4":1,"5":8,"6":116,"7":1615,"8":5,"9":170,"10":1076,"11":108,"12":112,"13":9,"14":54,"15":1,"16":10,"17":18,"18":647,"19":61},"nb_en":{"0":20,"1":649,"2":1,"3":14,"4":1,"5":8,"6":116,"7":1615,"8":5,"9":170,"10":1076,"11":108,"12":112,"13":9,"14":54,"15":1,"16":10,"17":18,"18":647,"19":61},"nb_de":{"0":0,"1":0,"2":0,"3":0,"4":0,"5":0,"6":0,"7":0,"8":0,"9":0,"10":0,"11":0,"12":0,"13":0,"14":0,"15":0,"16":0,"17":0,"18":0,"19":0}}