{"canton":{"0":"NE","1":"GE","2":"GL","3":"SG","4":"GR","5":"ZG","6":"BE","7":"AR","8":"LU","9":"TI","10":"JU","11":"SO","12":"AG","13":"FR","14":"SH","15":"VS","16":"TG","17":"ZH","18":"VD","19":"BS","20":"BL"},"main_mean":{"0":0.1150292468,"1":-0.0039719623,"2":-0.0014788601,"3":-0.0239193507,"4":-0.0370361111,"5":-0.0014788601,"6":-0.0145775211,"7":0.0,"8":-0.0952562591,"9":-0.0398328952,"10":0.7499812505,"11":0.0017534094,"12":0.0166669444,"13":0.0146000689,"14":0.0,"15":-0.022925243,"16":0.099998,"17":-0.0091913942,"18":-0.0016231786,"19":-0.0461916465,"20":0.0},"sentiment_mean":{"0":0.2857142857,"1":0.1461538462,"2":-0.0566037736,"3":0.1111111111,"4":0.0,"5":-0.0566037736,"6":0.2194092827,"7":0.0,"8":0.36,"9":0.1538461538,"10":1.0,"11":0.2631578947,"12":-0.1,"13":0.0980392157,"14":0.0,"15":0.3333333333,"16":0.0,"17":0.2827004219,"18":0.2784090909,"19":0.0755813953,"20":0.0},"main_std":{"0":0.4742422046,"1":0.2105376352,"2":0.1793577973,"3":0.0832224915,"4":0.1030006031,"5":0.1793577973,"6":0.2479285925,"7":null,"8":0.3106359709,"9":0.174768035,"10":null,"11":0.1321528939,"12":0.1995320917,"13":0.11682904,"14":0.0,"15":0.1854176631,"16":0.1414185279,"17":0.2096120376,"18":0.2041091778,"19":0.1560982431,"20":null},"sentiment_std":{"0":0.4879500365,"1":0.6073347798,"2":0.3624221051,"3":0.9279607271,"4":0.5,"5":0.3624221051,"6":0.626365347,"7":null,"8":0.6377042157,"9":0.445298325,"10":null,"11":0.6533762965,"12":0.5676462122,"13":0.50019604,"14":0.0,"15":0.7071067812,"16":1.4142135624,"17":0.6849076637,"18":0.6295483848,"19":0.7092432416,"20":null},"sentiment_pv":{"0":0.6552053778,"1":0.0350759967,"2":0.0000058921,"3":0.7837942118,"4":0.2676510985,"5":0.0000058921,"6":0.630796156,"7":null,"8":0.2206819941,"9":0.3525526993,"10":null,"11":0.6744333601,"12":0.1306718126,"13":0.16182592,"14":1.668435077e-55,"15":0.5846505311,"16":0.8749805026,"17":0.0010250973,"18":0.1067571269,"19":0.0273542199,"20":null},"main_pv":{"0":0.5102866635,"1":0.4506463616,"2":0.7215100594,"3":0.6425746871,"4":0.4629383629,"5":0.7215100594,"6":0.8026006891,"7":null,"8":0.1855523525,"9":0.1201352208,"10":null,"11":0.6950624956,"12":0.6783060197,"13":0.1430902172,"14":0.0098060703,"15":0.8450301919,"16":0.46828284,"17":0.8763134109,"18":0.5806901036,"19":0.0048581074,"20":null},"count":{"0":7,"1":780,"2":53,"3":9,"4":9,"5":53,"6":237,"7":1,"8":25,"9":91,"10":1,"11":19,"12":10,"13":51,"14":5,"15":9,"16":2,"17":948,"18":176,"19":172,"20":1},"nb_en":{"0":5,"1":621,"2":21,"3":9,"4":9,"5":21,"6":233,"7":1,"8":25,"9":89,"10":1,"11":19,"12":10,"13":45,"14":5,"15":8,"16":2,"17":944,"18":149,"19":167,"20":1},"nb_de":{"0":0,"1":0,"2":0,"3":0,"4":0,"5":0,"6":0,"7":0,"8":0,"9":0,"10":0,"11":0,"12":0,"13":0,"14":0,"15":0,"16":0,"17":0,"18":0,"19":0,"20":0}}