{"canton":{"0":"NE","1":"GE","2":"GL","3":"BE","4":"SZ","5":"TG","6":"UR","7":"FR","8":"BS","9":"ZH","10":"SO","11":"VD","12":"SG","13":"GR","14":"ZG","15":"AR","16":"LU","17":"TI","18":"JU","19":"AG","20":"SH","21":"VS","22":"BL"},"main_mean":{"0":-0.0288453361,"1":-0.0269514594,"2":0.004690438,"3":-0.0064774919,"4":-0.027575451,"5":-0.005291278,"6":-0.0148548515,"7":0.0013507234,"8":0.0113481161,"9":-0.0067530577,"10":0.0178202292,"11":-0.0122169489,"12":0.0280957022,"13":0.0050881095,"14":0.0045923007,"15":0.0068213311,"16":0.0149515392,"17":-0.0455943628,"18":0.0,"19":0.0039167697,"20":-0.0003172758,"21":-0.0043489351,"22":-0.0256337882},"sentiment_mean":{"0":0.0833333333,"1":0.0370152761,"2":0.1367231638,"3":0.1023489933,"4":0.0,"5":0.0454545455,"6":0.0,"7":0.0533333333,"8":0.0595533499,"9":0.0983440351,"10":0.037037037,"11":0.0532212885,"12":0.1338028169,"13":0.0333333333,"14":0.1365688488,"15":0.25,"16":0.0675675676,"17":0.130952381,"18":0.0,"19":0.0642857143,"20":0.1,"21":0.0,"22":0.0},"main_std":{"0":0.1790143433,"1":0.1866080615,"2":0.1873909846,"3":0.1429129964,"4":0.0556899525,"5":0.0823840645,"6":0.0257293575,"7":0.0912435177,"8":0.1069337662,"9":0.1269772444,"10":0.0977589115,"11":0.1722571658,"12":0.1499185663,"13":0.08065612,"14":0.1873078634,"15":0.0136426622,"16":0.1108757088,"17":0.213452328,"18":0.0,"19":0.0911593538,"20":0.0185928901,"21":0.0510411599,"22":0.0912316304},"sentiment_std":{"0":0.2886751346,"1":0.456624142,"2":0.5127960983,"3":0.3774231769,"4":0.0,"5":0.3015113446,"6":0.0,"7":0.3990980823,"8":0.4130059677,"9":0.4948626836,"10":0.337579789,"11":0.4172838723,"12":0.4164843273,"13":0.319841915,"14":0.5125268843,"15":0.5,"16":0.2775539946,"17":0.5096599836,"18":0.0,"19":0.2738143646,"20":0.316227766,"21":0.242535625,"22":0.0},"sentiment_pv":{"0":0.9490008945,"1":0.0000215089,"2":0.0077377852,"3":0.4048723583,"4":3.891914505e-68,"5":0.3484610151,"6":3.891914505e-68,"7":0.4466821188,"8":0.168128839,"9":0.3587163633,"10":0.4341303647,"11":0.1171416526,"12":0.2044866544,"13":0.3517242796,"14":0.0078741119,"15":0.5650006533,"16":0.3649695027,"17":0.4523500541,"18":3.891914505e-68,"19":0.3023937875,"20":0.9133437492,"21":0.0385604477,"22":3.891914505e-68},"main_pv":{"0":0.6789547313,"1":0.0000331862,"2":0.0767075691,"3":0.9491126973,"4":0.5113513552,"5":0.9005559505,"6":0.6453734067,"7":0.4435910032,"8":0.0011959791,"9":0.9686050409,"10":0.2025088202,"11":0.5642636048,"12":0.0066313515,"13":0.4263421007,"14":0.0789586381,"15":0.1362048021,"16":0.0198225193,"17":0.1009488033,"18":0.0000497172,"19":0.1736133602,"20":0.3082834484,"21":0.7762174213,"22":0.5112323933},"count":{"0":12,"1":1702,"2":885,"3":596,"4":4,"5":44,"6":3,"7":75,"8":403,"9":2959,"10":27,"11":357,"12":142,"13":30,"14":886,"15":4,"16":148,"17":84,"18":2,"19":140,"20":10,"21":35,"22":11},"nb_en":{"0":3,"1":701,"2":451,"3":159,"4":0,"5":8,"6":1,"7":42,"8":104,"9":1293,"10":5,"11":100,"12":19,"13":5,"14":451,"15":0,"16":30,"17":73,"18":0,"19":20,"20":2,"21":4,"22":2},"nb_de":{"0":4,"1":10,"2":149,"3":418,"4":4,"5":36,"6":2,"7":21,"8":290,"9":1625,"10":22,"11":8,"12":123,"13":25,"14":150,"15":4,"16":116,"17":7,"18":0,"19":119,"20":8,"21":29,"22":9}}