{"canton":{"0":"SG","1":"AR","2":"TI","3":"VS","4":"SO","5":"AG","6":"VD","7":"ZH","8":"SH","9":"BE","10":"BL","11":"GE","12":"BS","13":"GL","14":"SZ","15":"LU","16":"GR","17":"NE","18":"ZG","19":"FR"},"main_mean":{"0":0.0000807051,"1":-0.0952376417,"2":-0.0539303179,"3":-0.0957923534,"4":0.1253585378,"5":0.0150933615,"6":-0.0012982713,"7":-0.0196203626,"8":-0.099999,"9":-0.052580345,"10":0.0416598962,"11":-0.0095349063,"12":-0.0548178877,"13":-0.0120584984,"14":-0.1333324445,"15":-0.0360021503,"16":-0.0461705937,"17":0.0385088066,"18":-0.0120584984,"19":0.0204333049},"sentiment_mean":{"0":0.0344827586,"1":1.0,"2":0.1891891892,"3":0.25,"4":0.25,"5":0.1904761905,"6":0.3219178082,"7":0.2227332457,"8":0.3333333333,"9":0.1917293233,"10":0.6666666667,"11":0.1178707224,"12":0.0709219858,"13":0.1657250471,"14":1.0,"15":0.2333333333,"16":0.5,"17":0.3913043478,"18":0.1657250471,"19":0.3571428571},"main_std":{"0":0.1541694521,"1":null,"2":0.1713214141,"3":0.3106802513,"4":0.4497208779,"5":0.0939426293,"6":0.228156724,"7":0.1848239161,"8":0.1732033487,"9":0.2008125646,"10":0.4389702982,"11":0.1792747953,"12":0.2044888831,"13":0.2152183699,"14":null,"15":0.2425901224,"16":0.3433602892,"17":0.079182573,"18":0.2152183699,"19":0.2571756552},"sentiment_std":{"0":0.6257999806,"1":null,"2":0.5408181442,"3":0.6215815605,"4":0.8864052604,"5":0.7496030696,"6":0.6317456003,"7":0.7038419176,"8":0.5773502692,"9":0.6593931015,"10":0.5773502692,"11":0.686546003,"12":0.7035155605,"13":0.6636323656,"14":null,"15":0.6260623156,"16":0.8366600265,"17":0.4990108793,"18":0.6636323656,"19":0.4879500365},"sentiment_pv":{"0":0.2169233881,"1":null,"2":0.9079226404,"3":0.7115113169,"4":0.8340018496,"5":0.9582921231,"6":0.0093918922,"7":0.0485843367,"8":0.694024178,"9":0.8119445054,"10":0.2829514382,"11":0.0066287882,"12":0.0671662427,"13":0.5991838535,"14":null,"15":0.6566663722,"16":0.3944279906,"17":0.0573147007,"18":0.5991838535,"19":0.0692921994},"main_pv":{"0":0.5398024538,"1":null,"2":0.0765108281,"3":0.4031694347,"4":0.3979642755,"5":0.1275252353,"6":0.3898423587,"7":0.7413994048,"8":0.4974170966,"9":0.0063480211,"10":0.8364031138,"11":0.1883093124,"12":0.0356731015,"13":0.5593576602,"14":null,"15":0.684403263,"16":0.8475029022,"17":0.002686581,"18":0.5593576602,"19":0.4393574208},"count":{"0":29,"1":1,"2":74,"3":12,"4":8,"5":21,"6":146,"7":1522,"8":3,"9":266,"10":3,"11":1052,"12":141,"13":531,"14":1,"15":30,"16":6,"17":23,"18":531,"19":28},"nb_en":{"0":29,"1":1,"2":74,"3":12,"4":8,"5":21,"6":146,"7":1522,"8":3,"9":266,"10":3,"11":1052,"12":141,"13":531,"14":1,"15":30,"16":6,"17":23,"18":531,"19":28},"nb_de":{"0":0,"1":0,"2":0,"3":0,"4":0,"5":0,"6":0,"7":0,"8":0,"9":0,"10":0,"11":0,"12":0,"13":0,"14":0,"15":0,"16":0,"17":0,"18":0,"19":0}}