{"canton":{"0":"NE","1":"GE","2":"GL","3":"BE","4":"SZ","5":"TG","6":"UR","7":"FR","8":"BS","9":"BL","10":"ZH","11":"OW","12":"VD","13":"SG","14":"GR","15":"ZG","16":"AR","17":"LU","18":"TI","19":"JU","20":"AG","21":"SH","22":"VS","23":"AI","24":"SO","25":"NW"},"main_mean":{"0":0.0131179475,"1":-0.0181251853,"2":-0.0054493266,"3":-0.0259291039,"4":0.0334227914,"5":-0.0136168751,"6":-0.0847411689,"7":0.0014024428,"8":-0.0149228891,"9":-0.0217984294,"10":-0.0163432992,"11":-0.0164851414,"12":-0.0094819054,"13":0.0319273379,"14":-0.0363610433,"15":-0.005550061,"16":-0.0427568195,"17":-0.0064695241,"18":-0.0428744965,"19":-0.0178964287,"20":0.0113311836,"21":0.0069773143,"22":-0.0083012252,"23":-0.1948349075,"24":0.007022291,"25":0.1443750958},"sentiment_mean":{"0":0.1733128834,"1":0.0979404397,"2":0.1726145471,"3":0.1445218133,"4":0.1764705882,"5":0.0078740157,"6":-0.1388888889,"7":0.0981491868,"8":0.0752136752,"9":0.0714285714,"10":0.1936835032,"11":-0.0588235294,"12":0.1210064559,"13":0.1658476658,"14":0.1336206897,"15":0.1727582293,"16":0.2777777778,"17":0.1786786787,"18":0.1042084168,"19":0.0208333333,"20":0.0789779326,"21":0.14,"22":0.0585106383,"23":-0.2,"24":0.1371237458,"25":0.34375},"main_std":{"0":0.1588200015,"1":0.1890789029,"2":0.2010133781,"3":0.1858874719,"4":0.2485312083,"5":0.1134104475,"6":0.1831397663,"7":0.1423456091,"8":0.1677889177,"9":0.1220937512,"10":0.1860703197,"11":0.0583753535,"12":0.179669521,"13":0.1763534436,"14":0.1314753016,"15":0.2009058765,"16":0.2203463925,"17":0.1893694268,"18":0.2049638584,"19":0.1320785652,"20":0.1690771581,"21":0.140993025,"22":0.1660749011,"23":0.2679463512,"24":0.1914162581,"25":0.4525470394},"sentiment_std":{"0":0.4979460797,"1":0.5558848592,"2":0.5889287952,"3":0.5697537089,"4":0.5901146449,"5":0.4453652504,"6":0.4536411548,"7":0.4677140077,"8":0.6023975945,"9":0.4043651662,"10":0.6542613711,"11":0.242535625,"12":0.5102499519,"13":0.5552063379,"14":0.5047727131,"15":0.5890243388,"16":0.5133147801,"17":0.5680409574,"18":0.5301290532,"19":0.4583532691,"20":0.4830011563,"21":0.4258010482,"22":0.4970055071,"23":0.8366600265,"24":0.5225708469,"25":0.5107961417},"sentiment_pv":{"0":0.2008573079,"1":7.077588524e-51,"2":0.0000058137,"3":0.5926425231,"4":0.7342625359,"5":0.0005431417,"6":0.0000009475,"7":0.0000080602,"8":7.51685361e-18,"9":0.0855201874,"10":1.406525742e-38,"11":0.0028410669,"12":0.0000563774,"13":0.3679674057,"14":0.6595169154,"15":0.0000051795,"16":0.1390862496,"17":0.0520982831,"18":0.0000420575,"19":0.0077114905,"20":0.0000309116,"21":0.7844678067,"22":0.0000223458,"23":0.4046684101,"24":0.7132143845,"25":0.0032410169},"main_pv":{"0":0.0000134516,"1":0.0005580907,"2":0.0000013575,"3":0.0000002919,"4":0.1768652413,"5":0.9497268822,"6":0.0016858557,"7":0.0000046993,"8":0.7774811704,"9":0.572947284,"10":0.0403331677,"11":0.8767991319,"12":0.043936171,"13":0.0,"14":0.0112043907,"15":0.0000017844,"16":0.4429206705,"17":0.1356984828,"18":0.0,"19":0.7877060961,"20":0.0000109801,"21":0.0346692697,"22":0.3963014931,"23":0.2062902225,"24":0.0558226403,"25":0.0067002857},"count":{"0":652,"1":35930,"2":13226,"3":7037,"4":51,"5":127,"6":72,"7":1783,"8":5265,"9":84,"10":44645,"11":17,"12":6041,"13":814,"14":232,"15":13215,"16":36,"17":1332,"18":2495,"19":96,"20":861,"21":200,"22":564,"23":5,"24":299,"25":64},"nb_en":{"0":410,"1":22679,"2":10399,"3":5328,"4":40,"5":53,"6":41,"7":1210,"8":3756,"9":34,"10":38008,"11":3,"12":3339,"13":465,"14":120,"15":10396,"16":23,"17":960,"18":2377,"19":43,"20":451,"21":105,"22":332,"23":4,"24":198,"25":53},"nb_de":{"0":15,"1":40,"2":721,"3":1506,"4":10,"5":74,"6":31,"7":65,"8":1391,"9":50,"10":5895,"11":14,"12":42,"13":349,"14":112,"15":713,"16":13,"17":360,"18":33,"19":0,"20":405,"21":95,"22":142,"23":1,"24":101,"25":11},"nb_fr":{"0":227,"1":13211,"2":2106,"3":203,"4":1,"5":0,"6":0,"7":508,"8":118,"9":0,"10":742,"11":0,"12":2660,"13":0,"14":0,"15":2106,"16":0,"17":12,"18":85,"19":53,"20":5,"21":0,"22":90,"23":0,"24":0,"25":0}}