{"canton":{"0":"NE","1":"GE","2":"GL","3":"BE","4":"SZ","5":"TG","6":"UR","7":"FR","8":"BS","9":"ZH","10":"VD","11":"SG","12":"ZG","13":"LU","14":"TI","15":"JU","16":"AG","17":"SH","18":"VS","19":"AI","20":"SO","21":"NW"},"main_mean":{"0":-0.0554002033,"1":-0.0313558606,"2":-0.0012246129,"3":-0.026885197,"4":0.0499995,"5":-0.0848209157,"6":0.0,"7":0.0088108875,"8":-0.0317128851,"9":-0.0113993558,"10":-0.0249391778,"11":0.0061273498,"12":-0.0012246129,"13":-0.0172802652,"14":-0.0095903883,"15":0.0,"16":0.0254281342,"17":0.2,"18":0.0266952341,"19":-0.1249984375,"20":0.0285710204,"21":0.0},"sentiment_mean":{"0":0.0,"1":0.1913978495,"2":0.24217119,"3":0.2086956522,"4":0.0,"5":0.25,"6":0.0,"7":-0.2037037037,"8":0.0702702703,"9":0.2195608782,"10":0.1466666667,"11":0.1176470588,"12":0.24217119,"13":0.1818181818,"14":0.3026315789,"15":0.0,"16":0.1111111111,"17":0.2,"18":0.5454545455,"19":-1.0,"20":0.4,"21":0.0},"main_std":{"0":0.1377790143,"1":0.1944155693,"2":0.2188091056,"3":0.2424246785,"4":0.070709971,"5":0.1045055504,"6":null,"7":0.1196880517,"8":0.2198712064,"9":0.2034739055,"10":0.1759070125,"11":0.1033931407,"12":0.2188091056,"13":0.1569323473,"14":0.1507879028,"15":0.0,"16":0.186508795,"17":0.4472135955,"18":0.0857967253,"19":null,"20":0.0638867438,"21":null},"sentiment_std":{"0":0.4850712501,"1":0.6897146746,"2":0.6236418582,"3":0.612755993,"4":0.0,"5":0.5,"6":null,"7":0.562327697,"8":0.7150801357,"9":0.6834280077,"10":0.6694349683,"11":0.4850712501,"12":0.6236418582,"13":0.6351449369,"14":0.54208823,"15":0.0,"16":0.6405126152,"17":0.8366600265,"18":0.687551651,"19":null,"20":0.5477225575,"21":null},"sentiment_pv":{"0":0.0947268936,"1":0.6419911747,"2":0.1956330456,"3":0.890342163,"4":1.288208866e-83,"5":0.8627872554,"6":null,"7":0.0000023824,"8":0.0140864744,"9":0.4151037175,"10":0.3130794711,"11":0.4803890295,"12":0.1956330456,"13":0.8502938671,"14":0.1176706814,"15":1.288208866e-83,"16":0.4643922694,"17":0.9941020821,"18":0.1297666129,"19":null,"20":0.4664277751,"21":null},"main_pv":{"0":0.2322102008,"1":0.0216631278,"2":0.1892032801,"3":0.4666044395,"4":0.4167437957,"5":0.2739188016,"6":null,"7":0.156591342,"8":0.311613752,"9":0.5560221112,"10":0.5002748626,"11":0.4150209112,"12":0.1892032801,"13":0.9345641943,"14":0.758905505,"15":0.000002033,"16":0.2719013394,"17":0.3429112637,"18":0.1397615626,"19":null,"20":0.2024399058,"21":null},"count":{"0":18,"1":930,"2":479,"3":230,"4":2,"5":4,"6":1,"7":54,"8":185,"9":1503,"10":150,"11":17,"12":479,"13":33,"14":76,"15":2,"16":27,"17":5,"18":11,"19":1,"20":5,"21":1},"nb_en":{"0":18,"1":930,"2":479,"3":230,"4":2,"5":4,"6":1,"7":54,"8":185,"9":1503,"10":150,"11":17,"12":479,"13":33,"14":76,"15":2,"16":27,"17":5,"18":11,"19":1,"20":5,"21":1},"nb_de":{"0":0,"1":0,"2":0,"3":0,"4":0,"5":0,"6":0,"7":0,"8":0,"9":0,"10":0,"11":0,"12":0,"13":0,"14":0,"15":0,"16":0,"17":0,"18":0,"19":0,"20":0,"21":0}}