{"canton":{"0":"NE","1":"GE","2":"GL","3":"SG","4":"GR","5":"ZG","6":"BE","7":"SZ","8":"LU","9":"TI","10":"JU","11":"TG","12":"SH","13":"AG","14":"FR","15":"BS","16":"VS","17":"VD","18":"ZH","19":"SO","20":"BL"},"main_mean":{"0":0.0085977,"1":-0.0287981362,"2":-0.0352621138,"3":0.0357140306,"4":-0.1666648148,"5":-0.0352621138,"6":-0.0168943316,"7":-0.1999960001,"8":-0.1210646358,"9":-0.0061994197,"10":-0.1999986667,"11":0.0,"12":-0.1499985,"13":-0.0264855455,"14":-0.0397513838,"15":-0.0248430613,"16":0.0222218483,"17":-0.0423473915,"18":-0.0078589055,"19":0.0,"20":0.0499995},"sentiment_mean":{"0":0.4666666667,"1":0.1472275335,"2":0.1550218341,"3":0.375,"4":0.0,"5":0.1550218341,"6":0.2678571429,"7":0.5,"8":0.3,"9":0.1470588235,"10":1.0,"11":0.0,"12":0.0,"13":0.0769230769,"14":0.1904761905,"15":0.0476190476,"16":0.2142857143,"17":0.015625,"18":0.256509161,"19":0.0,"20":0.0},"main_std":{"0":0.0581064589,"1":0.2107008736,"2":0.2087585003,"3":0.1010145329,"4":0.2356996415,"5":0.2087585003,"6":0.1804663782,"7":0.2828370557,"8":0.3024429899,"9":0.1326629825,"10":null,"11":0.0,"12":0.2121299131,"13":0.1372519173,"14":0.1679793343,"15":0.1398721043,"16":0.0591155694,"17":0.2045471973,"18":0.195372446,"19":null,"20":0.070709971},"sentiment_std":{"0":0.5163977795,"1":0.683219054,"2":0.6205691074,"3":0.5175491695,"4":1.4142135624,"5":0.6205691074,"6":0.6331483379,"7":0.7071067812,"8":0.6569466853,"9":0.4656789581,"10":null,"11":0.0,"12":0.0,"13":0.6405126152,"14":0.5638903708,"15":0.761517351,"16":0.4258153136,"17":0.6782841915,"18":0.690369888,"19":null,"20":0.0},"sentiment_pv":{"0":0.0572281096,"1":0.1872674566,"2":0.2692791514,"3":0.3456197385,"4":0.8806528379,"5":0.2692791514,"6":0.121831182,"7":0.6463889234,"8":0.463270593,"9":0.4624340411,"10":null,"11":1.32872528e-54,"12":1.32872528e-54,"13":0.5382464815,"14":0.9914377417,"15":0.0276977238,"16":0.8331438742,"17":0.0461041418,"18":0.0065533956,"19":null,"20":1.32872528e-54},"main_pv":{"0":0.057076669,"1":0.5629367921,"2":0.2413082513,"3":0.1445666841,"4":0.5472388383,"5":0.2413082513,"6":0.6673884371,"7":0.5389097679,"8":0.1641460315,"9":0.308973426,"10":null,"11":0.0000000001,"12":0.5528982517,"13":0.9304766394,"14":0.4400821508,"15":0.8841069554,"16":0.0139920036,"17":0.4581424789,"18":0.0306716283,"19":null,"20":0.3810057245},"count":{"0":15,"1":523,"2":458,"3":8,"4":2,"5":458,"6":168,"7":2,"8":20,"9":68,"10":1,"11":2,"12":2,"13":13,"14":63,"15":147,"16":14,"17":64,"18":1037,"19":1,"20":2},"nb_en":{"0":15,"1":523,"2":458,"3":8,"4":2,"5":458,"6":168,"7":2,"8":20,"9":68,"10":1,"11":2,"12":2,"13":13,"14":63,"15":147,"16":14,"17":64,"18":1037,"19":1,"20":2},"nb_de":{"0":0,"1":0,"2":0,"3":0,"4":0,"5":0,"6":0,"7":0,"8":0,"9":0,"10":0,"11":0,"12":0,"13":0,"14":0,"15":0,"16":0,"17":0,"18":0,"19":0,"20":0}}