{"canton":{"0":"SG","1":"AR","2":"JU","3":"VS","4":"AG","5":"TG","6":"ZH","7":"BE","8":"GE","9":"BS","10":"GL","11":"LU","12":"GR","13":"ZG","14":"VD","15":"SH","16":"BL","17":"TI","18":"SO","19":"AI","20":"NE","21":"FR"},"main_mean":{"0":-0.0101762568,"1":-0.0384613905,"2":-0.0454541322,"3":0.0069195067,"4":0.0253514908,"5":-0.0444441482,"6":-0.0105270548,"7":-0.0420189273,"8":-0.0254858741,"9":-0.0244806692,"10":-0.0147904102,"11":0.0352674803,"12":-0.3333305556,"13":-0.0147904102,"14":-0.0199460313,"15":0.0033336944,"16":0.0,"17":-0.0384137266,"18":-0.0508175504,"19":-0.0833326389,"20":-0.0126067736,"21":0.0129768446},"sentiment_mean":{"0":0.3333333333,"1":0.0,"2":-0.5,"3":0.0,"4":-0.1052631579,"5":0.3333333333,"6":0.2211093991,"7":0.07960199,"8":0.1479713604,"9":0.0875,"10":0.2727272727,"11":0.2972972973,"12":-1.0,"13":0.2727272727,"14":0.2612612613,"15":0.4,"16":-1.0,"17":0.0625,"18":0.4,"19":-1.0,"20":0.3076923077,"21":0.1},"main_std":{"0":0.2901503368,"1":0.0666170825,"2":0.0642818503,"3":0.145631907,"4":0.0549552731,"5":0.0769795227,"6":0.2069541083,"7":0.1884315074,"8":0.1947312055,"9":0.2295842093,"10":0.1522264876,"11":0.2714920667,"12":null,"13":0.1522264876,"14":0.1939611435,"15":0.1634656636,"16":null,"17":0.2128172414,"18":0.1591289104,"19":null,"20":0.0916139534,"21":0.3366018459},"sentiment_std":{"0":0.7669649888,"1":0.0,"2":0.7071067812,"3":0.7302967433,"4":0.7374684055,"5":0.5773502692,"6":0.6855382448,"7":0.6274008613,"8":0.7164657977,"9":0.6765385447,"10":0.7862453931,"11":0.5198752449,"12":null,"13":0.7862453931,"14":0.6565988358,"15":0.5477225575,"16":null,"17":0.5852518134,"18":0.5163977795,"19":null,"20":0.630425172,"21":0.6407232755},"sentiment_pv":{"0":0.3936121986,"1":1.197387969e-41,"2":0.405874816,"3":0.3546543254,"4":0.1160087394,"5":0.6812417914,"6":0.0429363884,"7":0.0398906426,"8":0.3360715145,"9":0.1142857027,"10":0.6884850058,"11":0.1643582817,"12":null,"13":0.6884850058,"14":0.1763666535,"15":0.4101452477,"16":null,"17":0.0368509647,"18":0.2019418334,"19":null,"20":0.4627420725,"21":0.6091811956},"main_pv":{"0":0.9027363025,"1":0.6586884978,"2":0.660901894,"3":0.4949405509,"4":0.0030173978,"5":0.6210494678,"6":0.2364091851,"7":0.092440979,"8":0.3773625775,"9":0.7544094714,"10":0.9344783259,"11":0.2362639081,"12":null,"13":0.9344783259,"14":0.9460511591,"15":0.7786117331,"16":null,"17":0.3053149802,"18":0.5398003624,"19":null,"20":0.8171777276,"21":0.6792049852},"count":{"0":18,"1":3,"2":2,"3":16,"4":19,"5":3,"6":1298,"7":201,"8":838,"9":160,"10":11,"11":37,"12":1,"13":11,"14":111,"15":5,"16":1,"17":128,"18":10,"19":1,"20":13,"21":20},"nb_en":{"0":18,"1":3,"2":2,"3":16,"4":19,"5":3,"6":1298,"7":201,"8":838,"9":160,"10":11,"11":37,"12":1,"13":11,"14":111,"15":5,"16":1,"17":128,"18":10,"19":1,"20":13,"21":20},"nb_de":{"0":0,"1":0,"2":0,"3":0,"4":0,"5":0,"6":0,"7":0,"8":0,"9":0,"10":0,"11":0,"12":0,"13":0,"14":0,"15":0,"16":0,"17":0,"18":0,"19":0,"20":0,"21":0}}