{"canton":{"0":"UR","1":"NW","2":"BE","3":"ZG","4":"BL","5":"TI","6":"GR","7":"VD","8":"SG","9":"JU","10":"SH","11":"OW","12":"AG","13":"GE","14":"BS","15":"FR","16":"AR","17":"GL","18":"ZH","19":"SO","20":"NE","21":"LU","22":"AI","23":"VS","24":"SZ","25":"TG"},"main_mean":{"0":-0.0847411689,"1":0.1443750958,"2":-0.0259291039,"3":-0.005550061,"4":-0.0217984294,"5":-0.0428744965,"6":-0.0363610433,"7":-0.0094819054,"8":0.0319273379,"9":-0.0178964287,"10":0.0069773143,"11":-0.0164851414,"12":0.0113311836,"13":-0.0181251853,"14":-0.0149228891,"15":0.0014024428,"16":-0.0427568195,"17":-0.0054493266,"18":-0.0163432992,"19":0.007022291,"20":0.0131179475,"21":-0.0064695241,"22":-0.1948349075,"23":-0.0083012252,"24":0.0334227914,"25":-0.0136168751},"sentiment_mean":{"0":-0.1388888889,"1":0.34375,"2":0.1445218133,"3":0.1727582293,"4":0.0714285714,"5":0.1042084168,"6":0.1336206897,"7":0.1210064559,"8":0.1658476658,"9":0.0208333333,"10":0.14,"11":-0.0588235294,"12":0.0789779326,"13":0.0979404397,"14":0.0752136752,"15":0.0981491868,"16":0.2777777778,"17":0.1726145471,"18":0.1936835032,"19":0.1371237458,"20":0.1733128834,"21":0.1786786787,"22":-0.2,"23":0.0585106383,"24":0.1764705882,"25":0.0078740157},"main_std":{"0":0.1831397663,"1":0.4525470394,"2":0.1858874719,"3":0.2009058765,"4":0.1220937512,"5":0.2049638584,"6":0.1314753016,"7":0.179669521,"8":0.1763534436,"9":0.1320785652,"10":0.140993025,"11":0.0583753535,"12":0.1690771581,"13":0.1890789029,"14":0.1677889177,"15":0.1423456091,"16":0.2203463925,"17":0.2010133781,"18":0.1860703197,"19":0.1914162581,"20":0.1588200015,"21":0.1893694268,"22":0.2679463512,"23":0.1660749011,"24":0.2485312083,"25":0.1134104475},"sentiment_std":{"0":0.4536411548,"1":0.5107961417,"2":0.5697537089,"3":0.5890243388,"4":0.4043651662,"5":0.5301290532,"6":0.5047727131,"7":0.5102499519,"8":0.5552063379,"9":0.4583532691,"10":0.4258010482,"11":0.242535625,"12":0.4830011563,"13":0.5558848592,"14":0.6023975945,"15":0.4677140077,"16":0.5133147801,"17":0.5889287952,"18":0.6542613711,"19":0.5225708469,"20":0.4979460797,"21":0.5680409574,"22":0.8366600265,"23":0.4970055071,"24":0.5901146449,"25":0.4453652504},"sentiment_pv":{"0":0.0000009475,"1":0.0032410169,"2":0.5926425231,"3":0.0000051795,"4":0.0855201874,"5":0.0000420575,"6":0.6595169154,"7":0.0000563774,"8":0.3679674057,"9":0.0077114905,"10":0.7844678067,"11":0.0028410669,"12":0.0000309116,"13":7.077588524e-51,"14":7.51685361e-18,"15":0.0000080602,"16":0.1390862496,"17":0.0000058137,"18":1.406525742e-38,"19":0.7132143845,"20":0.2008573079,"21":0.0520982831,"22":0.4046684101,"23":0.0000223458,"24":0.7342625359,"25":0.0005431417},"main_pv":{"0":0.0016858557,"1":0.0067002857,"2":0.0000002919,"3":0.0000017844,"4":0.572947284,"5":0.0,"6":0.0112043907,"7":0.043936171,"8":0.0,"9":0.7877060961,"10":0.0346692697,"11":0.8767991319,"12":0.0000109801,"13":0.0005580907,"14":0.7774811704,"15":0.0000046993,"16":0.4429206705,"17":0.0000013575,"18":0.0403331677,"19":0.0558226403,"20":0.0000134516,"21":0.1356984828,"22":0.2062902225,"23":0.3963014931,"24":0.1768652413,"25":0.9497268822},"count":{"0":72,"1":64,"2":7037,"3":13215,"4":84,"5":2495,"6":232,"7":6041,"8":814,"9":96,"10":200,"11":17,"12":861,"13":35930,"14":5265,"15":1783,"16":36,"17":13226,"18":44645,"19":299,"20":652,"21":1332,"22":5,"23":564,"24":51,"25":127},"nb_en":{"0":41,"1":53,"2":5328,"3":10396,"4":34,"5":2377,"6":120,"7":3339,"8":465,"9":43,"10":105,"11":3,"12":451,"13":22679,"14":3756,"15":1210,"16":23,"17":10399,"18":38008,"19":198,"20":410,"21":960,"22":4,"23":332,"24":40,"25":53},"nb_de":{"0":31,"1":11,"2":1506,"3":713,"4":50,"5":33,"6":112,"7":42,"8":349,"9":0,"10":95,"11":14,"12":405,"13":40,"14":1391,"15":65,"16":13,"17":721,"18":5895,"19":101,"20":15,"21":360,"22":1,"23":142,"24":10,"25":74},"nb_fr":{"0":0,"1":0,"2":203,"3":2106,"4":0,"5":85,"6":0,"7":2660,"8":0,"9":53,"10":0,"11":0,"12":5,"13":13211,"14":118,"15":508,"16":0,"17":2106,"18":742,"19":0,"20":227,"21":12,"22":0,"23":90,"24":1,"25":0}}