{"canton":{"0":"SG","1":"TI","2":"JU","3":"VS","4":"AG","5":"VD","6":"ZH","7":"SH","8":"BE","9":"BL","10":"NW","11":"BS","12":"GL","13":"SO","14":"LU","15":"GE","16":"GR","17":"NE","18":"ZG","19":"FR"},"main_mean":{"0":0.1112777044,"1":-0.0519656478,"2":-0.1874976563,"3":-0.0164472887,"4":-0.0529986713,"5":-0.0314433379,"6":-0.0172510078,"7":0.0812486094,"8":-0.0353302099,"9":-0.0606055096,"10":0.0,"11":-0.0269859748,"12":0.034048377,"13":0.0,"14":-0.0023175292,"15":-0.0233807078,"16":0.2499937502,"17":0.0244587269,"18":0.034048377,"19":-0.0343693158},"sentiment_mean":{"0":0.7777777778,"1":0.0824742268,"2":-0.5,"3":0.2222222222,"4":-0.1111111111,"5":0.2407407407,"6":0.2426260704,"7":0.5,"8":0.0740740741,"9":0.3333333333,"10":0.5,"11":0.0797546012,"12":0.1764705882,"13":1.0,"14":0.1764705882,"15":0.0913705584,"16":1.0,"17":0.3333333333,"18":0.1764705882,"19":-0.0588235294},"main_std":{"0":0.1480441452,"1":0.2210231866,"2":0.2651617284,"3":0.0756574885,"4":0.1337141087,"5":0.2818743114,"6":0.2017313589,"7":0.0986874921,"8":0.2035322688,"9":0.1049718219,"10":0.0,"11":0.2110651713,"12":0.1390949142,"13":null,"14":0.2565360108,"15":0.254479432,"16":null,"17":0.2626538047,"18":0.1390949142,"19":0.2022012334},"sentiment_std":{"0":0.4409585518,"1":0.4250025268,"2":0.7071067812,"3":0.4409585518,"4":0.7583952787,"5":0.6094331727,"6":0.7112231932,"7":0.5773502692,"8":0.6642983939,"9":0.5773502692,"10":0.7071067812,"11":0.7696527603,"12":0.5285941399,"13":null,"14":0.6262242911,"15":0.6471135256,"16":null,"17":0.6513389473,"18":0.5285941399,"19":0.8269362306},"sentiment_pv":{"0":0.0032115453,"1":0.0582164149,"2":0.4083252626,"3":0.7291295533,"4":0.1360587693,"5":0.2385114104,"6":0.0049577012,"7":0.3351960899,"8":0.0598046423,"9":0.6714626562,"10":0.6279639489,"11":0.1498015439,"12":0.9563128021,"13":null,"14":0.9475776098,"15":0.0098084779,"16":null,"17":0.4026927815,"18":0.9563128021,"19":0.2730895054},"main_pv":{"0":0.0274166185,"1":0.188405173,"2":0.5388996242,"3":0.8440642323,"4":0.338088891,"5":0.7223063129,"6":0.5693011595,"7":0.1279140614,"8":0.3779869638,"9":0.5864976707,"10":0.0000022734,"11":0.7558034803,"12":0.1206786532,"13":null,"14":0.6649409141,"15":0.8791883973,"16":null,"17":0.5561203448,"18":0.1206786532,"19":0.7993668266},"count":{"0":9,"1":97,"2":2,"3":9,"4":18,"5":108,"6":1051,"7":4,"8":189,"9":3,"10":2,"11":163,"12":17,"13":1,"14":34,"15":591,"16":1,"17":12,"18":17,"19":17},"nb_en":{"0":9,"1":97,"2":2,"3":9,"4":18,"5":108,"6":1051,"7":4,"8":189,"9":3,"10":2,"11":163,"12":17,"13":1,"14":34,"15":591,"16":1,"17":12,"18":17,"19":17},"nb_de":{"0":0,"1":0,"2":0,"3":0,"4":0,"5":0,"6":0,"7":0,"8":0,"9":0,"10":0,"11":0,"12":0,"13":0,"14":0,"15":0,"16":0,"17":0,"18":0,"19":0}}