{"canton":{"0":"UR","1":"AG","2":"BE","3":"ZG","4":"GE","5":"BS","6":"FR","7":"TI","8":"TG","9":"GL","10":"ZH","11":"VS","12":"SG","13":"LU","14":"GR","15":"VD","16":"SO","17":"SH","18":"NE"},"main_mean":{"0":-0.0666661111,"1":0.0974335898,"2":-0.0286347464,"3":-0.0392162875,"4":-0.0097338676,"5":-0.0225496912,"6":-0.0231131931,"7":-0.0160922906,"8":-0.1111098766,"9":-0.0392162875,"10":-0.0280731749,"11":-0.0314931249,"12":0.0777747779,"13":0.0475018641,"14":-0.1770812356,"15":-0.0123950194,"16":0.0791441818,"17":0.0384612426,"18":0.1220726938},"sentiment_mean":{"0":0.0,"1":0.3846153846,"2":0.1818181818,"3":0.1921824104,"4":0.2028985507,"5":0.0099009901,"6":0.1486486486,"7":0.0921052632,"8":0.0,"9":0.1921824104,"10":0.297235023,"11":0.0909090909,"12":0.2222222222,"13":0.4615384615,"14":0.25,"15":0.1785714286,"16":0.4444444444,"17":0.5,"18":0.6},"main_std":{"0":0.1490699563,"1":0.259342675,"2":0.1954108219,"3":0.2310854851,"4":0.2015970444,"5":0.1346931877,"6":0.1243378691,"7":0.2018327291,"8":0.1924479514,"9":0.2310854851,"10":0.2203824467,"11":0.1203383839,"12":0.1715859687,"13":0.1616051719,"14":0.2051820903,"15":0.1618534472,"16":0.2820684997,"17":0.0543924109,"18":0.2310981973},"sentiment_std":{"0":0.7071067812,"1":0.7679476478,"2":0.6831841454,"3":0.6554110021,"4":0.6874303795,"5":0.6854932458,"6":0.487724165,"7":0.5209640187,"8":0.0,"9":0.6554110021,"10":0.7069545485,"11":0.53935989,"12":0.8333333333,"13":0.6468860321,"14":0.5,"15":0.6355282086,"16":0.5270462767,"17":0.7071067812,"18":0.5477225575},"sentiment_pv":{"0":0.5325325476,"1":0.4440924137,"2":0.5327968928,"3":0.4131846225,"4":0.6514192406,"5":0.0036164604,"6":0.2491555238,"7":0.045399155,"8":4.988708232e-73,"9":0.4131846225,"10":0.0023246517,"11":0.461034591,"12":0.982258474,"13":0.0650246867,"14":0.9000555632,"15":0.6653344988,"16":0.2300338923,"17":0.670991016,"18":0.191968373},"main_pv":{"0":0.5752486099,"1":0.1121062221,"2":0.8668709131,"3":0.1883920754,"4":0.0564691899,"5":0.8041126876,"6":0.8467273495,"7":0.6735589338,"8":0.5238118781,"9":0.1883920754,"10":0.8044789997,"11":0.8833507754,"12":0.1074619228,"13":0.0295945503,"14":0.2372767594,"15":0.537482687,"16":0.2961234446,"17":0.3403831882,"18":0.2252692014},"count":{"0":5,"1":13,"2":165,"3":614,"4":690,"5":101,"6":74,"7":76,"8":3,"9":614,"10":868,"11":11,"12":9,"13":26,"14":4,"15":56,"16":9,"17":2,"18":5},"nb_en":{"0":5,"1":13,"2":165,"3":614,"4":690,"5":101,"6":74,"7":76,"8":3,"9":614,"10":868,"11":11,"12":9,"13":26,"14":4,"15":56,"16":9,"17":2,"18":5},"nb_de":{"0":0,"1":0,"2":0,"3":0,"4":0,"5":0,"6":0,"7":0,"8":0,"9":0,"10":0,"11":0,"12":0,"13":0,"14":0,"15":0,"16":0,"17":0,"18":0},"nb_fr":{"0":0,"1":0,"2":0,"3":0,"4":0,"5":0,"6":0,"7":0,"8":0,"9":0,"10":0,"11":0,"12":0,"13":0,"14":0,"15":0,"16":0,"17":0,"18":0}}