{"canton":{"0":"SG","1":"JU","2":"VS","3":"SO","4":"AG","5":"TG","6":"ZH","7":"BE","8":"GE","9":"BS","10":"GL","11":"LU","12":"GR","13":"ZG","14":"UR","15":"VD","16":"SH","17":"BL","18":"NW","19":"TI","20":"SZ","21":"NE","22":"FR"},"main_mean":{"0":0.0173074657,"1":0.0,"2":-0.0204963606,"3":-0.0555549383,"4":0.0811931079,"5":0.0,"6":-0.0117616517,"7":-0.0004552081,"8":-0.035651758,"9":0.0020179604,"10":-0.0099800857,"11":-0.1876108053,"12":-0.2104143467,"13":-0.0099800857,"14":-0.1761852179,"15":-0.0191652135,"16":0.0166665556,"17":-0.1249989583,"18":-0.1726163337,"19":-0.0468384599,"20":-0.4545413224,"21":0.0408480892,"22":-0.0230837142},"sentiment_mean":{"0":0.0454545455,"1":0.0,"2":0.3333333333,"3":0.3333333333,"4":0.3076923077,"5":-1.0,"6":0.2,"7":0.2030075188,"8":0.1109839817,"9":0.1578947368,"10":0.1666666667,"11":-0.1764705882,"12":0.5,"13":0.1666666667,"14":-0.5,"15":0.2771084337,"16":0.25,"17":0.5,"18":0.5,"19":0.0882352941,"20":-1.0,"21":0.1764705882,"22":0.2083333333},"main_std":{"0":0.2461570614,"1":null,"2":0.3826714845,"3":0.1360812515,"4":0.3334597618,"5":null,"6":0.1942365012,"7":0.1838176483,"8":0.2091493649,"9":0.1761169764,"10":0.2282566159,"11":0.3175856985,"12":0.175509618,"13":0.2282566159,"14":0.2150698557,"15":0.2135704411,"16":0.0333331111,"17":0.1767752222,"18":0.3619665083,"19":0.1445090148,"20":null,"21":0.1227036844,"22":0.1416560734},"sentiment_std":{"0":0.7854190709,"1":null,"2":0.7784989442,"3":0.5163977795,"4":0.630425172,"5":null,"6":0.69616937,"7":0.6588657893,"8":0.7068917441,"9":0.6891462839,"10":0.6581678017,"11":0.7576114074,"12":0.5773502692,"13":0.6581678017,"14":0.5477225575,"15":0.590850008,"16":0.5,"17":0.7071067812,"18":0.7071067812,"19":0.5106418004,"20":null,"21":0.5285941399,"22":0.5441500627},"sentiment_pv":{"0":0.4763335334,"1":null,"2":0.4754628982,"3":0.4665508292,"4":0.4377939827,"5":null,"6":0.118583532,"7":0.3914007875,"8":0.0324857834,"9":0.8639647562,"10":0.9889118294,"11":0.0126396588,"12":0.3324732316,"13":0.9889118294,"14":0.0306230332,"15":0.0979413966,"16":0.7622045404,"17":0.6260531855,"18":0.6260531855,"19":0.2135500117,"20":null,"21":0.9429692094,"22":0.6055333545},"main_pv":{"0":0.5131915618,"1":null,"2":0.9800065984,"3":0.525994599,"4":0.3063868684,"5":null,"6":0.3264211732,"7":0.1435191351,"8":0.0211213692,"9":0.1571860805,"10":0.4947284025,"11":0.0037777464,"12":0.1154691575,"13":0.4947284025,"14":0.1308851665,"15":0.9495506247,"16":0.1298161254,"17":0.548255618,"18":0.6534300736,"19":0.1060781923,"20":null,"21":0.0679385496,"22":0.7945709785},"count":{"0":22,"1":1,"2":12,"3":6,"4":13,"5":1,"6":1480,"7":266,"8":874,"9":171,"10":450,"11":34,"12":4,"13":450,"14":6,"15":83,"16":4,"17":2,"18":2,"19":68,"20":1,"21":17,"22":48},"nb_en":{"0":22,"1":1,"2":12,"3":6,"4":13,"5":1,"6":1480,"7":266,"8":874,"9":171,"10":450,"11":34,"12":4,"13":450,"14":6,"15":83,"16":4,"17":2,"18":2,"19":68,"20":1,"21":17,"22":48},"nb_de":{"0":0,"1":0,"2":0,"3":0,"4":0,"5":0,"6":0,"7":0,"8":0,"9":0,"10":0,"11":0,"12":0,"13":0,"14":0,"15":0,"16":0,"17":0,"18":0,"19":0,"20":0,"21":0,"22":0}}