{"canton":{"0":"BE","1":"ZG","2":"BL","3":"JU","4":"TI","5":"NW","6":"VD","7":"SG","8":"GR","9":"SH","10":"AG","11":"GE","12":"BS","13":"FR","14":"AR","15":"GL","16":"ZH","17":"SO","18":"NE","19":"LU","20":"VS","21":"SZ","22":"TG"},"main_mean":{"0":-0.0325177587,"1":0.0472835559,"2":-0.1428551021,"3":0.002271603,"4":-0.0860247075,"5":-0.0624992188,"6":0.0051249984,"7":-0.0161636114,"8":-0.0688305041,"9":-0.0549992625,"10":0.0790240198,"11":-0.0086315505,"12":-0.03069918,"13":0.0046687668,"14":-0.1111098766,"15":0.0472835559,"16":-0.0157793451,"17":-0.1128124837,"18":0.0213079871,"19":-0.0185958338,"20":-0.0043336665,"21":0.0,"22":0.0499995},"sentiment_mean":{"0":0.1379310345,"1":0.1578947368,"2":-1.0,"3":0.0,"4":-0.032967033,"5":0.1666666667,"6":0.0767590618,"7":0.0454545455,"8":0.2857142857,"9":0.4,"10":0.05,"11":0.0490909091,"12":0.095959596,"13":0.0148148148,"14":0.0,"15":0.1578947368,"16":0.2112771739,"17":0.0,"18":-0.025,"19":0.2244897959,"20":0.1052631579,"21":0.0,"22":0.5},"main_std":{"0":0.2205324977,"1":0.1262696196,"2":null,"3":0.0815303884,"4":0.2184534784,"5":0.1530911953,"6":0.1578621767,"7":0.1250671077,"8":0.1224009682,"9":0.1840493752,"10":0.4518778637,"11":0.1844104187,"12":0.1972279338,"13":0.0797827677,"14":0.1924479514,"15":0.1262696196,"16":0.1946752865,"17":0.3478600071,"18":0.1444018101,"19":0.2009628812,"20":0.1002307422,"21":0.0,"22":0.070709971},"sentiment_std":{"0":0.5513427063,"1":0.5014598571,"2":null,"3":0.0,"4":0.5859569467,"5":0.4082482905,"6":0.3790357587,"7":0.6529984123,"8":0.755928946,"9":0.5477225575,"10":0.7591546545,"11":0.4384323337,"12":0.6877343354,"13":0.2438859895,"14":0.0,"15":0.5014598571,"16":0.679551177,"17":0.7071067812,"18":0.2761920551,"19":0.7148807046,"20":0.4588314677,"21":0.0,"22":0.7071067812},"sentiment_pv":{"0":0.354319248,"1":0.6548455428,"2":null,"3":6.484268914e-43,"4":0.0276805088,"5":0.7288130958,"6":0.1326718111,"7":0.67112132,"8":0.5515448469,"9":0.2956270525,"10":0.747547766,"11":0.0000029542,"12":0.8473739966,"13":0.0000741255,"14":6.484268914e-43,"15":0.6548455428,"16":0.0000000458,"17":0.6007184573,"18":0.0052957498,"19":0.2509230866,"20":0.9982942635,"21":6.484268914e-43,"22":0.5747195836},"main_pv":{"0":0.1446583531,"1":0.0555922023,"2":null,"3":0.6565728567,"4":0.0018639348,"5":0.4575667808,"6":0.0259876073,"7":0.8832024027,"8":0.2670615974,"9":0.6304900575,"10":0.378170363,"11":0.4538166613,"12":0.195564915,"13":0.023198529,"14":0.4672252262,"15":0.0555922023,"16":0.5292680862,"17":0.3176263368,"18":0.1529139822,"19":0.8248211184,"20":0.7384368082,"21":0.0000041072,"22":0.4307138698},"count":{"0":261,"1":19,"2":1,"3":7,"4":91,"5":6,"6":469,"7":22,"8":7,"9":5,"10":20,"11":2200,"12":198,"13":135,"14":3,"15":19,"16":1472,"17":13,"18":40,"19":49,"20":19,"21":4,"22":2},"nb_en":{"0":223,"1":15,"2":1,"3":0,"4":83,"5":6,"6":141,"7":22,"8":7,"9":5,"10":19,"11":797,"12":180,"13":30,"14":3,"15":15,"16":1401,"17":13,"18":10,"19":49,"20":7,"21":3,"22":2},"nb_de":{"0":0,"1":0,"2":0,"3":0,"4":0,"5":0,"6":0,"7":0,"8":0,"9":0,"10":0,"11":0,"12":0,"13":0,"14":0,"15":0,"16":0,"17":0,"18":0,"19":0,"20":0,"21":0,"22":0},"nb_fr":{"0":38,"1":4,"2":0,"3":7,"4":8,"5":0,"6":328,"7":0,"8":0,"9":0,"10":1,"11":1403,"12":18,"13":105,"14":0,"15":4,"16":71,"17":0,"18":30,"19":0,"20":12,"21":1,"22":0}}