{"canton":{"0":"UR","1":"NW","2":"BE","3":"ZG","4":"BL","5":"TI","6":"TG","7":"VD","8":"GR","9":"SG","10":"JU","11":"SH","12":"AG","13":"GE","14":"BS","15":"FR","16":"GL","17":"ZH","18":"VS","19":"NE","20":"LU","21":"SO","22":"SZ"},"main_mean":{"0":0.0,"1":-0.5999880002,"2":-0.0504352237,"3":0.0435894627,"4":-0.0639876692,"5":-0.0172210165,"6":0.1249968751,"7":-0.0002234052,"8":0.1666638889,"9":0.069262994,"10":0.0049048813,"11":0.066666,"12":0.0884445195,"13":-0.0076833574,"14":-0.0543831689,"15":-0.0095750122,"16":0.0435894627,"17":-0.0186773028,"18":0.0185177912,"19":0.0658161047,"20":-0.0120615484,"21":0.0166665,"22":0.0749991771},"sentiment_mean":{"0":0.0,"1":0.0,"2":0.2048192771,"3":-0.0769230769,"4":0.25,"5":0.0945945946,"6":0.5,"7":0.0903614458,"8":1.0,"9":0.3846153846,"10":0.0,"11":0.3333333333,"12":0.2666666667,"13":0.064109589,"14":0.0340136054,"15":0.0303030303,"16":-0.0769230769,"17":0.2497678737,"18":0.1764705882,"19":0.328358209,"20":0.1153846154,"21":0.3333333333,"22":0.125},"main_std":{"0":null,"1":null,"2":0.1765267753,"3":0.1164030101,"4":0.1021047188,"5":0.2484158542,"6":0.176772276,"7":0.1617569318,"8":null,"9":0.1904876684,"10":0.1083308499,"11":0.1154688991,"12":0.2915159388,"13":0.1981943373,"14":0.1997549537,"15":0.0889357622,"16":0.1164030101,"17":0.2163097601,"18":0.2991417633,"19":0.1402985888,"20":0.1716820671,"21":0.0408244208,"22":0.1908604592},"sentiment_std":{"0":null,"1":null,"2":0.6082072243,"3":0.6405126152,"4":0.5,"5":0.473081386,"6":0.7071067812,"7":0.4303064201,"8":null,"9":0.5063696835,"10":0.0,"11":0.5773502692,"12":0.5936168397,"13":0.4145775553,"14":0.676564306,"15":0.1727334068,"16":0.6405126152,"17":0.6869822768,"18":0.6359337738,"19":0.4731602234,"20":0.8638019716,"21":0.5163977795,"22":0.6408699445},"sentiment_pv":{"0":null,"1":null,"2":0.1221565423,"3":0.2665544717,"4":0.6648662007,"5":0.5234411133,"6":0.5946428746,"7":0.1131860316,"8":null,"9":0.0956010334,"10":5.819448087e-50,"11":0.6044339056,"12":0.3892201685,"13":0.0000003682,"14":0.0902627339,"15":0.0000356304,"16":0.2665544717,"17":0.0000001517,"18":0.7687481046,"19":0.0011632223,"20":0.9307301201,"21":0.3799238061,"22":0.9820768226},"main_pv":{"0":null,"1":null,"2":0.0060828606,"3":0.1154452016,"4":0.3789086307,"5":0.8413421876,"6":0.4722065406,"7":0.2375599642,"8":null,"9":0.1533063922,"10":0.7052015244,"11":0.362271458,"12":0.2062833033,"13":0.511359481,"14":0.0113474572,"15":0.8743424252,"16":0.1154452016,"17":0.3197186024,"18":0.6859650487,"19":0.0000339542,"20":0.984190178,"21":0.1551614468,"22":0.2415806984},"count":{"0":1,"1":1,"2":166,"3":13,"4":4,"5":74,"6":2,"7":332,"8":1,"9":13,"10":7,"11":3,"12":15,"13":1825,"14":147,"15":66,"16":13,"17":1077,"18":17,"19":67,"20":26,"21":6,"22":8},"nb_en":{"0":1,"1":1,"2":157,"3":11,"4":4,"5":63,"6":2,"7":125,"8":1,"9":13,"10":2,"11":3,"12":15,"13":610,"14":142,"15":8,"16":11,"17":991,"18":9,"19":33,"20":26,"21":6,"22":8},"nb_de":{"0":0,"1":0,"2":0,"3":0,"4":0,"5":0,"6":0,"7":0,"8":0,"9":0,"10":0,"11":0,"12":0,"13":0,"14":0,"15":0,"16":0,"17":0,"18":0,"19":0,"20":0,"21":0,"22":0},"nb_fr":{"0":0,"1":0,"2":9,"3":2,"4":0,"5":11,"6":0,"7":207,"8":0,"9":0,"10":5,"11":0,"12":0,"13":1215,"14":5,"15":58,"16":2,"17":86,"18":8,"19":34,"20":0,"21":0,"22":0}}