{"canton":{"0":"SG","1":"JU","2":"VS","3":"SO","4":"AG","5":"TG","6":"ZH","7":"BE","8":"GE","9":"BS","10":"GL","11":"LU","12":"ZG","13":"UR","14":"VD","15":"SH","16":"BL","17":"NW","18":"TI","19":"SZ","20":"NE","21":"FR"},"main_mean":{"0":0.1028415921,"1":0.0,"2":-0.0360296967,"3":-0.0457835095,"4":0.007046134,"5":0.0,"6":-0.0037554938,"7":-0.0239596608,"8":-0.0174368829,"9":-0.0317880774,"10":-0.0069154204,"11":-0.0323835145,"12":-0.0069154204,"13":-0.0416664352,"14":-0.0343231485,"15":0.0,"16":0.0,"17":-0.0059522888,"18":-0.0727178572,"19":0.0,"20":-0.0251388455,"21":-0.0256739012},"sentiment_mean":{"0":0.3529411765,"1":0.0,"2":0.0714285714,"3":0.1052631579,"4":0.25,"5":0.0,"6":0.2252195734,"7":0.214953271,"8":0.18113612,"9":0.0604395604,"10":0.1929499072,"11":0.0769230769,"12":0.1929499072,"13":0.0,"14":0.1904761905,"15":0.0,"16":0.0,"17":0.5,"18":0.0545454545,"19":0.0,"20":0.0714285714,"21":0.0},"main_std":{"0":0.1904052341,"1":null,"2":0.1286776482,"3":0.1894327567,"4":0.2910738929,"5":null,"6":0.1947358737,"7":0.1832080336,"8":0.1723704441,"9":0.1735384421,"10":0.2028113196,"11":0.2097858522,"12":0.2028113196,"13":0.0833328704,"14":0.2102468296,"15":null,"16":null,"17":0.1094323405,"18":0.2550722688,"19":null,"20":0.0919124295,"21":0.1749658535},"sentiment_std":{"0":0.6063390626,"1":null,"2":0.6157279262,"3":0.7374684055,"4":0.5501196042,"5":null,"6":0.6788649426,"7":0.6504319602,"8":0.6874003991,"9":0.7219340385,"10":0.6565840541,"11":0.7027994917,"12":0.6565840541,"13":0.0,"14":0.665904326,"15":null,"16":null,"17":0.7071067812,"18":0.5558094129,"19":null,"20":0.6157279262,"21":0.5976143047},"sentiment_pv":{"0":0.2890950776,"1":null,"2":0.4797535223,"3":0.6175789705,"4":0.6400789027,"5":null,"6":0.08720434,"7":0.6054212319,"8":0.6785926121,"9":0.0171590437,"10":0.9578992675,"11":0.3174511689,"12":0.9578992675,"13":1.02734099e-76,"14":0.988256743,"15":null,"16":null,"17":0.6479245373,"18":0.0125326528,"19":null,"20":0.4797535223,"21":0.0967920624},"main_pv":{"0":0.0239331834,"1":null,"2":0.5070714532,"3":0.4545002002,"4":0.7674936791,"5":null,"6":0.1241927558,"7":0.373422633,"8":0.4364330674,"9":0.1450578395,"10":0.5449343405,"11":0.5587012937,"12":0.5449343405,"13":0.5347155682,"14":0.2515610488,"15":null,"16":null,"17":0.9463244062,"18":0.0154707015,"19":null,"20":0.6175390656,"21":0.6891863125},"count":{"0":17,"1":1,"2":14,"3":19,"4":20,"5":1,"6":1594,"7":214,"8":933,"9":182,"10":539,"11":39,"12":539,"13":4,"14":126,"15":1,"16":1,"17":2,"18":110,"19":1,"20":14,"21":29},"nb_en":{"0":17,"1":1,"2":14,"3":19,"4":20,"5":1,"6":1594,"7":214,"8":933,"9":182,"10":539,"11":39,"12":539,"13":4,"14":126,"15":1,"16":1,"17":2,"18":110,"19":1,"20":14,"21":29},"nb_de":{"0":0,"1":0,"2":0,"3":0,"4":0,"5":0,"6":0,"7":0,"8":0,"9":0,"10":0,"11":0,"12":0,"13":0,"14":0,"15":0,"16":0,"17":0,"18":0,"19":0,"20":0,"21":0}}