{"canton":{"0":"SG","1":"JU","2":"VS","3":"SZ","4":"AG","5":"TG","6":"ZH","7":"BE","8":"GE","9":"BS","10":"GL","11":"LU","12":"OW","13":"GR","14":"ZG","15":"VD","16":"SH","17":"BL","18":"NW","19":"TI","20":"SO","21":"NE","22":"FR"},"main_mean":{"0":-0.0077991309,"1":0.0,"2":-0.0303026936,"3":1.0,"4":-0.0517380647,"5":-0.0499995,"6":-0.0161004788,"7":-0.0270820602,"8":-0.0216439343,"9":-0.0309064518,"10":0.0219484851,"11":-0.0574402808,"12":-0.1249984375,"13":0.0312496094,"14":0.0219484851,"15":-0.0111089886,"16":0.1701905827,"17":0.0,"18":0.4212014002,"19":-0.0220801403,"20":0.0,"21":-0.0120980005,"22":0.0259123127},"sentiment_mean":{"0":0.0,"1":0.5,"2":0.0909090909,"3":1.0,"4":0.0625,"5":-0.5,"6":0.2432962721,"7":0.1448275862,"8":0.1565714286,"9":0.0662251656,"10":0.5,"11":0.0,"12":-1.0,"13":0.5,"14":0.5,"15":0.1290322581,"16":0.75,"17":0.0,"18":0.6666666667,"19":0.1851851852,"20":0.0,"21":0.2941176471,"22":0.2093023256},"main_std":{"0":0.0637012517,"1":0.0,"2":0.1121154163,"3":null,"4":0.172223786,"5":0.070709971,"6":0.1890275169,"7":0.2122227576,"8":0.189738958,"9":0.2234597267,"10":0.1775825007,"11":0.2305772091,"12":null,"13":0.0624992188,"14":0.1775825007,"15":0.2257537801,"16":0.115313946,"17":null,"18":0.4611681923,"19":0.2333189213,"20":0.0,"21":0.085641454,"22":0.1953743434},"sentiment_std":{"0":0.6666666667,"1":0.7071067812,"2":0.53935989,"3":null,"4":0.5737304826,"5":0.7071067812,"6":0.6697921978,"7":0.6121377653,"8":0.7026834103,"9":0.7086971537,"10":0.632455532,"11":0.7608859103,"12":null,"13":0.5773502692,"14":0.632455532,"15":0.6530726784,"16":0.5,"17":null,"18":0.5,"19":0.5502524673,"20":0.0,"21":0.5878675321,"22":0.5588312436},"sentiment_pv":{"0":0.2172240104,"1":0.6522981941,"2":0.5332704673,"3":null,"4":0.3678250322,"5":0.3964455641,"6":0.0240029794,"7":0.3278129959,"8":0.1376793585,"9":0.0288751667,"10":0.0743210866,"11":0.1173472126,"12":null,"13":0.3698669168,"14":0.0743210866,"15":0.175768052,"16":0.113363752,"17":null,"18":0.0223958735,"19":0.8614554563,"20":7.420960782e-58,"21":0.5029430908,"22":0.8786977991},"main_pv":{"0":0.5658454838,"1":0.0000024853,"2":0.6945676738,"3":null,"4":0.4282078364,"5":0.6246855114,"6":0.936893126,"7":0.5595636084,"8":0.4882347049,"9":0.4401433494,"10":0.4004964597,"11":0.2773281948,"12":null,"13":0.2234523341,"14":0.4004964597,"15":0.7470764619,"16":0.0475961903,"17":null,"18":0.021552803,"19":0.8338070054,"20":0.0000024853,"21":0.8342871976,"22":0.1639011697},"count":{"0":19,"1":2,"2":11,"3":1,"4":16,"5":2,"6":1529,"7":145,"8":875,"9":151,"10":16,"11":39,"12":1,"13":4,"14":16,"15":186,"16":4,"17":1,"18":9,"19":81,"20":4,"21":17,"22":43},"nb_en":{"0":19,"1":2,"2":11,"3":1,"4":16,"5":2,"6":1529,"7":145,"8":875,"9":151,"10":16,"11":39,"12":1,"13":4,"14":16,"15":186,"16":4,"17":1,"18":9,"19":81,"20":4,"21":17,"22":43},"nb_de":{"0":0,"1":0,"2":0,"3":0,"4":0,"5":0,"6":0,"7":0,"8":0,"9":0,"10":0,"11":0,"12":0,"13":0,"14":0,"15":0,"16":0,"17":0,"18":0,"19":0,"20":0,"21":0,"22":0}}