{"canton":{"0":"UR","1":"BE","2":"ZG","3":"BL","4":"TI","5":"NW","6":"VD","7":"SG","8":"GR","9":"SH","10":"AG","11":"GE","12":"BS","13":"FR","14":"AR","15":"GL","16":"ZH","17":"SO","18":"NE","19":"LU","20":"VS","21":"SZ","22":"TG"},"main_mean":{"0":-0.6666555557,"1":-0.0647793699,"2":0.069043137,"3":0.0,"4":-0.0128360595,"5":1.0,"6":-0.021380376,"7":-0.020590579,"8":-0.033333,"9":-0.0666658942,"10":0.0474078101,"11":-0.0256867009,"12":-0.0103867487,"13":0.0773548876,"14":-0.2659893115,"15":0.069043137,"16":-0.0289810648,"17":-0.0357140306,"18":-0.0574751876,"19":-0.0307890437,"20":-0.0007130035,"21":0.0,"22":-0.1428551021},"sentiment_mean":{"0":0.0,"1":0.1333333333,"2":0.0909090909,"3":0.0,"4":0.1492537313,"5":1.0,"6":0.173553719,"7":0.0952380952,"8":0.0,"9":0.2857142857,"10":0.4117647059,"11":0.1041189931,"12":0.0892857143,"13":0.2857142857,"14":0.2,"15":0.0909090909,"16":0.1840048106,"17":0.0,"18":-0.1,"19":0.2444444444,"20":0.0909090909,"21":0.0,"22":-1.0},"main_std":{"0":null,"1":0.2118976984,"2":0.2289715222,"3":null,"4":0.2246380671,"5":null,"6":0.2156857898,"7":0.1837989726,"8":0.0816488416,"9":0.1962592222,"10":0.1221171532,"11":0.1859915609,"12":0.2209402032,"13":0.1833831154,"14":0.4145086325,"15":0.2289715222,"16":0.2167692005,"17":0.0714280612,"18":0.1300178182,"19":0.2024807168,"20":0.0697955015,"21":null,"22":null},"sentiment_std":{"0":null,"1":0.6614378278,"2":0.8312094146,"3":null,"4":0.5001130582,"5":null,"6":0.7150487856,"7":0.7684244859,"8":0.632455532,"9":0.4879500365,"10":0.6183469424,"11":0.6832349872,"12":0.6992755631,"13":0.6673665794,"14":0.8366600265,"15":0.8312094146,"16":0.6893091677,"17":0.0,"18":0.7119666788,"19":0.6794234038,"20":0.53935989,"21":null,"22":null},"sentiment_pv":{"0":null,"1":0.6808804411,"2":0.8121240159,"3":null,"4":0.9632105552,"5":null,"6":0.7463567713,"7":0.7385074843,"8":0.5816133548,"9":0.4967841836,"10":0.1034008495,"11":0.0647800455,"12":0.2567080403,"13":0.2469330049,"14":0.9044175829,"15":0.8121240159,"16":0.1228806444,"17":9.106057599e-37,"18":0.0630624078,"19":0.3701481594,"20":0.7150570281,"21":null,"22":null},"main_pv":{"0":null,"1":0.0107843941,"2":0.1933693496,"3":null,"4":0.6024000753,"5":null,"6":0.7661116487,"7":0.8688621892,"8":0.8646453212,"9":0.6152289505,"10":0.0230964636,"11":0.8215298284,"12":0.3323472854,"13":0.0019267831,"14":0.2673984119,"15":0.1933693496,"16":0.7966444321,"17":0.8299561462,"18":0.2188121257,"19":0.9097572969,"20":0.2395104251,"21":null,"22":null},"count":{"0":1,"1":225,"2":11,"3":1,"4":67,"5":1,"6":121,"7":21,"8":6,"9":7,"10":17,"11":874,"12":168,"13":35,"14":5,"15":11,"16":1663,"17":4,"18":30,"19":45,"20":11,"21":1,"22":1},"nb_en":{"0":1,"1":225,"2":11,"3":1,"4":67,"5":1,"6":121,"7":21,"8":6,"9":7,"10":17,"11":874,"12":168,"13":35,"14":5,"15":11,"16":1663,"17":4,"18":30,"19":45,"20":11,"21":1,"22":1},"nb_de":{"0":0,"1":0,"2":0,"3":0,"4":0,"5":0,"6":0,"7":0,"8":0,"9":0,"10":0,"11":0,"12":0,"13":0,"14":0,"15":0,"16":0,"17":0,"18":0,"19":0,"20":0,"21":0,"22":0},"nb_fr":{"0":0,"1":0,"2":0,"3":0,"4":0,"5":0,"6":0,"7":0,"8":0,"9":0,"10":0,"11":0,"12":0,"13":0,"14":0,"15":0,"16":0,"17":0,"18":0,"19":0,"20":0,"21":0,"22":0}}