{"canton":{"0":"UR","1":"BE","2":"ZG","3":"NW","4":"TI","5":"VD","6":"SG","7":"SH","8":"OW","9":"AG","10":"VS","11":"GE","12":"BS","13":"FR","14":"GL","15":"ZH","16":"SO","17":"NE","18":"LU","19":"GR","20":"SZ","21":"TG"},"main_mean":{"0":-0.1694482839,"1":-0.0409275892,"2":-0.0120237478,"3":-0.0388995678,"4":-0.0326768467,"5":0.0060088362,"6":0.0488914194,"7":-0.1599968001,"8":-0.0388995678,"9":-0.0532882658,"10":-0.0408185319,"11":-0.0148851906,"12":0.0006924552,"13":0.0170200158,"14":-0.0120237478,"15":-0.0168298338,"16":-0.0876589193,"17":-0.0397953306,"18":0.0196367421,"19":-0.1699683787,"20":0.0,"21":0.0332046197},"sentiment_mean":{"0":-0.5,"1":0.1801801802,"2":0.1855345912,"3":0.0,"4":0.1341463415,"5":0.2110552764,"6":0.3103448276,"7":0.0,"8":0.0,"9":-0.0588235294,"10":-0.2142857143,"11":0.152872444,"12":0.1428571429,"13":0.2337662338,"14":0.1855345912,"15":0.1549755302,"16":-0.1111111111,"17":0.4117647059,"18":0.2777777778,"19":-0.4,"20":0.0,"21":0.0},"main_std":{"0":0.1846237649,"1":0.1835561867,"2":0.1946906399,"3":null,"4":0.1911913783,"5":0.1689296054,"6":0.1978968331,"7":0.3577637211,"8":null,"9":0.1167326507,"10":0.1217344461,"11":0.188003905,"12":0.1457514637,"13":0.1476949648,"14":0.1946906399,"15":0.1899710863,"16":0.1899237401,"17":0.1895892743,"18":0.185939007,"19":0.1771497586,"20":0.0,"21":0.0472566628},"sentiment_std":{"0":0.7071067812,"1":0.5817464453,"2":0.6570117489,"3":null,"4":0.4651349233,"5":0.6241587405,"6":0.6037648712,"7":0.7071067812,"8":null,"9":0.4287464629,"10":0.6992932068,"11":0.6375200385,"12":0.565991449,"13":0.5103173393,"14":0.6570117489,"15":0.6739486125,"16":0.3333333333,"17":0.7122871199,"18":0.5961089766,"19":0.5477225575,"20":0.0,"21":0.0},"sentiment_pv":{"0":0.4100197545,"1":0.7195983662,"2":0.474189762,"3":null,"4":0.54601235,"5":0.3172684014,"6":0.2090929632,"7":0.6279347282,"8":null,"9":0.0468044798,"10":0.0631088208,"11":0.5558015655,"12":0.6469550159,"13":0.2515051661,"14":0.474189762,"15":0.5526266025,"16":0.037523379,"17":0.1741297707,"18":0.1756637668,"19":0.0820172807,"20":1.954146121e-71,"21":1.954146121e-71},"main_pv":{"0":0.445802205,"1":0.0375141504,"2":0.7553701469,"3":null,"4":0.3972126698,"5":0.0948622319,"6":0.0959183988,"7":0.414823659,"8":null,"9":0.1918511846,"10":0.4355743714,"11":0.9607416466,"12":0.2392727671,"13":0.0674586353,"14":0.7553701469,"15":0.6614747339,"16":0.2818831573,"17":0.5913961675,"18":0.1844129136,"19":0.121335213,"20":0.0000000428,"21":0.0559007568},"count":{"0":2,"1":222,"2":636,"3":1,"4":82,"5":199,"6":29,"7":5,"8":1,"9":17,"10":14,"11":1027,"12":133,"13":77,"14":636,"15":1839,"16":9,"17":17,"18":54,"19":5,"20":2,"21":6},"nb_en":{"0":1,"1":164,"2":602,"3":0,"4":81,"5":168,"6":23,"7":4,"8":0,"9":13,"10":8,"11":931,"12":101,"13":75,"14":602,"15":1648,"16":7,"17":15,"18":40,"19":4,"20":1,"21":0},"nb_de":{"0":1,"1":54,"2":22,"3":1,"4":1,"5":2,"6":6,"7":1,"8":1,"9":4,"10":6,"11":0,"12":32,"13":1,"14":22,"15":175,"16":2,"17":2,"18":14,"19":1,"20":1,"21":6},"nb_fr":{"0":0,"1":4,"2":12,"3":0,"4":0,"5":29,"6":0,"7":0,"8":0,"9":0,"10":0,"11":96,"12":0,"13":1,"14":12,"15":16,"16":0,"17":0,"18":0,"19":0,"20":0,"21":0}}