{"canton":{"0":"SG","1":"JU","2":"VS","3":"SZ","4":"AG","5":"TG","6":"ZH","7":"BE","8":"GE","9":"BS","10":"GL","11":"LU","12":"GR","13":"ZG","14":"UR","15":"VD","16":"SH","17":"BL","18":"TI","19":"SO","20":"NE","21":"FR"},"main_mean":{"0":-0.0153058674,"1":-0.0662387117,"2":-0.0753070051,"3":0.1384602426,"4":0.0129190846,"5":0.0,"6":-0.0180900034,"7":-0.0521522474,"8":-0.0325341333,"9":0.0015934415,"10":-0.022347277,"11":0.0725756539,"12":-0.0533328556,"13":-0.022347277,"14":-0.1435878186,"15":0.0089311261,"16":0.0454541322,"17":0.0,"18":-0.0850430255,"19":0.0,"20":0.0898088015,"21":-0.0343127043},"sentiment_mean":{"0":0.2857142857,"1":0.5,"2":-0.0526315789,"3":1.0,"4":0.1111111111,"5":0.0,"6":0.2133058985,"7":0.1679389313,"8":0.1362530414,"9":0.1111111111,"10":0.1976225854,"11":0.4333333333,"12":0.7,"13":0.1976225854,"14":-0.6666666667,"15":0.2107843137,"16":0.5,"17":0.0,"18":-0.0520833333,"19":0.3333333333,"20":0.4444444444,"21":0.1176470588},"main_std":{"0":0.0801213093,"1":0.0784504342,"2":0.321011428,"3":0.0870275311,"4":0.2459138189,"5":null,"6":0.1933397345,"7":0.2014906913,"8":0.1884073694,"9":0.1878061836,"10":0.2107001156,"11":0.1798325835,"12":0.0768990951,"13":0.2107001156,"14":0.12529891,"15":0.2093665881,"16":0.0909082645,"17":null,"18":0.1969044061,"19":0.0,"20":0.2526022414,"21":0.110227206},"sentiment_std":{"0":0.4688072309,"1":1.0,"2":0.7050361859,"3":0.0,"4":0.6763995416,"5":null,"6":0.6954415086,"7":0.6697033988,"8":0.7141681356,"9":0.7631352953,"10":0.6347058235,"11":0.5683207772,"12":0.6749485577,"13":0.6347058235,"14":0.5773502692,"15":0.6656093712,"16":0.5773502692,"17":null,"18":0.5103103631,"19":0.5163977795,"20":0.6156987635,"21":0.600245048},"sentiment_pv":{"0":0.4409974412,"1":0.5744116111,"2":0.1583244536,"3":0.0,"4":0.6458665581,"5":null,"6":0.1892942264,"7":0.7636742646,"8":0.0660815115,"9":0.2966996352,"10":0.6571249074,"11":0.0243167142,"12":0.0393763241,"13":0.6571249074,"14":0.1247454169,"15":0.6016761143,"16":0.3561586294,"17":null,"18":0.0000193443,"19":0.5156928367,"20":0.0931936805,"21":0.6465731474},"main_pv":{"0":0.7608805232,"1":0.3420011236,"2":0.4789860214,"3":0.2323885287,"4":0.5550758723,"5":null,"6":0.5054707782,"7":0.0939404953,"8":0.1467347071,"9":0.1827766095,"10":0.9700996484,"11":0.0075378392,"12":0.2323989406,"13":0.9700996484,"14":0.2347309879,"15":0.0398324743,"16":0.2343701283,"17":null,"18":0.0025121957,"19":0.0,"20":0.0778661095,"21":0.653803748},"count":{"0":14,"1":4,"2":19,"3":2,"4":18,"5":1,"6":1458,"7":131,"8":822,"9":117,"10":673,"11":30,"12":10,"13":673,"14":3,"15":204,"16":4,"17":1,"18":96,"19":6,"20":18,"21":17},"nb_en":{"0":14,"1":4,"2":19,"3":2,"4":18,"5":1,"6":1458,"7":131,"8":822,"9":117,"10":673,"11":30,"12":10,"13":673,"14":3,"15":204,"16":4,"17":1,"18":96,"19":6,"20":18,"21":17},"nb_de":{"0":0,"1":0,"2":0,"3":0,"4":0,"5":0,"6":0,"7":0,"8":0,"9":0,"10":0,"11":0,"12":0,"13":0,"14":0,"15":0,"16":0,"17":0,"18":0,"19":0,"20":0,"21":0}}