{"canton":{"0":"NE","1":"GE","2":"GL","3":"SG","4":"GR","5":"ZG","6":"BE","7":"LU","8":"AG","9":"TI","10":"TG","11":"UR","12":"BS","13":"FR","14":"SH","15":"VS","16":"BL","17":"VD","18":"ZH","19":"SO"},"main_mean":{"0":-0.1249937503,"1":-0.0364930149,"2":0.0236688008,"3":0.0961167641,"4":0.0,"5":0.0236688008,"6":-0.0451786381,"7":-0.0315626428,"8":-0.0857114336,"9":-0.0338481157,"10":-0.1333324445,"11":-0.122219963,"12":0.0517261836,"13":0.0499995,"14":-0.2499984375,"15":0.0735734007,"16":0.0,"17":0.0096084994,"18":-0.0230069107,"19":0.1249937503},"sentiment_mean":{"0":0.0,"1":0.1389728097,"2":0.298245614,"3":0.1111111111,"4":0.5,"5":0.298245614,"6":0.0892857143,"7":0.2142857143,"8":0.0909090909,"9":0.0819672131,"10":0.0,"11":-0.3333333333,"12":0.2,"13":0.5,"14":1.0,"15":0.1428571429,"16":0.0,"17":0.2352941176,"18":0.2670068027,"19":0.25},"main_std":{"0":0.2499875006,"1":0.2039252268,"2":0.191730876,"3":0.1627604804,"4":0.0,"5":0.191730876,"6":0.1611047809,"7":0.0884270599,"8":0.3129741792,"9":0.2357496794,"10":0.1885605512,"11":0.1071496473,"12":0.2407117443,"13":0.070709971,"14":null,"15":0.2071319026,"16":0.0,"17":0.1922710035,"18":0.212393541,"19":0.2499875006},"sentiment_std":{"0":0.8164965809,"1":0.6822583949,"2":0.6314793315,"3":0.78173596,"4":0.7071067812,"5":0.6314793315,"6":0.6785460268,"7":0.8017837257,"8":0.53935989,"9":0.6135981847,"10":1.4142135624,"11":1.1547005384,"12":0.7083042533,"13":0.7071067812,"14":null,"15":0.6900655593,"16":0.0,"17":0.6540699402,"18":0.7017621189,"19":0.5},"sentiment_pv":{"0":0.597493992,"1":0.0119264535,"2":0.0789639415,"3":0.633582614,"4":0.6951118543,"5":0.0789639415,"6":0.0231688797,"7":0.9051038885,"8":0.3810981512,"9":0.0515981319,"10":0.8498156346,"11":0.4801753232,"12":0.6641174253,"13":0.6951118543,"14":null,"15":0.7216301499,"16":4.847835568e-59,"17":0.9643288129,"18":0.4103830093,"19":0.9717809352},"main_pv":{"0":0.4043326888,"1":0.0070650176,"2":0.0058341643,"3":0.1028399908,"4":0.3667243815,"5":0.0058341643,"6":0.0102805767,"7":0.2697664658,"8":0.4068964963,"9":0.3305249599,"10":0.5094375661,"11":0.1954758205,"12":0.0810473624,"13":0.4749683459,"14":null,"15":0.36083168,"16":0.3667243815,"17":0.6863326321,"18":0.0516483287,"19":0.3782613454},"count":{"0":4,"1":331,"2":456,"3":9,"4":2,"5":456,"6":112,"7":14,"8":11,"9":61,"10":2,"11":3,"12":60,"13":2,"14":1,"15":7,"16":2,"17":34,"18":588,"19":4},"nb_en":{"0":4,"1":331,"2":456,"3":9,"4":2,"5":456,"6":112,"7":14,"8":11,"9":61,"10":2,"11":3,"12":60,"13":2,"14":1,"15":7,"16":2,"17":34,"18":588,"19":4},"nb_de":{"0":0,"1":0,"2":0,"3":0,"4":0,"5":0,"6":0,"7":0,"8":0,"9":0,"10":0,"11":0,"12":0,"13":0,"14":0,"15":0,"16":0,"17":0,"18":0,"19":0}}