{"canton":{"0":"NE","1":"GE","2":"GL","3":"BE","4":"SZ","5":"SO","6":"UR","7":"FR","8":"BS","9":"TG","10":"ZH","11":"VD","12":"SG","13":"GR","14":"ZG","15":"LU","16":"TI","17":"JU","18":"AG","19":"SH","20":"VS","21":"BL","22":"NW"},"main_mean":{"0":0.0408480892,"1":-0.035651758,"2":-0.0099800857,"3":-0.0004535032,"4":-0.4545413224,"5":-0.0555549383,"6":-0.1761852179,"7":-0.0230837142,"8":0.0020179604,"9":0.0,"10":-0.0117616517,"11":-0.0191652135,"12":0.0173074657,"13":-0.2104143467,"14":-0.0099800857,"15":-0.1876108053,"16":-0.0468384599,"17":-0.0892685768,"18":0.0811931079,"19":0.0166665556,"20":-0.0189197175,"21":-0.1249989583,"22":-0.1726163337},"sentiment_mean":{"0":0.1764705882,"1":0.1109839817,"2":0.1666666667,"3":0.2059925094,"4":-1.0,"5":0.3333333333,"6":-0.5,"7":0.2083333333,"8":0.1578947368,"9":-1.0,"10":0.2,"11":0.2771084337,"12":0.0454545455,"13":0.5,"14":0.1666666667,"15":-0.1764705882,"16":0.0882352941,"17":-0.1818181818,"18":0.3076923077,"19":0.25,"20":0.3076923077,"21":0.5,"22":0.5},"main_std":{"0":0.1227036844,"1":0.2091493649,"2":0.2282566159,"3":0.1834718032,"4":null,"5":0.1360812515,"6":0.2150698557,"7":0.1416560734,"8":0.1761169764,"9":null,"10":0.1942365012,"11":0.2135704411,"12":0.2461570614,"13":0.175509618,"14":0.2282566159,"15":0.3175856985,"16":0.1445090148,"17":0.0648882655,"18":0.3334597618,"19":0.0333331111,"20":0.366424151,"21":0.1767752222,"22":0.3619665083},"sentiment_std":{"0":0.5285941399,"1":0.7068917441,"2":0.6581678017,"3":0.6594324627,"4":null,"5":0.5163977795,"6":0.5477225575,"7":0.5441500627,"8":0.6891462839,"9":null,"10":0.69616937,"11":0.590850008,"12":0.7854190709,"13":0.5773502692,"14":0.6581678017,"15":0.7576114074,"16":0.5106418004,"17":0.7507571935,"18":0.630425172,"19":0.5,"20":0.7510676162,"21":0.7071067812,"22":0.7071067812},"sentiment_pv":{"0":0.938424768,"1":0.0348294544,"2":0.9929640748,"3":0.3436198719,"4":null,"5":0.4646617769,"6":0.0307413736,"7":0.5990303499,"8":0.8748661765,"9":null,"10":0.1103659499,"11":0.0957119009,"12":0.479008533,"13":0.3315614042,"14":0.9929640748,"15":0.0128162052,"16":0.217854384,"17":0.1552959168,"18":0.4354257947,"19":0.7601643118,"20":0.5108783752,"21":0.6253951065,"22":0.6253951065},"main_pv":{"0":0.0671252719,"1":0.0224645435,"2":0.4839578896,"3":0.1376503389,"4":null,"5":0.5279949586,"6":0.131252518,"7":0.8016462673,"8":0.1531543259,"9":null,"10":0.3106106916,"11":0.9559637621,"12":0.5109103793,"13":0.1157055068,"14":0.4839578896,"15":0.0038123067,"16":0.1083160844,"17":0.0044398834,"18":0.3054918626,"19":0.1283569263,"20":0.9918128627,"21":0.548817065,"22":0.6537782607},"count":{"0":17,"1":874,"2":450,"3":267,"4":1,"5":6,"6":6,"7":48,"8":171,"9":1,"10":1480,"11":83,"12":22,"13":4,"14":450,"15":34,"16":68,"17":11,"18":13,"19":4,"20":13,"21":2,"22":2},"nb_en":{"0":17,"1":874,"2":450,"3":267,"4":1,"5":6,"6":6,"7":48,"8":171,"9":1,"10":1480,"11":83,"12":22,"13":4,"14":450,"15":34,"16":68,"17":11,"18":13,"19":4,"20":13,"21":2,"22":2},"nb_de":{"0":0,"1":0,"2":0,"3":0,"4":0,"5":0,"6":0,"7":0,"8":0,"9":0,"10":0,"11":0,"12":0,"13":0,"14":0,"15":0,"16":0,"17":0,"18":0,"19":0,"20":0,"21":0,"22":0}}