{"canton":{"0":"NE","1":"GE","2":"GL","3":"BE","4":"SZ","5":"TG","6":"FR","7":"BS","8":"BL","9":"ZH","10":"VD","11":"SG","12":"GR","13":"ZG","14":"AR","15":"LU","16":"TI","17":"AG","18":"SH","19":"VS","20":"SO","21":"NW"},"main_mean":{"0":0.0213014219,"1":-0.0190440946,"2":0.0077088732,"3":-0.054649377,"4":-0.0833319445,"5":-0.0701413054,"6":-0.0102734339,"7":-0.013896357,"8":0.0,"9":-0.0208711893,"10":-0.0415908965,"11":0.0193896132,"12":0.0486077982,"13":0.0077088732,"14":0.0,"15":0.0219521123,"16":-0.0651262622,"17":0.0154756127,"18":0.0076789621,"19":-0.0172181138,"20":0.017828317,"21":-0.0681811984},"sentiment_mean":{"0":0.5384615385,"1":0.077167019,"2":0.273476112,"3":0.0938967136,"4":-0.5,"5":-0.2,"6":0.0434782609,"7":0.106870229,"8":0.0,"9":0.1805792164,"10":0.1139896373,"11":0.08,"12":0.3333333333,"13":0.273476112,"14":0.0,"15":0.16,"16":0.0444444444,"17":0.1428571429,"18":0.1666666667,"19":0.125,"20":0.0,"21":-0.25},"main_std":{"0":0.057747086,"1":0.168812465,"2":0.1993419247,"3":0.1909722197,"4":0.117849166,"5":0.1242195153,"6":0.086322638,"7":0.1458588389,"8":null,"9":0.1721384765,"10":0.1861323982,"11":0.105586399,"12":0.2637909783,"13":0.1993419247,"14":null,"15":0.2284888722,"16":0.2487084702,"17":0.2006565937,"18":0.0117804311,"19":0.0584565226,"20":0.050519806,"21":0.1363623967},"sentiment_std":{"0":0.6602252918,"1":0.6484550688,"2":0.6301068135,"3":0.5992214514,"4":0.7071067812,"5":0.4472135955,"6":0.5560384375,"7":0.5717975489,"8":null,"9":0.6744424504,"10":0.5928929252,"11":0.5715476066,"12":0.5773502692,"13":0.6301068135,"14":null,"15":0.6180945044,"16":0.6164616523,"17":0.7052336473,"18":0.4082482905,"19":0.5366968215,"20":0.0,"21":0.5},"sentiment_pv":{"0":0.0671341471,"1":0.0000652743,"2":0.0001483043,"3":0.073529828,"4":0.4082609385,"5":0.1383172101,"6":0.1332178919,"7":0.2192205053,"8":null,"9":0.5554907567,"10":0.2045072331,"11":0.4421906626,"12":0.6719545907,"13":0.0001483043,"14":null,"15":0.913433627,"16":0.0597022036,"17":0.8428088195,"18":0.9866312296,"19":0.6886782605,"20":1.194103809e-70,"21":0.1918324119},"main_pv":{"0":0.0436225279,"1":0.5140316264,"2":0.0075604324,"3":0.0033414661,"4":0.5630298757,"5":0.3779092166,"6":0.7134539483,"7":0.9280508451,"8":null,"9":0.2338411988,"10":0.0534547634,"11":0.1180091135,"12":0.716487825,"13":0.0075604324,"14":null,"15":0.258902288,"16":0.0606398643,"17":0.4285332244,"18":0.0028598437,"19":0.8620433244,"20":0.1093872491,"21":0.492960744},"count":{"0":13,"1":946,"2":607,"3":213,"4":2,"5":5,"6":46,"7":131,"8":1,"9":1761,"10":193,"11":25,"12":3,"13":607,"14":1,"15":50,"16":90,"17":28,"18":6,"19":24,"20":8,"21":4},"nb_en":{"0":13,"1":839,"2":568,"3":186,"4":2,"5":2,"6":44,"7":85,"8":1,"9":1574,"10":162,"11":15,"12":3,"13":568,"14":1,"15":41,"16":87,"17":27,"18":3,"19":14,"20":5,"21":4},"nb_de":{"0":0,"1":2,"2":22,"3":25,"4":0,"5":3,"6":1,"7":45,"8":0,"9":182,"10":2,"11":10,"12":0,"13":22,"14":0,"15":9,"16":2,"17":1,"18":3,"19":7,"20":3,"21":0}}