{"canton":{"0":"VD","1":"SG","2":"TI","3":"JU","4":"VS","5":"SO","6":"AG","7":"TG","8":"ZH","9":"SH","10":"BE","11":"BL","12":"GE","13":"BS","14":"GL","15":"SZ","16":"LU","17":"GR","18":"NE","19":"ZG","20":"FR"},"main_mean":{"0":-0.0437134363,"1":0.0357140306,"2":-0.0063872809,"3":-0.1999986667,"4":0.0222218483,"5":0.0,"6":-0.0264855455,"7":0.0,"8":-0.007552837,"9":-0.1499985,"10":-0.0168943316,"11":0.099999,"12":-0.0287981362,"13":-0.0248430613,"14":-0.0352621138,"15":-0.1999960001,"16":-0.1210646358,"17":-0.1666648148,"18":0.0085977,"19":-0.0352621138,"20":-0.0397513838},"sentiment_mean":{"0":0.0161290323,"1":0.375,"2":0.1363636364,"3":1.0,"4":0.2142857143,"5":0.0,"6":0.0769230769,"7":0.0,"8":0.2578125,"9":0.0,"10":0.2678571429,"11":0.0,"12":0.1472275335,"13":0.0476190476,"14":0.1550218341,"15":0.5,"16":0.3,"17":0.0,"18":0.4666666667,"19":0.1550218341,"20":0.1904761905},"main_std":{"0":0.2077273482,"1":0.1010145329,"2":0.1346839656,"3":null,"4":0.0591155694,"5":null,"6":0.1372519173,"7":0.0,"8":0.1963881427,"9":0.2121299131,"10":0.1804663782,"11":null,"12":0.2107008736,"13":0.1398721043,"14":0.2087585003,"15":0.2828370557,"16":0.3024429899,"17":0.2356996415,"18":0.0581064589,"19":0.2087585003,"20":0.1679793343},"sentiment_std":{"0":0.6893079324,"1":0.5175491695,"2":0.4603130586,"3":null,"4":0.4258153136,"5":null,"6":0.6405126152,"7":0.0,"8":0.6906281584,"9":0.0,"10":0.6331483379,"11":null,"12":0.683219054,"13":0.761517351,"14":0.6205691074,"15":0.7071067812,"16":0.6569466853,"17":1.4142135624,"18":0.5163977795,"19":0.6205691074,"20":0.5638903708},"sentiment_pv":{"0":0.0536978714,"1":0.345955892,"2":0.358988932,"3":null,"4":0.8340571142,"5":null,"6":0.5377701908,"7":2.587744644e-54,"8":0.0059634082,"9":2.587744644e-54,"10":0.122548574,"11":null,"12":0.1860709761,"13":0.0275692235,"14":0.2676482491,"15":0.6465138225,"16":0.4638233616,"17":0.8805693182,"18":0.0573395963,"19":0.2676482491,"20":0.9929381318},"main_pv":{"0":0.4412363816,"1":0.1445766121,"2":0.3283677499,"3":null,"4":0.0140016097,"5":null,"6":0.9304788293,"7":0.0000000001,"8":0.029048254,"9":0.5528976971,"10":0.6674968441,"11":null,"12":0.5632157287,"13":0.8841595356,"14":0.2416132034,"15":0.5389094081,"16":0.1641510414,"17":0.5472383633,"18":0.0571218591,"19":0.2416132034,"20":0.4401490919},"count":{"0":62,"1":8,"2":66,"3":1,"4":14,"5":1,"6":13,"7":2,"8":1024,"9":2,"10":168,"11":1,"12":523,"13":147,"14":458,"15":2,"16":20,"17":2,"18":15,"19":458,"20":63},"nb_en":{"0":62,"1":8,"2":66,"3":1,"4":14,"5":1,"6":13,"7":2,"8":1024,"9":2,"10":168,"11":1,"12":523,"13":147,"14":458,"15":2,"16":20,"17":2,"18":15,"19":458,"20":63},"nb_de":{"0":0,"1":0,"2":0,"3":0,"4":0,"5":0,"6":0,"7":0,"8":0,"9":0,"10":0,"11":0,"12":0,"13":0,"14":0,"15":0,"16":0,"17":0,"18":0,"19":0,"20":0}}