{"canton":{"0":"VD","1":"SG","2":"TI","3":"VS","4":"AG","5":"TG","6":"ZH","7":"SH","8":"BE","9":"GE","10":"BS","11":"GL","12":"SO","13":"LU","14":"GR","15":"NE","16":"ZG","17":"FR"},"main_mean":{"0":-0.035634845,"1":0.077681851,"2":-0.0577444188,"3":0.0579820072,"4":-0.0442410207,"5":0.0,"6":-0.0331775559,"7":0.0485700617,"8":-0.05273427,"9":-0.0127290439,"10":-0.008095691,"11":-0.0062271584,"12":0.0312498047,"13":0.0027495458,"14":-0.1761888923,"15":0.028645553,"16":-0.0062271584,"17":-0.0141377434},"sentiment_mean":{"0":0.094017094,"1":0.5882352941,"2":0.0336134454,"3":0.3636363636,"4":-0.1363636364,"5":0.0,"6":0.2082324455,"7":0.1666666667,"8":0.1524390244,"9":0.1770524233,"10":0.1801801802,"11":0.2182468694,"12":0.5,"13":0.1851851852,"14":0.2,"15":0.25,"16":0.2182468694,"17":0.0857142857},"main_std":{"0":0.2125386959,"1":0.1323134896,"2":0.2508980509,"3":0.2391083529,"4":0.1797173411,"5":null,"6":0.195988428,"7":0.2271236125,"8":0.191449693,"9":0.1787281571,"10":0.1847317721,"11":0.2183814411,"12":0.0441938976,"13":0.0762014915,"14":0.1100906415,"15":0.0870265719,"16":0.2183814411,"17":0.0925370091},"sentiment_std":{"0":0.6430383962,"1":0.6183469424,"2":0.6097064188,"3":0.5045249791,"4":0.6396021491,"5":null,"6":0.7005959386,"7":0.7527726527,"8":0.5923283805,"9":0.6758255796,"10":0.6352980431,"11":0.6522278912,"12":0.7071067812,"13":0.5572623355,"14":0.4472135955,"15":0.4472135955,"16":0.6522278912,"17":0.5314147686},"sentiment_pv":{"0":0.1083023227,"1":0.0177600373,"2":0.0062484505,"3":0.28508774,"4":0.0257416936,"5":null,"6":0.4025640027,"7":0.9386539347,"8":0.4097652685,"9":0.5375728548,"10":0.8528710086,"11":0.3631754033,"12":0.6480889849,"13":0.9533842903,"14":0.9683233505,"15":0.6100029904,"16":0.3631754033,"17":0.1041347551},"main_pv":{"0":0.4723235171,"1":0.007188542,"2":0.118727452,"3":0.297482079,"4":0.5569901602,"5":null,"6":0.0360732466,"7":0.4851726038,"8":0.0406790686,"9":0.1771636363,"10":0.4589723687,"11":0.1204821529,"12":0.3394877684,"13":0.1189893283,"14":0.034498985,"15":0.0374367724,"16":0.1204821529,"17":0.5329615623},"count":{"0":117,"1":17,"2":119,"3":11,"4":22,"5":1,"6":1652,"7":6,"8":164,"9":1011,"10":111,"11":559,"12":2,"13":27,"14":5,"15":16,"16":559,"17":70},"nb_en":{"0":117,"1":17,"2":119,"3":11,"4":22,"5":1,"6":1652,"7":6,"8":164,"9":1011,"10":111,"11":559,"12":2,"13":27,"14":5,"15":16,"16":559,"17":70},"nb_de":{"0":0,"1":0,"2":0,"3":0,"4":0,"5":0,"6":0,"7":0,"8":0,"9":0,"10":0,"11":0,"12":0,"13":0,"14":0,"15":0,"16":0,"17":0}}