{"canton":{"0":"NE","1":"GE","2":"GL","3":"BE","4":"TG","5":"FR","6":"BS","7":"ZH","8":"SO","9":"VD","10":"SG","11":"GR","12":"ZG","13":"AR","14":"LU","15":"TI","16":"JU","17":"AG","18":"SH","19":"VS","20":"AI","21":"BL"},"main_mean":{"0":-0.0126067736,"1":-0.0254858741,"2":-0.0147904102,"3":-0.0420189273,"4":-0.0444441482,"5":0.0129768446,"6":-0.0244806692,"7":-0.0105270548,"8":-0.0508175504,"9":-0.0199460313,"10":-0.0101762568,"11":-0.3333305556,"12":-0.0147904102,"13":-0.0384613905,"14":0.0352674803,"15":-0.0384137266,"16":-0.0454541322,"17":0.0253514908,"18":0.0033336944,"19":0.0069195067,"20":-0.0833326389,"21":0.0},"sentiment_mean":{"0":0.3076923077,"1":0.1479713604,"2":0.2727272727,"3":0.07960199,"4":0.3333333333,"5":0.1,"6":0.0875,"7":0.2211093991,"8":0.4,"9":0.2612612613,"10":0.3333333333,"11":-1.0,"12":0.2727272727,"13":0.0,"14":0.2972972973,"15":0.0625,"16":-0.5,"17":-0.1052631579,"18":0.4,"19":0.0,"20":-1.0,"21":-1.0},"main_std":{"0":0.0916139534,"1":0.1947312055,"2":0.1522264876,"3":0.1884315074,"4":0.0769795227,"5":0.3366018459,"6":0.2295842093,"7":0.2069541083,"8":0.1591289104,"9":0.1939611435,"10":0.2901503368,"11":null,"12":0.1522264876,"13":0.0666170825,"14":0.2714920667,"15":0.2128172414,"16":0.0642818503,"17":0.0549552731,"18":0.1634656636,"19":0.145631907,"20":null,"21":null},"sentiment_std":{"0":0.630425172,"1":0.7164657977,"2":0.7862453931,"3":0.6274008613,"4":0.5773502692,"5":0.6407232755,"6":0.6765385447,"7":0.6855382448,"8":0.5163977795,"9":0.6565988358,"10":0.7669649888,"11":null,"12":0.7862453931,"13":0.0,"14":0.5198752449,"15":0.5852518134,"16":0.7071067812,"17":0.7374684055,"18":0.5477225575,"19":0.7302967433,"20":null,"21":null},"sentiment_pv":{"0":0.4627420725,"1":0.3360715145,"2":0.6884850058,"3":0.0398906426,"4":0.6812417914,"5":0.6091811956,"6":0.1142857027,"7":0.0429363884,"8":0.2019418334,"9":0.1763666535,"10":0.3936121986,"11":null,"12":0.6884850058,"13":1.197387969e-41,"14":0.1643582817,"15":0.0368509647,"16":0.405874816,"17":0.1160087394,"18":0.4101452477,"19":0.3546543254,"20":null,"21":null},"main_pv":{"0":0.8171777276,"1":0.3773625775,"2":0.9344783259,"3":0.092440979,"4":0.6210494678,"5":0.6792049852,"6":0.7544094714,"7":0.2364091851,"8":0.5398003624,"9":0.9460511591,"10":0.9027363025,"11":null,"12":0.9344783259,"13":0.6586884978,"14":0.2362639081,"15":0.3053149802,"16":0.660901894,"17":0.0030173978,"18":0.7786117331,"19":0.4949405509,"20":null,"21":null},"count":{"0":13,"1":838,"2":11,"3":201,"4":3,"5":20,"6":160,"7":1298,"8":10,"9":111,"10":18,"11":1,"12":11,"13":3,"14":37,"15":128,"16":2,"17":19,"18":5,"19":16,"20":1,"21":1},"nb_en":{"0":13,"1":838,"2":11,"3":201,"4":3,"5":20,"6":160,"7":1298,"8":10,"9":111,"10":18,"11":1,"12":11,"13":3,"14":37,"15":128,"16":2,"17":19,"18":5,"19":16,"20":1,"21":1},"nb_de":{"0":0,"1":0,"2":0,"3":0,"4":0,"5":0,"6":0,"7":0,"8":0,"9":0,"10":0,"11":0,"12":0,"13":0,"14":0,"15":0,"16":0,"17":0,"18":0,"19":0,"20":0,"21":0}}