{"canton":{"0":"NE","1":"GE","2":"GL","3":"UR","4":"SZ","5":"BE","6":"TG","7":"FR","8":"BS","9":"ZH","10":"SO","11":"VD","12":"SG","13":"GR","14":"ZG","15":"LU","16":"TI","17":"JU","18":"AG","19":"SH","20":"VS","21":"BL","22":"NW"},"main_mean":{"0":0.0454094774,"1":-0.0246965195,"2":0.007792124,"3":-0.1196067278,"4":0.0,"5":-0.0466544726,"6":-0.1333314445,"7":-0.0083962502,"8":-0.0379916049,"9":-0.0184421094,"10":-0.095242763,"11":-0.0365534508,"12":0.0299032287,"13":-0.1494159343,"14":0.007792124,"15":0.0054163713,"16":-0.1093461104,"17":-0.0416661458,"18":0.1841265866,"19":0.1999960001,"20":-0.1264406483,"21":-0.1773790702,"22":0.5740622632},"sentiment_mean":{"0":0.2,"1":0.1155606407,"2":0.3571428571,"3":0.0,"4":0.0,"5":0.1708333333,"6":-1.0,"7":0.0,"8":0.1612903226,"9":0.2139503689,"10":-0.0909090909,"11":0.1382113821,"12":0.2222222222,"13":0.4285714286,"14":0.3571428571,"15":0.2285714286,"16":0.1162790698,"17":0.3333333333,"18":0.3333333333,"19":0.3333333333,"20":-0.1333333333,"21":0.0,"22":0.6666666667},"main_std":{"0":0.2989876321,"1":0.1714379049,"2":0.0459212301,"3":0.1589670704,"4":0.0,"5":0.2093127873,"6":0.047139195,"7":0.1307982086,"8":0.2466476555,"9":0.1850053256,"10":0.1960752257,"11":0.1639219653,"12":0.2814778106,"13":0.1478414004,"14":0.0459212301,"15":0.1572243028,"16":0.2297598242,"17":0.0721678816,"18":0.4981728085,"19":0.3464032334,"20":0.1754726947,"21":0.2798546596,"22":0.498777364},"sentiment_std":{"0":0.5606119106,"1":0.7061571587,"2":0.4972451581,"3":0.0,"4":0.0,"5":0.6403314823,"6":0.0,"7":0.7453559925,"8":0.6788442333,"9":0.6974304865,"10":0.8312094146,"11":0.6814305499,"12":0.7320844981,"13":0.7867957925,"14":0.4972451581,"15":0.5469549011,"16":0.5183368119,"17":0.5773502692,"18":0.5163977795,"19":0.5773502692,"20":0.3518657753,"21":1.0,"22":0.4879500365},"sentiment_pv":{"0":0.8625048247,"1":0.0285366527,"2":0.1936705945,"3":8.69425763e-45,"4":8.69425763e-45,"5":0.9344475748,"6":0.0,"7":0.3224011227,"8":0.8150506155,"9":0.0697418535,"10":0.3151387197,"11":0.5646744758,"12":0.7854221805,"13":0.4257547657,"14":0.1936705945,"15":0.5648894169,"16":0.3124852716,"17":0.68056903,"18":0.4853158956,"19":0.68056903,"20":0.0044997938,"21":0.7911593859,"22":0.0015840584},"main_pv":{"0":0.3887493335,"1":0.8391313188,"2":0.0274937414,"3":0.4042214277,"4":0.0,"5":0.0956929488,"6":0.183935726,"7":0.6270804837,"8":0.4669091054,"9":0.4106578958,"10":0.2522950349,"11":0.3851818921,"12":0.4340473135,"13":0.0649055709,"14":0.0274937414,"15":0.2909562374,"16":0.0008952855,"17":0.7031755317,"18":0.3545510736,"19":0.3803102142,"20":0.039383417,"21":0.4409864892,"22":0.0003830394},"count":{"0":15,"1":874,"2":14,"3":3,"4":2,"5":240,"6":2,"7":19,"8":155,"9":1491,"10":11,"11":123,"12":18,"13":7,"14":14,"15":35,"16":86,"17":3,"18":6,"19":3,"20":15,"21":3,"22":15},"nb_en":{"0":15,"1":874,"2":14,"3":3,"4":2,"5":240,"6":2,"7":19,"8":155,"9":1491,"10":11,"11":123,"12":18,"13":7,"14":14,"15":35,"16":86,"17":3,"18":6,"19":3,"20":15,"21":3,"22":15},"nb_de":{"0":0,"1":0,"2":0,"3":0,"4":0,"5":0,"6":0,"7":0,"8":0,"9":0,"10":0,"11":0,"12":0,"13":0,"14":0,"15":0,"16":0,"17":0,"18":0,"19":0,"20":0,"21":0,"22":0}}