{"canton":{"0":"NE","1":"GE","2":"GL","3":"BE","4":"SZ","5":"TG","6":"UR","7":"FR","8":"BS","9":"ZH","10":"OW","11":"VD","12":"SG","13":"GR","14":"ZG","15":"LU","16":"TI","17":"AG","18":"SH","19":"VS","20":"SO","21":"NW"},"main_mean":{"0":-0.0397953306,"1":-0.0148851906,"2":-0.0120237478,"3":-0.0409275892,"4":0.0,"5":0.0332046197,"6":-0.1694482839,"7":0.0170200158,"8":0.0006924552,"9":-0.0168298338,"10":-0.0388995678,"11":0.0060088362,"12":0.0488914194,"13":-0.1699683787,"14":-0.0120237478,"15":0.0196367421,"16":-0.0326768467,"17":-0.0532882658,"18":-0.1599968001,"19":-0.0408185319,"20":-0.0876589193,"21":-0.0388995678},"sentiment_mean":{"0":0.4117647059,"1":0.152872444,"2":0.1855345912,"3":0.1801801802,"4":0.0,"5":0.0,"6":-0.5,"7":0.2337662338,"8":0.1428571429,"9":0.1549755302,"10":0.0,"11":0.2110552764,"12":0.3103448276,"13":-0.4,"14":0.1855345912,"15":0.2777777778,"16":0.1341463415,"17":-0.0588235294,"18":0.0,"19":-0.2142857143,"20":-0.1111111111,"21":0.0},"main_std":{"0":0.1895892743,"1":0.188003905,"2":0.1946906399,"3":0.1835561867,"4":0.0,"5":0.0472566628,"6":0.1846237649,"7":0.1476949648,"8":0.1457514637,"9":0.1899710863,"10":null,"11":0.1689296054,"12":0.1978968331,"13":0.1771497586,"14":0.1946906399,"15":0.185939007,"16":0.1911913783,"17":0.1167326507,"18":0.3577637211,"19":0.1217344461,"20":0.1899237401,"21":null},"sentiment_std":{"0":0.7122871199,"1":0.6375200385,"2":0.6570117489,"3":0.5817464453,"4":0.0,"5":0.0,"6":0.7071067812,"7":0.5103173393,"8":0.565991449,"9":0.6739486125,"10":null,"11":0.6241587405,"12":0.6037648712,"13":0.5477225575,"14":0.6570117489,"15":0.5961089766,"16":0.4651349233,"17":0.4287464629,"18":0.7071067812,"19":0.6992932068,"20":0.3333333333,"21":null},"sentiment_pv":{"0":0.1741297707,"1":0.5558015655,"2":0.474189762,"3":0.7195983662,"4":1.954146121e-71,"5":1.954146121e-71,"6":0.4100197545,"7":0.2515051661,"8":0.6469550159,"9":0.5526266025,"10":null,"11":0.3172684014,"12":0.2090929632,"13":0.0820172807,"14":0.474189762,"15":0.1756637668,"16":0.54601235,"17":0.0468044798,"18":0.6279347282,"19":0.0631088208,"20":0.037523379,"21":null},"main_pv":{"0":0.5913961675,"1":0.9607416466,"2":0.7553701469,"3":0.0375141504,"4":0.0000000428,"5":0.0559007568,"6":0.445802205,"7":0.0674586353,"8":0.2392727671,"9":0.6614747339,"10":null,"11":0.0948622319,"12":0.0959183988,"13":0.121335213,"14":0.7553701469,"15":0.1844129136,"16":0.3972126698,"17":0.1918511846,"18":0.414823659,"19":0.4355743714,"20":0.2818831573,"21":null},"count":{"0":17,"1":1027,"2":636,"3":222,"4":2,"5":6,"6":2,"7":77,"8":133,"9":1839,"10":1,"11":199,"12":29,"13":5,"14":636,"15":54,"16":82,"17":17,"18":5,"19":14,"20":9,"21":1},"nb_en":{"0":15,"1":931,"2":602,"3":164,"4":1,"5":0,"6":1,"7":75,"8":101,"9":1648,"10":0,"11":168,"12":23,"13":4,"14":602,"15":40,"16":81,"17":13,"18":4,"19":8,"20":7,"21":0},"nb_de":{"0":2,"1":0,"2":22,"3":54,"4":1,"5":6,"6":1,"7":1,"8":32,"9":175,"10":1,"11":2,"12":6,"13":1,"14":22,"15":14,"16":1,"17":4,"18":1,"19":6,"20":2,"21":1}}