{"canton":{"0":"SG","1":"GL","2":"JU","3":"VS","4":"SZ","5":"AG","6":"TG","7":"ZH","8":"BE","9":"GE","10":"BS","11":"AI","12":"LU","13":"ZG","14":"UR","15":"VD","16":"SH","17":"NW","18":"TI","19":"SO","20":"NE","21":"FR"},"main_mean":{"0":0.0061273498,"1":-0.0012246129,"2":0.0,"3":0.0266952341,"4":0.0499995,"5":0.0254281342,"6":-0.0848209157,"7":-0.0113993558,"8":-0.027121032,"9":-0.0313558606,"10":-0.0317128851,"11":-0.1249984375,"12":-0.0172802652,"13":-0.0012246129,"14":0.0,"15":-0.0249391778,"16":0.2,"17":0.0,"18":-0.0095903883,"19":0.0285710204,"20":-0.0554002033,"21":0.0088108875},"sentiment_mean":{"0":0.1176470588,"1":0.24217119,"2":0.0,"3":0.5454545455,"4":0.0,"5":0.1111111111,"6":0.25,"7":0.2195608782,"8":0.2192982456,"9":0.1913978495,"10":0.0702702703,"11":-1.0,"12":0.1818181818,"13":0.24217119,"14":0.0,"15":0.1466666667,"16":0.2,"17":0.0,"18":0.3026315789,"19":0.4,"20":0.0,"21":-0.2037037037},"main_std":{"0":0.1033931407,"1":0.2188091056,"2":null,"3":0.0857967253,"4":0.070709971,"5":0.186508795,"6":0.1045055504,"7":0.2034739055,"8":0.2434770942,"9":0.1944155693,"10":0.2198712064,"11":null,"12":0.1569323473,"13":0.2188091056,"14":null,"15":0.1759070125,"16":0.4472135955,"17":null,"18":0.1507879028,"19":0.0638867438,"20":0.1377790143,"21":0.1196880517},"sentiment_std":{"0":0.4850712501,"1":0.6236418582,"2":null,"3":0.687551651,"4":0.0,"5":0.6405126152,"6":0.5,"7":0.6834280077,"8":0.6048085135,"9":0.6897146746,"10":0.7150801357,"11":null,"12":0.6351449369,"13":0.6236418582,"14":null,"15":0.6694349683,"16":0.8366600265,"17":null,"18":0.54208823,"19":0.5477225575,"20":0.4850712501,"21":0.562327697},"sentiment_pv":{"0":0.4772556129,"1":0.2027733496,"2":null,"3":0.1303856911,"4":4.191431522e-84,"5":0.4614144099,"6":0.8645666893,"7":0.4327030427,"8":0.7038108083,"9":0.6242229211,"10":0.0136497928,"11":null,"12":0.8459590499,"13":0.2027733496,"14":null,"15":0.307796776,"16":0.9928603803,"17":null,"18":0.1199338797,"19":0.467733454,"20":0.0938018443,"21":0.0000023143},"main_pv":{"0":0.414794245,"1":0.1888890096,"2":null,"3":0.1396729084,"4":0.4166921066,"5":0.2717798187,"6":0.2739781834,"7":0.5549260433,"8":0.461982873,"9":0.0217672257,"10":0.3119351757,"11":null,"12":0.9348715849,"13":0.1888890096,"14":null,"15":0.5007494388,"16":0.3428900397,"17":null,"18":0.7584497701,"19":0.2023509016,"20":0.2323312969,"21":0.1564185363},"count":{"0":17,"1":479,"2":1,"3":11,"4":2,"5":27,"6":4,"7":1503,"8":228,"9":930,"10":185,"11":1,"12":33,"13":479,"14":1,"15":150,"16":5,"17":1,"18":76,"19":5,"20":18,"21":54},"nb_en":{"0":17,"1":479,"2":1,"3":11,"4":2,"5":27,"6":4,"7":1503,"8":228,"9":930,"10":185,"11":1,"12":33,"13":479,"14":1,"15":150,"16":5,"17":1,"18":76,"19":5,"20":18,"21":54},"nb_de":{"0":0,"1":0,"2":0,"3":0,"4":0,"5":0,"6":0,"7":0,"8":0,"9":0,"10":0,"11":0,"12":0,"13":0,"14":0,"15":0,"16":0,"17":0,"18":0,"19":0,"20":0,"21":0}}