{"canton":{"0":"NE","1":"GE","2":"GL","3":"SG","4":"GR","5":"ZG","6":"BE","7":"BS","8":"LU","9":"TI","10":"JU","11":"UR","12":"AG","13":"FR","14":"SH","15":"VS","16":"VD","17":"ZH","18":"SO","19":"NW"},"main_mean":{"0":0.0429686824,"1":-0.02430966,"2":-0.0107555533,"3":-0.0104617168,"4":-0.0476183674,"5":-0.0107555533,"6":-0.0536977177,"7":-0.0166876263,"8":-0.0555926188,"9":-0.0364930062,"10":-0.3333296297,"11":-0.0666662222,"12":-0.0624992188,"13":0.0238091837,"14":0.0,"15":-0.1374962293,"16":-0.0225620894,"17":-0.0361018348,"18":-0.0937488281,"19":-0.3333296297},"sentiment_mean":{"0":0.0714285714,"1":0.1983471074,"2":0.1911468813,"3":0.0909090909,"4":-0.3333333333,"5":0.1911468813,"6":0.2564102564,"7":0.0810810811,"8":0.1538461538,"9":0.1,"10":0.0,"11":-1.0,"12":-0.5,"13":0.5,"14":1.0,"15":-0.25,"16":0.2105263158,"17":0.2785326087,"18":0.0,"19":0.0},"main_std":{"0":0.1771538851,"1":0.2205531562,"2":0.2199819036,"3":0.0620432771,"4":0.0824774316,"5":0.2199819036,"6":0.2010131791,"7":0.2104374924,"8":0.1795069357,"9":0.1347890402,"10":null,"11":null,"12":0.1045811961,"13":0.0583203512,"14":0.0,"15":0.1465833295,"16":0.2094689401,"17":0.2150777096,"18":0.1874976563,"19":null},"sentiment_std":{"0":0.6157279262,"1":0.7063138466,"2":0.6581392487,"3":0.53935989,"4":0.5773502692,"5":0.6581392487,"6":0.6180314431,"7":0.7168568523,"8":0.6887372317,"9":0.5050762723,"10":null,"11":null,"12":0.5477225575,"13":0.5477225575,"14":0.0,"15":0.7071067812,"16":0.7035775274,"17":0.7094127256,"18":0.0,"19":null},"sentiment_pv":{"0":0.4114845676,"1":0.706300283,"2":0.5312371894,"3":0.4767672009,"4":0.2436535477,"5":0.5312371894,"6":0.4453300487,"7":0.1265337828,"8":0.7685750759,"9":0.1311263911,"10":null,"11":null,"12":0.0244007546,"13":0.2537444915,"14":0.0,"15":0.1075911525,"16":0.9934849489,"17":0.022773359,"18":3.469799025e-53,"19":null},"main_pv":{"0":0.1807266025,"1":0.9926012087,"2":0.2107267055,"3":0.4884235744,"4":0.6721372393,"5":0.2107267055,"6":0.1242990398,"7":0.7627504991,"8":0.5415407185,"9":0.5319509397,"10":null,"11":null,"12":0.4122835174,"13":0.1003779473,"14":0.0000000124,"15":0.06525971,"16":0.9618992669,"17":0.1860851822,"18":0.5122161051,"19":null},"count":{"0":14,"1":484,"2":497,"3":11,"4":3,"5":497,"6":117,"7":74,"8":13,"9":50,"10":1,"11":1,"12":6,"13":6,"14":2,"15":8,"16":38,"17":736,"18":4,"19":1},"nb_en":{"0":14,"1":484,"2":497,"3":11,"4":3,"5":497,"6":117,"7":74,"8":13,"9":50,"10":1,"11":1,"12":6,"13":6,"14":2,"15":8,"16":38,"17":736,"18":4,"19":1},"nb_de":{"0":0,"1":0,"2":0,"3":0,"4":0,"5":0,"6":0,"7":0,"8":0,"9":0,"10":0,"11":0,"12":0,"13":0,"14":0,"15":0,"16":0,"17":0,"18":0,"19":0}}