{"canton":{"0":"SG","1":"GL","2":"VS","3":"SZ","4":"AG","5":"TG","6":"ZH","7":"BE","8":"GE","9":"BS","10":"AR","11":"LU","12":"GR","13":"ZG","14":"UR","15":"VD","16":"SH","17":"BL","18":"NW","19":"TI","20":"SO","21":"NE","22":"FR"},"main_mean":{"0":-0.020590579,"1":0.069043137,"2":-0.0007130035,"3":0.0,"4":0.0474078101,"5":-0.1428551021,"6":-0.0289810648,"7":-0.0647793699,"8":-0.0256867009,"9":-0.0103867487,"10":-0.2659893115,"11":-0.0307890437,"12":-0.033333,"13":0.069043137,"14":-0.6666555557,"15":-0.021380376,"16":-0.0666658942,"17":0.0,"18":1.0,"19":-0.0128360595,"20":-0.0357140306,"21":-0.0574751876,"22":0.0773548876},"sentiment_mean":{"0":0.0952380952,"1":0.0909090909,"2":0.0909090909,"3":0.0,"4":0.4117647059,"5":-1.0,"6":0.1840048106,"7":0.1333333333,"8":0.1041189931,"9":0.0892857143,"10":0.2,"11":0.2444444444,"12":0.0,"13":0.0909090909,"14":0.0,"15":0.173553719,"16":0.2857142857,"17":0.0,"18":1.0,"19":0.1492537313,"20":0.0,"21":-0.1,"22":0.2857142857},"main_std":{"0":0.1837989726,"1":0.2289715222,"2":0.0697955015,"3":null,"4":0.1221171532,"5":null,"6":0.2167692005,"7":0.2118976984,"8":0.1859915609,"9":0.2209402032,"10":0.4145086325,"11":0.2024807168,"12":0.0816488416,"13":0.2289715222,"14":null,"15":0.2156857898,"16":0.1962592222,"17":null,"18":null,"19":0.2246380671,"20":0.0714280612,"21":0.1300178182,"22":0.1833831154},"sentiment_std":{"0":0.7684244859,"1":0.8312094146,"2":0.53935989,"3":null,"4":0.6183469424,"5":null,"6":0.6893091677,"7":0.6614378278,"8":0.6832349872,"9":0.6992755631,"10":0.8366600265,"11":0.6794234038,"12":0.632455532,"13":0.8312094146,"14":null,"15":0.7150487856,"16":0.4879500365,"17":null,"18":null,"19":0.5001130582,"20":0.0,"21":0.7119666788,"22":0.6673665794},"sentiment_pv":{"0":0.7385074843,"1":0.8121240159,"2":0.7150570281,"3":null,"4":0.1034008495,"5":null,"6":0.1228806444,"7":0.6808804411,"8":0.0647800455,"9":0.2567080403,"10":0.9044175829,"11":0.3701481594,"12":0.5816133548,"13":0.8121240159,"14":null,"15":0.7463567713,"16":0.4967841836,"17":null,"18":null,"19":0.9632105552,"20":9.106057599e-37,"21":0.0630624078,"22":0.2469330049},"main_pv":{"0":0.8688621892,"1":0.1933693496,"2":0.2395104251,"3":null,"4":0.0230964636,"5":null,"6":0.7966444321,"7":0.0107843941,"8":0.8215298284,"9":0.3323472854,"10":0.2673984119,"11":0.9097572969,"12":0.8646453212,"13":0.1933693496,"14":null,"15":0.7661116487,"16":0.6152289505,"17":null,"18":null,"19":0.6024000753,"20":0.8299561462,"21":0.2188121257,"22":0.0019267831},"count":{"0":21,"1":11,"2":11,"3":1,"4":17,"5":1,"6":1663,"7":225,"8":874,"9":168,"10":5,"11":45,"12":6,"13":11,"14":1,"15":121,"16":7,"17":1,"18":1,"19":67,"20":4,"21":30,"22":35},"nb_en":{"0":21,"1":11,"2":11,"3":1,"4":17,"5":1,"6":1663,"7":225,"8":874,"9":168,"10":5,"11":45,"12":6,"13":11,"14":1,"15":121,"16":7,"17":1,"18":1,"19":67,"20":4,"21":30,"22":35},"nb_de":{"0":0,"1":0,"2":0,"3":0,"4":0,"5":0,"6":0,"7":0,"8":0,"9":0,"10":0,"11":0,"12":0,"13":0,"14":0,"15":0,"16":0,"17":0,"18":0,"19":0,"20":0,"21":0,"22":0}}