{"canton":{"0":"UR","1":"BE","2":"ZG","3":"FR","4":"TI","5":"NW","6":"VD","7":"SG","8":"JU","9":"SH","10":"AG","11":"GE","12":"BS","13":"TG","14":"GL","15":"ZH","16":"VS","17":"NE","18":"LU","19":"AI","20":"SO","21":"SZ"},"main_mean":{"0":0.0,"1":-0.026885197,"2":-0.0012246129,"3":0.0088108875,"4":-0.0095903883,"5":0.0,"6":-0.0249391778,"7":0.0061273498,"8":0.0,"9":0.2,"10":0.0254281342,"11":-0.0313558606,"12":-0.0317128851,"13":-0.0848209157,"14":-0.0012246129,"15":-0.0113993558,"16":0.0266952341,"17":-0.0554002033,"18":-0.0172802652,"19":-0.1249984375,"20":0.0285710204,"21":0.0499995},"sentiment_mean":{"0":0.0,"1":0.2086956522,"2":0.24217119,"3":-0.2037037037,"4":0.3026315789,"5":0.0,"6":0.1466666667,"7":0.1176470588,"8":0.0,"9":0.2,"10":0.1111111111,"11":0.1913978495,"12":0.0702702703,"13":0.25,"14":0.24217119,"15":0.2195608782,"16":0.5454545455,"17":0.0,"18":0.1818181818,"19":-1.0,"20":0.4,"21":0.0},"main_std":{"0":null,"1":0.2424246785,"2":0.2188091056,"3":0.1196880517,"4":0.1507879028,"5":null,"6":0.1759070125,"7":0.1033931407,"8":0.0,"9":0.4472135955,"10":0.186508795,"11":0.1944155693,"12":0.2198712064,"13":0.1045055504,"14":0.2188091056,"15":0.2034739055,"16":0.0857967253,"17":0.1377790143,"18":0.1569323473,"19":null,"20":0.0638867438,"21":0.070709971},"sentiment_std":{"0":null,"1":0.612755993,"2":0.6236418582,"3":0.562327697,"4":0.54208823,"5":null,"6":0.6694349683,"7":0.4850712501,"8":0.0,"9":0.8366600265,"10":0.6405126152,"11":0.6897146746,"12":0.7150801357,"13":0.5,"14":0.6236418582,"15":0.6834280077,"16":0.687551651,"17":0.4850712501,"18":0.6351449369,"19":null,"20":0.5477225575,"21":0.0},"sentiment_pv":{"0":null,"1":0.890342163,"2":0.1956330456,"3":0.0000023824,"4":0.1176706814,"5":null,"6":0.3130794711,"7":0.4803890295,"8":1.288208866e-83,"9":0.9941020821,"10":0.4643922694,"11":0.6419911747,"12":0.0140864744,"13":0.8627872554,"14":0.1956330456,"15":0.4151037175,"16":0.1297666129,"17":0.0947268936,"18":0.8502938671,"19":null,"20":0.4664277751,"21":1.288208866e-83},"main_pv":{"0":null,"1":0.4666044395,"2":0.1892032801,"3":0.156591342,"4":0.758905505,"5":null,"6":0.5002748626,"7":0.4150209112,"8":0.000002033,"9":0.3429112637,"10":0.2719013394,"11":0.0216631278,"12":0.311613752,"13":0.2739188016,"14":0.1892032801,"15":0.5560221112,"16":0.1397615626,"17":0.2322102008,"18":0.9345641943,"19":null,"20":0.2024399058,"21":0.4167437957},"count":{"0":1,"1":230,"2":479,"3":54,"4":76,"5":1,"6":150,"7":17,"8":2,"9":5,"10":27,"11":930,"12":185,"13":4,"14":479,"15":1503,"16":11,"17":18,"18":33,"19":1,"20":5,"21":2},"nb_en":{"0":1,"1":230,"2":479,"3":54,"4":76,"5":1,"6":150,"7":17,"8":2,"9":5,"10":27,"11":930,"12":185,"13":4,"14":479,"15":1503,"16":11,"17":18,"18":33,"19":1,"20":5,"21":2},"nb_de":{"0":0,"1":0,"2":0,"3":0,"4":0,"5":0,"6":0,"7":0,"8":0,"9":0,"10":0,"11":0,"12":0,"13":0,"14":0,"15":0,"16":0,"17":0,"18":0,"19":0,"20":0,"21":0},"nb_fr":{"0":0,"1":0,"2":0,"3":0,"4":0,"5":0,"6":0,"7":0,"8":0,"9":0,"10":0,"11":0,"12":0,"13":0,"14":0,"15":0,"16":0,"17":0,"18":0,"19":0,"20":0,"21":0}}