{"canton":{"0":"UR","1":"AG","2":"BE","3":"ZG","4":"BL","5":"GE","6":"BS","7":"FR","8":"TG","9":"TI","10":"GL","11":"ZH","12":"VS","13":"NE","14":"LU","15":"GR","16":"VD","17":"SO","18":"SH","19":"SG"},"main_mean":{"0":-0.122219963,"1":-0.0857114336,"2":-0.0451786381,"3":0.0236688008,"4":0.0,"5":-0.0364930149,"6":0.0517261836,"7":0.0499995,"8":-0.1333324445,"9":-0.0338481157,"10":0.0236688008,"11":-0.0230069107,"12":0.0735734007,"13":-0.1249937503,"14":-0.0315626428,"15":0.0,"16":0.0096084994,"17":0.1249937503,"18":-0.2499984375,"19":0.0961167641},"sentiment_mean":{"0":-0.3333333333,"1":0.0909090909,"2":0.0892857143,"3":0.298245614,"4":0.0,"5":0.1389728097,"6":0.2,"7":0.5,"8":0.0,"9":0.0819672131,"10":0.298245614,"11":0.2670068027,"12":0.1428571429,"13":0.0,"14":0.2142857143,"15":0.5,"16":0.2352941176,"17":0.25,"18":1.0,"19":0.1111111111},"main_std":{"0":0.1071496473,"1":0.3129741792,"2":0.1611047809,"3":0.191730876,"4":0.0,"5":0.2039252268,"6":0.2407117443,"7":0.070709971,"8":0.1885605512,"9":0.2357496794,"10":0.191730876,"11":0.212393541,"12":0.2071319026,"13":0.2499875006,"14":0.0884270599,"15":0.0,"16":0.1922710035,"17":0.2499875006,"18":null,"19":0.1627604804},"sentiment_std":{"0":1.1547005384,"1":0.53935989,"2":0.6785460268,"3":0.6314793315,"4":0.0,"5":0.6822583949,"6":0.7083042533,"7":0.7071067812,"8":1.4142135624,"9":0.6135981847,"10":0.6314793315,"11":0.7017621189,"12":0.6900655593,"13":0.8164965809,"14":0.8017837257,"15":0.7071067812,"16":0.6540699402,"17":0.5,"18":null,"19":0.78173596},"sentiment_pv":{"0":0.4801753232,"1":0.3810981512,"2":0.0231688797,"3":0.0789639415,"4":4.847835568e-59,"5":0.0119264535,"6":0.6641174253,"7":0.6951118543,"8":0.8498156346,"9":0.0515981319,"10":0.0789639415,"11":0.4103830093,"12":0.7216301499,"13":0.597493992,"14":0.9051038885,"15":0.6951118543,"16":0.9643288129,"17":0.9717809352,"18":null,"19":0.633582614},"main_pv":{"0":0.1954758205,"1":0.4068964963,"2":0.0102805767,"3":0.0058341643,"4":0.3667243815,"5":0.0070650176,"6":0.0810473624,"7":0.4749683459,"8":0.5094375661,"9":0.3305249599,"10":0.0058341643,"11":0.0516483287,"12":0.36083168,"13":0.4043326888,"14":0.2697664658,"15":0.3667243815,"16":0.6863326321,"17":0.3782613454,"18":null,"19":0.1028399908},"count":{"0":3,"1":11,"2":112,"3":456,"4":2,"5":331,"6":60,"7":2,"8":2,"9":61,"10":456,"11":588,"12":7,"13":4,"14":14,"15":2,"16":34,"17":4,"18":1,"19":9},"nb_en":{"0":3,"1":11,"2":112,"3":456,"4":2,"5":331,"6":60,"7":2,"8":2,"9":61,"10":456,"11":588,"12":7,"13":4,"14":14,"15":2,"16":34,"17":4,"18":1,"19":9},"nb_de":{"0":0,"1":0,"2":0,"3":0,"4":0,"5":0,"6":0,"7":0,"8":0,"9":0,"10":0,"11":0,"12":0,"13":0,"14":0,"15":0,"16":0,"17":0,"18":0,"19":0},"nb_fr":{"0":0,"1":0,"2":0,"3":0,"4":0,"5":0,"6":0,"7":0,"8":0,"9":0,"10":0,"11":0,"12":0,"13":0,"14":0,"15":0,"16":0,"17":0,"18":0,"19":0}}