{"canton":{"0":"AG","1":"NW","2":"BE","3":"ZG","4":"GE","5":"BS","6":"FR","7":"TI","8":"TG","9":"GL","10":"ZH","11":"VS","12":"SG","13":"LU","14":"GR","15":"VD","16":"SO","17":"SH","18":"JU","19":"NE"},"main_mean":{"0":0.039908993,"1":-0.3749953126,"2":-0.0420999896,"3":-0.0216897973,"4":-0.0130617332,"5":-0.0322536863,"6":0.0069753083,"7":-0.0408466928,"8":0.0303027548,"9":-0.0216897973,"10":-0.0099918321,"11":0.0353372586,"12":0.0190739921,"13":0.0147710409,"14":-0.3749953126,"15":-0.0107569052,"16":0.023809127,"17":0.0,"18":-0.0138780045,"19":-0.0221515958},"sentiment_mean":{"0":0.1428571429,"1":0.0,"2":0.1409090909,"3":0.1722689076,"4":0.0323033708,"5":0.1357142857,"6":0.0344827586,"7":0.1176470588,"8":0.3333333333,"9":0.1722689076,"10":0.2061482821,"11":0.0,"12":0.1333333333,"13":0.1923076923,"14":1.0,"15":0.0925925926,"16":0.1428571429,"17":0.0,"18":0.0,"19":0.0147058824},"main_std":{"0":0.1645788095,"1":null,"2":0.2162094656,"3":0.2171919419,"4":0.1792562581,"5":0.2217888132,"6":0.1095252431,"7":0.1358572837,"8":0.052485911,"9":0.2171919419,"10":0.2139994685,"11":0.1436293449,"12":0.1050088373,"13":0.1746689417,"14":null,"15":0.1805996128,"16":0.062993029,"17":0.0,"18":0.0650506381,"19":0.1286910174},"sentiment_std":{"0":0.6546536707,"1":null,"2":0.6573497994,"3":0.6803620547,"4":0.3639305769,"5":0.6701306035,"6":0.1835233882,"7":0.4200840252,"8":0.5773502692,"9":0.6803620547,"10":0.6919041806,"11":0.3651483717,"12":0.743223353,"13":0.6939297238,"14":null,"15":0.3705299784,"16":0.377964473,"17":0.0,"18":0.4472135955,"19":0.2727771524},"sentiment_pv":{"0":0.8116516604,"1":null,"2":0.4690354766,"3":0.0465805257,"4":0.0,"5":0.6322340189,"6":0.0006459887,"7":0.8403203823,"8":0.5692549209,"9":0.0465805257,"10":0.0000102669,"11":0.1109596079,"12":0.8982077637,"13":0.5432729196,"14":null,"15":0.4424868107,"16":0.8172043843,"17":4.199813426e-47,"18":0.4410377362,"19":0.0072637681},"main_pv":{"0":0.142168121,"1":null,"2":0.0697098598,"3":0.5226239155,"4":0.6659634928,"5":0.3663441859,"6":0.0699777693,"7":0.0889874196,"8":0.2723128494,"9":0.5226239155,"10":0.4640215463,"11":0.0610497708,"12":0.2299294523,"13":0.3928871444,"14":null,"15":0.6537589554,"16":0.1543163427,"17":0.0000000174,"18":0.9521200123,"19":0.6572180812},"count":{"0":21,"1":1,"2":220,"3":476,"4":2136,"5":140,"6":87,"7":85,"8":3,"9":476,"10":1106,"11":31,"12":15,"13":26,"14":1,"15":378,"16":7,"17":2,"18":11,"19":68},"nb_en":{"0":21,"1":1,"2":205,"3":473,"4":577,"5":133,"6":14,"7":73,"8":3,"9":473,"10":993,"11":17,"12":15,"13":24,"14":1,"15":100,"16":7,"17":2,"18":3,"19":18},"nb_de":{"0":0,"1":0,"2":0,"3":0,"4":0,"5":0,"6":0,"7":0,"8":0,"9":0,"10":0,"11":0,"12":0,"13":0,"14":0,"15":0,"16":0,"17":0,"18":0,"19":0},"nb_fr":{"0":0,"1":0,"2":15,"3":3,"4":1559,"5":7,"6":73,"7":12,"8":0,"9":3,"10":113,"11":14,"12":0,"13":2,"14":0,"15":278,"16":0,"17":0,"18":8,"19":50}}