{"canton":{"0":"BS","1":"AG","2":"BE","3":"ZG","4":"BL","5":"GE","6":"JU","7":"FR","8":"TI","9":"TG","10":"AR","11":"GL","12":"ZH","13":"VS","14":"SG","15":"LU","16":"GR","17":"VD","18":"SO","19":"SH","20":"NE"},"main_mean":{"0":-0.0461916465,"1":0.0166669444,"2":-0.0145775211,"3":-0.0014788601,"4":0.0,"5":-0.0039719623,"6":0.7499812505,"7":0.0146000689,"8":-0.0398328952,"9":0.099998,"10":0.0,"11":-0.0014788601,"12":-0.0091913942,"13":-0.022925243,"14":-0.0239193507,"15":-0.0952562591,"16":-0.0370361111,"17":-0.0016231786,"18":0.0017534094,"19":0.0,"20":0.1150292468},"sentiment_mean":{"0":0.0755813953,"1":-0.1,"2":0.2194092827,"3":-0.0566037736,"4":0.0,"5":0.1461538462,"6":1.0,"7":0.0980392157,"8":0.1538461538,"9":0.0,"10":0.0,"11":-0.0566037736,"12":0.2827004219,"13":0.3333333333,"14":0.1111111111,"15":0.36,"16":0.0,"17":0.2784090909,"18":0.2631578947,"19":0.0,"20":0.2857142857},"main_std":{"0":0.1560982431,"1":0.1995320917,"2":0.2479285925,"3":0.1793577973,"4":null,"5":0.2105376352,"6":null,"7":0.11682904,"8":0.174768035,"9":0.1414185279,"10":null,"11":0.1793577973,"12":0.2096120376,"13":0.1854176631,"14":0.0832224915,"15":0.3106359709,"16":0.1030006031,"17":0.2041091778,"18":0.1321528939,"19":0.0,"20":0.4742422046},"sentiment_std":{"0":0.7092432416,"1":0.5676462122,"2":0.626365347,"3":0.3624221051,"4":null,"5":0.6073347798,"6":null,"7":0.50019604,"8":0.445298325,"9":1.4142135624,"10":null,"11":0.3624221051,"12":0.6849076637,"13":0.7071067812,"14":0.9279607271,"15":0.6377042157,"16":0.5,"17":0.6295483848,"18":0.6533762965,"19":0.0,"20":0.4879500365},"sentiment_pv":{"0":0.0273542199,"1":0.1306718126,"2":0.630796156,"3":0.0000058921,"4":null,"5":0.0350759967,"6":null,"7":0.16182592,"8":0.3525526993,"9":0.8749805026,"10":null,"11":0.0000058921,"12":0.0010250973,"13":0.5846505311,"14":0.7837942118,"15":0.2206819941,"16":0.2676510985,"17":0.1067571269,"18":0.6744333601,"19":1.668435077e-55,"20":0.6552053778},"main_pv":{"0":0.0048581074,"1":0.6783060197,"2":0.8026006891,"3":0.7215100594,"4":null,"5":0.4506463616,"6":null,"7":0.1430902172,"8":0.1201352208,"9":0.46828284,"10":null,"11":0.7215100594,"12":0.8763134109,"13":0.8450301919,"14":0.6425746871,"15":0.1855523525,"16":0.4629383629,"17":0.5806901036,"18":0.6950624956,"19":0.0098060703,"20":0.5102866635},"count":{"0":172,"1":10,"2":237,"3":53,"4":1,"5":780,"6":1,"7":51,"8":91,"9":2,"10":1,"11":53,"12":948,"13":9,"14":9,"15":25,"16":9,"17":176,"18":19,"19":5,"20":7},"nb_en":{"0":167,"1":10,"2":233,"3":21,"4":1,"5":621,"6":1,"7":45,"8":89,"9":2,"10":1,"11":21,"12":944,"13":8,"14":9,"15":25,"16":9,"17":149,"18":19,"19":5,"20":5},"nb_de":{"0":0,"1":0,"2":0,"3":0,"4":0,"5":0,"6":0,"7":0,"8":0,"9":0,"10":0,"11":0,"12":0,"13":0,"14":0,"15":0,"16":0,"17":0,"18":0,"19":0,"20":0},"nb_fr":{"0":5,"1":0,"2":4,"3":32,"4":0,"5":159,"6":0,"7":6,"8":2,"9":0,"10":0,"11":32,"12":4,"13":1,"14":0,"15":0,"16":0,"17":27,"18":0,"19":0,"20":2}}