{"canton":{"0":"NE","1":"GE","2":"GL","3":"BE","4":"SZ","5":"TG","6":"UR","7":"FR","8":"BS","9":"ZH","10":"SO","11":"VD","12":"SG","13":"GR","14":"ZG","15":"LU","16":"TI","17":"JU","18":"AG","19":"SH","20":"VS","21":"BL","22":"NW"},"main_mean":{"0":0.0658161047,"1":-0.0076833574,"2":0.0435894627,"3":-0.0504352237,"4":0.0749991771,"5":0.1249968751,"6":0.0,"7":-0.0095750122,"8":-0.0543831689,"9":-0.0186773028,"10":0.0166665,"11":-0.0002234052,"12":0.069262994,"13":0.1666638889,"14":0.0435894627,"15":-0.0120615484,"16":-0.0172210165,"17":0.0049048813,"18":0.0884445195,"19":0.066666,"20":0.0185177912,"21":-0.0639876692,"22":-0.5999880002},"sentiment_mean":{"0":0.328358209,"1":0.064109589,"2":-0.0769230769,"3":0.2048192771,"4":0.125,"5":0.5,"6":0.0,"7":0.0303030303,"8":0.0340136054,"9":0.2497678737,"10":0.3333333333,"11":0.0903614458,"12":0.3846153846,"13":1.0,"14":-0.0769230769,"15":0.1153846154,"16":0.0945945946,"17":0.0,"18":0.2666666667,"19":0.3333333333,"20":0.1764705882,"21":0.25,"22":0.0},"main_std":{"0":0.1402985888,"1":0.1981943373,"2":0.1164030101,"3":0.1765267753,"4":0.1908604592,"5":0.176772276,"6":null,"7":0.0889357622,"8":0.1997549537,"9":0.2163097601,"10":0.0408244208,"11":0.1617569318,"12":0.1904876684,"13":null,"14":0.1164030101,"15":0.1716820671,"16":0.2484158542,"17":0.1083308499,"18":0.2915159388,"19":0.1154688991,"20":0.2991417633,"21":0.1021047188,"22":null},"sentiment_std":{"0":0.4731602234,"1":0.4145775553,"2":0.6405126152,"3":0.6082072243,"4":0.6408699445,"5":0.7071067812,"6":null,"7":0.1727334068,"8":0.676564306,"9":0.6869822768,"10":0.5163977795,"11":0.4303064201,"12":0.5063696835,"13":null,"14":0.6405126152,"15":0.8638019716,"16":0.473081386,"17":0.0,"18":0.5936168397,"19":0.5773502692,"20":0.6359337738,"21":0.5,"22":null},"sentiment_pv":{"0":0.0011632223,"1":0.0000003682,"2":0.2665544717,"3":0.1221565423,"4":0.9820768226,"5":0.5946428746,"6":null,"7":0.0000356304,"8":0.0902627339,"9":0.0000001517,"10":0.3799238061,"11":0.1131860316,"12":0.0956010334,"13":null,"14":0.2665544717,"15":0.9307301201,"16":0.5234411133,"17":5.819448087e-50,"18":0.3892201685,"19":0.6044339056,"20":0.7687481046,"21":0.6648662007,"22":null},"main_pv":{"0":0.0000339542,"1":0.511359481,"2":0.1154452016,"3":0.0060828606,"4":0.2415806984,"5":0.4722065406,"6":null,"7":0.8743424252,"8":0.0113474572,"9":0.3197186024,"10":0.1551614468,"11":0.2375599642,"12":0.1533063922,"13":null,"14":0.1154452016,"15":0.984190178,"16":0.8413421876,"17":0.7052015244,"18":0.2062833033,"19":0.362271458,"20":0.6859650487,"21":0.3789086307,"22":null},"count":{"0":67,"1":1825,"2":13,"3":166,"4":8,"5":2,"6":1,"7":66,"8":147,"9":1077,"10":6,"11":332,"12":13,"13":1,"14":13,"15":26,"16":74,"17":7,"18":15,"19":3,"20":17,"21":4,"22":1},"nb_en":{"0":33,"1":610,"2":11,"3":157,"4":8,"5":2,"6":1,"7":8,"8":142,"9":991,"10":6,"11":125,"12":13,"13":1,"14":11,"15":26,"16":63,"17":2,"18":15,"19":3,"20":9,"21":4,"22":1},"nb_de":{"0":0,"1":0,"2":0,"3":0,"4":0,"5":0,"6":0,"7":0,"8":0,"9":0,"10":0,"11":0,"12":0,"13":0,"14":0,"15":0,"16":0,"17":0,"18":0,"19":0,"20":0,"21":0,"22":0}}