{"canton":{"0":"NE","1":"GE","2":"GL","3":"BE","4":"SZ","5":"TG","6":"FR","7":"BS","8":"BL","9":"ZH","10":"OW","11":"VD","12":"SG","13":"GR","14":"ZG","15":"LU","16":"TI","17":"JU","18":"AG","19":"SH","20":"VS","21":"SO","22":"NW"},"main_mean":{"0":-0.0120980005,"1":-0.0216439343,"2":0.0219484851,"3":-0.0270820602,"4":1.0,"5":-0.0499995,"6":0.0259123127,"7":-0.0309064518,"8":0.0,"9":-0.0161004788,"10":-0.1249984375,"11":-0.0111089886,"12":-0.0077991309,"13":0.0312496094,"14":0.0219484851,"15":-0.0574402808,"16":-0.0220801403,"17":0.0,"18":-0.0517380647,"19":0.1701905827,"20":-0.0303026936,"21":0.0,"22":0.4212014002},"sentiment_mean":{"0":0.2941176471,"1":0.1565714286,"2":0.5,"3":0.1448275862,"4":1.0,"5":-0.5,"6":0.2093023256,"7":0.0662251656,"8":0.0,"9":0.2432962721,"10":-1.0,"11":0.1290322581,"12":0.0,"13":0.5,"14":0.5,"15":0.0,"16":0.1851851852,"17":0.5,"18":0.0625,"19":0.75,"20":0.0909090909,"21":0.0,"22":0.6666666667},"main_std":{"0":0.085641454,"1":0.189738958,"2":0.1775825007,"3":0.2122227576,"4":null,"5":0.070709971,"6":0.1953743434,"7":0.2234597267,"8":null,"9":0.1890275169,"10":null,"11":0.2257537801,"12":0.0637012517,"13":0.0624992188,"14":0.1775825007,"15":0.2305772091,"16":0.2333189213,"17":0.0,"18":0.172223786,"19":0.115313946,"20":0.1121154163,"21":0.0,"22":0.4611681923},"sentiment_std":{"0":0.5878675321,"1":0.7026834103,"2":0.632455532,"3":0.6121377653,"4":null,"5":0.7071067812,"6":0.5588312436,"7":0.7086971537,"8":null,"9":0.6697921978,"10":null,"11":0.6530726784,"12":0.6666666667,"13":0.5773502692,"14":0.632455532,"15":0.7608859103,"16":0.5502524673,"17":0.7071067812,"18":0.5737304826,"19":0.5,"20":0.53935989,"21":0.0,"22":0.5},"sentiment_pv":{"0":0.5029430908,"1":0.1376793585,"2":0.0743210866,"3":0.3278129959,"4":null,"5":0.3964455641,"6":0.8786977991,"7":0.0288751667,"8":null,"9":0.0240029794,"10":null,"11":0.175768052,"12":0.2172240104,"13":0.3698669168,"14":0.0743210866,"15":0.1173472126,"16":0.8614554563,"17":0.6522981941,"18":0.3678250322,"19":0.113363752,"20":0.5332704673,"21":7.420960782e-58,"22":0.0223958735},"main_pv":{"0":0.8342871976,"1":0.4882347049,"2":0.4004964597,"3":0.5595636084,"4":null,"5":0.6246855114,"6":0.1639011697,"7":0.4401433494,"8":null,"9":0.936893126,"10":null,"11":0.7470764619,"12":0.5658454838,"13":0.2234523341,"14":0.4004964597,"15":0.2773281948,"16":0.8338070054,"17":0.0000024853,"18":0.4282078364,"19":0.0475961903,"20":0.6945676738,"21":0.0000024853,"22":0.021552803},"count":{"0":17,"1":875,"2":16,"3":145,"4":1,"5":2,"6":43,"7":151,"8":1,"9":1529,"10":1,"11":186,"12":19,"13":4,"14":16,"15":39,"16":81,"17":2,"18":16,"19":4,"20":11,"21":4,"22":9},"nb_en":{"0":17,"1":875,"2":16,"3":145,"4":1,"5":2,"6":43,"7":151,"8":1,"9":1529,"10":1,"11":186,"12":19,"13":4,"14":16,"15":39,"16":81,"17":2,"18":16,"19":4,"20":11,"21":4,"22":9},"nb_de":{"0":0,"1":0,"2":0,"3":0,"4":0,"5":0,"6":0,"7":0,"8":0,"9":0,"10":0,"11":0,"12":0,"13":0,"14":0,"15":0,"16":0,"17":0,"18":0,"19":0,"20":0,"21":0,"22":0}}