{"canton":{"0":"SG","1":"AR","2":"TI","3":"VS","4":"SZ","5":"AG","6":"VD","7":"ZH","8":"SH","9":"BE","10":"GE","11":"BS","12":"GL","13":"SO","14":"LU","15":"NW","16":"GR","17":"NE","18":"ZG","19":"FR"},"main_mean":{"0":0.0242033175,"1":0.0714280612,"2":-0.016287307,"3":0.0920615465,"4":-0.3333296297,"5":0.0,"6":-0.0610639971,"7":-0.0308734453,"8":0.0,"9":0.0001178966,"10":-0.0317417049,"11":0.0102454111,"12":-0.0242791706,"13":0.0,"14":-0.0020652255,"15":-0.230242471,"16":-0.0841659504,"17":-0.0350424417,"18":-0.0242791706,"19":-0.0381984197},"sentiment_mean":{"0":0.2307692308,"1":0.0,"2":0.1219512195,"3":0.2222222222,"4":1.0,"5":0.0769230769,"6":0.1071428571,"7":0.1916376307,"8":0.0,"9":0.2659574468,"10":0.1635802469,"11":0.175,"12":0.205811138,"13":-0.3333333333,"14":0.3870967742,"15":0.2,"16":0.2,"17":0.6,"18":0.205811138,"19":0.0217391304},"main_std":{"0":0.1162903848,"1":0.0,"2":0.2496471826,"3":0.27830147,"4":null,"5":0.1360782275,"6":0.2115857564,"7":0.1893519028,"8":0.0,"9":0.159782802,"10":0.1961812452,"11":0.1437874707,"12":0.2307312021,"13":0.0,"14":0.2060870956,"15":0.1392612218,"16":0.1212053673,"17":0.1120269392,"18":0.2307312021,"19":0.2353644446},"sentiment_std":{"0":0.7250110521,"1":0.0,"2":0.5565573623,"3":0.8333333333,"4":null,"5":0.4935481168,"6":0.7305930699,"7":0.7195366384,"8":0.0,"9":0.6586975078,"10":0.6748524297,"11":0.7758213288,"12":0.6746197298,"13":0.5773502692,"14":0.6152191672,"15":0.4472135955,"16":0.4472135955,"17":0.5477225575,"18":0.6746197298,"19":0.6142431815},"sentiment_pv":{"0":0.8361079022,"1":5.162495051e-49,"2":0.4550084696,"3":0.9055710042,"4":null,"5":0.4337952737,"6":0.4137944856,"7":0.8885913153,"8":5.162495051e-49,"9":0.2629937644,"10":0.4018995976,"11":0.8808234805,"12":0.6195801355,"13":0.2580454554,"14":0.0835132564,"15":0.9557764895,"16":0.9557764895,"17":0.1680705851,"18":0.6195801355,"19":0.0751047549},"main_pv":{"0":0.1398647881,"1":2.751107848e-141,"2":0.7852766208,"3":0.2353913834,"4":null,"5":0.4893839475,"6":0.2375555395,"7":0.5657355107,"8":0.0,"9":0.1110365535,"10":0.581215685,"11":0.0263092786,"12":0.8179910786,"13":0.0,"14":0.5072046644,"15":0.030845685,"16":0.3517716247,"17":0.8808932168,"18":0.8179910786,"19":0.7503426592},"count":{"0":13,"1":3,"2":41,"3":9,"4":1,"5":13,"6":56,"7":1148,"8":2,"9":94,"10":648,"11":80,"12":413,"13":3,"14":31,"15":5,"16":5,"17":5,"18":413,"19":46},"nb_en":{"0":13,"1":3,"2":41,"3":9,"4":1,"5":13,"6":56,"7":1148,"8":2,"9":94,"10":648,"11":80,"12":413,"13":3,"14":31,"15":5,"16":5,"17":5,"18":413,"19":46},"nb_de":{"0":0,"1":0,"2":0,"3":0,"4":0,"5":0,"6":0,"7":0,"8":0,"9":0,"10":0,"11":0,"12":0,"13":0,"14":0,"15":0,"16":0,"17":0,"18":0,"19":0}}