{"canton":{"0":"NE","1":"GE","2":"GL","3":"UR","4":"SZ","5":"BE","6":"TG","7":"FR","8":"BS","9":"ZH","10":"SO","11":"VD","12":"SG","13":"GR","14":"ZG","15":"AR","16":"LU","17":"TI","18":"AG","19":"SH","20":"VS","21":"BL","22":"NW"},"main_mean":{"0":-0.0574751876,"1":-0.0256867009,"2":0.069043137,"3":-0.6666555557,"4":0.0,"5":-0.0647793699,"6":-0.1428551021,"7":0.0773548876,"8":-0.0103867487,"9":-0.0289810648,"10":-0.0357140306,"11":-0.021380376,"12":-0.020590579,"13":-0.033333,"14":0.069043137,"15":-0.2659893115,"16":-0.0307890437,"17":-0.0128360595,"18":0.0474078101,"19":-0.0666658942,"20":-0.0007130035,"21":0.0,"22":1.0},"sentiment_mean":{"0":-0.1,"1":0.1041189931,"2":0.0909090909,"3":0.0,"4":0.0,"5":0.1333333333,"6":-1.0,"7":0.2857142857,"8":0.0892857143,"9":0.1840048106,"10":0.0,"11":0.173553719,"12":0.0952380952,"13":0.0,"14":0.0909090909,"15":0.2,"16":0.2444444444,"17":0.1492537313,"18":0.4117647059,"19":0.2857142857,"20":0.0909090909,"21":0.0,"22":1.0},"main_std":{"0":0.1300178182,"1":0.1859915609,"2":0.2289715222,"3":null,"4":null,"5":0.2118976984,"6":null,"7":0.1833831154,"8":0.2209402032,"9":0.2167692005,"10":0.0714280612,"11":0.2156857898,"12":0.1837989726,"13":0.0816488416,"14":0.2289715222,"15":0.4145086325,"16":0.2024807168,"17":0.2246380671,"18":0.1221171532,"19":0.1962592222,"20":0.0697955015,"21":null,"22":null},"sentiment_std":{"0":0.7119666788,"1":0.6832349872,"2":0.8312094146,"3":null,"4":null,"5":0.6614378278,"6":null,"7":0.6673665794,"8":0.6992755631,"9":0.6893091677,"10":0.0,"11":0.7150487856,"12":0.7684244859,"13":0.632455532,"14":0.8312094146,"15":0.8366600265,"16":0.6794234038,"17":0.5001130582,"18":0.6183469424,"19":0.4879500365,"20":0.53935989,"21":null,"22":null},"sentiment_pv":{"0":0.0630624078,"1":0.0647800455,"2":0.8121240159,"3":null,"4":null,"5":0.6808804411,"6":null,"7":0.2469330049,"8":0.2567080403,"9":0.1228806444,"10":9.106057599e-37,"11":0.7463567713,"12":0.7385074843,"13":0.5816133548,"14":0.8121240159,"15":0.9044175829,"16":0.3701481594,"17":0.9632105552,"18":0.1034008495,"19":0.4967841836,"20":0.7150570281,"21":null,"22":null},"main_pv":{"0":0.2188121257,"1":0.8215298284,"2":0.1933693496,"3":null,"4":null,"5":0.0107843941,"6":null,"7":0.0019267831,"8":0.3323472854,"9":0.7966444321,"10":0.8299561462,"11":0.7661116487,"12":0.8688621892,"13":0.8646453212,"14":0.1933693496,"15":0.2673984119,"16":0.9097572969,"17":0.6024000753,"18":0.0230964636,"19":0.6152289505,"20":0.2395104251,"21":null,"22":null},"count":{"0":30,"1":874,"2":11,"3":1,"4":1,"5":225,"6":1,"7":35,"8":168,"9":1663,"10":4,"11":121,"12":21,"13":6,"14":11,"15":5,"16":45,"17":67,"18":17,"19":7,"20":11,"21":1,"22":1},"nb_en":{"0":30,"1":874,"2":11,"3":1,"4":1,"5":225,"6":1,"7":35,"8":168,"9":1663,"10":4,"11":121,"12":21,"13":6,"14":11,"15":5,"16":45,"17":67,"18":17,"19":7,"20":11,"21":1,"22":1},"nb_de":{"0":0,"1":0,"2":0,"3":0,"4":0,"5":0,"6":0,"7":0,"8":0,"9":0,"10":0,"11":0,"12":0,"13":0,"14":0,"15":0,"16":0,"17":0,"18":0,"19":0,"20":0,"21":0,"22":0}}