{"canton":{"0":"UR","1":"BE","2":"ZG","3":"BL","4":"TG","5":"TI","6":"VD","7":"SG","8":"JU","9":"SH","10":"AG","11":"GE","12":"BS","13":"FR","14":"SO","15":"AR","16":"GL","17":"ZH","18":"VS","19":"NE","20":"LU","21":"GR","22":"SZ"},"main_mean":{"0":-0.299997,"1":-0.045148048,"2":0.039721727,"3":-0.2464618941,"4":0.0,"5":-0.0355780216,"6":-0.0016454067,"7":0.1280979575,"8":0.0,"9":0.0,"10":-0.0787024241,"11":-0.0384172989,"12":-0.0282626203,"13":-0.0104861832,"14":-0.2333294075,"15":0.0,"16":0.039721727,"17":-0.0196349978,"18":-0.0195575622,"19":-0.028426897,"20":-0.068095076,"21":-0.2064373239,"22":-0.0000002755},"sentiment_mean":{"0":1.0,"1":0.1810699588,"2":0.6,"3":-0.3333333333,"4":0.0,"5":0.0319148936,"6":0.2592592593,"7":0.3571428571,"8":0.0,"9":-0.3333333333,"10":-0.1111111111,"11":0.1906976744,"12":0.0402298851,"13":0.1739130435,"14":0.25,"15":0.0,"16":0.6,"17":0.2264150943,"18":-0.1428571429,"19":0.1818181818,"20":0.3428571429,"21":0.1666666667,"22":0.0},"main_std":{"0":null,"1":0.2230931168,"2":0.0727303802,"3":0.0704395808,"4":null,"5":0.1781079512,"6":0.2363288964,"7":0.2686026185,"8":0.0,"9":0.0,"10":0.129172115,"11":0.2129293084,"12":0.1340384133,"13":0.0989198979,"14":0.290587791,"15":0.0,"16":0.0727303802,"17":0.2000496236,"18":0.1290306945,"19":0.1317860317,"20":0.2232965683,"21":0.1489299469,"22":0.1818169422},"sentiment_std":{"0":null,"1":0.6166857626,"2":0.5070925528,"3":0.5773502692,"4":null,"5":0.5574929993,"6":0.655180555,"7":0.7449463437,"8":0.0,"9":0.5773502692,"10":0.3333333333,"11":0.6604806355,"12":0.6914773946,"13":0.4837513259,"14":0.5,"15":0.0,"16":0.5070925528,"17":0.678200067,"18":0.7703288865,"19":0.7507571935,"20":0.5392182327,"21":0.7527726527,"22":1.0},"sentiment_pv":{"0":null,"1":0.6728333002,"2":0.0084505389,"3":0.2515430871,"4":null,"5":0.0054877231,"6":0.2517450891,"7":0.4406256705,"8":1.699108075e-60,"9":0.2515430871,"10":0.0237399596,"11":0.7584209759,"12":0.0036249173,"13":0.679971798,"14":0.8501590312,"15":1.699108075e-60,"16":0.0084505389,"17":0.2002620984,"18":0.1216080529,"19":0.9426917807,"20":0.1252880015,"21":0.9215116002,"22":0.7637637347},"main_pv":{"0":null,"1":0.2202679793,"2":0.003277006,"3":0.0318082644,"4":null,"5":0.6482917698,"6":0.181684402,"7":0.0501191307,"8":0.0,"9":0.0,"10":0.2653714497,"11":0.1599446612,"12":0.9077984513,"13":0.1879522109,"14":0.2506983022,"15":0.0,"16":0.003277006,"17":0.2557750971,"18":0.8330421566,"19":0.9723984719,"20":0.2860719845,"21":0.0317653628,"22":0.8210366239},"count":{"0":1,"1":243,"2":15,"3":3,"4":1,"5":94,"6":162,"7":14,"8":2,"9":3,"10":9,"11":860,"12":174,"13":69,"14":4,"15":2,"16":15,"17":1378,"18":14,"19":11,"20":35,"21":6,"22":3},"nb_en":{"0":1,"1":243,"2":15,"3":3,"4":1,"5":94,"6":162,"7":14,"8":2,"9":3,"10":9,"11":860,"12":174,"13":69,"14":4,"15":2,"16":15,"17":1378,"18":14,"19":11,"20":35,"21":6,"22":3},"nb_de":{"0":0,"1":0,"2":0,"3":0,"4":0,"5":0,"6":0,"7":0,"8":0,"9":0,"10":0,"11":0,"12":0,"13":0,"14":0,"15":0,"16":0,"17":0,"18":0,"19":0,"20":0,"21":0,"22":0},"nb_fr":{"0":0,"1":0,"2":0,"3":0,"4":0,"5":0,"6":0,"7":0,"8":0,"9":0,"10":0,"11":0,"12":0,"13":0,"14":0,"15":0,"16":0,"17":0,"18":0,"19":0,"20":0,"21":0,"22":0}}