{"canton":{"0":"SG","1":"GL","2":"TI","3":"VS","4":"SO","5":"AG","6":"VD","7":"ZH","8":"SH","9":"BE","10":"GE","11":"BS","12":"AR","13":"SZ","14":"LU","15":"NE","16":"ZG","17":"FR"},"main_mean":{"0":-0.0123455418,"1":0.0073398042,"2":0.0037708617,"3":-0.1249968751,"4":0.0,"5":0.0,"6":-0.0096709942,"7":-0.0216040535,"8":0.0,"9":-0.0239720753,"10":-0.0070879749,"11":-0.0066627085,"12":-0.0466236281,"13":0.3749953126,"14":0.0725098612,"15":0.0,"16":0.0073398042,"17":0.0129868275},"sentiment_mean":{"0":0.1111111111,"1":0.3333333333,"2":0.2272727273,"3":-0.5,"4":0.0,"5":0.0,"6":0.36,"7":0.1553398058,"8":0.0,"9":0.0357142857,"10":0.1779661017,"11":-0.0967741935,"12":1.0,"13":1.0,"14":0.4285714286,"15":0.2857142857,"16":0.3333333333,"17":0.2727272727},"main_std":{"0":0.0557475901,"1":0.12805429,"2":0.1076016793,"3":0.176772276,"4":null,"5":0.0,"6":0.1215312088,"7":0.1384279599,"8":null,"9":0.1091424466,"10":0.1230742639,"11":0.1024518522,"12":0.1621498372,"13":null,"14":0.1142106732,"15":0.0,"16":0.12805429,"17":0.0430724339},"sentiment_std":{"0":0.78173596,"1":0.6948083338,"2":0.5284134548,"3":0.7071067812,"4":null,"5":0.0,"6":0.5686240703,"7":0.7685106314,"8":null,"9":0.737669197,"10":0.7254736376,"11":0.7002303768,"12":0.0,"13":null,"14":0.5345224838,"15":0.4879500365,"16":0.6948083338,"17":0.4670993665},"sentiment_pv":{"0":0.7629036845,"1":0.0387076116,"2":0.7652578665,"3":0.3977355058,"4":null,"5":1.839626569e-20,"6":0.1597121996,"7":0.3455109276,"8":null,"9":0.1242503293,"10":0.7363073271,"11":0.0300575164,"12":5.633801906e-224,"13":null,"14":0.288614842,"15":0.633502971,"16":0.0387076116,"17":0.5856194952},"main_pv":{"0":0.9146049296,"1":0.1572102105,"2":0.5519706301,"3":0.5271449493,"4":null,"5":0.0043749862,"6":0.9812056992,"7":0.1092679866,"8":null,"9":0.3646967299,"10":0.6713904576,"11":0.849223566,"12":0.6843333398,"13":null,"14":0.1039404091,"15":0.0043749862,"16":0.1572102105,"17":0.1110816829},"count":{"0":9,"1":117,"2":22,"3":2,"4":1,"5":2,"6":25,"7":515,"8":1,"9":56,"10":354,"11":31,"12":4,"13":1,"14":7,"15":7,"16":117,"17":11},"nb_en":{"0":9,"1":117,"2":22,"3":2,"4":1,"5":2,"6":25,"7":515,"8":1,"9":56,"10":354,"11":31,"12":4,"13":1,"14":7,"15":7,"16":117,"17":11},"nb_de":{"0":0,"1":0,"2":0,"3":0,"4":0,"5":0,"6":0,"7":0,"8":0,"9":0,"10":0,"11":0,"12":0,"13":0,"14":0,"15":0,"16":0,"17":0}}