{"canton":{"0":"SG","1":"GL","2":"JU","3":"VS","4":"SZ","5":"AG","6":"TG","7":"ZH","8":"BE","9":"GE","10":"BS","11":"AR","12":"LU","13":"OW","14":"GR","15":"ZG","16":"UR","17":"VD","18":"SH","19":"BL","20":"NW","21":"TI","22":"SO","23":"AI","24":"NE","25":"FR"},"main_mean":{"0":0.027942358,"1":-0.0079341346,"2":-0.002235582,"3":-0.0221683235,"4":0.0445476442,"5":0.009613434,"6":-0.0532702752,"7":-0.0211749413,"8":-0.0377229645,"9":-0.0217173549,"10":-0.0238788307,"11":-0.0802655795,"12":-0.0140907847,"13":-0.0972207755,"14":-0.0848799486,"15":-0.0080326054,"16":-0.1508641567,"17":-0.0164534746,"18":0.0144277726,"19":-0.0659745887,"20":0.1786924834,"21":-0.0445234391,"22":-0.0047161226,"23":-0.2437436304,"24":0.0150957854,"25":-0.0063027484},"sentiment_mean":{"0":0.2030237581,"1":0.2163669584,"2":0.1538461538,"3":0.0876132931,"4":0.225,"5":0.1241685144,"6":0.0192307692,"7":0.2215289444,"8":0.1842451589,"9":0.1478226305,"10":0.0990415335,"11":0.2608695652,"12":0.2364583333,"13":-0.3333333333,"14":0.2222222222,"15":0.2164293959,"16":-0.243902439,"17":0.2067089755,"18":0.2761904762,"19":0.1212121212,"20":0.4150943396,"21":0.1040781648,"22":0.1683673469,"23":-0.25,"24":0.2634146341,"25":0.1314049587},"main_std":{"0":0.1777790048,"1":0.2160488669,"2":0.1857145535,"3":0.1928888128,"4":0.2797692321,"5":0.2215319846,"6":0.1676586651,"7":0.1968567053,"8":0.2062550194,"9":0.1952090517,"10":0.1914242505,"11":0.2265565614,"12":0.2134588271,"13":0.0867347211,"14":0.1631446907,"15":0.2158537672,"16":0.2145049692,"17":0.207773294,"18":0.1902202941,"19":0.1726408739,"20":0.4907149526,"21":0.2084198272,"22":0.2243109227,"23":0.2824533737,"24":0.1752617553,"25":0.1471180179},"sentiment_std":{"0":0.6756682867,"1":0.6539840722,"2":0.6748219138,"3":0.6383197985,"4":0.6597396534,"5":0.6447162394,"6":0.6998707056,"7":0.6975110893,"8":0.643689497,"9":0.686433608,"10":0.7051563084,"11":0.5408235559,"12":0.6517194378,"13":0.5773502692,"14":0.6709631666,"15":0.6539210081,"16":0.58225801,"17":0.6603769079,"18":0.5458803422,"19":0.5998737241,"20":0.5347163973,"21":0.5397504774,"22":0.6137061752,"23":0.9574271078,"24":0.6006337719,"25":0.5532867517},"sentiment_pv":{"0":0.7247302383,"1":0.0003023317,"2":0.7759039388,"3":0.00321654,"4":0.7529928308,"5":0.026459787,"6":0.0811922894,"7":0.0,"8":0.3972223826,"9":2.123400352e-18,"10":0.0,"11":0.5473345302,"12":0.0354653283,"13":0.2557622607,"14":0.626474257,"15":0.00029192,"16":0.0000228977,"17":0.2058563464,"18":0.1170547825,"19":0.5031985806,"20":0.0037274368,"21":0.0,"22":0.5919010227,"23":0.4240080521,"24":0.016678025,"25":0.0001698238},"main_pv":{"0":0.0000000233,"1":0.0000004034,"2":0.6464006404,"3":0.7765370663,"4":0.1578867058,"5":0.0061545173,"6":0.1485251788,"7":0.0916498805,"8":0.0000000002,"9":0.0758372239,"10":0.138140289,"11":0.2092253057,"12":0.464708907,"13":0.2593222718,"14":0.0000288992,"15":0.0000004998,"16":0.0003268686,"17":0.4620684871,"18":0.0735219927,"19":0.1291361801,"20":0.0049549703,"21":0.0000000058,"22":0.369105158,"23":0.2099927249,"24":0.000093374,"25":0.0027168333},"count":{"0":463,"1":10399,"2":26,"3":331,"4":40,"5":451,"6":52,"7":37503,"8":5319,"9":22642,"10":3756,"11":23,"12":960,"13":3,"14":117,"15":10396,"16":41,"17":3309,"18":105,"19":33,"20":53,"21":2354,"22":196,"23":4,"24":410,"25":1210},"nb_en":{"0":463,"1":10399,"2":26,"3":331,"4":40,"5":451,"6":52,"7":37503,"8":5319,"9":22642,"10":3756,"11":23,"12":960,"13":3,"14":117,"15":10396,"16":41,"17":3309,"18":105,"19":33,"20":53,"21":2354,"22":196,"23":4,"24":410,"25":1210},"nb_de":{"0":0,"1":0,"2":0,"3":0,"4":0,"5":0,"6":0,"7":0,"8":0,"9":0,"10":0,"11":0,"12":0,"13":0,"14":0,"15":0,"16":0,"17":0,"18":0,"19":0,"20":0,"21":0,"22":0,"23":0,"24":0,"25":0},"nb_fr":{"0":0,"1":0,"2":0,"3":0,"4":0,"5":0,"6":0,"7":0,"8":0,"9":0,"10":0,"11":0,"12":0,"13":0,"14":0,"15":0,"16":0,"17":0,"18":0,"19":0,"20":0,"21":0,"22":0,"23":0,"24":0,"25":0}}