{"canton":{"0":"SG","1":"JU","2":"VS","3":"SO","4":"AG","5":"TG","6":"ZH","7":"BE","8":"GE","9":"BS","10":"GL","11":"LU","12":"GR","13":"ZG","14":"UR","15":"VD","16":"SH","17":"BL","18":"NW","19":"TI","20":"SZ","21":"NE","22":"FR"},"main_mean":{"0":0.0299032287,"1":-0.0416661458,"2":-0.1264406483,"3":-0.095242763,"4":0.1841265866,"5":-0.1333314445,"6":-0.0184421094,"7":-0.0466544726,"8":-0.0246965195,"9":-0.0379916049,"10":0.007792124,"11":0.0054163713,"12":-0.1494159343,"13":0.007792124,"14":-0.1196067278,"15":-0.0365534508,"16":0.1999960001,"17":-0.1773790702,"18":0.5740622632,"19":-0.1093461104,"20":0.0,"21":0.0454094774,"22":-0.0083962502},"sentiment_mean":{"0":0.2222222222,"1":0.3333333333,"2":-0.1333333333,"3":-0.0909090909,"4":0.3333333333,"5":-1.0,"6":0.2139503689,"7":0.1708333333,"8":0.1155606407,"9":0.1612903226,"10":0.3571428571,"11":0.2285714286,"12":0.4285714286,"13":0.3571428571,"14":0.0,"15":0.1382113821,"16":0.3333333333,"17":0.0,"18":0.6666666667,"19":0.1162790698,"20":0.0,"21":0.2,"22":0.0},"main_std":{"0":0.2814778106,"1":0.0721678816,"2":0.1754726947,"3":0.1960752257,"4":0.4981728085,"5":0.047139195,"6":0.1850053256,"7":0.2093127873,"8":0.1714379049,"9":0.2466476555,"10":0.0459212301,"11":0.1572243028,"12":0.1478414004,"13":0.0459212301,"14":0.1589670704,"15":0.1639219653,"16":0.3464032334,"17":0.2798546596,"18":0.498777364,"19":0.2297598242,"20":0.0,"21":0.2989876321,"22":0.1307982086},"sentiment_std":{"0":0.7320844981,"1":0.5773502692,"2":0.3518657753,"3":0.8312094146,"4":0.5163977795,"5":0.0,"6":0.6974304865,"7":0.6403314823,"8":0.7061571587,"9":0.6788442333,"10":0.4972451581,"11":0.5469549011,"12":0.7867957925,"13":0.4972451581,"14":0.0,"15":0.6814305499,"16":0.5773502692,"17":1.0,"18":0.4879500365,"19":0.5183368119,"20":0.0,"21":0.5606119106,"22":0.7453559925},"sentiment_pv":{"0":0.7854221805,"1":0.68056903,"2":0.0044997938,"3":0.3151387197,"4":0.4853158956,"5":0.0,"6":0.0697418535,"7":0.9344475748,"8":0.0285366527,"9":0.8150506155,"10":0.1936705945,"11":0.5648894169,"12":0.4257547657,"13":0.1936705945,"14":8.69425763e-45,"15":0.5646744758,"16":0.68056903,"17":0.7911593859,"18":0.0015840584,"19":0.3124852716,"20":8.69425763e-45,"21":0.8625048247,"22":0.3224011227},"main_pv":{"0":0.4340473135,"1":0.7031755317,"2":0.039383417,"3":0.2522950349,"4":0.3545510736,"5":0.183935726,"6":0.4106578958,"7":0.0956929488,"8":0.8391313188,"9":0.4669091054,"10":0.0274937414,"11":0.2909562374,"12":0.0649055709,"13":0.0274937414,"14":0.4042214277,"15":0.3851818921,"16":0.3803102142,"17":0.4409864892,"18":0.0003830394,"19":0.0008952855,"20":0.0,"21":0.3887493335,"22":0.6270804837},"count":{"0":18,"1":3,"2":15,"3":11,"4":6,"5":2,"6":1491,"7":240,"8":874,"9":155,"10":14,"11":35,"12":7,"13":14,"14":3,"15":123,"16":3,"17":3,"18":15,"19":86,"20":2,"21":15,"22":19},"nb_en":{"0":18,"1":3,"2":15,"3":11,"4":6,"5":2,"6":1491,"7":240,"8":874,"9":155,"10":14,"11":35,"12":7,"13":14,"14":3,"15":123,"16":3,"17":3,"18":15,"19":86,"20":2,"21":15,"22":19},"nb_de":{"0":0,"1":0,"2":0,"3":0,"4":0,"5":0,"6":0,"7":0,"8":0,"9":0,"10":0,"11":0,"12":0,"13":0,"14":0,"15":0,"16":0,"17":0,"18":0,"19":0,"20":0,"21":0,"22":0}}