{"canton":{"0":"BE","1":"ZG","2":"BL","3":"TG","4":"TI","5":"VD","6":"GR","7":"SG","8":"JU","9":"SH","10":"AG","11":"GE","12":"BS","13":"FR","14":"AR","15":"GL","16":"ZH","17":"SO","18":"NE","19":"LU","20":"AI","21":"VS"},"main_mean":{"0":-0.0420189273,"1":-0.0147904102,"2":0.0,"3":-0.0444441482,"4":-0.0384137266,"5":-0.0199460313,"6":-0.3333305556,"7":-0.0101762568,"8":-0.0454541322,"9":0.0033336944,"10":0.0253514908,"11":-0.0254858741,"12":-0.0244806692,"13":0.0129768446,"14":-0.0384613905,"15":-0.0147904102,"16":-0.0105270548,"17":-0.0508175504,"18":-0.0126067736,"19":0.0352674803,"20":-0.0833326389,"21":0.0069195067},"sentiment_mean":{"0":0.07960199,"1":0.2727272727,"2":-1.0,"3":0.3333333333,"4":0.0625,"5":0.2612612613,"6":-1.0,"7":0.3333333333,"8":-0.5,"9":0.4,"10":-0.1052631579,"11":0.1479713604,"12":0.0875,"13":0.1,"14":0.0,"15":0.2727272727,"16":0.2211093991,"17":0.4,"18":0.3076923077,"19":0.2972972973,"20":-1.0,"21":0.0},"main_std":{"0":0.1884315074,"1":0.1522264876,"2":null,"3":0.0769795227,"4":0.2128172414,"5":0.1939611435,"6":null,"7":0.2901503368,"8":0.0642818503,"9":0.1634656636,"10":0.0549552731,"11":0.1947312055,"12":0.2295842093,"13":0.3366018459,"14":0.0666170825,"15":0.1522264876,"16":0.2069541083,"17":0.1591289104,"18":0.0916139534,"19":0.2714920667,"20":null,"21":0.145631907},"sentiment_std":{"0":0.6274008613,"1":0.7862453931,"2":null,"3":0.5773502692,"4":0.5852518134,"5":0.6565988358,"6":null,"7":0.7669649888,"8":0.7071067812,"9":0.5477225575,"10":0.7374684055,"11":0.7164657977,"12":0.6765385447,"13":0.6407232755,"14":0.0,"15":0.7862453931,"16":0.6855382448,"17":0.5163977795,"18":0.630425172,"19":0.5198752449,"20":null,"21":0.7302967433},"sentiment_pv":{"0":0.0398906426,"1":0.6884850058,"2":null,"3":0.6812417914,"4":0.0368509647,"5":0.1763666535,"6":null,"7":0.3936121986,"8":0.405874816,"9":0.4101452477,"10":0.1160087394,"11":0.3360715145,"12":0.1142857027,"13":0.6091811956,"14":1.197387969e-41,"15":0.6884850058,"16":0.0429363884,"17":0.2019418334,"18":0.4627420725,"19":0.1643582817,"20":null,"21":0.3546543254},"main_pv":{"0":0.092440979,"1":0.9344783259,"2":null,"3":0.6210494678,"4":0.3053149802,"5":0.9460511591,"6":null,"7":0.9027363025,"8":0.660901894,"9":0.7786117331,"10":0.0030173978,"11":0.3773625775,"12":0.7544094714,"13":0.6792049852,"14":0.6586884978,"15":0.9344783259,"16":0.2364091851,"17":0.5398003624,"18":0.8171777276,"19":0.2362639081,"20":null,"21":0.4949405509},"count":{"0":201,"1":11,"2":1,"3":3,"4":128,"5":111,"6":1,"7":18,"8":2,"9":5,"10":19,"11":838,"12":160,"13":20,"14":3,"15":11,"16":1298,"17":10,"18":13,"19":37,"20":1,"21":16},"nb_en":{"0":201,"1":11,"2":1,"3":3,"4":128,"5":111,"6":1,"7":18,"8":2,"9":5,"10":19,"11":838,"12":160,"13":20,"14":3,"15":11,"16":1298,"17":10,"18":13,"19":37,"20":1,"21":16},"nb_de":{"0":0,"1":0,"2":0,"3":0,"4":0,"5":0,"6":0,"7":0,"8":0,"9":0,"10":0,"11":0,"12":0,"13":0,"14":0,"15":0,"16":0,"17":0,"18":0,"19":0,"20":0,"21":0},"nb_fr":{"0":0,"1":0,"2":0,"3":0,"4":0,"5":0,"6":0,"7":0,"8":0,"9":0,"10":0,"11":0,"12":0,"13":0,"14":0,"15":0,"16":0,"17":0,"18":0,"19":0,"20":0,"21":0}}