{"canton":{"0":"VD","1":"SG","2":"GL","3":"UR","4":"VS","5":"AG","6":"TG","7":"ZH","8":"SH","9":"BE","10":"GE","11":"BS","12":"TI","13":"SO","14":"LU","15":"GR","16":"NE","17":"ZG","18":"FR"},"main_mean":{"0":-0.0159404625,"1":0.0777747779,"2":-0.0392162875,"3":-0.0666661111,"4":-0.0314931249,"5":0.0974335898,"6":-0.1666648148,"7":-0.0282720099,"8":0.0384612426,"9":-0.0286347464,"10":-0.008790076,"11":-0.0225496912,"12":-0.0160922906,"13":0.0791441818,"14":0.0475018641,"15":-0.1770812356,"16":0.1220726938,"17":-0.0392162875,"18":-0.0231131931},"sentiment_mean":{"0":0.1666666667,"1":0.2222222222,"2":0.1921824104,"3":0.0,"4":0.0909090909,"5":0.3846153846,"6":0.0,"7":0.2924528302,"8":0.5,"9":0.1818181818,"10":0.2072992701,"11":0.0099009901,"12":0.0921052632,"13":0.4444444444,"14":0.4615384615,"15":0.25,"16":0.6,"17":0.1921824104,"18":0.1486486486},"main_std":{"0":0.1629859985,"1":0.1715859687,"2":0.2310854851,"3":0.1490699563,"4":0.1203383839,"5":0.259342675,"6":0.2356996415,"7":0.2212005713,"8":0.0543924109,"9":0.1954108219,"10":0.2012023028,"11":0.1346931877,"12":0.2018327291,"13":0.2820684997,"14":0.1616051719,"15":0.2051820903,"16":0.2310981973,"17":0.2310854851,"18":0.1243378691},"sentiment_std":{"0":0.6369147332,"1":0.8333333333,"2":0.6554110021,"3":0.7071067812,"4":0.53935989,"5":0.7679476478,"6":0.0,"7":0.7087509159,"8":0.7071067812,"9":0.6831841454,"10":0.684587535,"11":0.6854932458,"12":0.5209640187,"13":0.5270462767,"14":0.6468860321,"15":0.5,"16":0.5477225575,"17":0.6554110021,"18":0.487724165},"sentiment_pv":{"0":0.5831115393,"1":0.9797798262,"2":0.4312669839,"3":0.5341403331,"4":0.4641578878,"5":0.441753925,"6":5.917910376e-72,"7":0.0041704262,"8":0.6701336866,"9":0.543638172,"10":0.7894142911,"11":0.0037621419,"12":0.0469632728,"13":0.2283868646,"14":0.0641262886,"15":0.8974703502,"16":0.1911463122,"17":0.4312669839,"18":0.255504276},"main_pv":{"0":0.6580438933,"1":0.1076327811,"2":0.186763048,"3":0.574728212,"4":0.8821286162,"5":0.1122615779,"6":0.5535789381,"7":0.7835867998,"8":0.3406171234,"9":0.8639885987,"10":0.0448235174,"11":0.8074154098,"12":0.6754036088,"13":0.2963753952,"14":0.0297203932,"15":0.2371362238,"16":0.2254201167,"17":0.186763048,"18":0.8498216063},"count":{"0":54,"1":9,"2":614,"3":5,"4":11,"5":13,"6":2,"7":848,"8":2,"9":165,"10":685,"11":101,"12":76,"13":9,"14":26,"15":4,"16":5,"17":614,"18":74},"nb_en":{"0":54,"1":9,"2":614,"3":5,"4":11,"5":13,"6":2,"7":848,"8":2,"9":165,"10":685,"11":101,"12":76,"13":9,"14":26,"15":4,"16":5,"17":614,"18":74},"nb_de":{"0":0,"1":0,"2":0,"3":0,"4":0,"5":0,"6":0,"7":0,"8":0,"9":0,"10":0,"11":0,"12":0,"13":0,"14":0,"15":0,"16":0,"17":0,"18":0}}