{"canton":{"0":"UR","1":"AG","2":"BE","3":"ZG","4":"GE","5":"BS","6":"FR","7":"TI","8":"NW","9":"GL","10":"ZH","11":"VS","12":"NE","13":"LU","14":"GR","15":"VD","16":"SO","17":"SH","18":"JU","19":"SG"},"main_mean":{"0":-0.0666662222,"1":-0.0624992188,"2":-0.0536977177,"3":-0.0107555533,"4":-0.02430966,"5":-0.0166876263,"6":0.0238091837,"7":-0.0364930062,"8":-0.3333296297,"9":-0.0107555533,"10":-0.0361018348,"11":-0.1374962293,"12":0.0429686824,"13":-0.0555926188,"14":-0.0476183674,"15":-0.0225620894,"16":-0.0937488281,"17":0.0,"18":-0.3333296297,"19":-0.0104617168},"sentiment_mean":{"0":-1.0,"1":-0.5,"2":0.2564102564,"3":0.1911468813,"4":0.1983471074,"5":0.0810810811,"6":0.5,"7":0.1,"8":0.0,"9":0.1911468813,"10":0.2785326087,"11":-0.25,"12":0.0714285714,"13":0.1538461538,"14":-0.3333333333,"15":0.2105263158,"16":0.0,"17":1.0,"18":0.0,"19":0.0909090909},"main_std":{"0":null,"1":0.1045811961,"2":0.2010131791,"3":0.2199819036,"4":0.2205531562,"5":0.2104374924,"6":0.0583203512,"7":0.1347890402,"8":null,"9":0.2199819036,"10":0.2150777096,"11":0.1465833295,"12":0.1771538851,"13":0.1795069357,"14":0.0824774316,"15":0.2094689401,"16":0.1874976563,"17":0.0,"18":null,"19":0.0620432771},"sentiment_std":{"0":null,"1":0.5477225575,"2":0.6180314431,"3":0.6581392487,"4":0.7063138466,"5":0.7168568523,"6":0.5477225575,"7":0.5050762723,"8":null,"9":0.6581392487,"10":0.7094127256,"11":0.7071067812,"12":0.6157279262,"13":0.6887372317,"14":0.5773502692,"15":0.7035775274,"16":0.0,"17":0.0,"18":null,"19":0.53935989},"sentiment_pv":{"0":null,"1":0.0244007546,"2":0.4453300487,"3":0.5312371894,"4":0.706300283,"5":0.1265337828,"6":0.2537444915,"7":0.1311263911,"8":null,"9":0.5312371894,"10":0.022773359,"11":0.1075911525,"12":0.4114845676,"13":0.7685750759,"14":0.2436535477,"15":0.9934849489,"16":3.469799025e-53,"17":0.0,"18":null,"19":0.4767672009},"main_pv":{"0":null,"1":0.4122835174,"2":0.1242990398,"3":0.2107267055,"4":0.9926012087,"5":0.7627504991,"6":0.1003779473,"7":0.5319509397,"8":null,"9":0.2107267055,"10":0.1860851822,"11":0.06525971,"12":0.1807266025,"13":0.5415407185,"14":0.6721372393,"15":0.9618992669,"16":0.5122161051,"17":0.0000000124,"18":null,"19":0.4884235744},"count":{"0":1,"1":6,"2":117,"3":497,"4":484,"5":74,"6":6,"7":50,"8":1,"9":497,"10":736,"11":8,"12":14,"13":13,"14":3,"15":38,"16":4,"17":2,"18":1,"19":11},"nb_en":{"0":1,"1":6,"2":117,"3":497,"4":484,"5":74,"6":6,"7":50,"8":1,"9":497,"10":736,"11":8,"12":14,"13":13,"14":3,"15":38,"16":4,"17":2,"18":1,"19":11},"nb_de":{"0":0,"1":0,"2":0,"3":0,"4":0,"5":0,"6":0,"7":0,"8":0,"9":0,"10":0,"11":0,"12":0,"13":0,"14":0,"15":0,"16":0,"17":0,"18":0,"19":0},"nb_fr":{"0":0,"1":0,"2":0,"3":0,"4":0,"5":0,"6":0,"7":0,"8":0,"9":0,"10":0,"11":0,"12":0,"13":0,"14":0,"15":0,"16":0,"17":0,"18":0,"19":0}}