{"canton":{"0":"SG","1":"TI","2":"UR","3":"VS","4":"AG","5":"VD","6":"ZH","7":"TG","8":"BE","9":"BL","10":"GE","11":"SH","12":"GL","13":"SO","14":"LU","15":"GR","16":"NE","17":"ZG","18":"FR","19":"BS"},"main_mean":{"0":0.0961167641,"1":-0.0338481157,"2":-0.122219963,"3":0.0735734007,"4":-0.0857114336,"5":0.009899666,"6":-0.0230069107,"7":-0.1333324445,"8":-0.0425826999,"9":0.0,"10":-0.0366035998,"11":-0.2499984375,"12":0.0236688008,"13":0.0,"14":-0.0315626428,"15":0.0,"16":-0.1249937503,"17":0.0236688008,"18":0.0499995,"19":0.0517261836},"sentiment_mean":{"0":0.1111111111,"1":0.0819672131,"2":-0.3333333333,"3":0.1428571429,"4":0.0909090909,"5":0.2424242424,"6":0.2670068027,"7":0.0,"8":0.0990990991,"9":0.0,"10":0.1393939394,"11":1.0,"12":0.298245614,"13":0.0,"14":0.2142857143,"15":0.5,"16":0.0,"17":0.298245614,"18":0.5,"19":0.2},"main_std":{"0":0.1627604804,"1":0.2357496794,"2":0.1071496473,"3":0.2071319026,"4":0.3129741792,"5":0.1952445149,"6":0.212393541,"7":0.1885605512,"8":0.1594649963,"9":0.0,"10":0.2042249684,"11":null,"12":0.191730876,"13":0.0,"14":0.0884270599,"15":0.0,"16":0.2499875006,"17":0.191730876,"18":0.070709971,"19":0.2407117443},"sentiment_std":{"0":0.78173596,"1":0.6135981847,"2":1.1547005384,"3":0.6900655593,"4":0.53935989,"5":0.6628679653,"6":0.7017621189,"7":1.4142135624,"8":0.6735922014,"9":0.0,"10":0.6832513874,"11":null,"12":0.6314793315,"13":0.0,"14":0.8017837257,"15":0.7071067812,"16":0.8164965809,"17":0.6314793315,"18":0.7071067812,"19":0.7083042533},"sentiment_pv":{"0":0.6324292251,"1":0.0509674629,"2":0.479880356,"3":0.7204241348,"4":0.3797348785,"5":0.9891799257,"6":0.4183347945,"7":0.8495471253,"8":0.0325208876,"9":3.688870235e-59,"10":0.0121343649,"11":null,"12":0.0813370015,"13":3.688870235e-59,"14":0.903490851,"15":0.6955595936,"16":0.5968488588,"17":0.0813370015,"18":0.6955595936,"19":0.6606484729},"main_pv":{"0":0.1025938804,"1":0.3318831132,"2":0.1956801825,"3":0.3603442469,"4":0.4073652338,"5":0.6871276214,"6":0.0526834151,"7":0.5096459489,"8":0.0157121041,"9":0.3564259102,"10":0.0071669715,"11":null,"12":0.0056841736,"13":0.3564259102,"14":0.2711700612,"15":0.3564259102,"16":0.4046217401,"17":0.0056841736,"18":0.4744683059,"19":0.0805966633},"count":{"0":9,"1":61,"2":3,"3":7,"4":11,"5":33,"6":588,"7":2,"8":111,"9":2,"10":330,"11":1,"12":456,"13":3,"14":14,"15":2,"16":4,"17":456,"18":2,"19":60},"nb_en":{"0":9,"1":61,"2":3,"3":7,"4":11,"5":33,"6":588,"7":2,"8":111,"9":2,"10":330,"11":1,"12":456,"13":3,"14":14,"15":2,"16":4,"17":456,"18":2,"19":60},"nb_de":{"0":0,"1":0,"2":0,"3":0,"4":0,"5":0,"6":0,"7":0,"8":0,"9":0,"10":0,"11":0,"12":0,"13":0,"14":0,"15":0,"16":0,"17":0,"18":0,"19":0}}