{"canton":{"0":"SG","1":"TG","2":"TI","3":"VS","4":"UR","5":"AG","6":"VD","7":"ZH","8":"SH","9":"BE","10":"BL","11":"GE","12":"BS","13":"GL","14":"SO","15":"LU","16":"GR","17":"NE","18":"ZG","19":"FR"},"main_mean":{"0":-0.0377664274,"1":-0.0723447293,"2":-0.0626505734,"3":-0.0044641661,"4":0.0,"5":0.0097426045,"6":-0.0085229576,"7":-0.0232165932,"8":0.0,"9":-0.0441286255,"10":-0.1499985,"11":-0.029692734,"12":0.012430228,"13":-0.0006710924,"14":0.0355152054,"15":0.016954388,"16":-0.0373423145,"17":0.0303027548,"18":-0.0006710924,"19":-0.005914631},"sentiment_mean":{"0":0.2222222222,"1":0.25,"2":0.125,"3":0.0,"4":0.0,"5":0.3,"6":0.1734693878,"7":0.1786542923,"8":0.5,"9":0.2955974843,"10":0.0,"11":0.0814285714,"12":0.1923076923,"13":0.243902439,"14":0.0,"15":0.2333333333,"16":0.2,"17":0.3333333333,"18":0.243902439,"19":0.0714285714},"main_std":{"0":0.1802457417,"1":0.1808834891,"2":0.2091690104,"3":0.1094721798,"4":null,"5":0.222388602,"6":0.2264740824,"7":0.1722127384,"8":0.0,"9":0.2286333328,"10":0.2121299131,"11":0.1839629106,"12":0.1310729134,"13":0.2203136432,"14":0.1570337228,"15":0.1462672991,"16":0.1878653955,"17":0.052485911,"18":0.2203136432,"19":0.0865857986},"sentiment_std":{"0":0.7320844981,"1":0.7071067812,"2":0.529083715,"3":0.8164965809,"4":null,"5":0.5712405706,"6":0.7183243704,"7":0.7069594657,"8":0.7071067812,"9":0.6218944019,"10":0.0,"11":0.6874707136,"12":0.7513989939,"13":0.6817799119,"14":0.7071067812,"15":0.504006933,"16":0.8366600265,"17":0.5773502692,"18":0.6817799119,"19":0.5128997973},"sentiment_pv":{"0":0.8122622092,"1":0.7892560064,"2":0.3843450017,"3":0.6883849393,"4":null,"5":0.3630440907,"6":0.9238987969,"7":0.9354326991,"8":0.6380072301,"9":0.0243782469,"10":4.481156069e-52,"11":0.0005280623,"12":0.8746138054,"13":0.0640341067,"14":0.5988251617,"15":0.5732644672,"16":0.9609645385,"17":0.6916828361,"18":0.0640341067,"19":0.1798615062},"main_pv":{"0":0.6537466438,"1":0.4265628888,"2":0.0787133779,"3":0.8167803716,"4":null,"5":0.5799418293,"6":0.6726310498,"7":0.3975867639,"8":0.0000000205,"9":0.1629991304,"10":0.5412994978,"11":0.1387427991,"12":0.0221464974,"13":0.1052422287,"14":0.4863700966,"15":0.1998399783,"16":0.8320338957,"17":0.2489340187,"18":0.1052422287,"19":0.3718813548},"count":{"0":18,"1":8,"2":72,"3":4,"4":1,"5":20,"6":98,"7":1293,"8":2,"9":159,"10":2,"11":700,"12":104,"13":451,"14":5,"15":30,"16":5,"17":3,"18":451,"19":42},"nb_en":{"0":18,"1":8,"2":72,"3":4,"4":1,"5":20,"6":98,"7":1293,"8":2,"9":159,"10":2,"11":700,"12":104,"13":451,"14":5,"15":30,"16":5,"17":3,"18":451,"19":42},"nb_de":{"0":0,"1":0,"2":0,"3":0,"4":0,"5":0,"6":0,"7":0,"8":0,"9":0,"10":0,"11":0,"12":0,"13":0,"14":0,"15":0,"16":0,"17":0,"18":0,"19":0}}