{"canton":{"0":"SG","1":"AI","2":"JU","3":"VS","4":"SZ","5":"AG","6":"ZH","7":"BE","8":"GE","9":"BS","10":"GL","11":"LU","12":"OW","13":"GR","14":"ZG","15":"VD","16":"SH","17":"NW","18":"TI","19":"SO","20":"NE","21":"FR"},"main_mean":{"0":0.1736398117,"1":-0.6666444452,"2":0.0,"3":-0.0037036502,"4":0.0,"5":-0.0460045841,"6":-0.0431507062,"7":-0.0540361688,"8":-0.0160968434,"9":-0.0159142729,"10":0.0305810089,"11":-0.0672517352,"12":-0.1666638889,"13":-0.14481179,"14":0.0306586257,"15":-0.0305456373,"16":0.0,"17":-0.1666652778,"18":-0.0788644805,"19":0.1345217986,"20":0.0833291669,"21":0.0139209223},"sentiment_mean":{"0":0.6,"1":0.0,"2":0.0,"3":0.3333333333,"4":0.0,"5":0.4285714286,"6":0.1925777332,"7":0.2704918033,"8":0.2009419152,"9":0.0,"10":0.2506329114,"11":0.3181818182,"12":0.0,"13":0.3333333333,"14":0.2538071066,"15":0.2444444444,"16":0.0,"17":1.0,"18":-0.1111111111,"19":0.5714285714,"20":0.5,"21":0.1621621622},"main_std":{"0":0.3078235383,"1":null,"2":null,"3":0.2569163371,"4":0.0,"5":0.325818278,"6":0.1995536988,"7":0.2479228794,"8":0.2207955316,"9":0.1601531223,"10":0.2103030853,"11":0.1575623649,"12":null,"13":0.1815047764,"14":0.2105648117,"15":0.2441875841,"16":0.0,"17":null,"18":0.2605040918,"19":0.183357392,"20":0.2041139395,"21":0.0810284719},"sentiment_std":{"0":0.5163977795,"1":null,"2":null,"3":0.8164965809,"4":0.0,"5":0.6462061727,"6":0.7078341557,"7":0.603527992,"8":0.6590915165,"9":0.6846531969,"10":0.64553787,"11":0.716231117,"12":null,"13":0.8164965809,"14":0.6432647513,"15":0.6794234038,"16":0.0,"17":null,"18":0.5729597091,"19":0.5345224838,"20":0.5477225575,"21":0.500750188},"sentiment_pv":{"0":0.0413729423,"1":null,"2":null,"3":0.72939756,"4":5.070084699e-60,"5":0.2314340918,"6":0.4670650936,"7":0.2930393011,"8":0.7212796178,"9":0.0164403738,"10":0.2594487174,"11":0.4929704856,"12":null,"13":0.72939756,"14":0.2221058383,"15":0.7468196709,"16":5.070084699e-60,"17":null,"18":0.0005183441,"19":0.12514734,"20":0.253444633,"21":0.5587713266},"main_pv":{"0":0.084833237,"1":null,"2":null,"3":0.9191118989,"4":0.0002127623,"5":0.727014462,"6":0.0001682934,"7":0.0886014169,"8":0.9019572563,"9":0.9606399529,"10":0.0000672432,"11":0.1363660471,"12":null,"13":0.1400877177,"14":0.0000678251,"15":0.6714654986,"16":0.0002127623,"17":null,"18":0.1083805267,"19":0.0745312893,"20":0.2917316819,"21":0.0443157013},"count":{"0":10,"1":1,"2":1,"3":6,"4":2,"5":14,"6":997,"7":122,"8":637,"9":65,"10":395,"11":22,"12":1,"13":6,"14":394,"15":45,"16":2,"17":1,"18":45,"19":7,"20":6,"21":37},"nb_en":{"0":10,"1":1,"2":1,"3":6,"4":2,"5":14,"6":997,"7":122,"8":637,"9":65,"10":395,"11":22,"12":1,"13":6,"14":394,"15":45,"16":2,"17":1,"18":45,"19":7,"20":6,"21":37},"nb_de":{"0":0,"1":0,"2":0,"3":0,"4":0,"5":0,"6":0,"7":0,"8":0,"9":0,"10":0,"11":0,"12":0,"13":0,"14":0,"15":0,"16":0,"17":0,"18":0,"19":0,"20":0,"21":0}}