{"canton":{"0":"UR","1":"NW","2":"BE","3":"ZG","4":"BL","5":"JU","6":"TG","7":"TI","8":"VD","9":"SG","10":"GR","11":"SH","12":"OW","13":"AG","14":"GE","15":"BS","16":"FR","17":"AR","18":"GL","19":"ZH","20":"SO","21":"NE","22":"LU","23":"AI","24":"VS"},"main_mean":{"0":-0.091856745,"1":-0.0126768359,"2":0.0117907111,"3":-0.0007457616,"4":0.0048025537,"5":0.0159663083,"6":0.037108459,"7":-0.0139702084,"8":0.008317374,"9":0.0235147395,"10":0.0051849834,"11":-0.0022916305,"12":0.0029994832,"13":0.0147412564,"14":-0.0153355512,"15":0.005738789,"16":-0.0159792036,"17":0.0,"18":-0.0006010533,"19":-0.0011877311,"20":0.0261764793,"21":0.0030435737,"22":0.0162898419,"23":-0.099999,"24":-0.0067556212},"sentiment_mean":{"0":-0.1666666667,"1":0.0,"2":0.1053864169,"3":0.1443494777,"4":0.0,"5":0.0,"6":0.0,"7":0.1739130435,"8":0.0301369863,"9":0.1012658228,"10":0.0540540541,"11":-0.0769230769,"12":0.0,"13":0.0428571429,"14":0.0689655172,"15":0.0229591837,"16":0.0898876404,"17":0.0,"18":0.143126177,"19":0.1378802748,"20":0.1111111111,"21":0.2173913043,"22":0.112244898,"23":1.0,"24":0.0222222222},"main_std":{"0":0.3199699438,"1":0.0292747897,"2":0.1241569909,"3":0.1860248635,"4":0.0127063629,"5":0.0772482422,"6":0.1410136548,"7":0.2098095863,"8":0.125395552,"9":0.1530612696,"10":0.066473763,"11":0.0409565423,"12":0.050051441,"13":0.0805576627,"14":0.1822939661,"15":0.093837215,"16":0.1352611647,"17":null,"18":0.1852596252,"19":0.1505217069,"20":0.1146133244,"21":0.1121878887,"22":0.0956709688,"23":null,"24":0.1005991657},"sentiment_std":{"0":0.3892494721,"1":0.0,"2":0.406108323,"3":0.4656028426,"4":0.0,"5":0.0,"6":0.3922322703,"7":0.4595433867,"8":0.3803862018,"9":0.3036080769,"10":0.2292434351,"11":0.2773500981,"12":0.0,"13":0.236016966,"14":0.4283401933,"15":0.2617732534,"16":0.3884833399,"17":null,"18":0.4638128473,"19":0.514042209,"20":0.3187276292,"21":0.4217411678,"22":0.3172904962,"23":null,"24":0.1490711985},"sentiment_pv":{"0":0.0321472456,"1":1.622264573e-93,"2":0.8608200753,"3":0.0206292166,"4":1.622264573e-93,"5":1.622264573e-93,"6":0.3180718361,"7":0.1809871452,"8":0.0001487651,"9":0.8244941941,"10":0.157379676,"11":0.0326921522,"12":1.622264573e-93,"13":0.0016324031,"14":0.0022740085,"15":0.0000000028,"16":0.647102495,"17":null,"18":0.0243926715,"19":0.0210618461,"20":0.9679933149,"21":0.23126262,"22":0.919489038,"23":null,"24":0.0004017024},"main_pv":{"0":0.3484119579,"1":0.4391108423,"2":0.0370584335,"3":0.917251217,"4":0.265590265,"5":0.6841464442,"6":0.326341461,"7":0.5675112408,"8":0.156598949,"9":0.1547251694,"10":0.5577647056,"11":0.9376449119,"12":0.8395480467,"13":0.023850732,"14":0.0103514604,"15":0.1637781941,"16":0.3151398443,"17":null,"18":0.8974813078,"19":0.9614550947,"20":0.1599252966,"21":0.8524357246,"22":0.075723365,"23":null,"24":0.7233842377},"count":{"0":12,"1":5,"2":427,"3":1053,"4":7,"5":4,"6":14,"7":92,"8":365,"9":79,"10":37,"11":13,"12":6,"13":140,"14":1276,"15":392,"16":89,"17":1,"18":1062,"19":2038,"20":36,"21":23,"22":98,"23":1,"24":45},"nb_en":{"0":2,"1":0,"2":127,"3":531,"4":0,"5":0,"6":3,"7":74,"8":92,"9":8,"10":2,"11":2,"12":0,"13":14,"14":479,"15":57,"16":56,"17":0,"18":531,"19":876,"20":2,"21":9,"22":28,"23":1,"24":7},"nb_de":{"0":10,"1":5,"2":298,"3":191,"4":7,"5":0,"6":11,"7":11,"8":12,"9":71,"10":35,"11":11,"12":6,"13":125,"14":6,"15":332,"16":5,"17":1,"18":200,"19":1119,"20":34,"21":2,"22":70,"23":0,"24":32},"nb_fr":{"0":0,"1":0,"2":2,"3":331,"4":0,"5":4,"6":0,"7":7,"8":261,"9":0,"10":0,"11":0,"12":0,"13":1,"14":791,"15":3,"16":28,"17":0,"18":331,"19":43,"20":0,"21":12,"22":0,"23":0,"24":6}}