{"canton":{"0":"OW","1":"AG","2":"BE","3":"ZG","4":"GE","5":"UR","6":"BS","7":"FR","8":"TI","9":"SO","10":"GL","11":"ZH","12":"VS","13":"NE","14":"LU","15":"VD","16":"GR","17":"SH","18":"SZ","19":"SG"},"main_mean":{"0":0.0,"1":-0.0791630974,"2":-0.0271741964,"3":-0.0226991681,"4":-0.009415557,"5":0.0,"6":-0.0036810564,"7":0.01383749,"8":-0.0412949687,"9":0.2904642641,"10":-0.0210885389,"11":-0.0404625913,"12":-0.0426011418,"13":-0.0166664758,"14":-0.0076394204,"15":-0.0163392773,"16":-0.0017857685,"17":0.0259996793,"18":0.0,"19":0.0266015597},"sentiment_mean":{"0":0.0,"1":0.125,"2":0.1764705882,"3":0.1761978362,"4":0.1643454039,"5":0.0,"6":0.1666666667,"7":0.1475409836,"8":0.1052631579,"9":0.5,"10":0.1771956857,"11":0.2001170275,"12":-0.1428571429,"13":0.1666666667,"14":0.1666666667,"15":0.2136752137,"16":0.0,"17":0.2,"18":0.0,"19":0.0},"main_std":{"0":null,"1":0.1868090772,"2":0.2346624465,"3":0.2541618224,"4":0.191350259,"5":null,"6":0.1779087214,"7":0.1143273926,"8":0.151645802,"9":0.4208100825,"10":0.2569256708,"11":0.197549261,"12":0.1154808086,"13":0.1283681267,"14":0.2317324663,"15":0.229956359,"16":0.0632460727,"17":0.1355718689,"18":null,"19":0.2511756727},"sentiment_std":{"0":null,"1":0.8345229604,"2":0.6995598039,"3":0.653536991,"4":0.6829787042,"5":null,"6":0.6190133844,"7":0.511079432,"8":0.5701796185,"9":0.5270462767,"10":0.6533655701,"11":0.6677411223,"12":0.5345224838,"13":0.3834824944,"14":0.6369147332,"15":0.6542837599,"16":0.4714045208,"17":0.4472135955,"18":null,"19":0.632455532},"sentiment_pv":{"0":null,"1":0.8596605902,"2":0.9609143245,"3":0.9143964047,"4":0.5181034143,"5":null,"6":0.8364976589,"7":0.634377377,"8":0.1757658556,"9":0.0865686478,"10":0.9432292827,"11":0.2637056609,"12":0.0423170205,"13":0.8923795144,"14":0.8867372785,"15":0.5738702338,"16":0.260795387,"17":0.922036806,"18":null,"19":0.209954005},"main_pv":{"0":null,"1":0.4344521471,"2":0.8778641798,"3":0.8736496744,"4":0.023744451,"5":null,"6":0.2369949633,"7":0.0130180935,"8":0.2463973294,"9":0.0422106523,"10":0.7563561841,"11":0.0047469875,"12":0.5664435912,"13":0.8031900951,"14":0.5998056116,"15":0.7094387805,"16":0.2922162837,"17":0.4531840796,"18":null,"19":0.3642271835},"count":{"0":1,"1":8,"2":170,"3":647,"4":1077,"5":1,"6":108,"7":61,"8":114,"9":10,"10":649,"11":1709,"12":14,"13":18,"14":54,"15":117,"16":10,"17":5,"18":1,"19":21},"nb_en":{"0":1,"1":8,"2":170,"3":647,"4":1077,"5":1,"6":108,"7":61,"8":114,"9":10,"10":649,"11":1709,"12":14,"13":18,"14":54,"15":117,"16":10,"17":5,"18":1,"19":21},"nb_de":{"0":0,"1":0,"2":0,"3":0,"4":0,"5":0,"6":0,"7":0,"8":0,"9":0,"10":0,"11":0,"12":0,"13":0,"14":0,"15":0,"16":0,"17":0,"18":0,"19":0},"nb_fr":{"0":0,"1":0,"2":0,"3":0,"4":0,"5":0,"6":0,"7":0,"8":0,"9":0,"10":0,"11":0,"12":0,"13":0,"14":0,"15":0,"16":0,"17":0,"18":0,"19":0}}