{"canton":{"0":"TI","1":"AG","2":"BE","3":"ZG","4":"BL","5":"GE","6":"BS","7":"FR","8":"TG","9":"SO","10":"GL","11":"ZH","12":"VS","13":"NE","14":"LU","15":"JU","16":"VD","17":"GR","18":"SZ","19":"SH","20":"SG"},"main_mean":{"0":-0.0061994197,"1":-0.0264855455,"2":-0.0168943316,"3":-0.0352621138,"4":0.0499995,"5":-0.0287981362,"6":-0.0248430613,"7":-0.0397513838,"8":0.0,"9":0.0,"10":-0.0352621138,"11":-0.0078589055,"12":0.0222218483,"13":0.0085977,"14":-0.1210646358,"15":-0.1999986667,"16":-0.0423473915,"17":-0.1666648148,"18":-0.1999960001,"19":-0.1499985,"20":0.0357140306},"sentiment_mean":{"0":0.1470588235,"1":0.0769230769,"2":0.2678571429,"3":0.1550218341,"4":0.0,"5":0.1472275335,"6":0.0476190476,"7":0.1904761905,"8":0.0,"9":0.0,"10":0.1550218341,"11":0.256509161,"12":0.2142857143,"13":0.4666666667,"14":0.3,"15":1.0,"16":0.015625,"17":0.0,"18":0.5,"19":0.0,"20":0.375},"main_std":{"0":0.1326629825,"1":0.1372519173,"2":0.1804663782,"3":0.2087585003,"4":0.070709971,"5":0.2107008736,"6":0.1398721043,"7":0.1679793343,"8":0.0,"9":null,"10":0.2087585003,"11":0.195372446,"12":0.0591155694,"13":0.0581064589,"14":0.3024429899,"15":null,"16":0.2045471973,"17":0.2356996415,"18":0.2828370557,"19":0.2121299131,"20":0.1010145329},"sentiment_std":{"0":0.4656789581,"1":0.6405126152,"2":0.6331483379,"3":0.6205691074,"4":0.0,"5":0.683219054,"6":0.761517351,"7":0.5638903708,"8":0.0,"9":null,"10":0.6205691074,"11":0.690369888,"12":0.4258153136,"13":0.5163977795,"14":0.6569466853,"15":null,"16":0.6782841915,"17":1.4142135624,"18":0.7071067812,"19":0.0,"20":0.5175491695},"sentiment_pv":{"0":0.4624340411,"1":0.5382464815,"2":0.121831182,"3":0.2692791514,"4":1.32872528e-54,"5":0.1872674566,"6":0.0276977238,"7":0.9914377417,"8":1.32872528e-54,"9":null,"10":0.2692791514,"11":0.0065533956,"12":0.8331438742,"13":0.0572281096,"14":0.463270593,"15":null,"16":0.0461041418,"17":0.8806528379,"18":0.6463889234,"19":1.32872528e-54,"20":0.3456197385},"main_pv":{"0":0.308973426,"1":0.9304766394,"2":0.6673884371,"3":0.2413082513,"4":0.3810057245,"5":0.5629367921,"6":0.8841069554,"7":0.4400821508,"8":0.0000000001,"9":null,"10":0.2413082513,"11":0.0306716283,"12":0.0139920036,"13":0.057076669,"14":0.1641460315,"15":null,"16":0.4581424789,"17":0.5472388383,"18":0.5389097679,"19":0.5528982517,"20":0.1445666841},"count":{"0":68,"1":13,"2":168,"3":458,"4":2,"5":523,"6":147,"7":63,"8":2,"9":1,"10":458,"11":1037,"12":14,"13":15,"14":20,"15":1,"16":64,"17":2,"18":2,"19":2,"20":8},"nb_en":{"0":68,"1":13,"2":168,"3":458,"4":2,"5":523,"6":147,"7":63,"8":2,"9":1,"10":458,"11":1037,"12":14,"13":15,"14":20,"15":1,"16":64,"17":2,"18":2,"19":2,"20":8},"nb_de":{"0":0,"1":0,"2":0,"3":0,"4":0,"5":0,"6":0,"7":0,"8":0,"9":0,"10":0,"11":0,"12":0,"13":0,"14":0,"15":0,"16":0,"17":0,"18":0,"19":0,"20":0},"nb_fr":{"0":0,"1":0,"2":0,"3":0,"4":0,"5":0,"6":0,"7":0,"8":0,"9":0,"10":0,"11":0,"12":0,"13":0,"14":0,"15":0,"16":0,"17":0,"18":0,"19":0,"20":0}}