{"canton":{"0":"SG","1":"TI","2":"UR","3":"VS","4":"SZ","5":"AG","6":"VD","7":"ZH","8":"SH","9":"BE","10":"GE","11":"BS","12":"GL","13":"SO","14":"LU","15":"GR","16":"NE","17":"ZG","18":"FR"},"main_mean":{"0":0.0519666691,"1":-0.0348218923,"2":-0.299997,"3":-0.0664677597,"4":0.0,"5":-0.0653340687,"6":0.0111752174,"7":-0.0183169584,"8":-0.1999960001,"9":-0.0540607016,"10":-0.0107041942,"11":0.0007506741,"12":-0.0105725078,"13":-0.1163300027,"14":0.0273046753,"15":-0.2227535616,"16":-0.0451013747,"17":-0.0105725078,"18":0.0171651673},"sentiment_mean":{"0":0.347826087,"1":0.1265822785,"2":-1.0,"3":-0.375,"4":0.0,"5":-0.0769230769,"6":0.25,"7":0.1870640457,"8":0.0,"9":0.2469135802,"10":0.1670258621,"11":0.1782178218,"12":0.196013289,"13":-0.1428571429,"14":0.35,"15":-0.5,"16":0.4666666667,"17":0.196013289,"18":0.24},"main_std":{"0":0.2188892922,"1":0.1943941513,"2":null,"3":0.1573585423,"4":null,"5":0.1315222682,"6":0.1756018273,"7":0.2026784488,"8":0.3999920002,"9":0.2128000342,"10":0.1905514309,"11":0.1670906282,"12":0.1983520119,"13":0.2091160176,"14":0.2157883131,"15":0.1525370307,"16":0.2020459351,"17":0.1983520119,"18":0.149662689},"sentiment_std":{"0":0.6472807212,"1":0.4631854202,"2":null,"3":0.9161253813,"4":null,"5":0.4935481168,"6":0.672380702,"7":0.7007139699,"8":0.8164965809,"9":0.669306941,"10":0.6675649219,"11":0.6386867715,"12":0.6738155096,"13":0.377964473,"14":0.6621642836,"15":0.5773502692,"16":0.743223353,"17":0.6738155096,"18":0.5156994725},"sentiment_pv":{"0":0.2540229841,"1":0.2405540802,"2":null,"3":0.1250542657,"4":null,"5":0.0760045249,"6":0.2527416514,"7":0.9109670977,"8":0.6744323376,"9":0.2839440166,"10":0.355907994,"11":0.8631075593,"12":0.8199008017,"13":0.0590584028,"14":0.1346105157,"15":0.096835012,"16":0.1708654816,"17":0.8199008017,"18":0.4042840173},"main_pv":{"0":0.1622942616,"1":0.3517135175,"2":null,"3":0.3787823611,"4":null,"5":0.1869199627,"6":0.0695051028,"7":0.4802080329,"8":0.4213174767,"9":0.0198879915,"10":0.6190208619,"11":0.3796898483,"12":0.6781457948,"13":0.2437901441,"14":0.2333163947,"15":0.0715147024,"16":0.5629801177,"17":0.6781457948,"18":0.0780018786},"count":{"0":23,"1":79,"2":1,"3":8,"4":1,"5":13,"6":168,"7":1577,"8":4,"9":162,"10":928,"11":101,"12":602,"13":7,"14":40,"15":4,"16":15,"17":602,"18":75},"nb_en":{"0":23,"1":79,"2":1,"3":8,"4":1,"5":13,"6":168,"7":1577,"8":4,"9":162,"10":928,"11":101,"12":602,"13":7,"14":40,"15":4,"16":15,"17":602,"18":75},"nb_de":{"0":0,"1":0,"2":0,"3":0,"4":0,"5":0,"6":0,"7":0,"8":0,"9":0,"10":0,"11":0,"12":0,"13":0,"14":0,"15":0,"16":0,"17":0,"18":0}}