{"canton":{"0":"SG","1":"AR","2":"VS","3":"SZ","4":"AG","5":"TG","6":"ZH","7":"BE","8":"GE","9":"BS","10":"GL","11":"LU","12":"GR","13":"ZG","14":"VD","15":"SH","16":"BL","17":"NW","18":"TI","19":"SO","20":"NE","21":"FR"},"main_mean":{"0":-0.0161636114,"1":-0.1111098766,"2":0.0034012553,"3":0.0,"4":0.0831831788,"5":0.0499995,"6":-0.0208456353,"7":-0.0570092876,"8":-0.0198449396,"9":-0.0366149139,"10":0.0466647334,"11":-0.0185958338,"12":-0.0688305041,"13":0.0466647334,"14":-0.0074896171,"15":-0.0549992625,"16":-0.1428551021,"17":-0.0624992188,"18":-0.0963203186,"19":-0.1128124837,"20":-0.0067676092,"21":-0.0104764959},"sentiment_mean":{"0":0.0454545455,"1":0.0,"2":0.1428571429,"3":0.0,"4":0.0526315789,"5":0.5,"6":0.2184154176,"7":0.1614349776,"8":0.1154328733,"9":0.1055555556,"10":0.2,"11":0.2244897959,"12":0.2857142857,"13":0.2,"14":0.2056737589,"15":0.4,"16":-1.0,"17":0.1666666667,"18":-0.0361445783,"19":0.0,"20":-0.1,"21":0.0333333333},"main_std":{"0":0.1250671077,"1":0.1924479514,"2":0.0895390532,"3":0.0,"4":0.463866899,"5":0.070709971,"6":0.1937840588,"7":0.2038289479,"8":0.1847362463,"9":0.2055710213,"10":0.1355700772,"11":0.2009628812,"12":0.1224009682,"13":0.1355700772,"14":0.2061066345,"15":0.1840493752,"16":null,"17":0.1530911953,"18":0.2202353625,"19":0.3478600071,"20":0.1005478937,"21":0.0551328399},"sentiment_std":{"0":0.6529984123,"1":0.0,"2":0.6900655593,"3":0.0,"4":0.7798635358,"5":0.7071067812,"6":0.6934205497,"7":0.5934641804,"8":0.7029908965,"9":0.7207787705,"10":0.5606119106,"11":0.7148807046,"12":0.755928946,"13":0.5606119106,"14":0.6269851957,"15":0.5477225575,"16":null,"17":0.4082482905,"18":0.6137804313,"19":0.7071067812,"20":0.5676462122,"21":0.4901325179},"sentiment_pv":{"0":0.3971621292,"1":9.083881836e-40,"2":0.9315847801,"3":9.083881836e-40,"4":0.5343652342,"5":0.6252577789,"6":0.0193440065,"7":0.9084571729,"8":0.0681626357,"9":0.2725205525,"10":0.8194902926,"11":0.5737303505,"12":0.6905716746,"13":0.8194902926,"14":0.4681654639,"15":0.3942308723,"16":null,"17":0.9980012557,"18":0.0040256284,"19":0.4140283828,"20":0.1727994417,"21":0.1516605967},"main_pv":{"0":0.7530667288,"1":0.5183308474,"2":0.4393221094,"3":0.0,"4":0.3242128917,"5":0.3743694095,"6":0.5360607768,"7":0.0229635132,"8":0.5117420102,"9":0.4509963905,"10":0.061483395,"11":0.8328278191,"12":0.3782178164,"13":0.061483395,"14":0.3319782502,"15":0.7319002916,"16":null,"17":0.5724865792,"18":0.0043487701,"19":0.3795243315,"20":0.5877990726,"21":0.1899808867},"count":{"0":22,"1":3,"2":7,"3":3,"4":19,"5":2,"6":1401,"7":223,"8":797,"9":180,"10":15,"11":49,"12":7,"13":15,"14":141,"15":5,"16":1,"17":6,"18":83,"19":13,"20":10,"21":30},"nb_en":{"0":22,"1":3,"2":7,"3":3,"4":19,"5":2,"6":1401,"7":223,"8":797,"9":180,"10":15,"11":49,"12":7,"13":15,"14":141,"15":5,"16":1,"17":6,"18":83,"19":13,"20":10,"21":30},"nb_de":{"0":0,"1":0,"2":0,"3":0,"4":0,"5":0,"6":0,"7":0,"8":0,"9":0,"10":0,"11":0,"12":0,"13":0,"14":0,"15":0,"16":0,"17":0,"18":0,"19":0,"20":0,"21":0}}