{"canton":{"0":"VS","1":"NW","2":"BE","3":"UR","4":"BL","5":"TI","6":"TG","7":"VD","8":"SG","9":"JU","10":"SH","11":"OW","12":"AG","13":"GE","14":"BS","15":"FR","16":"AR","17":"GL","18":"ZH","19":"SO","20":"NE","21":"LU","22":"AI","23":"GR","24":"SZ"},"main_mean":{"0":-0.0011196473,"1":0.0001666646,"2":0.018572047,"3":0.0000999988,"4":0.0184244799,"5":-0.0354295284,"6":-0.0033708626,"7":0.0520912758,"8":0.0835616867,"9":0.0238756345,"10":0.0082706244,"11":0.0001666646,"12":0.0182475387,"13":0.0290664822,"14":0.0096337946,"15":0.0112228728,"16":0.043057338,"17":0.0073265934,"18":0.016575005,"19":0.0222116479,"20":0.0721969238,"21":0.0199190716,"22":0.0217197828,"23":0.0118167093,"24":0.0123275453},"sentiment_mean":{"0":0.1538461538,"1":0.0,"2":0.0921568627,"3":0.0,"4":0.0,"5":-0.0380952381,"6":0.0,"7":0.0472972973,"8":0.2083333333,"9":0.0,"10":0.0555555556,"11":0.0,"12":0.1785714286,"13":0.0686378036,"14":0.0738522954,"15":0.0217391304,"16":0.1428571429,"17":0.0,"18":0.1721981722,"19":0.0588235294,"20":0.1818181818,"21":0.1279069767,"22":0.0,"23":0.08,"24":0.0},"main_std":{"0":0.1115859276,"1":0.0002886715,"2":0.1330376297,"3":0.000223604,"4":0.0530314381,"5":0.2065801602,"6":0.0090965766,"7":0.185599195,"8":0.1747153441,"9":0.0517831559,"10":0.0543103839,"11":0.0002886715,"12":0.1102654578,"13":0.1487088869,"14":0.0867513915,"15":0.0856995251,"16":0.1785660072,"17":0.012690032,"18":0.1167533238,"19":0.0818597585,"20":0.1260593472,"21":0.1093908004,"22":null,"23":0.035538331,"24":0.0150883832},"sentiment_std":{"0":0.6126863924,"1":0.0,"2":0.4357966475,"3":0.0,"4":0.0,"5":0.6343350474,"6":0.0,"7":0.3557652904,"8":0.4420662113,"9":0.0,"10":0.2852668081,"11":0.0,"12":0.4495099577,"13":0.4945968416,"14":0.41053006,"15":0.2558442551,"16":0.377964473,"17":0.0,"18":0.5507685829,"19":0.242535625,"20":0.394771017,"21":0.369308149,"22":null,"23":0.2740475156,"24":0.0},"sentiment_pv":{"0":0.7040954273,"1":1.917626191e-63,"2":0.4465823526,"3":1.917626191e-63,"4":1.917626191e-63,"5":0.0210608914,"6":1.917626191e-63,"7":0.0055616636,"8":0.058888632,"9":1.917626191e-63,"10":0.1321397221,"11":1.917626191e-63,"12":0.1012106011,"13":0.002744333,"14":0.0822345895,"15":0.0022621935,"16":0.8135581515,"17":1.917626191e-63,"18":0.0000022734,"19":0.421317541,"20":0.3892084749,"21":0.6161791989,"22":null,"23":0.4849416748,"24":1.917626191e-63},"main_pv":{"0":0.3082510054,"1":1.066524346e-35,"2":0.609658697,"3":3.218202808e-36,"4":0.7175808471,"5":0.0056725472,"6":0.0000000006,"7":0.0057296751,"8":0.0037731307,"9":0.8979400822,"10":0.0458088125,"11":1.066524346e-35,"12":0.7438993851,"13":0.0539784659,"14":0.0044863788,"15":0.2519789254,"16":0.7624965174,"17":0.1832261222,"18":0.0954770759,"19":0.9800189403,"20":0.0746647296,"21":0.8812384441,"22":null,"23":0.067261191,"24":0.3046437503},"count":{"0":26,"1":3,"2":510,"3":5,"4":36,"5":105,"6":15,"7":296,"8":72,"9":10,"10":72,"11":3,"12":112,"13":1894,"14":501,"15":92,"16":7,"17":3,"18":2079,"19":17,"20":22,"21":86,"22":1,"23":50,"24":4},"nb_en":{"0":15,"1":0,"2":181,"3":0,"4":1,"5":95,"6":5,"7":65,"8":11,"9":2,"10":8,"11":0,"12":35,"13":789,"14":156,"15":10,"16":2,"17":0,"18":1064,"19":6,"20":6,"21":18,"22":0,"23":2,"24":2},"nb_de":{"0":7,"1":3,"2":314,"3":5,"4":35,"5":2,"6":10,"7":6,"8":61,"9":1,"10":64,"11":3,"12":76,"13":7,"14":341,"15":23,"16":5,"17":3,"18":983,"19":11,"20":4,"21":68,"22":1,"23":48,"24":2},"nb_fr":{"0":4,"1":0,"2":15,"3":0,"4":0,"5":8,"6":0,"7":225,"8":0,"9":7,"10":0,"11":0,"12":1,"13":1098,"14":4,"15":59,"16":0,"17":0,"18":32,"19":0,"20":12,"21":0,"22":0,"23":0,"24":0}}