{"canton":{"0":"NE","1":"GE","2":"TG","3":"BE","4":"SZ","5":"GL","6":"UR","7":"FR","8":"BS","9":"ZH","10":"SO","11":"VD","12":"OW","13":"SG","14":"GR","15":"LU","16":"TI","17":"JU","18":"AG","19":"SH","20":"VS","21":"AI","22":"BL"},"main_mean":{"0":0.0247077753,"1":0.024543129,"2":0.0001206338,"3":0.0207313765,"4":0.0013046086,"5":0.0521353419,"6":0.0004999875,"7":0.0230010096,"8":0.0121013005,"9":0.0185395836,"10":0.0129806428,"11":0.0222124048,"12":0.0998393344,"13":0.0371626988,"14":0.0384540576,"15":0.0065370618,"16":-0.0206462133,"17":0.0312928118,"18":0.0156583963,"19":0.0206024659,"20":0.0089232168,"21":0.0,"22":0.001357124},"sentiment_mean":{"0":0.2307692308,"1":0.0694626474,"2":0.1111111111,"3":0.112716763,"4":0.0,"5":0.0,"6":0.0,"7":0.0283018868,"8":0.0553571429,"9":0.1642512077,"10":0.0909090909,"11":0.0636042403,"12":0.5,"13":0.125,"14":0.0434782609,"15":0.0342465753,"16":-0.0208333333,"17":0.0,"18":0.0495049505,"19":0.0847457627,"20":0.0,"21":-1.0,"22":0.0555555556},"main_std":{"0":0.0888567624,"1":0.133318875,"2":0.0001839336,"3":0.1061870119,"4":0.0384175758,"5":null,"6":0.0007070891,"7":0.1363439919,"8":0.0864536139,"9":0.1349734727,"10":0.0371910995,"11":0.139646541,"12":0.1411941408,"13":0.1023351481,"14":0.140703798,"15":0.0553188174,"16":0.1147118946,"17":0.063173614,"18":0.1150160222,"19":0.0704092416,"20":0.0450804496,"21":null,"22":0.0224839277},"sentiment_std":{"0":0.4385290097,"1":0.4698356597,"2":0.3333333333,"3":0.4259823982,"4":0.0,"5":null,"6":0.0,"7":0.2913857587,"8":0.3718250896,"9":0.5233656313,"10":0.3015113446,"11":0.3413319949,"12":0.7071067812,"13":0.3337119062,"14":0.2085144141,"15":0.1824879235,"16":0.6010481389,"17":0.0,"18":0.384089511,"19":0.2808936228,"20":0.3592106041,"21":null,"22":0.2323106841},"sentiment_pv":{"0":0.300677815,"1":0.030061846,"2":0.9164584627,"3":0.5663398323,"4":2.300627908e-52,"5":null,"6":2.300627908e-52,"7":0.0162774281,"8":0.0102271133,"9":0.0000060722,"10":0.9304406847,"11":0.0966248237,"12":0.5697111857,"13":0.5671225411,"14":0.2186450638,"15":0.0001084244,"16":0.1745746584,"17":2.300627908e-52,"18":0.2037708518,"19":0.701083601,"20":0.1305754502,"21":null,"22":0.2747835732},"main_pv":{"0":0.834976516,"1":0.1839669448,"2":3.707540144e-28,"3":0.8299968586,"4":0.3515739561,"5":null,"6":5.3815374e-20,"7":0.7907979826,"8":0.069909101,"9":0.8083130277,"10":0.5807016154,"11":0.7448072114,"12":0.5684148845,"13":0.2040374311,"14":0.5245076891,"15":0.0090989337,"16":0.0199137546,"17":0.6969705983,"18":0.7440017192,"19":0.9020099279,"20":0.2056653592,"21":null,"22":0.000058603},"count":{"0":13,"1":1526,"2":9,"3":346,"4":5,"5":1,"6":2,"7":106,"8":560,"9":1656,"10":11,"11":283,"12":2,"13":56,"14":23,"15":146,"16":48,"17":5,"18":101,"19":59,"20":32,"21":1,"22":36},"nb_en":{"0":4,"1":603,"2":0,"3":116,"4":1,"5":0,"6":1,"7":22,"8":247,"9":778,"10":2,"11":74,"12":0,"13":6,"14":2,"15":14,"16":45,"17":0,"18":14,"19":1,"20":9,"21":1,"22":3},"nb_de":{"0":3,"1":6,"2":9,"3":212,"4":4,"5":1,"6":1,"7":26,"8":308,"9":841,"10":9,"11":15,"12":2,"13":50,"14":21,"15":131,"16":0,"17":1,"18":87,"19":57,"20":19,"21":0,"22":33}}