{"canton":{"0":"NE","1":"GE","2":"TG","3":"BE","4":"SZ","5":"GL","6":"UR","7":"FR","8":"BS","9":"BL","10":"ZH","11":"VD","12":"SG","13":"GR","14":"AR","15":"LU","16":"TI","17":"JU","18":"AG","19":"SH","20":"VS","21":"AI","22":"SO","23":"NW"},"main_mean":{"0":0.0329532705,"1":0.0208300269,"2":0.0112303268,"3":0.009203395,"4":-0.0205518346,"5":0.0001481465,"6":0.000099999,"7":0.0170571086,"8":0.0139356646,"9":0.0261597434,"10":0.0143877906,"11":0.0166006706,"12":0.0697045887,"13":-0.0042386207,"14":0.0220947089,"15":0.0065509708,"16":0.0086923127,"17":0.0116725925,"18":0.0463024452,"19":0.001808016,"20":0.0157486193,"21":0.1828752606,"22":0.0497305202,"23":-0.0221831876},"sentiment_mean":{"0":0.15625,"1":0.0497720365,"2":0.0487804878,"3":0.0493381468,"4":0.0,"5":0.0,"6":0.0,"7":0.0566037736,"8":0.086102719,"9":0.064516129,"10":0.1182679296,"11":0.0755555556,"12":0.25,"13":0.0303030303,"14":0.1111111111,"15":0.0588235294,"16":0.085106383,"17":0.0,"18":0.106557377,"19":0.0113636364,"20":0.0909090909,"21":0.5,"22":0.1041666667,"23":0.0},"main_std":{"0":0.1403833417,"1":0.1297848976,"2":0.044926802,"3":0.0865795325,"4":0.0563085618,"5":0.0002565973,"6":0.000199998,"7":0.0970403789,"8":0.0787581853,"9":0.1036861047,"10":0.1173900016,"11":0.1357027955,"12":0.1889334955,"13":0.0507998711,"14":0.0734290177,"15":0.061130326,"16":0.094835531,"17":0.0206222046,"18":0.1397559081,"19":0.072789999,"20":0.0911597184,"21":0.1081542316,"22":0.1801151502,"23":0.0497135519},"sentiment_std":{"0":0.3689020326,"1":0.5152482448,"2":0.21808479,"3":0.3754148484,"4":0.0,"5":0.0,"6":0.0,"7":0.3606921568,"8":0.3566785443,"9":0.2497310381,"10":0.4862252299,"11":0.3717523398,"12":0.4912273891,"13":0.174077656,"14":0.3333333333,"15":0.2918778816,"16":0.5803146063,"17":0.0,"18":0.3592318952,"19":0.2834239821,"20":0.2893649208,"21":0.7071067812,"22":0.3087092782,"23":0.7071067812},"sentiment_pv":{"0":0.2842883577,"1":0.0014976085,"2":0.2979640982,"3":0.0101135536,"4":1.380165612e-71,"5":1.380165612e-71,"6":1.380165612e-71,"7":0.4231960325,"8":0.9411524424,"9":0.6525516248,"10":0.0003445988,"11":0.5299451543,"12":0.0004704327,"13":0.0834227333,"14":0.8203948437,"15":0.2128883845,"16":0.9988752005,"17":1.380165612e-71,"18":0.5134525492,"19":0.0180127408,"20":0.8601604572,"21":0.5589805004,"22":0.671082312,"23":0.8013497623},"main_pv":{"0":0.5204115677,"1":0.1505706806,"2":0.4382005288,"3":0.0190361243,"4":0.0819829461,"5":4.447989999e-42,"6":5.406456319e-43,"7":0.9786100881,"8":0.3838089436,"9":0.6196769086,"10":0.288855442,"11":0.9700844228,"12":0.0032182315,"13":0.0244405118,"14":0.8343781255,"15":0.0220018929,"16":0.4126383663,"17":0.5088611646,"18":0.0219274757,"19":0.0593434415,"20":0.9200466576,"21":0.2746655911,"22":0.2119879152,"23":0.1544275067},"count":{"0":32,"1":2632,"2":41,"3":831,"4":9,"5":3,"6":4,"7":106,"8":662,"9":31,"10":3695,"11":675,"12":116,"13":33,"14":9,"15":204,"16":94,"17":8,"18":122,"19":88,"20":77,"21":2,"22":48,"23":5},"nb_en":{"0":11,"1":1334,"2":3,"3":226,"4":1,"5":0,"6":0,"7":31,"8":172,"9":4,"10":1613,"11":179,"12":20,"13":2,"14":3,"15":44,"16":90,"17":1,"18":8,"19":8,"20":14,"21":0,"22":5,"23":2},"nb_de":{"0":1,"1":17,"2":38,"3":550,"4":8,"5":3,"6":4,"7":24,"8":477,"9":27,"10":2027,"11":14,"12":96,"13":31,"14":6,"15":160,"16":0,"17":0,"18":113,"19":80,"20":31,"21":2,"22":42,"23":3}}