{"canton":{"0":"UR","1":"BE","2":"BL","3":"JU","4":"TG","5":"TI","6":"VD","7":"SG","8":"GR","9":"SH","10":"AG","11":"GE","12":"BS","13":"FR","14":"AR","15":"GL","16":"ZH","17":"SO","18":"NE","19":"LU","20":"AI","21":"VS","22":"SZ"},"main_mean":{"0":-0.0355202413,"1":0.0129104557,"2":0.0022427434,"3":0.2109465583,"4":0.0012315301,"5":-0.0129008583,"6":0.0479248235,"7":0.0442188624,"8":0.021332527,"9":-0.0022237992,"10":0.0341459669,"11":0.0186134198,"12":0.0122530663,"13":0.0090406927,"14":0.279271501,"15":-0.0013475181,"16":0.0135334632,"17":0.0115004997,"18":0.0071959538,"19":0.0074814419,"20":0.0,"21":0.0003520554,"22":0.0381891794},"sentiment_mean":{"0":0.0,"1":0.1017964072,"2":0.0,"3":0.2,"4":0.1666666667,"5":0.0083333333,"6":0.0735694823,"7":0.1379310345,"8":0.0175438596,"9":0.0151515152,"10":0.0096153846,"11":0.0483304042,"12":0.0609756098,"13":0.017699115,"14":1.0,"15":0.0,"16":0.1660113587,"17":0.0,"18":-0.0833333333,"19":0.0666666667,"20":0.0,"21":0.1111111111,"22":0.1111111111},"main_std":{"0":0.0710404827,"1":0.1129351773,"2":0.0102430038,"3":0.4418576133,"4":0.0942419224,"5":0.2072934475,"6":0.1831280509,"7":0.1452921552,"8":0.0744946239,"9":0.0187691306,"10":0.171466089,"11":0.1333071801,"12":0.112781404,"13":0.0954313826,"14":0.2111333241,"15":0.0031349468,"16":0.1241829732,"17":0.029922467,"18":0.1255903368,"19":0.0591551108,"20":null,"21":0.088867403,"22":0.0656350382},"sentiment_std":{"0":0.0,"1":0.423812183,"2":0.0,"3":0.4472135955,"4":0.3834824944,"5":0.6797902956,"6":0.3584027407,"7":0.3950694304,"8":0.1324532357,"9":0.2142912642,"10":0.4061467597,"11":0.5078217458,"12":0.4090890275,"13":0.3531061375,"14":0.0,"15":0.0,"16":0.5558476815,"17":0.0,"18":0.3683941988,"19":0.373822939,"20":null,"21":0.3984095364,"22":0.3333333333},"sentiment_pv":{"0":2.099485205e-52,"1":0.6704725278,"2":2.099485205e-52,"3":0.6221588973,"4":0.429304776,"5":0.1753497709,"6":0.3155893083,"7":0.3966293599,"8":0.0001164874,"9":0.0051108554,"10":0.0400812946,"11":0.0002439496,"12":0.0961681895,"13":0.0269544342,"14":0.0,"15":2.099485205e-52,"16":0.0000000317,"17":2.099485205e-52,"18":0.0069752662,"19":0.472447961,"20":null,"21":0.7912791627,"22":0.8769923049},"main_pv":{"0":0.2367354086,"1":0.4551074055,"2":0.0000000059,"3":0.3816314203,"4":0.4920846081,"5":0.1196299015,"6":0.0014629069,"7":0.1584362856,"8":0.656532559,"9":0.0000000003,"10":0.3085655081,"11":0.5867919274,"12":0.3870792343,"13":0.3925295429,"14":0.3292768348,"15":0.0150006511,"16":0.2740509019,"17":0.4331372739,"18":0.6478985546,"19":0.1197670739,"20":null,"21":0.2750323948,"22":0.3591855475},"count":{"0":4,"1":501,"2":36,"3":5,"4":18,"5":120,"6":367,"7":58,"8":57,"9":66,"10":104,"11":2276,"12":492,"13":113,"14":2,"15":2,"16":2289,"17":21,"18":36,"19":105,"20":1,"21":36,"22":9},"nb_en":{"0":1,"1":181,"2":0,"3":0,"4":3,"5":112,"6":101,"7":8,"8":3,"9":9,"10":28,"11":1127,"12":122,"13":17,"14":0,"15":0,"16":1236,"17":0,"18":10,"19":31,"20":0,"21":8,"22":4},"nb_de":{"0":3,"1":303,"2":36,"3":0,"4":15,"5":6,"6":4,"7":50,"8":54,"9":57,"10":74,"11":8,"12":358,"13":22,"14":2,"15":2,"16":1005,"17":21,"18":9,"19":74,"20":1,"21":21,"22":5},"nb_fr":{"0":0,"1":17,"2":0,"3":5,"4":0,"5":2,"6":262,"7":0,"8":0,"9":0,"10":2,"11":1141,"12":12,"13":74,"14":0,"15":0,"16":48,"17":0,"18":17,"19":0,"20":0,"21":7,"22":0}}