{"canton":{"0":"NE","1":"GE","2":"TG","3":"BE","4":"SZ","5":"SO","6":"UR","7":"FR","8":"BS","9":"ZH","10":"OW","11":"VD","12":"SG","13":"GR","14":"AR","15":"LU","16":"GL","17":"TI","18":"JU","19":"AG","20":"SH","21":"VS","22":"AI","23":"BL","24":"NW"},"main_mean":{"0":0.0426392182,"1":0.0155945509,"2":0.0237722628,"3":0.0177188877,"4":-0.0128159734,"5":0.0626466218,"6":0.0025872169,"7":0.0202200555,"8":0.0111114342,"9":0.0193995167,"10":0.000199998,"11":0.0253075222,"12":0.01323413,"13":0.0485460072,"14":0.0141783368,"15":0.0032600279,"16":-0.0206638428,"17":0.0352420339,"18":0.0041169788,"19":0.0064360954,"20":0.0065067707,"21":-0.0000136004,"22":0.0303027548,"23":0.0021935437,"24":-0.0009395712},"sentiment_mean":{"0":0.0606060606,"1":0.05597162,"2":0.1176470588,"3":0.0460299194,"4":-0.125,"5":0.0487804878,"6":0.0,"7":0.0054644809,"8":0.0671755725,"9":0.1291542826,"10":0.0,"11":0.0518783542,"12":0.1232876712,"13":0.0769230769,"14":0.0,"15":0.0342857143,"16":0.0,"17":0.2666666667,"18":0.0,"19":0.0662650602,"20":0.0348837209,"21":0.0526315789,"22":0.3333333333,"23":0.0,"24":0.0},"main_std":{"0":0.1478912499,"1":0.1136578063,"2":0.0572187369,"3":0.1078972327,"4":0.3156105457,"5":0.2067174567,"6":0.0051685906,"7":0.1156718071,"8":0.0960814732,"9":0.1131728877,"10":0.0002828399,"11":0.1328034311,"12":0.1142212724,"13":0.1398734551,"14":0.0140528085,"15":0.0396103592,"16":0.028605981,"17":0.1324104686,"18":0.0889947893,"19":0.0687086335,"20":0.0424509879,"21":0.1358575469,"22":0.052485911,"23":0.0117141301,"24":0.0022049445},"sentiment_std":{"0":0.42861652,"1":0.5283941022,"2":0.3321055821,"3":0.3529970484,"4":0.6408699445,"5":0.21808479,"6":0.0,"7":0.2457835141,"8":0.3930673597,"9":0.4719895363,"10":0.0,"11":0.3209962308,"12":0.439229296,"13":0.2699527624,"14":0.0,"15":0.2116476919,"16":0.0,"17":0.5363212185,"18":0.0,"19":0.294094237,"20":0.2399840396,"21":0.5171318208,"22":0.5773502692,"23":0.0,"24":0.0},"sentiment_pv":{"0":0.7413620223,"1":0.0102472904,"2":0.6954890233,"3":0.0022031696,"4":0.3838779673,"5":0.2917618174,"6":7.523419805e-73,"7":0.0000304228,"8":0.2543736071,"9":0.0000015071,"10":7.523419805e-73,"11":0.019562283,"12":0.4664277456,"13":0.8447634614,"14":7.523419805e-73,"15":0.0024205484,"16":7.523419805e-73,"17":0.0019346771,"18":7.523419805e-73,"19":0.4103917469,"20":0.0574518389,"21":0.6979380526,"22":0.5346574382,"23":7.523419805e-73,"24":7.523419805e-73},"main_pv":{"0":0.3391879636,"1":0.421073242,"2":0.6653013569,"3":0.9828163018,"4":0.7928112115,"5":0.1712009011,"6":0.0009693447,"7":0.764933549,"8":0.0972144125,"9":0.4212557804,"10":2.744320352e-45,"11":0.1815575603,"12":0.7438123456,"13":0.1761604716,"14":0.6154195915,"15":0.0000119204,"16":0.3085141705,"17":0.2119706804,"18":0.781164852,"19":0.0415890195,"20":0.0204609524,"21":0.4289410117,"22":0.7166368422,"23":0.0000000026,"24":0.0},"count":{"0":33,"1":2537,"2":17,"3":869,"4":8,"5":41,"6":5,"7":183,"8":655,"9":3701,"10":2,"11":559,"12":73,"13":39,"14":5,"15":175,"16":2,"17":90,"18":4,"19":166,"20":86,"21":38,"22":3,"23":37,"24":6},"nb_en":{"0":16,"1":1312,"2":4,"3":202,"4":6,"5":3,"6":0,"7":22,"8":183,"9":1551,"10":0,"11":121,"12":18,"13":5,"14":1,"15":26,"16":0,"17":83,"18":1,"19":20,"20":9,"21":15,"22":1,"23":2,"24":2},"nb_de":{"0":1,"1":8,"2":13,"3":623,"4":2,"5":38,"6":5,"7":44,"8":460,"9":2090,"10":2,"11":16,"12":55,"13":34,"14":4,"15":149,"16":2,"17":0,"18":0,"19":144,"20":77,"21":15,"22":2,"23":35,"24":4}}