{"canton":{"0":"SG","1":"TI","2":"VS","3":"AG","4":"TG","5":"ZH","6":"VD","7":"BE","8":"GE","9":"SH","10":"AI","11":"SZ","12":"LU","13":"GR","14":"NE","15":"FR","16":"BS"},"main_mean":{"0":0.1034056841,"1":0.0224301217,"2":0.0032058821,"3":0.0107226465,"4":0.0,"5":0.0170911927,"6":0.0169493413,"7":0.0014257306,"8":0.0207840469,"9":0.0297973332,"10":0.0,"11":0.0454541322,"12":0.0611980395,"13":0.0,"14":0.0,"15":0.0085463438,"16":0.0066866886},"sentiment_mean":{"0":0.3,"1":0.0945945946,"2":0.4545454545,"3":0.1538461538,"4":0.3333333333,"5":0.315696649,"6":0.2068965517,"7":0.1,"8":0.1128318584,"9":0.3333333333,"10":0.0,"11":1.0,"12":0.2222222222,"13":0.5,"14":0.0,"15":0.1538461538,"16":0.1262135922},"main_std":{"0":0.3191820977,"1":0.1561590653,"2":0.1240552466,"3":0.1232625044,"4":0.0,"5":0.1354103352,"6":0.212290094,"7":0.1487258808,"8":0.139396887,"9":0.1116836499,"10":0.0,"11":0.0642818503,"12":0.1614951377,"13":0.0,"14":0.0,"15":0.1539831033,"16":0.093643013},"sentiment_std":{"0":0.8232726023,"1":0.5531706596,"2":0.687551651,"3":0.6887372317,"4":0.5773502692,"5":0.7061578848,"6":0.789372851,"7":0.660962562,"8":0.7031735926,"9":0.7071067812,"10":0.0,"11":0.0,"12":0.5483188806,"13":0.7071067812,"14":0.0,"15":0.5547001962,"16":0.6519895893},"sentiment_pv":{"0":0.7378479556,"1":0.0832405485,"2":0.2662314559,"3":0.7743040228,"4":0.7470022715,"5":0.0000279733,"6":0.9763664551,"7":0.0328059171,"8":0.0003676585,"9":0.6155061296,"10":2.882302976e-49,"11":0.0,"12":0.9262107628,"13":0.6653968287,"14":2.882302976e-49,"15":0.7224066889,"16":0.2050475652},"main_pv":{"0":0.4171726971,"1":0.7911123939,"2":0.7100771662,"3":0.8455400134,"4":0.0000000003,"5":0.9254333593,"6":0.9830000503,"7":0.159860234,"8":0.549651042,"9":0.7511670707,"10":0.0000000003,"11":0.6493950867,"12":0.2684486568,"13":0.0000000003,"14":0.0000000003,"15":0.8368947392,"16":0.2619075101},"count":{"0":10,"1":74,"2":11,"3":13,"4":3,"5":1134,"6":58,"7":180,"8":904,"9":9,"10":2,"11":2,"12":18,"13":2,"14":2,"15":13,"16":103},"nb_en":{"0":10,"1":74,"2":11,"3":13,"4":3,"5":1134,"6":58,"7":180,"8":904,"9":9,"10":2,"11":2,"12":18,"13":2,"14":2,"15":13,"16":103},"nb_de":{"0":0,"1":0,"2":0,"3":0,"4":0,"5":0,"6":0,"7":0,"8":0,"9":0,"10":0,"11":0,"12":0,"13":0,"14":0,"15":0,"16":0}}