{"canton":{"0":"NE","1":"GE","2":"TG","3":"BE","4":"SZ","5":"SO","6":"UR","7":"FR","8":"BS","9":"ZH","10":"OW","11":"VD","12":"SG","13":"GR","14":"AR","15":"LU","16":"GL","17":"TI","18":"JU","19":"AG","20":"SH","21":"VS","22":"AI","23":"BL","24":"NW"},"main_mean":{"0":0.0204725779,"1":0.0199280384,"2":0.0031993523,"3":0.01504353,"4":-0.0456660898,"5":0.0118746029,"6":0.0026192556,"7":0.002472298,"8":0.0145520889,"9":0.0190492006,"10":0.0085554601,"11":0.0342563977,"12":0.0589936678,"13":0.0088782658,"14":0.023244388,"15":0.0161801103,"16":0.0004444395,"17":-0.0173332269,"18":0.0693594835,"19":0.0433104872,"20":0.0030607579,"21":-0.0028003562,"22":0.0,"23":0.0157628089,"24":0.0036666258},"sentiment_mean":{"0":0.0,"1":0.0657331778,"2":0.0,"3":0.0429864253,"4":-0.2,"5":0.0178571429,"6":0.0,"7":0.0074074074,"8":0.0690846287,"9":0.1358300727,"10":0.0,"11":0.0633147114,"12":0.1953125,"13":0.0,"14":0.1428571429,"15":0.1157894737,"16":0.0,"17":0.0081967213,"18":0.25,"19":0.0740740741,"20":0.0,"21":0.109375,"22":0.0,"23":0.0465116279,"24":0.0},"main_std":{"0":0.0614923171,"1":0.1325409084,"2":0.0170063183,"3":0.1318390543,"4":0.1145884472,"5":0.0398975057,"6":0.0126161029,"7":0.1280497957,"8":0.100179999,"9":0.1163560723,"10":0.0151662176,"11":0.1319901386,"12":0.1869227862,"13":0.0759252582,"14":0.0411307839,"15":0.0650739202,"16":null,"17":0.1345677127,"18":0.1303660108,"19":0.1667600971,"20":0.0628655664,"21":0.0609762919,"22":null,"23":0.0656978892,"24":0.0098784867},"sentiment_std":{"0":0.4803844614,"1":0.5128280835,"2":0.0,"3":0.3752937933,"4":0.4472135955,"5":0.3009724499,"6":0.0,"7":0.2590538553,"8":0.3840158744,"9":0.4886141662,"10":0.0,"11":0.3761730405,"12":0.397998808,"13":0.0,"14":0.377964473,"15":0.3369064962,"16":null,"17":0.552917157,"18":0.5,"19":0.3494902288,"20":0.268866429,"21":0.3615305866,"22":null,"23":0.2130826323,"24":0.0},"sentiment_pv":{"0":0.3372424352,"1":0.0269005048,"2":1.806100192e-78,"3":0.0004481956,"4":0.2200435569,"5":0.0782374809,"6":1.806100192e-78,"7":0.0003719602,"8":0.1990998663,"9":0.0000017087,"10":1.806100192e-78,"11":0.1086883781,"12":0.0037348222,"13":1.806100192e-78,"14":0.7266782062,"15":0.3110632792,"16":null,"17":0.1042545838,"18":0.5688686624,"19":0.5261860505,"20":0.0030763225,"21":0.6792362108,"22":null,"23":0.1873957369,"24":1.806100192e-78},"main_pv":{"0":0.9217276773,"1":0.8269367813,"2":0.0002022561,"3":0.357464807,"4":0.2737615744,"5":0.1810420458,"6":0.0021817605,"7":0.1318092492,"8":0.2768196297,"9":0.9169594506,"10":0.3444950804,"11":0.0106061809,"12":0.018023734,"13":0.3654381017,"14":0.8083141256,"15":0.5252858318,"16":null,"17":0.0033689855,"18":0.4983832768,"19":0.0503670052,"20":0.0222774675,"21":0.005675438,"22":null,"23":0.7284703206,"24":0.0047731396},"count":{"0":27,"1":2571,"2":23,"3":884,"4":5,"5":56,"6":10,"7":135,"8":579,"9":3578,"10":3,"11":537,"12":128,"13":45,"14":7,"15":190,"16":1,"17":122,"18":4,"19":189,"20":84,"21":64,"22":1,"23":43,"24":7},"nb_en":{"0":10,"1":1235,"2":1,"3":260,"4":1,"5":4,"6":0,"7":19,"8":142,"9":1488,"10":0,"11":146,"12":24,"13":3,"14":3,"15":34,"16":0,"17":107,"18":1,"19":21,"20":13,"21":17,"22":0,"23":0,"24":0},"nb_de":{"0":1,"1":12,"2":22,"3":588,"4":4,"5":52,"6":10,"7":44,"8":425,"9":2039,"10":3,"11":31,"12":104,"13":42,"14":4,"15":155,"16":1,"17":6,"18":0,"19":157,"20":71,"21":34,"22":1,"23":43,"24":7}}