{"canton":{"0":"UR","1":"NW","2":"BE","3":"BL","4":"TI","5":"GR","6":"VD","7":"SG","8":"JU","9":"SH","10":"OW","11":"AG","12":"GE","13":"BS","14":"FR","15":"AR","16":"ZH","17":"SO","18":"NE","19":"LU","20":"AI","21":"VS","22":"SZ","23":"TG"},"main_mean":{"0":0.0,"1":-0.0344923775,"2":0.013494238,"3":0.0131935583,"4":0.0248762017,"5":0.0044550728,"6":0.0252514963,"7":0.0333586976,"8":0.0330861512,"9":0.0064358813,"10":-0.0258692831,"11":0.0097996337,"12":0.0208434619,"13":0.0115671798,"14":0.0277654909,"15":-0.0015995087,"16":0.0203054404,"17":-0.0028896573,"18":0.0155004383,"19":0.0003673715,"20":0.0,"21":-0.0034138991,"22":-0.0175467888,"23":0.0021895867},"sentiment_mean":{"0":0.0,"1":0.0,"2":0.0736196319,"3":0.0487804878,"4":0.1487179487,"5":0.0555555556,"6":0.0607476636,"7":0.0571428571,"8":0.0,"9":0.0434782609,"10":0.0,"11":0.0491803279,"12":0.073197378,"13":0.0407407407,"14":0.0598290598,"15":0.0,"16":0.1407648495,"17":0.0487804878,"18":0.1621621622,"19":0.0096618357,"20":0.0,"21":0.037037037,"22":0.0,"23":0.0},"main_std":{"0":0.0,"1":0.0302548893,"2":0.0959967512,"3":0.0688529033,"4":0.1220199489,"5":0.0319990059,"6":0.1286766733,"7":0.1251781343,"8":0.0967269182,"9":0.0536221614,"10":0.0301275606,"11":0.1276162589,"12":0.1240561528,"13":0.09195635,"14":0.1268045086,"15":0.0126848835,"16":0.1156737884,"17":0.0421858202,"18":0.0898961634,"19":0.0639237639,"20":null,"21":0.061722475,"22":0.0412110765,"23":0.0225306442},"sentiment_std":{"0":0.0,"1":0.0,"2":0.3702426691,"3":0.3123475238,"4":0.511149803,"5":0.3019850469,"6":0.3075514521,"7":0.2713418022,"8":0.0,"9":0.2932591952,"10":0.0,"11":0.3110222818,"12":0.5157933133,"13":0.4065870065,"14":0.3020218732,"15":0.0,"16":0.4952139475,"17":0.21808479,"18":0.500750188,"19":0.220113346,"20":null,"21":0.3867114844,"22":0.0,"23":0.0},"sentiment_pv":{"0":1.508334752e-88,"1":1.508334752e-88,"2":0.1180871854,"3":0.3490499914,"4":0.1486682804,"5":0.3420039229,"6":0.0082999407,"7":0.1598254557,"8":1.508334752e-88,"9":0.0977802919,"10":1.508334752e-88,"11":0.1094103079,"12":0.0438504835,"13":0.0027589765,"14":0.2139221225,"15":1.508334752e-88,"16":0.0000013703,"17":0.1842505058,"18":0.4221081315,"19":0.0000002077,"20":null,"21":0.2758058391,"22":1.508334752e-88,"23":1.508334752e-88},"main_pv":{"0":1.046831136e-57,"1":0.0919010474,"2":0.1322539066,"3":0.6033369051,"4":0.4955955816,"5":0.0022205411,"6":0.2202765525,"7":0.2399987175,"8":0.578273767,"9":0.0320191558,"10":0.0586455718,"11":0.4368823026,"12":0.4520926743,"13":0.0777435201,"14":0.45109519,"15":0.0046988655,"16":0.5172611023,"17":0.0022577814,"18":0.8221091513,"19":0.0000769778,"20":null,"21":0.0111573169,"22":0.0293224709,"23":0.0032316407},"count":{"0":3,"1":3,"2":815,"3":41,"4":195,"5":54,"6":642,"7":105,"8":15,"9":92,"10":4,"11":122,"12":2746,"13":540,"14":117,"15":7,"16":3687,"17":41,"18":37,"19":207,"20":1,"21":54,"22":9,"23":21},"nb_en":{"0":1,"1":0,"2":209,"3":3,"4":110,"5":7,"6":104,"7":8,"8":2,"9":9,"10":0,"11":20,"12":1389,"13":125,"14":21,"15":0,"16":1592,"17":1,"18":18,"19":24,"20":0,"21":13,"22":1,"23":1},"nb_de":{"0":2,"1":3,"2":558,"3":38,"4":3,"5":47,"6":23,"7":97,"8":0,"9":83,"10":4,"11":101,"12":18,"13":403,"14":35,"15":7,"16":2021,"17":40,"18":9,"19":180,"20":1,"21":37,"22":8,"23":20},"nb_fr":{"0":0,"1":0,"2":48,"3":0,"4":82,"5":0,"6":515,"7":0,"8":13,"9":0,"10":0,"11":1,"12":1339,"13":12,"14":61,"15":0,"16":74,"17":0,"18":10,"19":3,"20":0,"21":4,"22":0,"23":0}}