{"canton":{"0":"NE","1":"GE","2":"TG","3":"BE","4":"SZ","5":"SO","6":"UR","7":"FR","8":"BS","9":"ZH","10":"OW","11":"VD","12":"SG","13":"GR","14":"AR","15":"LU","16":"GL","17":"TI","18":"JU","19":"AG","20":"SH","21":"VS","22":"BL","23":"NW"},"main_mean":{"0":0.0243416721,"1":0.0180871313,"2":0.0040805559,"3":0.0140442191,"4":0.0234720734,"5":0.0426430867,"6":0.0001688871,"7":0.0330465542,"8":0.013432478,"9":0.018896413,"10":-0.0249101746,"11":0.0295146506,"12":0.0447269076,"13":0.0085795802,"14":0.0888382526,"15":0.0135870181,"16":0.2762087352,"17":0.0093028703,"18":0.0340975271,"19":0.0105149221,"20":0.0085659889,"21":-0.0081503893,"22":0.0077303918,"23":-0.0097953722},"sentiment_mean":{"0":0.1,"1":0.0571766562,"2":0.0454545455,"3":0.05875153,"4":0.1666666667,"5":0.1142857143,"6":0.0,"7":0.050955414,"8":0.0744125326,"9":0.1312985891,"10":0.2,"11":0.0127659574,"12":0.1351351351,"13":0.0952380952,"14":0.25,"15":0.0903225806,"16":0.5,"17":0.0756302521,"18":0.0625,"19":0.0,"20":0.036036036,"21":0.0,"22":0.0243902439,"23":0.0},"main_std":{"0":0.0734562032,"1":0.1192272288,"2":0.0374528872,"3":0.1014807277,"4":0.0591791545,"5":0.163071714,"6":0.0002317914,"7":0.1083096112,"8":0.0933307536,"9":0.109756433,"10":0.1369480723,"11":0.1410884083,"12":0.1481116989,"13":0.0368312399,"14":0.1840582527,"15":0.0913642797,"16":0.3045993162,"17":0.1357870149,"18":0.0530425874,"19":0.1104700639,"20":0.044825593,"21":0.0603202836,"22":0.0552488917,"23":0.0167683125},"sentiment_std":{"0":0.3789323734,"1":0.4900224947,"2":0.2132007164,"3":0.3555924471,"4":0.4082482905,"5":0.471008216,"6":0.0,"7":0.3161502877,"8":0.425891584,"9":0.4721896743,"10":0.8366600265,"11":0.4076125409,"12":0.3689416432,"13":0.2971017572,"14":0.4629100499,"15":0.400774282,"16":0.7071067812,"17":0.6530198931,"18":0.25,"19":0.3905667329,"20":0.2307272269,"21":0.1961161351,"22":0.1561737619,"23":0.0},"sentiment_pv":{"0":0.8147179814,"1":0.0081995403,"2":0.386890631,"3":0.0423359814,"4":0.6482273652,"5":0.7233597191,"6":1.17863043e-71,"7":0.1763100035,"8":0.4788980929,"9":0.000001078,"10":0.7754795499,"11":0.0001836634,"12":0.1655911646,"13":0.8390895849,"14":0.3493328609,"15":0.8901418628,"16":0.559583569,"17":0.8655322346,"18":0.7149926532,"19":0.0190469162,"20":0.0281755919,"21":0.002732245,"22":0.0174542673,"23":1.17863043e-71},"main_pv":{"0":0.6111984554,"1":0.9177101101,"2":0.0907541269,"3":0.2486456775,"4":0.8409274175,"5":0.3849261067,"6":3.876182392e-53,"7":0.0941855104,"8":0.167837425,"9":0.8074722891,"10":0.518897051,"11":0.0922575341,"12":0.0642369053,"13":0.0988887329,"14":0.3147311738,"15":0.5216067598,"16":0.4430227164,"17":0.4702138168,"18":0.2552627669,"19":0.4430596835,"20":0.028239214,"21":0.0025239581,"22":0.2290824097,"23":0.0985825001},"count":{"0":40,"1":2536,"2":22,"3":817,"4":6,"5":35,"6":5,"7":157,"8":766,"9":3473,"10":5,"11":470,"12":111,"13":42,"14":8,"15":155,"16":2,"17":119,"18":16,"19":119,"20":111,"21":53,"22":41,"23":3},"nb_en":{"0":9,"1":1175,"2":2,"3":196,"4":2,"5":5,"6":0,"7":28,"8":291,"9":1401,"10":3,"11":121,"12":17,"13":4,"14":0,"15":41,"16":0,"17":112,"18":2,"19":21,"20":8,"21":7,"22":1,"23":0},"nb_de":{"0":17,"1":8,"2":20,"3":585,"4":4,"5":30,"6":5,"7":51,"8":463,"9":1981,"10":2,"11":22,"12":94,"13":38,"14":8,"15":112,"16":2,"17":3,"18":0,"19":95,"20":103,"21":29,"22":40,"23":3}}