{"canton":{"0":"SG","1":"TI","2":"VS","3":"SO","4":"AG","5":"TG","6":"ZH","7":"VD","8":"BE","9":"BL","10":"NW","11":"SH","12":"AR","13":"SZ","14":"LU","15":"GE","16":"GR","17":"NE","18":"FR","19":"BS"},"main_mean":{"0":0.0071569043,"1":0.0061868746,"2":0.0606040405,"3":0.0072751373,"4":0.0656931218,"5":0.0,"6":0.0238511717,"7":0.0384443739,"8":0.0195625616,"9":0.0624992188,"10":-0.0555549383,"11":-0.0079364859,"12":-0.0499995,"13":0.0,"14":0.0077499631,"15":0.0154987136,"16":0.0058922889,"17":-0.0564158815,"18":0.0148591023,"19":0.0188353041},"sentiment_mean":{"0":-0.0714285714,"1":0.1684210526,"2":0.2727272727,"3":0.3333333333,"4":0.15,"5":0.3333333333,"6":0.2550561798,"7":0.1904761905,"8":0.2018348624,"9":0.5,"10":0.0,"11":-0.1428571429,"12":-0.5,"13":0.0,"14":0.2926829268,"15":0.1347962382,"16":0.3333333333,"17":-0.0588235294,"18":0.2592592593,"19":0.1944444444},"main_std":{"0":0.0784086545,"1":0.1412503825,"2":0.201000863,"3":0.0693889553,"4":0.2399685687,"5":0.0,"6":0.1391136101,"7":0.1662533659,"8":0.1615125062,"9":0.0883872428,"10":0.0785665472,"11":0.0655656763,"12":0.070709971,"13":null,"14":0.0954122082,"15":0.1427102015,"16":0.1199014612,"17":0.1084481974,"18":0.1373840157,"19":0.1220790711},"sentiment_std":{"0":0.6157279262,"1":0.6942412294,"2":0.4670993665,"3":0.8164965809,"4":0.6708203932,"5":0.5773502692,"6":0.6855959993,"7":0.6469863899,"8":0.6689949338,"9":0.7071067812,"10":1.4142135624,"11":0.6900655593,"12":0.7071067812,"13":null,"14":0.5587442366,"15":0.7056161524,"16":0.8164965809,"17":0.7475450016,"18":0.5943705522,"19":0.6614011169},"sentiment_pv":{"0":0.1219333707,"1":0.6493118133,"2":0.6239753845,"3":0.7084912564,"4":0.7367467287,"5":0.7303620664,"6":0.0063598899,"7":0.8325781092,"8":0.9908977716,"9":0.6571685022,"10":0.8735386053,"11":0.2353160663,"12":0.3942121778,"13":null,"14":0.3049326096,"15":0.0033801945,"16":0.7084912564,"17":0.1712365934,"18":0.6182175391,"19":0.9030850981},"main_pv":{"0":0.5428844318,"1":0.3377573099,"2":0.5215304584,"3":0.6652404466,"4":0.4086987649,"5":1.341793762e-18,"6":0.3797358245,"7":0.1660189581,"8":0.9459584011,"9":0.6220215495,"10":0.4020381543,"11":0.2988180531,"12":0.3930946088,"13":null,"14":0.4091208963,"15":0.2954754397,"16":0.7802019176,"17":0.0101803772,"18":0.8385217598,"19":0.8869021206},"count":{"0":14,"1":95,"2":11,"3":6,"4":20,"5":3,"6":1780,"7":168,"8":218,"9":2,"10":2,"11":7,"12":2,"13":1,"14":41,"15":1276,"16":6,"17":17,"18":27,"19":144},"nb_en":{"0":14,"1":95,"2":11,"3":6,"4":20,"5":3,"6":1780,"7":168,"8":218,"9":2,"10":2,"11":7,"12":2,"13":1,"14":41,"15":1276,"16":6,"17":17,"18":27,"19":144},"nb_de":{"0":0,"1":0,"2":0,"3":0,"4":0,"5":0,"6":0,"7":0,"8":0,"9":0,"10":0,"11":0,"12":0,"13":0,"14":0,"15":0,"16":0,"17":0,"18":0,"19":0}}