{"canton":{"0":"SG","1":"JU","2":"VS","3":"SZ","4":"AG","5":"VD","6":"ZH","7":"TG","8":"BE","9":"BL","10":"GE","11":"SH","12":"TI","13":"SO","14":"LU","15":"GR","16":"NE","17":"FR","18":"BS"},"main_mean":{"0":0.0102040087,"1":0.7999840003,"2":0.0340493527,"3":-0.0277776235,"4":0.0860375087,"5":0.0000933501,"6":0.0174856084,"7":-0.0249996875,"8":0.0111569826,"9":-0.1249984375,"10":0.0139531758,"11":-0.0166665278,"12":0.0035084636,"13":-0.0410704487,"14":0.181589711,"15":0.0504042782,"16":-0.14284898,"17":0.0761883175,"18":0.0169936252},"sentiment_mean":{"0":0.0,"1":1.0,"2":0.2307692308,"3":0.5,"4":0.3636363636,"5":0.1616161616,"6":0.2961931291,"7":-0.2,"8":0.1297297297,"9":0.0,"10":0.1317016317,"11":-0.2,"12":0.1764705882,"13":-0.1428571429,"14":0.1904761905,"15":0.6,"16":0.0,"17":0.4285714286,"18":0.1769911504},"main_std":{"0":0.0269972695,"1":null,"2":0.0841645316,"3":0.0392834918,"4":0.1491487786,"5":0.1761587937,"6":0.14346381,"7":0.0559010007,"8":0.1327021969,"9":null,"10":0.1339368228,"11":0.0372674891,"12":0.0867079073,"13":0.1037588583,"14":0.3179195841,"15":0.173495415,"16":0.3113354112,"17":0.1356892811,"18":0.1353807722},"sentiment_std":{"0":0.5773502692,"1":null,"2":0.7250110521,"3":0.7071067812,"4":0.809039835,"5":0.6011395761,"6":0.6941834763,"7":0.4472135955,"8":0.6630237326,"9":null,"10":0.7018210316,"11":0.4472135955,"12":0.597036874,"13":0.8997354108,"14":0.7496030696,"15":0.5477225575,"16":1.0,"17":0.5345224838,"18":0.7467798549},"sentiment_pv":{"0":0.3757827744,"1":null,"2":0.9157748561,"3":0.664440195,"4":0.5409226473,"5":0.4463601523,"6":0.000588556,"7":0.1102592364,"8":0.1193768821,"9":null,"10":0.005355249,"11":0.1102592364,"12":0.6603602345,"13":0.3409560927,"14":0.9112559375,"15":0.1857789207,"16":0.7520518503,"17":0.3195202908,"18":0.6556934536},"main_pv":{"0":0.5774892737,"1":null,"2":0.4668868126,"3":0.3551379756,"4":0.1530106383,"5":0.365494729,"6":0.834640773,"7":0.1734702434,"8":0.6069682087,"9":null,"10":0.6508626335,"11":0.118230576,"12":0.2406214218,"13":0.1936998623,"14":0.0273889572,"15":0.6839234657,"16":0.4691313125,"17":0.2883214038,"18":0.9634820689},"count":{"0":7,"1":1,"2":13,"3":2,"4":11,"5":99,"6":1077,"7":5,"8":185,"9":1,"10":858,"11":5,"12":68,"13":7,"14":21,"15":5,"16":3,"17":7,"18":113},"nb_en":{"0":7,"1":1,"2":13,"3":2,"4":11,"5":99,"6":1077,"7":5,"8":185,"9":1,"10":858,"11":5,"12":68,"13":7,"14":21,"15":5,"16":3,"17":7,"18":113},"nb_de":{"0":0,"1":0,"2":0,"3":0,"4":0,"5":0,"6":0,"7":0,"8":0,"9":0,"10":0,"11":0,"12":0,"13":0,"14":0,"15":0,"16":0,"17":0,"18":0}}