{"canton":{"0":"NE","1":"GE","2":"TG","3":"BE","4":"SZ","5":"GL","6":"UR","7":"FR","8":"BS","9":"BL","10":"ZH","11":"OW","12":"VD","13":"SG","14":"GR","15":"AR","16":"LU","17":"TI","18":"JU","19":"AG","20":"SH","21":"VS","22":"AI","23":"SO","24":"NW"},"main_mean":{"0":0.0244654239,"1":0.0234593108,"2":0.0047399655,"3":0.0182950721,"4":0.0004999938,"5":0.0290497579,"6":0.0001904735,"7":0.0209056613,"8":0.0096085056,"9":0.0162792558,"10":0.0197579791,"11":0.1001894735,"12":0.0241502745,"13":0.009343442,"14":0.0172038792,"15":0.0784623338,"16":0.0009849255,"17":0.0276408468,"18":0.0099494008,"19":0.0442770746,"20":-0.0066533568,"21":-0.0295259802,"22":0.0,"23":0.0032971692,"24":0.0002857102},"sentiment_mean":{"0":0.0769230769,"1":0.0756218905,"2":0.0,"3":0.0589519651,"4":0.0,"5":0.0,"6":0.0,"7":0.0088495575,"8":0.0558375635,"9":0.0277777778,"10":0.1661000486,"11":0.3333333333,"12":0.0534069982,"13":0.0161290323,"14":0.0344827586,"15":0.1818181818,"16":0.0245098039,"17":0.1789473684,"18":0.125,"19":0.0782608696,"20":0.0126582278,"21":0.0227272727,"22":0.0,"23":0.0,"24":0.0},"main_std":{"0":0.1429457947,"1":0.1410568822,"2":0.0249022528,"3":0.1285286882,"4":0.0004999938,"5":null,"6":0.0003299097,"7":0.1371330899,"8":0.0801027403,"9":0.0835183722,"10":0.1320228173,"11":0.1730386297,"12":0.1228625517,"13":0.0956421798,"14":0.0318580711,"15":0.1978353195,"16":0.0509379724,"17":0.1245514828,"18":0.0617903141,"19":0.1396403787,"20":0.0715713835,"21":0.1089965127,"22":null,"23":0.020620723,"24":0.0004040552},"sentiment_std":{"0":0.3922322703,"1":0.4397527885,"2":0.0,"3":0.4168452345,"4":0.0,"5":null,"6":0.0,"7":0.283333953,"8":0.3323194308,"9":0.1666666667,"10":0.5099561631,"11":0.5773502692,"12":0.3255741368,"13":0.2846727109,"14":0.1856953382,"15":0.4045199175,"16":0.2518644856,"17":0.63545841,"18":0.3535533906,"19":0.3284152829,"20":0.2528641515,"21":0.4028177708,"22":null,"23":0.0,"24":0.0},"sentiment_pv":{"0":0.8162532517,"1":0.0825302288,"2":6.619505744e-69,"3":0.0746779688,"4":6.619505744e-69,"5":null,"6":6.619505744e-69,"7":0.0019305596,"8":0.0077518769,"9":0.0226277082,"10":0.0000000124,"11":0.5488625702,"12":0.0055490332,"13":0.0030201233,"14":0.0932173597,"15":0.4933357017,"16":0.0001654431,"17":0.2026591271,"18":0.8175176605,"19":0.5906372864,"20":0.0055768039,"21":0.2420356409,"22":null,"23":6.619505744e-69,"24":6.619505744e-69},"main_pv":{"0":0.8573574685,"1":0.2437689841,"2":0.0120506888,"3":0.8629212598,"4":2.727057141e-31,"5":null,"6":9.16373513e-34,"7":0.9059343704,"8":0.0075503308,"9":0.8267805365,"10":0.905643496,"11":0.5034627416,"12":0.3845672275,"13":0.2529334123,"14":0.7259750795,"15":0.3453184089,"16":0.0000036255,"17":0.5219157294,"18":0.6800046326,"19":0.0599575402,"20":0.0021111516,"21":0.0049211685,"22":null,"23":0.0062630782,"24":5.867918364e-31},"count":{"0":26,"1":2010,"2":23,"3":458,"4":3,"5":1,"6":3,"7":113,"8":591,"9":36,"10":2059,"11":3,"12":543,"13":124,"14":29,"15":11,"16":204,"17":95,"18":8,"19":115,"20":79,"21":44,"22":1,"23":17,"24":2},"nb_en":{"0":6,"1":687,"2":1,"3":163,"4":0,"5":0,"6":1,"7":20,"8":119,"9":2,"10":944,"11":1,"12":105,"13":10,"14":6,"15":1,"16":22,"17":85,"18":3,"19":15,"20":7,"21":12,"22":0,"23":1,"24":1},"nb_de":{"0":7,"1":9,"2":22,"3":282,"4":3,"5":1,"6":2,"7":25,"8":459,"9":34,"10":1090,"11":2,"12":37,"13":114,"14":23,"15":10,"16":182,"17":4,"18":1,"19":99,"20":72,"21":23,"22":1,"23":16,"24":1}}