{"canton":{"0":"UR","1":"NW","2":"BE","3":"BL","4":"TI","5":"TG","6":"VD","7":"GR","8":"SG","9":"JU","10":"SH","11":"OW","12":"AG","13":"GE","14":"BS","15":"FR","16":"AR","17":"GL","18":"ZH","19":"SO","20":"NE","21":"LU","22":"AI","23":"VS","24":"SZ"},"main_mean":{"0":0.0026192556,"1":0.0036666258,"2":0.01504353,"3":0.0157628089,"4":-0.0173332269,"5":0.0031993523,"6":0.0342563977,"7":0.0088782658,"8":0.0589936678,"9":0.0693594835,"10":0.0030607579,"11":0.0085554601,"12":0.0433104872,"13":0.0199280384,"14":0.0145520889,"15":0.002472298,"16":0.023244388,"17":0.0004444395,"18":0.0190492006,"19":0.0118746029,"20":0.0204725779,"21":0.0161801103,"22":0.0,"23":-0.0028003562,"24":-0.0456660898},"sentiment_mean":{"0":0.0,"1":0.0,"2":0.0429864253,"3":0.0465116279,"4":0.0081967213,"5":0.0,"6":0.0633147114,"7":0.0,"8":0.1953125,"9":0.25,"10":0.0,"11":0.0,"12":0.0740740741,"13":0.0657331778,"14":0.0690846287,"15":0.0074074074,"16":0.1428571429,"17":0.0,"18":0.1358300727,"19":0.0178571429,"20":0.0,"21":0.1157894737,"22":0.0,"23":0.109375,"24":-0.2},"main_std":{"0":0.0126161029,"1":0.0098784867,"2":0.1318390543,"3":0.0656978892,"4":0.1345677127,"5":0.0170063183,"6":0.1319901386,"7":0.0759252582,"8":0.1869227862,"9":0.1303660108,"10":0.0628655664,"11":0.0151662176,"12":0.1667600971,"13":0.1325409084,"14":0.100179999,"15":0.1280497957,"16":0.0411307839,"17":null,"18":0.1163560723,"19":0.0398975057,"20":0.0614923171,"21":0.0650739202,"22":null,"23":0.0609762919,"24":0.1145884472},"sentiment_std":{"0":0.0,"1":0.0,"2":0.3752937933,"3":0.2130826323,"4":0.552917157,"5":0.0,"6":0.3761730405,"7":0.0,"8":0.397998808,"9":0.5,"10":0.268866429,"11":0.0,"12":0.3494902288,"13":0.5128280835,"14":0.3840158744,"15":0.2590538553,"16":0.377964473,"17":null,"18":0.4886141662,"19":0.3009724499,"20":0.4803844614,"21":0.3369064962,"22":null,"23":0.3615305866,"24":0.4472135955},"sentiment_pv":{"0":1.806100192e-78,"1":1.806100192e-78,"2":0.0004481956,"3":0.1873957369,"4":0.1042545838,"5":1.806100192e-78,"6":0.1086883781,"7":1.806100192e-78,"8":0.0037348222,"9":0.5688686624,"10":0.0030763225,"11":1.806100192e-78,"12":0.5261860505,"13":0.0269005048,"14":0.1990998663,"15":0.0003719602,"16":0.7266782062,"17":null,"18":0.0000017087,"19":0.0782374809,"20":0.3372424352,"21":0.3110632792,"22":null,"23":0.6792362108,"24":0.2200435569},"main_pv":{"0":0.0021817605,"1":0.0047731396,"2":0.357464807,"3":0.7284703206,"4":0.0033689855,"5":0.0002022561,"6":0.0106061809,"7":0.3654381017,"8":0.018023734,"9":0.4983832768,"10":0.0222774675,"11":0.3444950804,"12":0.0503670052,"13":0.8269367813,"14":0.2768196297,"15":0.1318092492,"16":0.8083141256,"17":null,"18":0.9169594506,"19":0.1810420458,"20":0.9217276773,"21":0.5252858318,"22":null,"23":0.005675438,"24":0.2737615744},"count":{"0":10,"1":7,"2":884,"3":43,"4":122,"5":23,"6":537,"7":45,"8":128,"9":4,"10":84,"11":3,"12":189,"13":2571,"14":579,"15":135,"16":7,"17":1,"18":3578,"19":56,"20":27,"21":190,"22":1,"23":64,"24":5},"nb_en":{"0":0,"1":0,"2":260,"3":0,"4":107,"5":1,"6":146,"7":3,"8":24,"9":1,"10":13,"11":0,"12":21,"13":1235,"14":142,"15":19,"16":3,"17":0,"18":1488,"19":4,"20":10,"21":34,"22":0,"23":17,"24":1},"nb_de":{"0":10,"1":7,"2":588,"3":43,"4":6,"5":22,"6":31,"7":42,"8":104,"9":0,"10":71,"11":3,"12":157,"13":12,"14":425,"15":44,"16":4,"17":1,"18":2039,"19":52,"20":1,"21":155,"22":1,"23":34,"24":4},"nb_fr":{"0":0,"1":0,"2":36,"3":0,"4":9,"5":0,"6":360,"7":0,"8":0,"9":3,"10":0,"11":0,"12":11,"13":1324,"14":12,"15":72,"16":0,"17":0,"18":51,"19":0,"20":16,"21":1,"22":0,"23":13,"24":0}}