{"canton":{"0":"VD","1":"SG","2":"AI","3":"JU","4":"TI","5":"VS","6":"SO","7":"AG","8":"TG","9":"ZH","10":"SH","11":"BE","12":"BL","13":"GE","14":"BS","15":"AR","16":"SZ","17":"LU","18":"GR","19":"NE","20":"FR"},"main_mean":{"0":0.0284535552,"1":0.0549083508,"2":0.0,"3":-0.2499979167,"4":-0.0106873146,"5":-0.0089610771,"6":0.1055544383,"7":0.1022215408,"8":0.0,"9":0.0260147517,"10":0.0075755682,"11":0.0126436934,"12":-0.1999960001,"13":0.014576076,"14":0.0190667487,"15":0.0,"16":0.0303027548,"17":-0.0099375275,"18":0.0,"19":0.0162391444,"20":0.0454624317},"sentiment_mean":{"0":0.2822580645,"1":0.5714285714,"2":0.0,"3":1.0,"4":0.131147541,"5":0.2142857143,"6":1.0,"7":0.1333333333,"8":0.0,"9":0.2648401826,"10":0.0,"11":0.1157407407,"12":-0.5,"13":0.117709438,"14":0.119047619,"15":0.0,"16":0.0,"17":0.1515151515,"18":0.0,"19":0.3846153846,"20":0.2413793103},"main_std":{"0":0.1342418822,"1":0.108028561,"2":null,"3":null,"4":0.196805892,"5":0.0847473646,"6":0.0078565762,"7":0.2852076197,"8":0.0,"9":0.1460499821,"10":0.0583865558,"11":0.1444545638,"12":0.2828370557,"13":0.1339234029,"14":0.159725402,"15":null,"16":0.052485911,"17":0.1224008979,"18":null,"19":0.03970409,"20":0.1986551972},"sentiment_std":{"0":0.6189485429,"1":0.6761234038,"2":null,"3":null,"4":0.642191749,"5":0.8017837257,"6":0.0,"7":0.6399404734,"8":0.0,"9":0.6952256456,"10":0.4472135955,"11":0.6473792659,"12":0.7071067812,"13":0.6987509727,"14":0.6904786486,"15":null,"16":1.0,"17":0.6671399835,"18":null,"19":0.5063696835,"20":0.5109635445},"sentiment_pv":{"0":0.1474422947,"1":0.0205172701,"2":null,"3":null,"4":0.2525782221,"5":0.94570209,"6":0.0,"7":0.6960717624,"8":6.569193469e-59,"9":0.0023205346,"10":0.1710947847,"11":0.068240094,"12":0.3950199979,"13":0.0015504836,"14":0.1430507827,"15":null,"16":0.7627977343,"17":0.6844873427,"18":null,"19":0.2130394613,"20":0.6638941911},"main_pv":{"0":0.4967433762,"1":0.1568056963,"2":null,"3":null,"4":0.0901030227,"5":0.2247451328,"6":0.0154450648,"7":0.283540187,"8":0.0,"9":0.1874931252,"10":0.4982855033,"11":0.4661327723,"12":0.4696056472,"13":0.2783226496,"14":0.9374292808,"15":null,"16":0.7678280537,"17":0.1715575244,"18":null,"19":0.740879011,"20":0.4976329191},"count":{"0":124,"1":21,"2":1,"3":1,"4":122,"5":14,"6":2,"7":15,"8":2,"9":1533,"10":11,"11":216,"12":2,"13":943,"14":168,"15":1,"16":3,"17":33,"18":1,"19":13,"20":29},"nb_en":{"0":124,"1":21,"2":1,"3":1,"4":122,"5":14,"6":2,"7":15,"8":2,"9":1533,"10":11,"11":216,"12":2,"13":943,"14":168,"15":1,"16":3,"17":33,"18":1,"19":13,"20":29},"nb_de":{"0":0,"1":0,"2":0,"3":0,"4":0,"5":0,"6":0,"7":0,"8":0,"9":0,"10":0,"11":0,"12":0,"13":0,"14":0,"15":0,"16":0,"17":0,"18":0,"19":0,"20":0}}