{"canton":{"0":"SG","1":"TI","2":"JU","3":"VS","4":"SO","5":"AG","6":"VD","7":"ZH","8":"TG","9":"BE","10":"GE","11":"SH","12":"AI","13":"SZ","14":"LU","15":"GR","16":"NE","17":"FR","18":"BS"},"main_mean":{"0":0.0784281252,"1":0.0274881892,"2":0.0,"3":0.0101683343,"4":0.0099695697,"5":0.0141838897,"6":0.0315959384,"7":0.029987187,"8":0.0888864198,"9":0.0304272838,"10":0.0235979884,"11":-0.0152776366,"12":0.0,"13":0.0,"14":0.0424023691,"15":0.0104165799,"16":0.0,"17":0.0225617919,"18":0.0182083718},"sentiment_mean":{"0":0.1764705882,"1":0.2150537634,"2":0.0,"3":0.2352941176,"4":0.1111111111,"5":0.0,"6":0.2,"7":0.2394624313,"8":0.4,"9":0.1866028708,"10":0.1005385996,"11":0.0,"12":0.0,"13":0.0,"14":0.1481481481,"15":0.125,"16":0.5,"17":0.0434782609,"18":0.0722222222},"main_std":{"0":0.2490674007,"1":0.1457326838,"2":null,"3":0.1120188373,"4":0.2013823303,"5":0.2743746702,"6":0.2375563709,"7":0.1488249285,"8":0.1448664304,"9":0.1460199424,"10":0.1442080349,"11":0.0358573621,"12":null,"13":0.0,"14":0.070171386,"15":0.029462537,"16":0.0,"17":0.1438021902,"18":0.2004417046},"sentiment_std":{"0":0.6359337738,"1":0.6732378345,"2":null,"3":0.7524469886,"4":0.9279607271,"5":0.7302967433,"6":0.6932211448,"7":0.7045654155,"8":0.5477225575,"9":0.6112821017,"10":0.7223424987,"11":0.6030226892,"12":null,"13":0.0,"14":0.6623793768,"15":0.6408699445,"16":0.5477225575,"17":0.7057079533,"18":0.717152622},"sentiment_pv":{"0":0.9964373467,"1":0.5939213072,"2":null,"3":0.7547037615,"4":0.8363296445,"5":0.3480930835,"6":0.6982956464,"7":0.0031593462,"8":0.4147189843,"9":0.830174111,"10":0.0019425706,"11":0.3315272997,"12":null,"13":9.817962529e-49,"14":0.8224003903,"15":0.8246774931,"16":0.2086421746,"17":0.3748332898,"18":0.0567426708},"main_pv":{"0":0.4097746743,"1":0.9877625496,"2":null,"3":0.5400282765,"4":0.8034463128,"5":0.8515549551,"6":0.8275180646,"7":0.5444017048,"8":0.3954864077,"9":0.7611461234,"10":0.4692490692,"11":0.0016922595,"12":null,"13":3.972742338e-25,"14":0.2800892585,"15":0.1560203637,"16":3.972742338e-25,"17":0.8775578485,"18":0.5516773076},"count":{"0":17,"1":93,"2":1,"3":17,"4":9,"5":16,"6":145,"7":1637,"8":5,"9":209,"10":1114,"11":12,"12":1,"13":2,"14":27,"15":8,"16":6,"17":23,"18":180},"nb_en":{"0":17,"1":93,"2":1,"3":17,"4":9,"5":16,"6":145,"7":1637,"8":5,"9":209,"10":1114,"11":12,"12":1,"13":2,"14":27,"15":8,"16":6,"17":23,"18":180},"nb_de":{"0":0,"1":0,"2":0,"3":0,"4":0,"5":0,"6":0,"7":0,"8":0,"9":0,"10":0,"11":0,"12":0,"13":0,"14":0,"15":0,"16":0,"17":0,"18":0}}