{"canton":{"0":"VD","1":"SG","2":"UR","3":"VS","4":"JU","5":"AG","6":"TG","7":"ZH","8":"SH","9":"SO","10":"BE","11":"BL","12":"GE","13":"BS","14":"TI","15":"SZ","16":"LU","17":"GR","18":"NE","19":"FR"},"main_mean":{"0":0.0786422493,"1":-0.0416652778,"2":0.0,"3":0.0223054914,"4":0.0555549383,"5":-0.042348896,"6":0.0,"7":0.0318513218,"8":0.0163816463,"9":0.0,"10":0.0193781968,"11":-0.0476183674,"12":0.0131655141,"13":0.0064772332,"14":0.0280642623,"15":0.0,"16":-0.0235732152,"17":0.0150375148,"18":0.0202197124,"19":0.0444397677},"sentiment_mean":{"0":0.2596153846,"1":0.0,"2":0.0,"3":0.0769230769,"4":0.0,"5":0.05,"6":0.0,"7":0.266959799,"8":0.2222222222,"9":0.0,"10":0.1722488038,"11":0.0,"12":0.124550036,"13":0.0,"14":0.2545454545,"15":0.0,"16":-0.0416666667,"17":0.2857142857,"18":0.3333333333,"19":0.2380952381},"main_std":{"0":0.1862732623,"1":0.117847202,"2":null,"3":0.1062147198,"4":0.0785665472,"5":0.2443979708,"6":null,"7":0.1514278308,"8":0.1015341886,"9":null,"10":0.1308517439,"11":0.0824774316,"12":0.1174638828,"13":0.1258877314,"14":0.153379471,"15":null,"16":0.1620660308,"17":0.0397855246,"18":0.1154852101,"19":0.2250147279},"sentiment_std":{"0":0.6384932553,"1":0.5345224838,"2":null,"3":0.7595545253,"4":0.0,"5":0.6048053188,"6":null,"7":0.6945699805,"8":0.8333333333,"9":null,"10":0.6347282999,"11":1.0,"12":0.7058079576,"13":0.7405316312,"14":0.6557629304,"15":null,"16":0.5500329371,"17":0.755928946,"18":0.6859943406,"19":0.624880941},"sentiment_pv":{"0":0.2956942621,"1":0.3423537353,"2":null,"3":0.5930817968,"4":1.147147798e-60,"5":0.3059981438,"6":null,"7":0.0003811984,"8":0.9181163683,"9":null,"10":0.6522612009,"11":0.7702910852,"12":0.0021193426,"13":0.0048303038,"14":0.3328955752,"15":null,"16":0.0489372031,"17":0.7560449633,"18":0.3976828015,"19":0.7436521738},"main_pv":{"0":0.0032965285,"1":0.163283344,"2":null,"3":0.9740564181,"4":0.6649728554,"5":0.2448518025,"6":null,"7":0.0540129315,"8":0.8437488288,"9":null,"10":0.6760557123,"11":0.274761742,"12":0.0096543027,"13":0.1459679417,"14":0.7475088455,"15":null,"16":0.1709052319,"17":0.60635773,"18":0.9119132979,"19":0.6715404043},"count":{"0":104,"1":8,"2":1,"3":13,"4":2,"5":20,"6":1,"7":1592,"8":9,"9":1,"10":209,"11":3,"12":1389,"13":125,"14":110,"15":1,"16":24,"17":7,"18":18,"19":21},"nb_en":{"0":104,"1":8,"2":1,"3":13,"4":2,"5":20,"6":1,"7":1592,"8":9,"9":1,"10":209,"11":3,"12":1389,"13":125,"14":110,"15":1,"16":24,"17":7,"18":18,"19":21},"nb_de":{"0":0,"1":0,"2":0,"3":0,"4":0,"5":0,"6":0,"7":0,"8":0,"9":0,"10":0,"11":0,"12":0,"13":0,"14":0,"15":0,"16":0,"17":0,"18":0,"19":0}}