{"canton":{"0":"NE","1":"GE","2":"TG","3":"BE","4":"SZ","5":"SO","6":"UR","7":"FR","8":"BS","9":"ZH","10":"OW","11":"VD","12":"SG","13":"GR","14":"AR","15":"LU","16":"TI","17":"JU","18":"AG","19":"SH","20":"VS","21":"AI","22":"BL","23":"NW"},"main_mean":{"0":0.0056470552,"1":0.0234647415,"2":0.0079787156,"3":0.01310263,"4":0.0101303325,"5":0.0222288125,"6":0.0880268093,"7":0.033100639,"8":0.0106403419,"9":0.0218676706,"10":0.0001904735,"11":0.0201931928,"12":0.0293715103,"13":0.0105100512,"14":0.2243110813,"15":0.0101183984,"16":0.0039008137,"17":-0.0225367396,"18":0.0199097389,"19":0.0052558288,"20":0.0598407266,"21":-0.0277770062,"22":0.0034431027,"23":0.0},"sentiment_mean":{"0":0.0476190476,"1":0.0657331778,"2":0.0,"3":0.0562874251,"4":0.2857142857,"5":0.0,"6":0.3333333333,"7":0.0460526316,"8":0.0602582496,"9":0.1441972661,"10":0.0,"11":0.0514403292,"12":0.0666666667,"13":0.0666666667,"14":0.5,"15":0.0488888889,"16":0.0,"17":0.0,"18":0.1343283582,"19":0.0625,"20":0.1923076923,"21":0.0,"22":0.0,"23":0.0},"main_std":{"0":0.0741219229,"1":0.142018435,"2":0.0495581542,"3":0.1106617193,"4":0.0705861155,"5":0.0452555224,"6":0.1177954562,"7":0.1422182431,"8":0.0731189959,"9":0.1232902308,"10":0.0003299097,"11":0.1253546857,"12":0.1312053031,"13":0.0462778381,"14":0.3164156628,"15":0.0644261417,"16":0.1006759342,"17":0.1085039868,"18":0.1001316934,"19":0.0369280981,"20":0.1928488851,"21":0.1964157132,"22":0.0137364606,"23":null},"sentiment_std":{"0":0.3842122429,"1":0.4903310614,"2":0.272165527,"3":0.3702913673,"4":0.4879500365,"5":0.0,"6":0.5773502692,"7":0.289754767,"8":0.4001959892,"9":0.4972907486,"10":0.0,"11":0.3680934209,"12":0.418665617,"13":0.2537081317,"14":0.7071067812,"15":0.2870899422,"16":0.6593804734,"17":0.4082482905,"18":0.3837105107,"19":0.2833075324,"20":0.3979585917,"21":1.4142135624,"22":0.0,"23":null},"sentiment_pv":{"0":0.5822100429,"1":0.007502271,"2":0.0779796653,"3":0.0051960188,"4":0.3400748206,"5":9.399587339e-86,"6":0.5481794356,"7":0.0446549737,"8":0.0310836455,"9":0.0000001497,"10":9.399587339e-86,"11":0.0132738792,"12":0.5310638848,"13":0.5534743183,"14":0.5662529962,"15":0.0213422226,"16":0.1262355633,"17":0.4202218696,"18":0.2372619403,"19":0.2763258835,"20":0.0835780505,"21":0.9399689433,"22":9.399587339e-86,"23":null},"main_pv":{"0":0.3816466934,"1":0.2821545895,"2":0.2080915075,"3":0.0806503624,"4":0.7202118968,"5":0.7824330651,"6":0.4234455802,"7":0.2664396964,"8":0.0018346714,"9":0.4731410712,"10":1.654419036e-52,"11":0.9950816578,"12":0.50872734,"13":0.2676938759,"14":0.5291167131,"15":0.0258203038,"16":0.0874230185,"17":0.1817024019,"18":0.9774537383,"19":0.0002786202,"20":0.1444135265,"21":0.7884321091,"22":0.0000000425,"23":null},"count":{"0":21,"1":2571,"2":28,"3":835,"4":7,"5":38,"6":3,"7":152,"8":697,"9":3731,"10":3,"11":486,"12":90,"13":30,"14":2,"15":225,"16":116,"17":13,"18":134,"19":96,"20":52,"21":2,"22":35,"23":1},"nb_en":{"0":9,"1":1080,"2":4,"3":217,"4":3,"5":3,"6":0,"7":29,"8":203,"9":1735,"10":0,"11":108,"12":15,"13":4,"14":0,"15":46,"16":106,"17":2,"18":19,"19":9,"20":14,"21":2,"22":0,"23":0},"nb_de":{"0":1,"1":18,"2":24,"3":583,"4":4,"5":35,"6":3,"7":32,"8":482,"9":1941,"10":3,"11":18,"12":75,"13":26,"14":2,"15":177,"16":4,"17":0,"18":114,"19":87,"20":28,"21":0,"22":35,"23":1}}