{"canton":{"0":"UR","1":"NW","2":"BE","3":"BL","4":"TI","5":"TG","6":"VD","7":"GR","8":"SG","9":"JU","10":"SH","11":"OW","12":"AG","13":"GE","14":"BS","15":"FR","16":"AR","17":"GL","18":"ZH","19":"SO","20":"NE","21":"LU","22":"AI","23":"VS","24":"SZ"},"main_mean":{"0":0.0001619027,"1":-0.0246844255,"2":0.0126546009,"3":0.0162558529,"4":0.0092490406,"5":0.0085916966,"6":0.0305019805,"7":0.018228215,"8":0.0443949948,"9":0.044781579,"10":0.0140035067,"11":-0.0440845592,"12":0.018945646,"13":0.0133550393,"14":0.0093387584,"15":0.0111157126,"16":0.0141415249,"17":-0.0302325063,"18":0.0113726245,"19":0.0056084462,"20":-0.0120423083,"21":0.0098053933,"22":0.0105109943,"23":0.0008887559,"24":-0.0033699719},"sentiment_mean":{"0":0.0,"1":0.0,"2":0.0273081925,"3":0.0769230769,"4":0.15625,"5":0.04,"6":0.078125,"7":0.0816326531,"8":0.1258741259,"9":0.2,"10":0.0449438202,"11":0.0,"12":0.0515463918,"13":0.0283276451,"14":0.042047532,"15":0.0687022901,"16":0.2307692308,"17":0.0,"18":0.1499312242,"19":0.0769230769,"20":0.0,"21":0.0990566038,"22":0.0,"23":0.0166666667,"24":0.0},"main_std":{"0":0.0002566099,"1":null,"2":0.105899743,"3":0.11486901,"4":0.1327872529,"5":0.0260622855,"6":0.1454913703,"7":0.0720383903,"8":0.1467052992,"9":0.0727384949,"10":0.0894109435,"11":null,"12":0.151068349,"13":0.1263925754,"14":0.0749208503,"15":0.085992341,"16":0.0461001364,"17":0.0051963783,"18":0.1058042906,"19":0.0272229823,"20":0.1375960347,"21":0.0806038323,"22":null,"23":0.0804801127,"24":0.0075354863},"sentiment_std":{"0":0.0,"1":null,"2":0.3791893216,"3":0.4220635637,"4":0.6700844409,"5":0.2,"6":0.3717979231,"7":0.2766416676,"8":0.4575983365,"9":0.4472135955,"10":0.3340560772,"11":null,"12":0.3345125191,"13":0.4777925247,"14":0.3780441927,"15":0.3326083327,"16":0.4385290097,"17":0.0,"18":0.5105619409,"19":0.2699527624,"20":0.4364357805,"21":0.3702171216,"22":null,"23":0.3902049295,"24":0.0},"sentiment_pv":{"0":1.334114304e-68,"1":null,"2":0.0000782713,"3":0.908063464,"4":0.2999470352,"5":0.2768509686,"6":0.6808384592,"7":0.9369226659,"8":0.2886148453,"9":0.5955380221,"10":0.2676394402,"11":null,"12":0.3346909045,"13":0.0000000203,"14":0.0114723612,"15":0.5856096195,"16":0.2535171666,"17":1.334114304e-68,"18":0.0,"19":0.8572353044,"20":0.3730265592,"21":0.5821981413,"22":null,"23":0.1832344104,"24":1.334114304e-68},"main_pv":{"0":6.012941891e-30,"1":null,"2":0.8200768689,"3":0.884616049,"4":0.7518119501,"5":0.3604463406,"6":0.006253607,"7":0.6544025459,"8":0.0134699917,"9":0.3917050314,"10":0.9633314767,"11":null,"12":0.727181518,"13":0.9364523651,"14":0.2158465042,"15":0.7480281962,"16":0.9648058601,"17":0.0351779065,"18":0.2989705705,"19":0.0849826402,"20":0.3929541588,"21":0.5072543148,"22":null,"23":0.2301383145,"24":0.0050611182},"count":{"0":6,"1":1,"2":769,"3":39,"4":96,"5":25,"6":576,"7":49,"8":143,"9":5,"10":89,"11":1,"12":97,"13":2930,"14":547,"15":131,"16":13,"17":2,"18":3635,"19":39,"20":22,"21":212,"22":1,"23":60,"24":5},"nb_en":{"0":0,"1":0,"2":196,"3":8,"4":89,"5":3,"6":118,"7":7,"8":16,"9":1,"10":8,"11":0,"12":12,"13":1242,"14":152,"15":25,"16":3,"17":0,"18":1714,"19":2,"20":8,"21":46,"22":0,"23":18,"24":1},"nb_de":{"0":6,"1":1,"2":519,"3":31,"4":4,"5":22,"6":19,"7":42,"8":127,"9":0,"10":81,"11":1,"12":85,"13":9,"14":382,"15":45,"16":10,"17":2,"18":1844,"19":37,"20":4,"21":164,"22":1,"23":39,"24":4},"nb_fr":{"0":0,"1":0,"2":54,"3":0,"4":3,"5":0,"6":439,"7":0,"8":0,"9":4,"10":0,"11":0,"12":0,"13":1679,"14":13,"15":61,"16":0,"17":0,"18":77,"19":0,"20":10,"21":2,"22":0,"23":3,"24":0}}