{"canton":{"0":"TI","1":"UR","2":"BE","3":"BL","4":"NW","5":"TG","6":"VD","7":"GR","8":"SG","9":"JU","10":"SH","11":"OW","12":"AG","13":"GE","14":"BS","15":"FR","16":"AR","17":"ZH","18":"VS","19":"NE","20":"LU","21":"AI","22":"SO","23":"SZ"},"main_mean":{"0":0.0342001059,"1":0.0,"2":0.0236217708,"3":0.0026419423,"4":-0.0222664193,"5":0.0088055135,"6":0.0104320326,"7":0.0138132253,"8":0.0188237573,"9":0.0417043487,"10":-0.0016865955,"11":0.0,"12":0.0197078247,"13":0.0186135794,"14":0.0226241954,"15":0.0330056944,"16":0.1677023472,"17":0.0171607141,"18":0.0070186067,"19":0.0190418913,"20":0.0119894655,"21":0.0001818165,"22":0.0622553125,"23":-0.0689746486},"sentiment_mean":{"0":0.2359550562,"1":0.0,"2":0.0860927152,"3":0.0,"4":0.0,"5":0.0,"6":0.0487012987,"7":0.0,"8":0.025862069,"9":0.1428571429,"10":-0.0243902439,"11":0.0,"12":0.0364963504,"13":0.0414012739,"14":0.0909090909,"15":0.0265486726,"16":0.2222222222,"17":0.1633176571,"18":0.0350877193,"19":0.037037037,"20":0.0833333333,"21":0.0,"22":0.1666666667,"23":-0.6},"main_std":{"0":0.1863887938,"1":null,"2":0.1245287459,"3":0.0092270755,"4":null,"5":0.0157537644,"6":0.1342982334,"7":0.0425137402,"8":0.097311117,"9":0.1097772893,"10":0.0612461642,"11":null,"12":0.1108977164,"13":0.131722681,"14":0.1136787365,"15":0.1522490828,"16":0.35422618,"17":0.1135308074,"18":0.0678299459,"19":0.072721806,"20":0.0673368361,"21":0.0002571274,"22":0.1426674705,"23":0.0656311409},"sentiment_std":{"0":0.6575172295,"1":null,"2":0.4144577012,"3":0.0,"4":null,"5":0.0,"6":0.3530669743,"7":0.0,"8":0.3352145814,"9":0.3631365196,"10":0.3841170654,"11":null,"12":0.2820293874,"13":0.4829610759,"14":0.3788950088,"15":0.3649896523,"16":0.4409585518,"17":0.5399413264,"18":0.4615545271,"19":0.337579789,"20":0.2775442529,"21":0.0,"22":0.4082482905,"23":0.5477225575},"sentiment_pv":{"0":0.0405517305,"1":null,"2":0.8241905906,"3":1.26680458e-54,"4":null,"5":1.26680458e-54,"6":0.0460060465,"7":1.26680458e-54,"8":0.042949928,"9":0.5999917746,"10":0.0087065468,"11":null,"12":0.030499869,"13":0.0000120885,"14":0.9870085884,"15":0.0682924828,"16":0.3969699877,"17":0.0000000078,"18":0.3697308257,"19":0.418808242,"20":0.7799815269,"21":1.26680458e-54,"22":0.6674105263,"23":0.047834713},"main_pv":{"0":0.4292378172,"1":null,"2":0.3932716785,"3":0.0000000113,"4":null,"5":0.0279945677,"6":0.3032321356,"7":0.5943476036,"8":0.9689847436,"9":0.4430515361,"10":0.0045442588,"11":null,"12":0.8972214373,"13":0.9612110883,"14":0.4492187666,"15":0.3147300462,"16":0.2418718896,"17":0.6372522642,"18":0.2135112702,"19":0.967724313,"20":0.3072912979,"21":4.547915413e-34,"22":0.4861179931,"23":0.0406660245},"count":{"0":89,"1":1,"2":453,"3":24,"4":1,"5":17,"6":308,"7":25,"8":116,"9":14,"10":82,"11":1,"12":137,"13":2512,"14":462,"15":113,"16":9,"17":2339,"18":57,"19":27,"20":120,"21":2,"22":6,"23":5},"nb_en":{"0":87,"1":0,"2":166,"3":0,"4":0,"5":2,"6":76,"7":0,"8":10,"9":1,"10":12,"11":0,"12":19,"13":1038,"14":111,"15":34,"16":0,"17":1230,"18":17,"19":9,"20":23,"21":0,"22":0,"23":4},"nb_de":{"0":1,"1":1,"2":272,"3":24,"4":1,"5":15,"6":2,"7":25,"8":106,"9":1,"10":70,"11":1,"12":118,"13":9,"14":345,"15":11,"16":9,"17":1077,"18":33,"19":7,"20":96,"21":2,"22":6,"23":1},"nb_fr":{"0":1,"1":0,"2":15,"3":0,"4":0,"5":0,"6":230,"7":0,"8":0,"9":12,"10":0,"11":0,"12":0,"13":1465,"14":6,"15":68,"16":0,"17":32,"18":7,"19":11,"20":1,"21":0,"22":0,"23":0}}