{"canton":{"0":"UR","1":"NW","2":"BE","3":"BL","4":"TI","5":"TG","6":"VD","7":"GR","8":"SG","9":"JU","10":"SH","11":"OW","12":"AG","13":"GE","14":"BS","15":"FR","16":"AR","17":"ZH","18":"SO","19":"NE","20":"LU","21":"AI","22":"VS","23":"SZ"},"main_mean":{"0":0.0880268093,"1":0.0,"2":0.01310263,"3":0.0034431027,"4":0.0039008137,"5":0.0079787156,"6":0.0201931928,"7":0.0105100512,"8":0.0293715103,"9":-0.0225367396,"10":0.0052558288,"11":0.0001904735,"12":0.0199097389,"13":0.0234647415,"14":0.0106403419,"15":0.033100639,"16":0.2243110813,"17":0.0218676706,"18":0.0222288125,"19":0.0056470552,"20":0.0101183984,"21":-0.0277770062,"22":0.0598407266,"23":0.0101303325},"sentiment_mean":{"0":0.3333333333,"1":0.0,"2":0.0562874251,"3":0.0,"4":0.0,"5":0.0,"6":0.0514403292,"7":0.0666666667,"8":0.0666666667,"9":0.0,"10":0.0625,"11":0.0,"12":0.1343283582,"13":0.0657331778,"14":0.0602582496,"15":0.0460526316,"16":0.5,"17":0.1441972661,"18":0.0,"19":0.0476190476,"20":0.0488888889,"21":0.0,"22":0.1923076923,"23":0.2857142857},"main_std":{"0":0.1177954562,"1":null,"2":0.1106617193,"3":0.0137364606,"4":0.1006759342,"5":0.0495581542,"6":0.1253546857,"7":0.0462778381,"8":0.1312053031,"9":0.1085039868,"10":0.0369280981,"11":0.0003299097,"12":0.1001316934,"13":0.142018435,"14":0.0731189959,"15":0.1422182431,"16":0.3164156628,"17":0.1232902308,"18":0.0452555224,"19":0.0741219229,"20":0.0644261417,"21":0.1964157132,"22":0.1928488851,"23":0.0705861155},"sentiment_std":{"0":0.5773502692,"1":null,"2":0.3702913673,"3":0.0,"4":0.6593804734,"5":0.272165527,"6":0.3680934209,"7":0.2537081317,"8":0.418665617,"9":0.4082482905,"10":0.2833075324,"11":0.0,"12":0.3837105107,"13":0.4903310614,"14":0.4001959892,"15":0.289754767,"16":0.7071067812,"17":0.4972907486,"18":0.0,"19":0.3842122429,"20":0.2870899422,"21":1.4142135624,"22":0.3979585917,"23":0.4879500365},"sentiment_pv":{"0":0.5481794356,"1":null,"2":0.0051960188,"3":9.399587339e-86,"4":0.1262355633,"5":0.0779796653,"6":0.0132738792,"7":0.5534743183,"8":0.5310638848,"9":0.4202218696,"10":0.2763258835,"11":9.399587339e-86,"12":0.2372619403,"13":0.007502271,"14":0.0310836455,"15":0.0446549737,"16":0.5662529962,"17":0.0000001497,"18":9.399587339e-86,"19":0.5822100429,"20":0.0213422226,"21":0.9399689433,"22":0.0835780505,"23":0.3400748206},"main_pv":{"0":0.4234455802,"1":null,"2":0.0806503624,"3":0.0000000425,"4":0.0874230185,"5":0.2080915075,"6":0.9950816578,"7":0.2676938759,"8":0.50872734,"9":0.1817024019,"10":0.0002786202,"11":1.654419036e-52,"12":0.9774537383,"13":0.2821545895,"14":0.0018346714,"15":0.2664396964,"16":0.5291167131,"17":0.4731410712,"18":0.7824330651,"19":0.3816466934,"20":0.0258203038,"21":0.7884321091,"22":0.1444135265,"23":0.7202118968},"count":{"0":3,"1":1,"2":835,"3":35,"4":116,"5":28,"6":486,"7":30,"8":90,"9":13,"10":96,"11":3,"12":134,"13":2571,"14":697,"15":152,"16":2,"17":3731,"18":38,"19":21,"20":225,"21":2,"22":52,"23":7},"nb_en":{"0":0,"1":0,"2":217,"3":0,"4":106,"5":4,"6":108,"7":4,"8":15,"9":2,"10":9,"11":0,"12":19,"13":1080,"14":203,"15":29,"16":0,"17":1735,"18":3,"19":9,"20":46,"21":2,"22":14,"23":3},"nb_de":{"0":3,"1":1,"2":583,"3":35,"4":4,"5":24,"6":18,"7":26,"8":75,"9":0,"10":87,"11":3,"12":114,"13":18,"14":482,"15":32,"16":2,"17":1941,"18":35,"19":1,"20":177,"21":0,"22":28,"23":4},"nb_fr":{"0":0,"1":0,"2":35,"3":0,"4":6,"5":0,"6":360,"7":0,"8":0,"9":11,"10":0,"11":0,"12":1,"13":1473,"14":12,"15":91,"16":0,"17":55,"18":0,"19":11,"20":2,"21":0,"22":10,"23":0}}