{"canton":{"0":"UR","1":"BE","2":"BL","3":"JU","4":"TI","5":"NW","6":"VD","7":"SG","8":"GR","9":"SH","10":"OW","11":"AG","12":"GE","13":"BS","14":"FR","15":"AR","16":"GL","17":"ZH","18":"SO","19":"NE","20":"LU","21":"AI","22":"VS","23":"SZ","24":"TG"},"main_mean":{"0":0.0017788372,"1":0.0110806778,"2":-0.0000020478,"3":0.0388886728,"4":0.0255308235,"5":-0.0039054831,"6":0.0326133607,"7":0.0366827557,"8":0.0392849227,"9":-0.00126914,"10":-0.0039963914,"11":0.0050483299,"12":0.0227852321,"13":0.0184420807,"14":0.018139877,"15":0.0031027227,"16":0.0001428561,"17":0.0184423501,"18":0.018340023,"19":0.0152945407,"20":0.0182417247,"21":-0.0102748973,"22":-0.0030290344,"23":0.0060253958,"24":0.0152158631},"sentiment_mean":{"0":0.0,"1":0.0745412844,"2":0.0,"3":0.0,"4":0.1585365854,"5":0.0,"6":0.0942184154,"7":0.1696428571,"8":0.1463414634,"9":-0.0126582278,"10":0.0,"11":0.0564516129,"12":0.0642015441,"13":0.0644567219,"14":0.025862069,"15":0.2,"16":0.0,"17":0.1246169561,"18":0.0476190476,"19":0.0243902439,"20":0.0522875817,"21":0.0,"22":0.0806451613,"23":0.25,"24":0.0625},"main_std":{"0":0.0144718403,"1":0.0935692025,"2":0.0073738837,"3":null,"4":0.1074551578,"5":0.0076087005,"6":0.1418598021,"7":0.1781849207,"8":0.1659163899,"9":0.0559093064,"10":0.007542576,"11":0.0998628605,"12":0.1259293426,"13":0.1016896427,"14":0.1273429582,"15":0.0064829616,"16":0.0002020291,"17":0.1125442753,"18":0.1035404072,"19":0.0659179425,"20":0.0974174827,"21":null,"22":0.0580931255,"23":0.0492805568,"24":0.0284314404},"sentiment_std":{"0":0.0,"1":0.365182144,"2":0.0,"3":null,"4":0.6376947719,"5":0.0,"6":0.4341989559,"7":0.4628231592,"8":0.4219582687,"9":0.2528641515,"10":0.0,"11":0.2936293597,"12":0.495449273,"13":0.3811615931,"14":0.2785430073,"15":0.4472135955,"16":0.0,"17":0.5036740937,"18":0.2155402687,"19":0.2727457496,"20":0.2760351254,"21":null,"22":0.3754074113,"23":0.4522670169,"24":0.2459346884},"sentiment_pv":{"0":2.655570326e-80,"1":0.1586303729,"2":2.655570326e-80,"3":null,"4":0.3580339761,"5":2.655570326e-80,"6":0.9641376521,"7":0.0854099727,"8":0.426737793,"9":0.0004275931,"10":2.655570326e-80,"11":0.1718473507,"12":0.0088805156,"13":0.0916266863,"14":0.0116059012,"15":0.6219855064,"16":2.655570326e-80,"17":0.000871137,"18":0.18136833,"19":0.1157130872,"20":0.0744535719,"21":null,"22":0.7927927821,"23":0.255469954,"24":0.4866937173},"main_pv":{"0":0.0519870645,"1":0.0147841313,"2":1.654587858e-18,"3":null,"4":0.6060181192,"5":0.0057985638,"6":0.0475222907,"7":0.3068627265,"8":0.4468037033,"9":0.0018224838,"10":0.0055198272,"11":0.1163111841,"12":0.2222144996,"13":0.8401513183,"14":0.9187034909,"15":0.002676114,"16":1.212520603e-54,"17":0.6730398972,"18":0.9497673232,"19":0.6972255425,"20":0.8889964716,"21":null,"22":0.0038999934,"23":0.3702310707,"24":0.4285859226},"count":{"0":5,"1":872,"2":31,"3":1,"4":82,"5":4,"6":467,"7":112,"8":41,"9":79,"10":4,"11":124,"12":2461,"13":543,"14":116,"15":5,"16":2,"17":3916,"18":42,"19":41,"20":153,"21":1,"22":62,"23":12,"24":32},"nb_en":{"0":0,"1":180,"2":1,"3":0,"4":72,"5":0,"6":152,"7":12,"8":4,"9":7,"10":0,"11":15,"12":1119,"13":140,"14":32,"15":2,"16":0,"17":1785,"18":3,"19":4,"20":31,"21":0,"22":14,"23":8,"24":4},"nb_de":{"0":5,"1":651,"2":30,"3":0,"4":3,"5":4,"6":4,"7":100,"8":37,"9":72,"10":4,"11":106,"12":17,"13":391,"14":28,"15":3,"16":2,"17":2045,"18":39,"19":25,"20":121,"21":1,"22":39,"23":4,"24":28},"nb_fr":{"0":0,"1":41,"2":0,"3":1,"4":7,"5":0,"6":311,"7":0,"8":0,"9":0,"10":0,"11":3,"12":1325,"13":12,"14":56,"15":0,"16":0,"17":86,"18":0,"19":12,"20":1,"21":0,"22":9,"23":0,"24":0}}