{"canton":{"0":"UR","1":"NW","2":"BE","3":"BL","4":"TG","5":"TI","6":"VD","7":"SG","8":"JU","9":"SH","10":"OW","11":"AG","12":"GE","13":"BS","14":"FR","15":"SO","16":"AR","17":"GL","18":"ZH","19":"VS","20":"NE","21":"LU","22":"AI","23":"GR","24":"SZ"},"main_mean":{"0":-0.0016478731,"1":0.0002499969,"2":0.0099990544,"3":0.0324222045,"4":0.022196137,"5":0.0490729441,"6":0.0219763052,"7":0.0112443256,"8":0.0118569735,"9":0.0062723765,"10":0.0,"11":0.0036276973,"12":0.01947261,"13":0.0068263841,"14":0.0312392238,"15":0.0077804349,"16":0.007414447,"17":0.1045737196,"18":0.0216320508,"19":-0.0068190167,"20":0.0496428598,"21":0.0032905565,"22":0.0007363569,"23":0.0018623674,"24":-0.0158420401},"sentiment_mean":{"0":0.0,"1":0.0,"2":0.0590604027,"3":0.0606060606,"4":0.0,"5":0.36,"6":0.0615079365,"7":0.1111111111,"8":0.0,"9":0.0243902439,"10":0.0,"11":0.0326086957,"12":0.0888548449,"13":0.0448598131,"14":0.0373831776,"15":0.0576923077,"16":0.0,"17":0.25,"18":0.1574675325,"19":-0.0142857143,"20":0.1379310345,"21":0.0280898876,"22":0.0,"23":0.0243902439,"24":0.0},"main_std":{"0":0.0040645534,"1":0.000353549,"2":0.084773438,"3":0.1204090469,"4":0.187217682,"5":0.0853565252,"6":0.1275734755,"7":0.0781208808,"8":null,"9":0.0443714088,"10":0.0,"11":0.0435290668,"12":0.1240147726,"13":0.0902298973,"14":0.11765782,"15":0.0633130473,"16":0.0264937261,"17":0.1817377938,"18":0.121829995,"19":0.1300248257,"20":0.0757904241,"21":0.0907417075,"22":null,"23":0.0838083414,"24":0.0271117246},"sentiment_std":{"0":0.0,"1":0.0,"2":0.3655187474,"3":0.2423058423,"4":0.3086066999,"5":0.5844840645,"6":0.3652207426,"7":0.3872983346,"8":null,"9":0.2208630521,"10":0.0,"11":0.2320992094,"12":0.5071842773,"13":0.3892838053,"14":0.2721415297,"15":0.3076451698,"16":0.0,"17":0.5,"18":0.5137373163,"19":0.2080173587,"20":0.3509312032,"21":0.3086287383,"22":null,"23":0.2727457496,"24":0.5345224838},"sentiment_pv":{"0":3.39297658e-90,"1":3.39297658e-90,"2":0.0015307395,"3":0.3076629285,"4":0.1276205968,"5":0.0003206425,"6":0.0117196168,"7":0.8815692104,"8":null,"9":0.0017971795,"10":3.39297658e-90,"11":0.0044380112,"12":0.1579861167,"13":0.0007232456,"14":0.0135129334,"15":0.2796323653,"16":3.39297658e-90,"17":0.6017775542,"18":0.0000006192,"19":0.0000122609,"20":0.6144355132,"21":0.0014512463,"22":null,"23":0.0685594538,"24":0.5971430888},"main_pv":{"0":0.0002051912,"1":6.449533735e-39,"2":0.0145467317,"3":0.5031940435,"4":0.9213336816,"5":0.0026565778,"6":0.5173123246,"7":0.4297093883,"8":null,"9":0.0204769171,"10":1.279133032e-46,"11":0.0025223192,"12":0.6430574912,"13":0.0056747478,"14":0.2572284125,"15":0.2451470472,"16":0.1720142864,"17":0.4120057008,"18":0.1759483519,"19":0.1130225833,"20":0.0341897755,"21":0.032342203,"22":null,"23":0.2210338664,"24":0.0091810721},"count":{"0":4,"1":2,"2":745,"3":33,"4":22,"5":75,"6":504,"7":81,"8":1,"9":82,"10":2,"11":92,"12":2611,"13":535,"14":107,"15":52,"16":13,"17":4,"18":3080,"19":70,"20":29,"21":178,"22":1,"23":41,"24":8},"nb_en":{"0":0,"1":0,"2":176,"3":0,"4":2,"5":70,"6":117,"7":17,"8":0,"9":7,"10":1,"11":8,"12":1232,"13":156,"14":15,"15":11,"16":1,"17":0,"18":1441,"19":10,"20":7,"21":33,"22":0,"23":1,"24":2},"nb_de":{"0":4,"1":2,"2":528,"3":33,"4":20,"5":1,"6":15,"7":64,"8":0,"9":75,"10":1,"11":84,"12":9,"13":369,"14":30,"15":41,"16":12,"17":4,"18":1600,"19":37,"20":2,"21":143,"22":1,"23":40,"24":6},"nb_fr":{"0":0,"1":0,"2":41,"3":0,"4":0,"5":4,"6":372,"7":0,"8":1,"9":0,"10":0,"11":0,"12":1370,"13":10,"14":62,"15":0,"16":0,"17":0,"18":39,"19":23,"20":20,"21":2,"22":0,"23":0,"24":0}}