{"canton":{"0":"NE","1":"GE","2":"TG","3":"BE","4":"SZ","5":"SO","6":"UR","7":"FR","8":"BS","9":"ZH","10":"OW","11":"VD","12":"SG","13":"GR","14":"AR","15":"LU","16":"GL","17":"TI","18":"JU","19":"AG","20":"SH","21":"VS","22":"AI","23":"BL","24":"NW"},"main_mean":{"0":0.0605095245,"1":0.0222784879,"2":0.0016212152,"3":0.0064001759,"4":0.0148206192,"5":0.0114522082,"6":-0.0169911087,"7":0.0285551792,"8":0.0121380969,"9":0.0178050495,"10":-0.0094908228,"11":0.0101503044,"12":0.0558042934,"13":0.0190793444,"14":0.0,"15":0.0007829296,"16":0.0001833316,"17":-0.0102248428,"18":0.0223565863,"19":0.0350457374,"20":0.004967556,"21":-0.0075895081,"22":0.0005888837,"23":-0.0040001668,"24":-0.0189816456},"sentiment_mean":{"0":0.2121212121,"1":0.0633379565,"2":0.0,"3":0.0591939547,"4":0.1428571429,"5":0.0465116279,"6":0.0,"7":0.0720720721,"8":0.0590405904,"9":0.1425339367,"10":0.0,"11":0.0576923077,"12":0.2403846154,"13":0.0638297872,"14":0.0,"15":0.0552486188,"16":0.0,"17":0.1194029851,"18":0.25,"19":0.0518518519,"20":0.0206185567,"21":0.0555555556,"22":0.0,"23":0.0,"24":0.0},"main_std":{"0":0.1638795882,"1":0.1304507374,"2":0.0277463567,"3":0.0932112078,"4":0.0381164551,"5":0.0306353017,"6":0.0231288089,"7":0.1237745302,"8":0.0991127938,"9":0.1152610655,"10":0.0134220503,"11":0.1026077485,"12":0.1489890572,"13":0.0650804391,"14":null,"15":0.10624517,"16":0.0002134355,"17":0.1880290562,"18":0.2001334161,"19":0.1578394807,"20":0.0605084341,"21":0.0564780938,"22":0.0005541042,"23":0.1056367964,"24":null},"sentiment_std":{"0":0.4151487503,"1":0.4781646127,"2":0.0,"3":0.3761789105,"4":0.6900655593,"5":0.2130826323,"6":0.0,"7":0.2926900847,"8":0.4126258305,"9":0.4978490924,"10":0.0,"11":0.2950204011,"12":0.4724485344,"13":0.2470922481,"14":null,"15":0.3451852467,"16":0.0,"17":0.6136881739,"18":0.4629100499,"19":0.3070932213,"20":0.203069233,"21":0.4082482905,"22":0.0,"23":0.25,"24":null},"sentiment_pv":{"0":0.1205891406,"1":0.003419953,"2":1.808669923e-86,"3":0.0085105631,"4":0.8651949074,"5":0.1342600121,"6":1.808669923e-86,"7":0.3854895953,"8":0.0411653499,"9":0.0000021456,"10":1.808669923e-86,"11":0.0016494389,"12":0.0025926533,"13":0.3715179065,"14":null,"15":0.1145831355,"16":1.808669923e-86,"17":0.6696001302,"18":0.3800677874,"19":0.097766347,"20":0.0005025809,"21":0.4645179323,"22":1.808669923e-86,"23":0.0344308622,"24":null},"main_pv":{"0":0.1344534117,"1":0.0676669937,"2":0.0060680257,"3":0.0037961683,"4":0.9027273851,"5":0.2867223307,"6":0.0611040898,"7":0.3163094434,"8":0.308312105,"9":0.620759012,"10":0.2164888792,"11":0.1161446138,"12":0.0088129148,"13":0.8018506108,"14":null,"15":0.048477747,"16":8.44919672e-39,"17":0.101189786,"18":0.9381265845,"19":0.1800614262,"20":0.0649654999,"21":0.0029069401,"22":3.890022045e-31,"23":0.2705267116,"24":null},"count":{"0":33,"1":2163,"2":31,"3":794,"4":7,"5":43,"6":4,"7":111,"8":542,"9":3536,"10":2,"11":676,"12":104,"13":47,"14":1,"15":181,"16":4,"17":134,"18":8,"19":135,"20":97,"21":54,"22":3,"23":33,"24":1},"nb_en":{"0":13,"1":943,"2":2,"3":216,"4":3,"5":2,"6":0,"7":29,"8":168,"9":1533,"10":0,"11":124,"12":21,"13":1,"14":1,"15":33,"16":0,"17":122,"18":1,"19":15,"20":11,"21":14,"22":1,"23":2,"24":0},"nb_de":{"0":1,"1":12,"2":29,"3":537,"4":4,"5":41,"6":4,"7":15,"8":369,"9":1947,"10":2,"11":17,"12":83,"13":46,"14":0,"15":147,"16":4,"17":4,"18":0,"19":117,"20":86,"21":31,"22":2,"23":31,"24":1}}