{"canton":{"0":"NE","1":"GE","2":"TG","3":"BE","4":"SZ","5":"UR","6":"FR","7":"BS","8":"BL","9":"ZH","10":"OW","11":"VD","12":"SG","13":"GR","14":"LU","15":"TI","16":"JU","17":"AG","18":"SH","19":"VS","20":"SO","21":"NW"},"main_mean":{"0":0.0048512799,"1":0.0208753078,"2":-0.0095016315,"3":0.0064273201,"4":-0.0602536349,"5":-0.0073283832,"6":0.0525652913,"7":0.0099796693,"8":0.0341346056,"9":0.0203076539,"10":-0.0152123098,"11":0.0281383002,"12":0.0439489879,"13":-0.0161548892,"14":0.0072199957,"15":0.0316623637,"16":0.0872299101,"17":0.0189016449,"18":0.0046438788,"19":0.0220885645,"20":0.0129707178,"21":-0.0228184648},"sentiment_mean":{"0":-0.0476190476,"1":0.0632003586,"2":0.0,"3":0.0416666667,"4":0.0,"5":0.0,"6":0.0365853659,"7":0.067061144,"8":0.0888888889,"9":0.1714411635,"10":0.0,"11":0.0665137615,"12":0.0983606557,"13":0.0,"14":0.0744680851,"15":0.0873015873,"16":0.2222222222,"17":0.0357142857,"18":0.0105263158,"19":0.0555555556,"20":0.0,"21":0.0},"main_std":{"0":0.1212490276,"1":0.1406515948,"2":0.0210999015,"3":0.1005437353,"4":0.1184988789,"5":0.0187720138,"6":0.1794957418,"7":0.0819293633,"8":0.1275705313,"9":0.1161973337,"10":0.0263484936,"11":0.15389096,"12":0.1333196367,"13":0.0990965357,"14":0.0449627999,"15":0.1116582508,"16":0.160539391,"17":0.1235704666,"18":0.0570624855,"19":0.0556795026,"20":0.0776247037,"21":0.0322701823},"sentiment_std":{"0":0.2182178902,"1":0.4697527016,"2":0.0,"3":0.3706633302,"4":0.5345224838,"5":0.0,"6":0.244955083,"7":0.4115907661,"8":0.287799032,"9":0.5178938266,"10":0.0,"11":0.3558092635,"12":0.4727549765,"13":0.0,"14":0.3356701435,"15":0.4736216426,"16":0.4409585518,"17":0.2519196596,"18":0.1783337084,"19":0.4101877232,"20":0.5222329679,"21":0.0},"sentiment_pv":{"0":0.007131717,"1":0.0043667094,"2":1.465601598e-66,"3":0.0010485838,"4":0.6286153399,"5":1.465601598e-66,"6":0.0034075641,"7":0.1353947602,"8":0.8774386688,"9":0.0000000005,"10":1.465601598e-66,"11":0.1048467565,"12":0.9638771603,"13":1.465601598e-66,"14":0.548071878,"15":0.8457332554,"16":0.4142922904,"17":0.007184684,"18":0.000020137,"19":0.5630357379,"20":0.3900310389,"21":1.465601598e-66},"main_pv":{"0":0.5855287443,"1":0.6886190409,"2":0.0000951153,"3":0.0033161485,"4":0.098613621,"5":0.0163454912,"6":0.0203147692,"7":0.0154032356,"8":0.448233053,"9":0.7884034909,"10":0.1484574346,"11":0.2534770528,"12":0.1593989522,"13":0.0356256758,"14":0.0128687584,"15":0.2303306046,"16":0.241609246,"17":0.9519154041,"18":0.015313063,"19":0.7877354791,"20":0.6899967083,"21":0.3135176849},"count":{"0":21,"1":2231,"2":15,"3":576,"4":8,"5":6,"6":164,"7":507,"8":45,"9":2269,"10":3,"11":436,"12":61,"13":37,"14":94,"15":126,"16":9,"17":140,"18":95,"19":36,"20":23,"21":2},"nb_en":{"0":2,"1":925,"2":0,"3":179,"4":4,"5":0,"6":26,"7":145,"8":4,"9":1070,"10":0,"11":76,"12":10,"13":1,"14":23,"15":78,"16":2,"17":11,"18":5,"19":12,"20":3,"21":0},"nb_de":{"0":9,"1":10,"2":15,"3":367,"4":4,"5":6,"6":60,"7":357,"8":41,"9":1131,"10":3,"11":12,"12":51,"13":36,"14":71,"15":2,"16":0,"17":129,"18":90,"19":14,"20":20,"21":2}}