{"canton":{"0":"NE","1":"GE","2":"TG","3":"BE","4":"SZ","5":"GL","6":"UR","7":"FR","8":"BS","9":"BL","10":"ZH","11":"OW","12":"VD","13":"SG","14":"GR","15":"AR","16":"LU","17":"TI","18":"JU","19":"AG","20":"SH","21":"VS","22":"AI","23":"SO","24":"NW"},"main_mean":{"0":-0.0065902823,"1":0.022069724,"2":0.0240166165,"3":0.0146656351,"4":-0.0074004434,"5":0.0005615341,"6":-0.0051649877,"7":0.0125510318,"8":0.0250000901,"9":0.0041154323,"10":0.0148706113,"11":0.0002499969,"12":0.0400841533,"13":0.0692321558,"14":0.0591977653,"15":-0.0094249413,"16":0.0161980671,"17":0.0022525172,"18":-0.0392006661,"19":0.0322747194,"20":0.0058773738,"21":0.0076010154,"22":0.0004999938,"23":0.0174147328,"24":0.0004999938},"sentiment_mean":{"0":0.1176470588,"1":0.0707290533,"2":0.1428571429,"3":0.1026252983,"4":0.0,"5":0.0,"6":0.0,"7":0.0157480315,"8":0.0692307692,"9":0.0555555556,"10":0.1476547322,"11":0.0,"12":0.0660792952,"13":0.2393162393,"14":0.1212121212,"15":0.0,"16":0.0392156863,"17":0.0681818182,"18":0.0,"19":0.0634920635,"20":0.0204081633,"21":0.0657894737,"22":0.0,"23":0.075,"24":0.0},"main_std":{"0":0.1244884921,"1":0.1485617868,"2":0.0364921494,"3":0.1234125735,"4":0.0183060312,"5":null,"6":0.0092840769,"7":0.170159016,"8":0.1309555546,"9":0.0390755671,"10":0.1131557877,"11":0.0004999938,"12":0.14417582,"13":0.1646238481,"14":0.1429526594,"15":0.0237394576,"16":0.0756217125,"17":0.1639195134,"18":0.1128816238,"19":0.1395091586,"20":0.045508382,"21":0.0637604123,"22":null,"23":0.2350527103,"24":0.0007070979},"sentiment_std":{"0":0.4776651472,"1":0.4920292961,"2":0.3585685828,"3":0.4305732673,"4":0.0,"5":null,"6":0.0,"7":0.3329581691,"8":0.410619374,"9":0.2323106841,"10":0.5074261632,"11":0.0,"12":0.3874909987,"13":0.5025722225,"14":0.3314339826,"15":0.5345224838,"16":0.278207442,"17":0.6573274791,"18":0.0,"19":0.275565796,"20":0.1421188581,"21":0.298240454,"22":null,"23":0.3499084129,"24":0.0},"sentiment_pv":{"0":0.8688123416,"1":0.0017126876,"2":0.6254127404,"3":0.9308032773,"4":1.168032772e-95,"5":null,"6":1.168032772e-95,"7":0.0038070281,"8":0.0632227583,"9":0.2226882239,"10":0.0000084499,"11":1.168032772e-95,"12":0.0448144127,"13":0.0044977944,"14":0.7680086875,"15":0.5993604445,"16":0.0055062019,"17":0.6115331057,"18":1.168032772e-95,"19":0.1082147607,"20":0.0000002106,"21":0.2725386722,"22":null,"23":0.6046805439,"24":1.168032772e-95},"main_pv":{"0":0.2317544501,"1":0.4074248504,"2":0.5793570879,"3":0.2834305329,"4":0.0149004324,"5":null,"6":0.0001854135,"7":0.6489595333,"8":0.3490089947,"9":0.0265442336,"10":0.0480210083,"11":4.295488711e-42,"12":0.002959213,"13":0.0014720433,"14":0.1206765576,"15":0.0106058336,"16":0.6022556509,"17":0.3286610709,"18":0.3098464912,"19":0.3076368184,"20":0.0054193379,"21":0.1145920136,"22":null,"23":0.9562424848,"24":1.637508218e-20},"count":{"0":34,"1":2757,"2":21,"3":838,"4":6,"5":1,"6":7,"7":127,"8":520,"9":36,"10":3603,"11":4,"12":454,"13":117,"14":33,"15":8,"16":153,"17":88,"18":5,"19":126,"20":98,"21":76,"22":1,"23":40,"24":2},"nb_en":{"0":16,"1":1200,"2":4,"3":245,"4":0,"5":0,"6":0,"7":26,"8":155,"9":2,"10":1633,"11":0,"12":129,"13":16,"14":2,"15":2,"16":35,"17":84,"18":0,"19":12,"20":9,"21":18,"22":0,"23":6,"24":0},"nb_de":{"0":4,"1":12,"2":17,"3":557,"4":6,"5":1,"6":7,"7":29,"8":359,"9":34,"10":1894,"11":4,"12":4,"13":101,"14":31,"15":6,"16":116,"17":1,"18":0,"19":112,"20":89,"21":46,"22":1,"23":34,"24":2}}