{"canton":{"0":"UR","1":"NW","2":"BE","3":"BL","4":"TI","5":"TG","6":"VD","7":"GR","8":"SG","9":"JU","10":"SH","11":"OW","12":"AG","13":"GE","14":"BS","15":"FR","16":"AR","17":"GL","18":"ZH","19":"SO","20":"NE","21":"LU","22":"AI","23":"VS","24":"SZ"},"main_mean":{"0":0.0025872169,"1":-0.0009395712,"2":0.0177188877,"3":0.0021935437,"4":0.0352420339,"5":0.0237722628,"6":0.0253075222,"7":0.0485460072,"8":0.01323413,"9":0.0041169788,"10":0.0065067707,"11":0.000199998,"12":0.0064360954,"13":0.0155945509,"14":0.0111114342,"15":0.0202200555,"16":0.0141783368,"17":-0.0206638428,"18":0.0193995167,"19":0.0626466218,"20":0.0426392182,"21":0.0032600279,"22":0.0303027548,"23":-0.0000136004,"24":-0.0128159734},"sentiment_mean":{"0":0.0,"1":0.0,"2":0.0460299194,"3":0.0,"4":0.2666666667,"5":0.1176470588,"6":0.0518783542,"7":0.0769230769,"8":0.1232876712,"9":0.0,"10":0.0348837209,"11":0.0,"12":0.0662650602,"13":0.05597162,"14":0.0671755725,"15":0.0054644809,"16":0.0,"17":0.0,"18":0.1291542826,"19":0.0487804878,"20":0.0606060606,"21":0.0342857143,"22":0.3333333333,"23":0.0526315789,"24":-0.125},"main_std":{"0":0.0051685906,"1":0.0022049445,"2":0.1078972327,"3":0.0117141301,"4":0.1324104686,"5":0.0572187369,"6":0.1328034311,"7":0.1398734551,"8":0.1142212724,"9":0.0889947893,"10":0.0424509879,"11":0.0002828399,"12":0.0687086335,"13":0.1136578063,"14":0.0960814732,"15":0.1156718071,"16":0.0140528085,"17":0.028605981,"18":0.1131728877,"19":0.2067174567,"20":0.1478912499,"21":0.0396103592,"22":0.052485911,"23":0.1358575469,"24":0.3156105457},"sentiment_std":{"0":0.0,"1":0.0,"2":0.3529970484,"3":0.0,"4":0.5363212185,"5":0.3321055821,"6":0.3209962308,"7":0.2699527624,"8":0.439229296,"9":0.0,"10":0.2399840396,"11":0.0,"12":0.294094237,"13":0.5283941022,"14":0.3930673597,"15":0.2457835141,"16":0.0,"17":0.0,"18":0.4719895363,"19":0.21808479,"20":0.42861652,"21":0.2116476919,"22":0.5773502692,"23":0.5171318208,"24":0.6408699445},"sentiment_pv":{"0":7.523419805e-73,"1":7.523419805e-73,"2":0.0022031696,"3":7.523419805e-73,"4":0.0019346771,"5":0.6954890233,"6":0.019562283,"7":0.8447634614,"8":0.4664277456,"9":7.523419805e-73,"10":0.0574518389,"11":7.523419805e-73,"12":0.4103917469,"13":0.0102472904,"14":0.2543736071,"15":0.0000304228,"16":7.523419805e-73,"17":7.523419805e-73,"18":0.0000015071,"19":0.2917618174,"20":0.7413620223,"21":0.0024205484,"22":0.5346574382,"23":0.6979380526,"24":0.3838779673},"main_pv":{"0":0.0009693447,"1":0.0,"2":0.9828163018,"3":0.0000000026,"4":0.2119706804,"5":0.6653013569,"6":0.1815575603,"7":0.1761604716,"8":0.7438123456,"9":0.781164852,"10":0.0204609524,"11":2.744320352e-45,"12":0.0415890195,"13":0.421073242,"14":0.0972144125,"15":0.764933549,"16":0.6154195915,"17":0.3085141705,"18":0.4212557804,"19":0.1712009011,"20":0.3391879636,"21":0.0000119204,"22":0.7166368422,"23":0.4289410117,"24":0.7928112115},"count":{"0":5,"1":6,"2":869,"3":37,"4":90,"5":17,"6":559,"7":39,"8":73,"9":4,"10":86,"11":2,"12":166,"13":2537,"14":655,"15":183,"16":5,"17":2,"18":3701,"19":41,"20":33,"21":175,"22":3,"23":38,"24":8},"nb_en":{"0":0,"1":2,"2":202,"3":2,"4":83,"5":4,"6":121,"7":5,"8":18,"9":1,"10":9,"11":0,"12":20,"13":1312,"14":183,"15":22,"16":1,"17":0,"18":1551,"19":3,"20":16,"21":26,"22":1,"23":15,"24":6},"nb_de":{"0":5,"1":4,"2":623,"3":35,"4":0,"5":13,"6":16,"7":34,"8":55,"9":0,"10":77,"11":2,"12":144,"13":8,"14":460,"15":44,"16":4,"17":2,"18":2090,"19":38,"20":1,"21":149,"22":2,"23":15,"24":2},"nb_fr":{"0":0,"1":0,"2":44,"3":0,"4":7,"5":0,"6":422,"7":0,"8":0,"9":3,"10":0,"11":0,"12":2,"13":1217,"14":12,"15":117,"16":0,"17":0,"18":60,"19":0,"20":16,"21":0,"22":0,"23":8,"24":0}}