{"canton":{"0":"NE","1":"GE","2":"TG","3":"BE","4":"SZ","5":"SO","6":"UR","7":"FR","8":"BS","9":"ZH","10":"OW","11":"VD","12":"SG","13":"GR","14":"AR","15":"LU","16":"TI","17":"JU","18":"AG","19":"SH","20":"VS","21":"AI","22":"BL","23":"NW"},"main_mean":{"0":0.0427418893,"1":0.0259739946,"2":0.0376695173,"3":0.0139215626,"4":0.1988926267,"5":0.0135997607,"6":0.0003478246,"7":0.0224048169,"8":0.0069434411,"9":0.0140660726,"10":-0.0303208736,"11":0.0287822205,"12":0.0490959176,"13":0.0092122439,"14":0.0558060345,"15":0.0036923118,"16":-0.0157144412,"17":0.0593018438,"18":0.0196230819,"19":0.0024196956,"20":0.0357211166,"21":0.0,"22":0.0131963504,"23":-0.0197498025},"sentiment_mean":{"0":0.0714285714,"1":0.0271779598,"2":0.0526315789,"3":0.0614754098,"4":0.6,"5":0.0408163265,"6":0.0,"7":0.0826446281,"8":0.0217755444,"9":0.1306191688,"10":0.0,"11":0.0707964602,"12":0.1290322581,"13":-0.014084507,"14":0.2,"15":0.0909090909,"16":0.1388888889,"17":0.0,"18":0.0539215686,"19":0.0714285714,"20":0.0441176471,"21":0.0,"22":0.0588235294,"23":0.0},"main_std":{"0":0.1202137016,"1":0.1311648369,"2":0.1394922641,"3":0.1059435975,"4":0.3040359186,"5":0.0778803252,"6":0.0004918982,"7":0.1065369994,"8":0.0809897478,"9":0.1249800929,"10":0.0911045287,"11":0.1293235729,"12":0.1687969559,"13":0.0499132627,"14":0.1557331773,"15":0.0420597884,"16":0.2536725633,"17":0.0843832871,"18":0.1453043743,"19":0.0860386593,"20":0.1776869855,"21":null,"22":0.0580032877,"23":null},"sentiment_std":{"0":0.465758754,"1":0.5073082318,"2":0.2294157339,"3":0.3552105916,"4":0.5477225575,"5":0.1999149479,"6":0.0,"7":0.2764892059,"8":0.3587752234,"9":0.5209561845,"10":0.0,"11":0.3552247855,"12":0.3963366611,"13":0.2065331344,"14":0.4472135955,"15":0.2886751346,"16":0.7164076182,"17":0.0,"18":0.3606703033,"19":0.2590861738,"20":0.3638034376,"21":null,"22":0.2388325736,"23":null},"sentiment_pv":{"0":0.9428532118,"1":0.0000040896,"2":0.639548236,"3":0.2449045946,"4":0.0999929731,"5":0.2077118564,"6":1.184005414e-54,"7":0.8505317171,"8":0.0003208542,"9":0.0000001615,"10":1.184005414e-54,"11":0.6563248393,"12":0.2189914209,"13":0.0004421534,"14":0.5743108143,"15":0.6245739642,"16":0.3787793153,"17":1.184005414e-54,"18":0.354368678,"19":0.8246454333,"20":0.4505464589,"21":null,"22":0.64837413,"23":null},"main_pv":{"0":0.2937654392,"1":0.0077489919,"2":0.5544730578,"3":0.2807011007,"4":0.2550129909,"5":0.6715048635,"6":3.590576964e-30,"7":0.6811358675,"8":0.001390935,"9":0.0817436708,"10":0.5878873157,"11":0.0635240642,"12":0.0834180069,"13":0.1349034161,"14":0.6195433323,"15":0.0003839782,"16":0.1659738313,"17":0.3392955566,"18":0.9036006758,"19":0.0958548659,"20":0.4246069002,"21":null,"22":0.6087985316,"23":null},"count":{"0":28,"1":2686,"2":19,"3":732,"4":5,"5":49,"6":2,"7":121,"8":597,"9":3537,"10":2,"11":565,"12":93,"13":71,"14":5,"15":121,"16":108,"17":5,"18":204,"19":84,"20":68,"21":1,"22":34,"23":1},"nb_en":{"0":9,"1":1230,"2":1,"3":177,"4":3,"5":2,"6":0,"7":37,"8":142,"9":1686,"10":0,"11":131,"12":16,"13":4,"14":1,"15":22,"16":101,"17":1,"18":22,"19":3,"20":14,"21":0,"22":1,"23":0},"nb_de":{"0":4,"1":7,"2":17,"3":509,"4":2,"5":47,"6":2,"7":21,"8":450,"9":1790,"10":2,"11":9,"12":77,"13":67,"14":4,"15":99,"16":5,"17":0,"18":180,"19":81,"20":37,"21":1,"22":33,"23":1}}