{"canton":{"0":"SG","1":"TI","2":"JU","3":"VS","4":"SO","5":"AG","6":"VD","7":"ZH","8":"TG","9":"BE","10":"BL","11":"GE","12":"SH","13":"AR","14":"SZ","15":"LU","16":"OW","17":"GR","18":"NE","19":"FR","20":"BS"},"main_mean":{"0":-0.0326053793,"1":0.0153508142,"2":0.0,"3":-0.0250500339,"4":0.0,"5":-0.0687465939,"6":0.0295794183,"7":0.0258144552,"8":0.0,"9":0.0270018608,"10":-0.0588231834,"11":0.0095397207,"12":-0.0295411752,"13":0.0260868431,"14":0.0,"15":0.0344928482,"16":-0.0769224852,"17":0.0,"18":0.0,"19":0.0094398344,"20":0.0125767842},"sentiment_mean":{"0":0.0555555556,"1":0.1,"2":0.0,"3":-0.1052631579,"4":1.0,"5":0.25,"6":0.2428571429,"7":0.2669712794,"8":0.5,"9":0.1611111111,"10":0.0,"11":0.0835987261,"12":0.3333333333,"13":0.4,"14":0.0,"15":0.1739130435,"16":-1.0,"17":0.0,"18":0.0,"19":0.0967741935,"20":0.1088435374},"main_std":{"0":0.0882085257,"1":0.1173110794,"2":null,"3":0.1122396983,"4":0.0,"5":0.2120180328,"6":0.1251195087,"7":0.1492995021,"8":0.0,"9":0.1959983483,"10":0.0831885437,"11":0.1188545299,"12":0.0454664327,"13":0.0583319545,"14":null,"15":0.0910035559,"16":null,"17":0.0,"18":0.0,"19":0.0525541772,"20":0.101804956},"sentiment_std":{"0":0.802365783,"1":0.5934424261,"2":null,"3":0.7374684055,"4":0.0,"5":0.8864052604,"6":0.6445279191,"7":0.6818581955,"8":0.7071067812,"9":0.6615023437,"10":0.0,"11":0.7097623943,"12":0.7071067812,"13":0.5477225575,"14":null,"15":0.576208131,"16":null,"17":0.0,"18":0.0,"19":0.5974857716,"20":0.5867165625},"sentiment_pv":{"0":0.5260116798,"1":0.2802377199,"2":null,"3":0.1117544591,"4":0.0,"5":0.8254598845,"6":0.2477655295,"7":0.0000243415,"8":0.6359331417,"9":0.7361857663,"10":1.370935264e-50,"11":0.0000472125,"12":0.5293379035,"13":0.4167002943,"14":null,"15":0.9719254391,"16":null,"17":1.370935264e-50,"18":1.370935264e-50,"19":0.4563658275,"20":0.1654649727},"main_pv":{"0":0.0264065006,"1":0.8450345542,"2":null,"3":0.111851438,"4":0.0,"5":0.2845672576,"6":0.2924087024,"7":0.0861388183,"8":0.0,"9":0.5498312673,"10":0.4151928638,"11":0.0353789386,"12":0.0136503256,"13":0.7764414527,"14":null,"15":0.4012790675,"16":null,"17":0.0,"18":0.0,"19":0.3772756456,"20":0.5241672983},"count":{"0":18,"1":70,"2":1,"3":19,"4":2,"5":8,"6":140,"7":1532,"8":2,"9":180,"10":2,"11":1256,"12":9,"13":5,"14":1,"15":23,"16":1,"17":2,"18":2,"19":31,"20":147},"nb_en":{"0":18,"1":70,"2":1,"3":19,"4":2,"5":8,"6":140,"7":1532,"8":2,"9":180,"10":2,"11":1256,"12":9,"13":5,"14":1,"15":23,"16":1,"17":2,"18":2,"19":31,"20":147},"nb_de":{"0":0,"1":0,"2":0,"3":0,"4":0,"5":0,"6":0,"7":0,"8":0,"9":0,"10":0,"11":0,"12":0,"13":0,"14":0,"15":0,"16":0,"17":0,"18":0,"19":0,"20":0}}