{"canton":{"0":"VD","1":"SG","2":"UR","3":"VS","4":"AG","5":"TG","6":"ZH","7":"SH","8":"BE","9":"GE","10":"BS","11":"TI","12":"SZ","13":"LU","14":"GR","15":"NE","16":"FR"},"main_mean":{"0":0.1027680285,"1":0.1476733552,"2":0.0,"3":0.0466264162,"4":0.0723464857,"5":0.10666584,"6":0.0178082802,"7":-0.0092591821,"8":0.01889409,"9":0.0060992982,"10":0.0140915676,"11":-0.0078984411,"12":0.049999,"13":0.0077852829,"14":0.1666583337,"15":-0.0124998438,"16":-0.0027586588},"sentiment_mean":{"0":0.2376237624,"1":0.5,"2":0.0,"3":0.5,"4":-0.0714285714,"5":1.0,"6":0.2661812298,"7":0.1111111111,"8":0.2209944751,"9":0.0807453416,"10":0.106557377,"11":0.0089285714,"12":0.25,"13":0.2258064516,"14":0.3333333333,"15":-0.2,"16":0.0588235294},"main_std":{"0":0.2843213195,"1":0.2581520936,"2":null,"3":0.0996407528,"4":0.2891672382,"5":0.1006635002,"6":0.1457170181,"7":0.0277775463,"8":0.1625554456,"9":0.1181349209,"10":0.1883703901,"11":0.2101820556,"12":0.099998,"13":0.1013648424,"14":0.2886607016,"15":0.0395279767,"16":0.1041202371},"sentiment_std":{"0":0.6188459397,"1":0.5345224838,"2":null,"3":0.755928946,"4":0.7163989902,"5":0.0,"6":0.710491861,"7":0.6009252126,"8":0.6461863379,"9":0.7062598646,"10":0.7250805262,"11":0.703857271,"12":0.5,"13":0.6688137468,"14":0.5773502692,"15":0.632455532,"16":0.8269362306},"sentiment_pv":{"0":0.2988262443,"1":0.1265053017,"2":null,"3":0.2596446824,"4":0.0845600273,"5":0.0,"6":0.0000876604,"7":0.7695123677,"8":0.3251683731,"9":0.0002262029,"10":0.3302263244,"11":0.0176558601,"12":0.7754957396,"13":0.658842893,"14":0.6761867591,"15":0.0961754329,"16":0.5812774302},"main_pv":{"0":0.0029041984,"1":0.1925157959,"2":null,"3":0.4149142624,"4":0.3124572098,"5":0.2590588327,"6":0.7211134827,"7":0.0267934517,"8":0.8174757014,"9":0.0265589443,"10":0.9108570438,"11":0.2351936964,"12":0.5459089529,"13":0.6574310195,"14":0.461494778,"15":0.050219159,"16":0.470012276},"count":{"0":101,"1":8,"2":1,"3":8,"4":28,"5":3,"6":1236,"7":9,"8":181,"9":1127,"10":122,"11":112,"12":4,"13":31,"14":3,"15":10,"16":17},"nb_en":{"0":101,"1":8,"2":1,"3":8,"4":28,"5":3,"6":1236,"7":9,"8":181,"9":1127,"10":122,"11":112,"12":4,"13":31,"14":3,"15":10,"16":17},"nb_de":{"0":0,"1":0,"2":0,"3":0,"4":0,"5":0,"6":0,"7":0,"8":0,"9":0,"10":0,"11":0,"12":0,"13":0,"14":0,"15":0,"16":0}}