{"canton":{"0":"SG","1":"AR","2":"JU","3":"VS","4":"SZ","5":"AG","6":"TG","7":"ZH","8":"BE","9":"GE","10":"BS","11":"AI","12":"LU","13":"GR","14":"VD","15":"SH","16":"BL","17":"NW","18":"TI","19":"SO","20":"NE","21":"FR"},"main_mean":{"0":0.0201209285,"1":0.0,"2":0.1111098766,"3":-0.0091609237,"4":-0.0097211964,"5":0.0045457952,"6":0.0857132755,"7":0.0249443665,"8":0.0113463278,"9":0.0059012586,"10":0.0116773515,"11":0.0909082645,"12":0.0271506808,"13":0.1749959376,"14":0.0279127052,"15":0.0111624098,"16":0.0,"17":0.0,"18":0.0287301683,"19":0.0,"20":0.01493044,"21":0.0701434845},"sentiment_mean":{"0":0.2777777778,"1":0.0,"2":0.0,"3":0.0666666667,"4":-0.1666666667,"5":0.35,"6":0.5,"7":0.2379110251,"8":0.0693069307,"9":0.0945121951,"10":0.131147541,"11":1.0,"12":0.1538461538,"13":0.2,"14":0.1900826446,"15":0.1111111111,"16":0.0,"17":0.0,"18":0.2891566265,"19":0.0,"20":0.125,"21":-0.0909090909},"main_std":{"0":0.0929028154,"1":null,"2":null,"3":0.2069370771,"4":0.37310152,"5":0.1262782386,"6":0.101685328,"7":0.1332230512,"8":0.1334237234,"9":0.1118800204,"10":0.1429602761,"11":null,"12":0.0625753482,"13":0.3259519115,"14":0.1536921033,"15":0.0881525647,"16":0.0,"17":0.0,"18":0.1302760648,"19":0.0,"20":0.1896596084,"21":0.2253849086},"sentiment_std":{"0":0.7519039015,"1":null,"2":null,"3":0.7988086367,"4":0.7527726527,"5":0.6708203932,"6":0.5773502692,"7":0.6619671718,"8":0.6427154109,"9":0.7214066308,"10":0.6665165267,"11":null,"12":0.4640954809,"13":0.4472135955,"14":0.6233518213,"15":0.6009252126,"16":0.0,"17":0.0,"18":0.5528224803,"19":0.0,"20":0.6191391874,"21":0.6101593008},"sentiment_pv":{"0":0.5382764158,"1":null,"2":null,"3":0.6371429225,"4":0.32829957,"5":0.2366687688,"6":0.3314153931,"7":0.0004174437,"8":0.0387210384,"9":0.0017762784,"10":0.4883213546,"11":null,"12":0.8934751058,"13":0.8743340678,"14":0.6807555174,"15":0.7903670594,"16":3.413008893e-47,"17":3.413008893e-47,"18":0.0495978851,"19":3.413008893e-47,"20":0.7939833665,"21":0.0620444486},"main_pv":{"0":0.8852753272,"1":null,"2":null,"3":0.6335354837,"4":0.8681285239,"5":0.667528613,"6":0.2688973496,"7":0.0448046089,"8":0.5648013331,"9":0.0034997737,"10":0.6287754572,"11":null,"12":0.417931977,"13":0.339134379,"14":0.4373891281,"15":0.8504210421,"16":0.0,"17":0.0,"18":0.4155271313,"19":0.0,"20":0.9674589433,"21":0.2807879826},"count":{"0":18,"1":1,"2":1,"3":15,"4":6,"5":20,"6":4,"7":1551,"8":202,"9":1312,"10":183,"11":1,"12":26,"13":5,"14":121,"15":9,"16":2,"17":2,"18":83,"19":3,"20":16,"21":22},"nb_en":{"0":18,"1":1,"2":1,"3":15,"4":6,"5":20,"6":4,"7":1551,"8":202,"9":1312,"10":183,"11":1,"12":26,"13":5,"14":121,"15":9,"16":2,"17":2,"18":83,"19":3,"20":16,"21":22},"nb_de":{"0":0,"1":0,"2":0,"3":0,"4":0,"5":0,"6":0,"7":0,"8":0,"9":0,"10":0,"11":0,"12":0,"13":0,"14":0,"15":0,"16":0,"17":0,"18":0,"19":0,"20":0,"21":0}}