{"canton":{"0":"UR","1":"NW","2":"BE","3":"BL","4":"JU","5":"TG","6":"TI","7":"VD","8":"SG","9":"GR","10":"SH","11":"OW","12":"AG","13":"GE","14":"BS","15":"FR","16":"AR","17":"GL","18":"ZH","19":"SO","20":"NE","21":"LU","22":"AI","23":"VS","24":"SZ"},"main_mean":{"0":-0.0025457044,"1":-0.0304114828,"2":0.003570344,"3":0.0017391362,"4":0.029606063,"5":-0.0049305993,"6":0.0002219254,"7":0.0025737883,"8":0.0504841754,"9":-0.0051762611,"10":0.0101184321,"11":-0.0201854336,"12":0.007709688,"13":0.020555463,"14":0.0022233001,"15":0.0143486735,"16":0.0005904674,"17":0.0512720612,"18":0.0110024894,"19":0.0182814995,"20":0.0254587061,"21":-0.0019120296,"22":0.0503216631,"23":0.0036418617,"24":0.033609189},"sentiment_mean":{"0":0.0,"1":0.0,"2":0.0446650124,"3":0.0526315789,"4":0.1111111111,"5":-0.0357142857,"6":0.0916666667,"7":0.0375647668,"8":0.0963855422,"9":0.0666666667,"10":0.0210526316,"11":0.0,"12":0.09375,"13":0.0661557079,"14":0.0486725664,"15":0.0263157895,"16":0.0,"17":0.1428571429,"18":0.1231964484,"19":0.0512820513,"20":0.0227272727,"21":0.0454545455,"22":0.0,"23":0.0757575758,"24":0.0},"main_std":{"0":0.0304947143,"1":0.043816442,"2":0.0881950871,"3":0.0267995315,"4":0.1181754553,"5":0.0315450589,"6":0.1123811812,"7":0.107543613,"8":0.1772486311,"9":0.0575762015,"10":0.082032519,"11":0.035688325,"12":0.1403822293,"13":0.1265183359,"14":0.0707939217,"15":0.1532366723,"16":0.0005730054,"17":0.1279109343,"18":0.1096552814,"19":0.0682619309,"20":0.1192165249,"21":0.0678183666,"22":null,"23":0.0486276187,"24":0.0621337082},"sentiment_std":{"0":0.0,"1":0.0,"2":0.3669448476,"3":0.2262942859,"4":0.3333333333,"5":0.1889822365,"6":0.6609877169,"7":0.3011233223,"8":0.4016568682,"9":0.3302891295,"10":0.2517575399,"11":0.0,"12":0.3645188826,"13":0.4698970677,"14":0.4092609712,"15":0.3033448941,"16":0.0,"17":0.377964473,"18":0.4849385072,"19":0.223455865,"20":0.3402212935,"21":0.3349743157,"22":null,"23":0.3191626574,"24":0.0},"sentiment_pv":{"0":6.917364842e-70,"1":6.917364842e-70,"2":0.0073939747,"3":0.4406018547,"4":0.7964787609,"5":0.002975379,"6":0.8663517631,"7":0.0002000288,"8":0.7371731597,"9":0.7661820705,"10":0.0233549585,"11":6.917364842e-70,"12":0.7063059467,"13":0.1445048587,"14":0.0455051454,"15":0.0289701287,"16":6.917364842e-70,"17":0.682488272,"18":0.0000070342,"19":0.4078704851,"20":0.2602501657,"21":0.1622164757,"22":null,"23":0.8857747945,"24":6.917364842e-70},"main_pv":{"0":0.2718349461,"1":0.405457524,"2":0.0176074346,"3":0.0366427982,"4":0.6570749959,"5":0.0115289362,"6":0.279276575,"7":0.028273636,"8":0.0484163447,"9":0.0612540984,"10":0.8766642165,"11":0.2643611977,"12":0.7651352063,"13":0.0010791973,"14":0.0018313464,"15":0.8160479258,"16":6.538462978e-20,"17":0.4415973553,"18":0.8390529424,"19":0.537251286,"20":0.4405445658,"21":0.0115803546,"22":null,"23":0.2048806635,"24":0.5271154062},"count":{"0":7,"1":2,"2":806,"3":38,"4":9,"5":28,"6":120,"7":772,"8":83,"9":45,"10":95,"11":3,"12":128,"13":2479,"14":678,"15":152,"16":5,"17":7,"18":3604,"19":39,"20":44,"21":176,"22":1,"23":66,"24":4},"nb_en":{"0":0,"1":0,"2":203,"3":2,"4":0,"5":6,"6":111,"7":125,"8":14,"9":7,"10":9,"11":0,"12":21,"13":993,"14":262,"15":34,"16":0,"17":0,"18":1478,"19":2,"20":13,"21":42,"22":0,"23":11,"24":1},"nb_de":{"0":7,"1":2,"2":572,"3":36,"4":0,"5":22,"6":4,"7":9,"8":69,"9":38,"10":85,"11":3,"12":107,"13":12,"14":405,"15":32,"16":5,"17":7,"18":2064,"19":37,"20":7,"21":132,"22":1,"23":46,"24":3},"nb_fr":{"0":0,"1":0,"2":31,"3":0,"4":9,"5":0,"6":5,"7":638,"8":0,"9":0,"10":1,"11":0,"12":0,"13":1474,"14":11,"15":86,"16":0,"17":0,"18":62,"19":0,"20":24,"21":2,"22":0,"23":9,"24":0}}