{"canton":{"0":"UR","1":"NW","2":"BE","3":"BL","4":"TG","5":"TI","6":"VD","7":"SG","8":"JU","9":"SH","10":"AG","11":"GE","12":"BS","13":"FR","14":"SO","15":"AR","16":"GL","17":"ZH","18":"VS","19":"NE","20":"LU","21":"AI","22":"GR","23":"SZ"},"main_mean":{"0":0.000099999,"1":-0.0221831876,"2":0.009203395,"3":0.0261597434,"4":0.0112303268,"5":0.0086923127,"6":0.0166006706,"7":0.0697045887,"8":0.0116725925,"9":0.001808016,"10":0.0463024452,"11":0.0208300269,"12":0.0139356646,"13":0.0170571086,"14":0.0497305202,"15":0.0220947089,"16":0.0001481465,"17":0.0143877906,"18":0.0157486193,"19":0.0329532705,"20":0.0065509708,"21":0.1828752606,"22":-0.0042386207,"23":-0.0205518346},"sentiment_mean":{"0":0.0,"1":0.0,"2":0.0493381468,"3":0.064516129,"4":0.0487804878,"5":0.085106383,"6":0.0755555556,"7":0.25,"8":0.0,"9":0.0113636364,"10":0.106557377,"11":0.0497720365,"12":0.086102719,"13":0.0566037736,"14":0.1041666667,"15":0.1111111111,"16":0.0,"17":0.1182679296,"18":0.0909090909,"19":0.15625,"20":0.0588235294,"21":0.5,"22":0.0303030303,"23":0.0},"main_std":{"0":0.000199998,"1":0.0497135519,"2":0.0865795325,"3":0.1036861047,"4":0.044926802,"5":0.094835531,"6":0.1357027955,"7":0.1889334955,"8":0.0206222046,"9":0.072789999,"10":0.1397559081,"11":0.1297848976,"12":0.0787581853,"13":0.0970403789,"14":0.1801151502,"15":0.0734290177,"16":0.0002565973,"17":0.1173900016,"18":0.0911597184,"19":0.1403833417,"20":0.061130326,"21":0.1081542316,"22":0.0507998711,"23":0.0563085618},"sentiment_std":{"0":0.0,"1":0.7071067812,"2":0.3754148484,"3":0.2497310381,"4":0.21808479,"5":0.5803146063,"6":0.3717523398,"7":0.4912273891,"8":0.0,"9":0.2834239821,"10":0.3592318952,"11":0.5152482448,"12":0.3566785443,"13":0.3606921568,"14":0.3087092782,"15":0.3333333333,"16":0.0,"17":0.4862252299,"18":0.2893649208,"19":0.3689020326,"20":0.2918778816,"21":0.7071067812,"22":0.174077656,"23":0.0},"sentiment_pv":{"0":1.380165612e-71,"1":0.8013497623,"2":0.0101135536,"3":0.6525516248,"4":0.2979640982,"5":0.9988752005,"6":0.5299451543,"7":0.0004704327,"8":1.380165612e-71,"9":0.0180127408,"10":0.5134525492,"11":0.0014976085,"12":0.9411524424,"13":0.4231960325,"14":0.671082312,"15":0.8203948437,"16":1.380165612e-71,"17":0.0003445988,"18":0.8601604572,"19":0.2842883577,"20":0.2128883845,"21":0.5589805004,"22":0.0834227333,"23":1.380165612e-71},"main_pv":{"0":5.406456319e-43,"1":0.1544275067,"2":0.0190361243,"3":0.6196769086,"4":0.4382005288,"5":0.4126383663,"6":0.9700844228,"7":0.0032182315,"8":0.5088611646,"9":0.0593434415,"10":0.0219274757,"11":0.1505706806,"12":0.3838089436,"13":0.9786100881,"14":0.2119879152,"15":0.8343781255,"16":4.447989999e-42,"17":0.288855442,"18":0.9200466576,"19":0.5204115677,"20":0.0220018929,"21":0.2746655911,"22":0.0244405118,"23":0.0819829461},"count":{"0":4,"1":5,"2":831,"3":31,"4":41,"5":94,"6":675,"7":116,"8":8,"9":88,"10":122,"11":2632,"12":662,"13":106,"14":48,"15":9,"16":3,"17":3695,"18":77,"19":32,"20":204,"21":2,"22":33,"23":9},"nb_en":{"0":0,"1":2,"2":226,"3":4,"4":3,"5":90,"6":179,"7":20,"8":1,"9":8,"10":8,"11":1334,"12":172,"13":31,"14":5,"15":3,"16":0,"17":1613,"18":14,"19":11,"20":44,"21":0,"22":2,"23":1},"nb_de":{"0":4,"1":3,"2":550,"3":27,"4":38,"5":0,"6":14,"7":96,"8":0,"9":80,"10":113,"11":17,"12":477,"13":24,"14":42,"15":6,"16":3,"17":2027,"18":31,"19":1,"20":160,"21":2,"22":31,"23":8},"nb_fr":{"0":0,"1":0,"2":55,"3":0,"4":0,"5":4,"6":482,"7":0,"8":7,"9":0,"10":1,"11":1281,"12":13,"13":51,"14":1,"15":0,"16":0,"17":55,"18":32,"19":20,"20":0,"21":0,"22":0,"23":0}}