{"canton":{"0":"UR","1":"BE","2":"BL","3":"NW","4":"TI","5":"VD","6":"SG","7":"JU","8":"SH","9":"OW","10":"AG","11":"GE","12":"BS","13":"FR","14":"SO","15":"AR","16":"GL","17":"ZH","18":"VS","19":"NE","20":"LU","21":"GR","22":"SZ","23":"TG"},"main_mean":{"0":-0.0415059754,"1":0.0080777859,"2":0.0022105312,"3":0.0,"4":0.0158307649,"5":0.0217791485,"6":0.0120231022,"7":0.0343340245,"8":0.0164787516,"9":0.0001666653,"10":0.0247735679,"11":0.0233679204,"12":0.0103505121,"13":0.0177082471,"14":0.0230392305,"15":0.0133619077,"16":0.0084345505,"17":0.0126152365,"18":0.0295643416,"19":0.0183140957,"20":0.0230351401,"21":0.0146531679,"22":0.0231129346,"23":-0.002124485},"sentiment_mean":{"0":0.0,"1":0.0546448087,"2":0.0,"3":0.0,"4":0.0126582278,"5":0.023364486,"6":0.05,"7":0.2,"8":0.0769230769,"9":0.0,"10":0.0898876404,"11":0.0612244898,"12":0.0547945205,"13":0.0485436893,"14":0.0,"15":0.1428571429,"16":0.0,"17":0.1507586882,"18":0.1034482759,"19":0.0833333333,"20":0.0864864865,"21":0.1304347826,"22":0.0,"23":0.0},"main_std":{"0":0.0834396658,"1":0.1160568538,"2":0.0131971744,"3":0.0,"4":0.11127732,"5":0.1101985888,"6":0.0927254699,"7":0.1398563848,"8":0.0780544556,"9":0.0002357003,"10":0.1098098288,"11":0.1333200221,"12":0.0677881256,"13":0.0822103896,"14":0.0570530363,"15":0.0967985202,"16":0.0119282557,"17":0.119265883,"18":0.0816917729,"19":0.0676075973,"20":0.1164435182,"21":0.1044834664,"22":0.0462167052,"23":0.0072905831},"sentiment_std":{"0":0.0,"1":0.4015495891,"2":0.0,"3":0.0,"4":0.6096167541,"5":0.3127514638,"6":0.2924629741,"7":0.4140393356,"8":0.2681940938,"9":0.0,"10":0.3884833399,"11":0.4721770537,"12":0.3664566292,"13":0.215962995,"14":0.2773500981,"15":0.377964473,"16":0.0,"17":0.5272061171,"18":0.4092525928,"19":0.4082482905,"20":0.3005087734,"21":0.3405026123,"22":0.0,"23":0.0},"sentiment_pv":{"0":3.029082531e-51,"1":0.0729853098,"2":3.029082531e-51,"3":3.029082531e-51,"4":0.282755749,"5":0.0000911199,"6":0.121181612,"7":0.3093611719,"8":0.7428785989,"9":3.029082531e-51,"10":0.9465882326,"11":0.0344501495,"12":0.0801492549,"13":0.0828517625,"14":0.027802586,"15":0.7099469105,"16":3.029082531e-51,"17":0.0000010143,"18":0.8316329206,"19":0.9644682117,"20":0.9787661074,"21":0.3954868805,"22":3.029082531e-51,"23":3.029082531e-51},"main_pv":{"0":0.257132776,"1":0.0945492681,"2":0.0000073973,"3":1.619490893e-29,"4":0.9432385564,"5":0.3615321221,"6":0.5297783931,"7":0.6337267673,"8":0.9775963605,"9":2.24448727e-28,"10":0.4948024611,"11":0.0502168371,"12":0.073500612,"13":0.9057555476,"14":0.4322799499,"15":0.9296717667,"16":0.5023712855,"17":0.1734602765,"18":0.4067920488,"19":0.9101633409,"20":0.4689205379,"21":0.8937741489,"22":0.7733199717,"23":0.0000001256},"count":{"0":4,"1":549,"2":28,"3":2,"4":79,"5":428,"6":160,"7":15,"8":78,"9":2,"10":89,"11":1911,"12":438,"13":103,"14":53,"15":7,"16":2,"17":2043,"18":29,"19":24,"20":185,"21":46,"22":5,"23":12},"nb_en":{"0":1,"1":171,"2":0,"3":1,"4":68,"5":100,"6":17,"7":4,"8":6,"9":0,"10":19,"11":824,"12":89,"13":12,"14":2,"15":0,"16":0,"17":942,"18":8,"19":9,"20":28,"21":5,"22":1,"23":0},"nb_de":{"0":3,"1":361,"2":28,"3":1,"4":8,"5":35,"6":142,"7":1,"8":72,"9":2,"10":69,"11":7,"12":340,"13":40,"14":51,"15":7,"16":2,"17":1049,"18":16,"19":3,"20":156,"21":41,"22":4,"23":12},"nb_fr":{"0":0,"1":17,"2":0,"3":0,"4":3,"5":293,"6":1,"7":10,"8":0,"9":0,"10":1,"11":1080,"12":9,"13":51,"14":0,"15":0,"16":0,"17":52,"18":5,"19":12,"20":1,"21":0,"22":0,"23":0}}