{"canton":{"0":"VD","1":"SG","2":"TI","3":"JU","4":"VS","5":"SO","6":"AG","7":"TG","8":"ZH","9":"SH","10":"BE","11":"BL","12":"GE","13":"BS","14":"AR","15":"SZ","16":"LU","17":"GR","18":"NE","19":"FR"},"main_mean":{"0":0.0482383528,"1":0.0595239438,"2":-0.0168386641,"3":0.1999960001,"4":-0.0282049281,"5":0.0,"6":-0.0134480008,"7":0.0,"8":0.0172081038,"9":0.0,"10":0.0257263463,"11":0.0,"12":0.0147194341,"13":-0.0088215305,"14":0.3333296297,"15":0.2302987549,"16":0.0199131518,"17":0.0,"18":0.011111,"19":0.0170736928},"sentiment_mean":{"0":0.2442748092,"1":0.375,"2":0.1485148515,"3":0.0,"4":0.0714285714,"5":0.0,"6":0.0,"7":0.0,"8":0.2200474496,"9":0.0,"10":0.1525423729,"11":1.0,"12":0.0341463415,"13":0.0211267606,"14":1.0,"15":0.6666666667,"16":0.3636363636,"17":-0.5,"18":0.2222222222,"19":0.2162162162},"main_std":{"0":0.1580246625,"1":0.1421122133,"2":0.2623632038,"3":null,"4":0.1009097544,"5":0.0,"6":0.1199352399,"7":null,"8":0.1516584293,"9":0.0,"10":0.1808580839,"11":null,"12":0.1272686576,"13":0.1231769582,"14":null,"15":0.3233708115,"16":0.0552715992,"17":0.0742262871,"18":0.0600919203,"19":0.1183396978},"sentiment_std":{"0":0.645595766,"1":0.7187952884,"2":0.7400829496,"3":null,"4":0.7300459115,"5":0.0,"6":0.755928946,"7":null,"8":0.7074685914,"9":0.0,"10":0.6435049442,"11":null,"12":0.7286789621,"13":0.6890049342,"14":null,"15":0.5773502692,"16":0.4923659639,"17":0.5773502692,"18":0.8333333333,"19":0.4173417954},"sentiment_pv":{"0":0.0825375103,"1":0.2179389345,"2":0.9464339558,"3":null,"4":0.7182726308,"5":4.533642281e-33,"6":0.3845230125,"7":null,"8":0.0002559603,"9":4.533642281e-33,"10":0.8559731073,"11":null,"12":0.0000051436,"13":0.0398333646,"14":null,"15":0.2569965535,"16":0.0492524357,"17":0.1119841663,"18":0.7842084195,"19":0.3028316728},"main_pv":{"0":0.023077959,"1":0.2404726206,"2":0.2131525677,"3":null,"4":0.126107676,"5":0.0000000001,"6":0.2641239807,"7":null,"8":0.7877873343,"9":0.0000000001,"10":0.4828730709,"11":null,"12":0.7682554925,"13":0.0207044814,"14":null,"15":0.3698287929,"16":0.748883984,"17":0.695649597,"18":0.8140444504,"19":0.9571332321},"count":{"0":131,"1":16,"2":101,"3":1,"4":14,"5":2,"6":22,"7":1,"8":1686,"9":3,"10":177,"11":1,"12":1230,"13":142,"14":1,"15":3,"16":22,"17":4,"18":9,"19":37},"nb_en":{"0":131,"1":16,"2":101,"3":1,"4":14,"5":2,"6":22,"7":1,"8":1686,"9":3,"10":177,"11":1,"12":1230,"13":142,"14":1,"15":3,"16":22,"17":4,"18":9,"19":37},"nb_de":{"0":0,"1":0,"2":0,"3":0,"4":0,"5":0,"6":0,"7":0,"8":0,"9":0,"10":0,"11":0,"12":0,"13":0,"14":0,"15":0,"16":0,"17":0,"18":0,"19":0}}