{"canton":{"0":"SG","1":"JU","2":"VS","3":"SO","4":"AG","5":"VD","6":"ZH","7":"SH","8":"BE","9":"BL","10":"GE","11":"BS","12":"TI","13":"SZ","14":"LU","15":"GR","16":"NE","17":"FR"},"main_mean":{"0":0.0527313963,"1":0.2499958334,"2":0.0432101019,"3":-0.0779214623,"4":0.102240209,"5":0.0533056436,"6":0.0272450921,"7":-0.0363633058,"8":0.0190318617,"9":0.0312496094,"10":0.0154713313,"11":-0.0004565556,"12":0.0095258467,"13":-0.114580165,"14":0.0149615512,"15":0.0,"16":-0.1428551021,"17":0.0472989654},"sentiment_mean":{"0":0.1,"1":0.5,"2":0.1666666667,"3":-1.0,"4":0.3636363636,"5":0.3289473684,"6":0.3065420561,"7":0.0,"8":0.1229050279,"9":0.5,"10":0.1416216216,"11":0.1172413793,"12":0.1282051282,"13":-0.25,"14":0.2608695652,"15":0.0,"16":-0.5,"17":0.1153846154},"main_std":{"0":0.0592458432,"1":0.3535474981,"2":0.0753773324,"3":0.0112469006,"4":0.3127959244,"5":0.2109561742,"6":0.1366823703,"7":0.0813108236,"8":0.1457598962,"9":0.0624992188,"10":0.1642694352,"11":0.1233875782,"12":0.091928131,"13":0.1572830321,"14":0.0749963204,"15":null,"16":0.2020276228,"17":0.0873177514},"sentiment_std":{"0":0.8755950358,"1":0.7071067812,"2":0.7177405626,"3":0.0,"4":0.809039835,"5":0.7190393201,"6":0.6889846963,"7":0.7071067812,"8":0.6416975791,"9":0.5773502692,"10":0.7105022061,"11":0.692253248,"12":0.5890554702,"13":0.5,"14":0.6191923849,"15":null,"16":0.7071067812,"17":0.5159010042},"sentiment_pv":{"0":0.6947158628,"1":0.6676287774,"2":0.82988181,"3":0.0,"4":0.5495219242,"5":0.1670414937,"6":0.0001831859,"7":0.5389254931,"8":0.0744309312,"9":0.3926328799,"10":0.0091135209,"11":0.1095397843,"12":0.22003838,"13":0.1614192441,"14":0.7120977892,"15":null,"16":0.3894725043,"17":0.3510606956},"main_pv":{"0":0.1299505977,"1":0.5282637222,"2":0.3385389776,"3":0.0009546766,"4":0.4109166688,"5":0.1927404521,"6":0.2425747741,"7":0.188353753,"8":0.8425226931,"9":0.7711686796,"10":0.345151155,"11":0.0430177418,"12":0.2801588396,"13":0.1824887716,"14":0.6950245127,"15":null,"16":0.4558902664,"17":0.1460122202},"count":{"0":10,"1":2,"2":12,"3":3,"4":11,"5":76,"6":1070,"7":5,"8":179,"9":4,"10":925,"11":145,"12":78,"13":4,"14":23,"15":1,"16":2,"17":26},"nb_en":{"0":10,"1":2,"2":12,"3":3,"4":11,"5":76,"6":1070,"7":5,"8":179,"9":4,"10":925,"11":145,"12":78,"13":4,"14":23,"15":1,"16":2,"17":26},"nb_de":{"0":0,"1":0,"2":0,"3":0,"4":0,"5":0,"6":0,"7":0,"8":0,"9":0,"10":0,"11":0,"12":0,"13":0,"14":0,"15":0,"16":0,"17":0}}