{"canton":{"0":"TI","1":"UR","2":"BE","3":"BL","4":"NW","5":"TG","6":"VD","7":"SG","8":"JU","9":"SH","10":"OW","11":"AG","12":"GE","13":"BS","14":"FR","15":"SO","16":"AR","17":"ZH","18":"VS","19":"NE","20":"LU","21":"AI","22":"GR","23":"SZ"},"main_mean":{"0":0.0134070145,"1":-0.0208116033,"2":0.0180223518,"3":-0.0123869728,"4":-0.0183685204,"5":0.0015718415,"6":0.0270352195,"7":0.0260072876,"8":0.0810793829,"9":0.0275158789,"10":0.0000999988,"11":0.0046880246,"12":0.0229703728,"13":0.006932664,"14":0.0363045687,"15":0.0149133991,"16":0.1046429791,"17":0.0211042842,"18":0.0289249479,"19":0.0754334705,"20":0.0074602445,"21":0.0068213798,"22":0.0235531737,"23":0.122204094},"sentiment_mean":{"0":0.0769230769,"1":-0.1666666667,"2":0.0739476678,"3":-0.0333333333,"4":0.0,"5":0.0,"6":0.0631163708,"7":0.0882352941,"8":0.25,"9":0.0425531915,"10":0.0,"11":0.0440251572,"12":0.0724244771,"13":0.0520134228,"14":0.0406504065,"15":0.0352112676,"16":0.4210526316,"17":0.1529860922,"18":0.170212766,"19":0.25,"20":0.0279329609,"21":0.0,"22":0.04,"23":0.375},"main_std":{"0":0.1032697751,"1":0.0348451216,"2":0.1219503923,"3":0.0651989947,"4":0.0318152106,"5":0.065101397,"6":0.1154208948,"7":0.0880415308,"8":0.16674961,"9":0.1309658474,"10":0.000223604,"11":0.0983077573,"12":0.125364753,"13":0.0775057856,"14":0.1118736507,"15":0.0753643588,"16":0.2108895647,"17":0.1188794816,"18":0.0815182589,"19":0.2408760617,"20":0.0735899477,"21":0.0096468879,"22":0.0658953465,"23":0.2768240993},"sentiment_std":{"0":0.6705017894,"1":0.4082482905,"2":0.3880231447,"3":0.1825741858,"4":0.0,"5":0.0,"6":0.3975723668,"7":0.3178810157,"8":0.5,"9":0.2901573032,"10":0.0,"11":0.2834219458,"12":0.541016816,"13":0.3606427127,"14":0.2685227952,"15":0.184965852,"16":0.5072572735,"17":0.4990921388,"18":0.433346379,"19":0.4409585518,"20":0.307767744,"21":0.0,"22":0.1979486637,"23":0.5175491695},"sentiment_pv":{"0":0.732269143,"1":0.1691000378,"2":0.0523217423,"3":0.0003877405,"4":4.133905353e-92,"5":4.133905353e-92,"6":0.0386424403,"7":0.6870980658,"8":0.5934260882,"9":0.0564294109,"10":4.133905353e-92,"11":0.0140612395,"12":0.0145008833,"13":0.0016805039,"14":0.0157205614,"15":0.0000784563,"16":0.01322953,"17":0.0000000661,"18":0.281294248,"19":0.0856430311,"20":0.0021474063,"21":4.133905353e-92,"22":0.0362355354,"23":0.1781681105},"main_pv":{"0":0.508227084,"1":0.0330816472,"2":0.541366695,"3":0.0098088423,"4":0.1671067262,"5":0.1661876639,"6":0.2253614308,"7":0.5434520554,"8":0.520965145,"9":0.6134587199,"10":5.211990714e-63,"11":0.0447756946,"12":0.3970346411,"13":0.0000601389,"14":0.1256874318,"15":0.3750752986,"16":0.0996862942,"17":0.8412424324,"18":0.491728912,"19":0.239322947,"20":0.0202692544,"21":0.2839625342,"22":0.7580091228,"23":0.3339445589},"count":{"0":91,"1":6,"2":879,"3":30,"4":3,"5":24,"6":507,"7":102,"8":4,"9":94,"10":5,"11":159,"12":2582,"13":596,"14":123,"15":142,"16":19,"17":3667,"18":47,"19":28,"20":179,"21":2,"22":50,"23":8},"nb_en":{"0":82,"1":1,"2":242,"3":2,"4":0,"5":2,"6":152,"7":11,"8":0,"9":9,"10":0,"11":16,"12":1355,"13":127,"14":25,"15":4,"16":5,"17":1520,"18":17,"19":11,"20":37,"21":0,"22":1,"23":5},"nb_de":{"0":4,"1":5,"2":591,"3":28,"4":3,"5":22,"6":8,"7":90,"8":0,"9":85,"10":5,"11":142,"12":9,"13":461,"14":32,"15":138,"16":14,"17":2071,"18":22,"19":3,"20":141,"21":2,"22":49,"23":3},"nb_fr":{"0":5,"1":0,"2":46,"3":0,"4":0,"5":0,"6":347,"7":1,"8":4,"9":0,"10":0,"11":1,"12":1218,"13":8,"14":66,"15":0,"16":0,"17":76,"18":8,"19":14,"20":1,"21":0,"22":0,"23":0}}