{"canton":{"0":"SG","1":"UR","2":"VS","3":"JU","4":"AG","5":"VD","6":"ZH","7":"SH","8":"SO","9":"BE","10":"NW","11":"BS","12":"TI","13":"SZ","14":"LU","15":"GE","16":"GR","17":"NE","18":"FR"},"main_mean":{"0":-0.0276767254,"1":-0.1666638889,"2":0.0748089238,"3":-0.0291658403,"4":0.007236963,"5":0.0174089672,"6":0.0053919009,"7":-0.0185183128,"8":-0.0555549383,"9":0.0041492051,"10":0.0,"11":0.024554744,"12":0.0158303706,"13":0.0,"14":0.1311905022,"15":0.0088353841,"16":0.0553836971,"17":0.0092591821,"18":-0.0148145592},"sentiment_mean":{"0":0.0588235294,"1":0.0,"2":0.375,"3":0.5,"4":0.2631578947,"5":0.06,"6":0.2505307856,"7":0.1666666667,"8":-1.0,"9":0.0877192982,"10":0.0,"11":0.1348314607,"12":0.0147058824,"13":0.0,"14":0.5,"15":0.1189320388,"16":0.2,"17":0.3333333333,"18":0.25},"main_std":{"0":0.1132920726,"1":null,"2":0.1232501998,"3":0.1204714956,"4":0.0899761067,"5":0.1352052345,"6":0.1273778414,"7":0.0453604172,"8":0.0785665472,"9":0.161373217,"10":null,"11":0.0963594721,"12":0.1194839868,"13":null,"14":0.2737325213,"15":0.1415924236,"16":0.0874338311,"17":0.0277775463,"18":0.079607162},"sentiment_std":{"0":0.5557189302,"1":null,"2":0.7440238091,"3":0.5773502692,"4":0.7334928056,"5":0.6166052385,"6":0.711880907,"7":0.4082482905,"8":0.0,"9":0.6583589693,"10":null,"11":0.7259947914,"12":0.6577357601,"13":null,"14":0.5773502692,"15":0.6957121409,"16":0.4472135955,"17":0.5,"18":0.4522670169},"sentiment_pv":{"0":0.4119641319,"1":null,"2":0.4680489678,"3":0.3397435507,"4":0.5997199412,"5":0.0772903158,"6":0.0046070854,"7":0.9714636865,"8":0.0,"9":0.1053280814,"10":null,"11":0.6275213205,"12":0.0548493524,"13":null,"14":0.0060339649,"15":0.0559097627,"16":0.8991516131,"17":0.3653890296,"18":0.5690689563},"main_pv":{"0":0.1978746576,"1":null,"2":0.1774868048,"3":0.5677687438,"4":0.9183996441,"5":0.563377741,"6":0.4256425523,"7":0.1937584599,"8":0.4500700075,"9":0.6788435268,"10":null,"11":0.1559737356,"12":0.6645436565,"13":null,"14":0.0262436744,"15":0.920915871,"16":0.3052866028,"17":0.9886393907,"18":0.3174558921},"count":{"0":17,"1":1,"2":8,"3":4,"4":19,"5":100,"6":942,"7":6,"8":2,"9":171,"10":1,"11":89,"12":68,"13":1,"14":28,"15":824,"16":5,"17":9,"18":12},"nb_en":{"0":17,"1":1,"2":8,"3":4,"4":19,"5":100,"6":942,"7":6,"8":2,"9":171,"10":1,"11":89,"12":68,"13":1,"14":28,"15":824,"16":5,"17":9,"18":12},"nb_de":{"0":0,"1":0,"2":0,"3":0,"4":0,"5":0,"6":0,"7":0,"8":0,"9":0,"10":0,"11":0,"12":0,"13":0,"14":0,"15":0,"16":0,"17":0,"18":0}}