{"canton":{"0":"VD","1":"SG","2":"TI","3":"JU","4":"VS","5":"SO","6":"AG","7":"TG","8":"ZH","9":"SH","10":"BE","11":"GE","12":"BS","13":"AR","14":"SZ","15":"LU","16":"GR","17":"NE","18":"FR"},"main_mean":{"0":0.0315709716,"1":0.1222103246,"2":-0.020408697,"3":0.2499937502,"4":0.0013714787,"5":-0.0073230869,"6":0.0161557889,"7":0.0,"8":0.0255213799,"9":-0.0255241849,"10":0.0135534124,"11":0.0149407075,"12":0.0184605837,"13":0.033333,"14":-0.249996875,"15":0.0513992665,"16":0.0,"17":0.0103894696,"18":-0.0494586872},"sentiment_mean":{"0":0.1712328767,"1":0.5416666667,"2":0.0093457944,"3":1.0,"4":0.4117647059,"5":0.0,"6":-0.0476190476,"7":0.0,"8":0.2533602151,"9":-0.2307692308,"10":0.0576923077,"11":0.1198380567,"12":0.161971831,"13":0.3333333333,"14":-1.0,"15":0.4411764706,"16":0.0,"17":0.0,"18":0.0},"main_std":{"0":0.1287719577,"1":0.1781335142,"2":0.141836364,"3":null,"4":0.0806435864,"5":0.1135184557,"6":0.2554095162,"7":null,"8":0.1530129329,"9":0.0899472973,"10":0.2054526166,"11":0.1446468053,"12":0.1717808282,"13":0.0577344496,"14":null,"15":0.0882562037,"16":0.0,"17":0.0790672472,"18":0.1670120321},"sentiment_std":{"0":0.6576823365,"1":0.5089773777,"2":0.5907355042,"3":null,"4":0.6183469424,"5":1.1547005384,"6":0.6690433825,"7":null,"8":0.6907415384,"9":0.4385290097,"10":0.621787855,"11":0.7236813681,"12":0.6907424718,"13":0.5773502692,"14":null,"15":0.560907083,"16":0.0,"17":0.8164965809,"18":0.6666666667},"sentiment_pv":{"0":0.9322943687,"1":0.0018870337,"2":0.0050585086,"3":null,"4":0.1363286499,"5":0.7804755763,"6":0.1423327833,"7":null,"8":0.0003033573,"9":0.0058726682,"10":0.0035870819,"11":0.0179055059,"12":0.8131943561,"13":0.6834342262,"14":null,"15":0.0097964149,"16":1.654214609e-49,"17":0.51304337,"18":0.2661481688},"main_pv":{"0":0.2742469257,"1":0.0097334227,"2":0.0050092485,"3":null,"4":0.3704484243,"5":0.6685480526,"6":0.952281788,"7":null,"8":0.2071226896,"9":0.0970688179,"10":0.6458021748,"11":0.3452693204,"12":0.9415378857,"13":0.7194715398,"14":null,"15":0.0454341654,"16":0.0,"17":0.7241761663,"18":0.0890477179},"count":{"0":146,"1":24,"2":107,"3":1,"4":17,"5":4,"6":21,"7":1,"8":1488,"9":13,"10":260,"11":1235,"12":142,"13":3,"14":1,"15":34,"16":3,"17":10,"18":19},"nb_en":{"0":146,"1":24,"2":107,"3":1,"4":17,"5":4,"6":21,"7":1,"8":1488,"9":13,"10":260,"11":1235,"12":142,"13":3,"14":1,"15":34,"16":3,"17":10,"18":19},"nb_de":{"0":0,"1":0,"2":0,"3":0,"4":0,"5":0,"6":0,"7":0,"8":0,"9":0,"10":0,"11":0,"12":0,"13":0,"14":0,"15":0,"16":0,"17":0,"18":0}}