{"canton":{"0":"TI","1":"UR","2":"BE","3":"BL","4":"NW","5":"TG","6":"VD","7":"SG","8":"JU","9":"SH","10":"OW","11":"AG","12":"GE","13":"BS","14":"FR","15":"SO","16":"AR","17":"GL","18":"ZH","19":"VS","20":"NE","21":"LU","22":"AI","23":"GR","24":"SZ"},"main_mean":{"0":0.024847027,"1":0.0002222198,"2":0.0014028669,"3":0.0095770117,"4":0.0,"5":0.0057876794,"6":0.0202421479,"7":0.0723789051,"8":0.0285409266,"9":0.0087326571,"10":0.0,"11":0.0160771402,"12":0.0229501059,"13":0.0072928554,"14":0.0110701826,"15":0.0511660507,"16":0.0073460973,"17":0.0,"18":0.0158323848,"19":0.0151566876,"20":0.0121753878,"21":0.0066266267,"22":0.0,"23":-0.0016721474,"24":0.0122386694},"sentiment_mean":{"0":0.0843373494,"1":0.0,"2":0.0445632799,"3":0.0,"4":0.0,"5":0.05,"6":0.0444444444,"7":0.152173913,"8":0.0,"9":0.0617283951,"10":0.0,"11":0.0291970803,"12":0.0591451292,"13":0.046875,"14":0.034965035,"15":0.0,"16":0.0,"17":0.0,"18":0.1820480405,"19":0.1578947368,"20":0.0,"21":0.0394736842,"22":0.0,"23":0.027027027,"24":0.3333333333},"main_std":{"0":0.1540957749,"1":0.0003142662,"2":0.1086606514,"3":0.0211074866,"4":0.0,"5":0.0320058427,"6":0.120143261,"7":0.1876435936,"8":0.0732111322,"9":0.0492466382,"10":null,"11":0.076252738,"12":0.1351130604,"13":0.0713374918,"14":0.1107206219,"15":0.1608208896,"16":0.0103889505,"17":null,"18":0.1202207744,"19":0.1100548303,"20":0.0696031823,"21":0.0620792039,"22":0.0,"23":0.0487189367,"24":0.0392020305},"sentiment_std":{"0":0.5227698108,"1":0.0,"2":0.3961554484,"3":0.0,"4":0.0,"5":0.2236067977,"6":0.3270025888,"7":0.417601277,"8":0.0,"9":0.2892092241,"10":null,"11":0.2407587833,"12":0.483420665,"13":0.3451509214,"14":0.2192364282,"15":0.0,"16":0.0,"17":null,"18":0.5351692166,"19":0.4365909576,"20":0.0,"21":0.2267413542,"22":0.0,"23":0.1643989873,"24":0.5163977795},"sentiment_pv":{"0":0.7985960301,"1":9.785819352e-68,"2":0.0020828018,"3":9.785819352e-68,"4":9.785819352e-68,"5":0.3411461007,"6":0.0015746064,"7":0.2296827526,"8":9.785819352e-68,"9":0.2552606946,"10":null,"11":0.0012892501,"12":0.0010304609,"13":0.0013849299,"14":0.0010168968,"15":9.785819352e-68,"16":9.785819352e-68,"17":null,"18":0.0,"19":0.4131462777,"20":9.785819352e-68,"21":0.0022473789,"22":9.785819352e-68,"23":0.0127440261,"24":0.3171719978},"main_pv":{"0":0.636901376,"1":2.471271155e-28,"2":0.0014382664,"3":0.0784736053,"4":1.415530088e-30,"5":0.1466259286,"6":0.5760649496,"7":0.0056665747,"8":0.6865614188,"9":0.1573988432,"10":null,"11":0.9134446579,"12":0.0662542139,"13":0.0063046575,"14":0.5416277323,"15":0.3065125861,"16":0.4144274332,"17":null,"18":0.7345289001,"19":0.9272191291,"20":0.7436844857,"21":0.0537498678,"22":1.415530088e-30,"23":0.0289218901,"24":0.7875565724},"count":{"0":83,"1":2,"2":561,"3":32,"4":3,"5":20,"6":405,"7":92,"8":7,"9":81,"10":1,"11":137,"12":2012,"13":512,"14":143,"15":24,"16":2,"17":1,"18":2373,"19":38,"20":25,"21":152,"22":2,"23":37,"24":6},"nb_en":{"0":74,"1":0,"2":180,"3":0,"4":0,"5":3,"6":58,"7":10,"8":0,"9":9,"10":0,"11":13,"12":904,"13":103,"14":13,"15":0,"16":0,"17":0,"18":1134,"19":11,"20":2,"21":18,"22":2,"23":2,"24":2},"nb_de":{"0":5,"1":2,"2":360,"3":32,"4":3,"5":17,"6":19,"7":82,"8":0,"9":72,"10":1,"11":123,"12":13,"13":404,"14":46,"15":24,"16":2,"17":1,"18":1183,"19":21,"20":7,"21":134,"22":0,"23":35,"24":4},"nb_fr":{"0":4,"1":0,"2":21,"3":0,"4":0,"5":0,"6":328,"7":0,"8":7,"9":0,"10":0,"11":1,"12":1095,"13":5,"14":84,"15":0,"16":0,"17":0,"18":56,"19":6,"20":16,"21":0,"22":0,"23":0,"24":0}}