{"canton":{"0":"UR","1":"BE","2":"BL","3":"TI","4":"TG","5":"VD","6":"SG","7":"JU","8":"SH","9":"OW","10":"AG","11":"GE","12":"BS","13":"FR","14":"SO","15":"GL","16":"ZH","17":"VS","18":"NE","19":"LU","20":"AI","21":"GR","22":"SZ"},"main_mean":{"0":0.0004999875,"1":0.0207313765,"2":0.001357124,"3":-0.0206462133,"4":0.0001206338,"5":0.0222124048,"6":0.0371626988,"7":0.0312928118,"8":0.0206024659,"9":0.0998393344,"10":0.0156583963,"11":0.024543129,"12":0.0121013005,"13":0.0230010096,"14":0.0129806428,"15":0.0521353419,"16":0.0185395836,"17":0.0089232168,"18":0.0247077753,"19":0.0065370618,"20":0.0,"21":0.0384540576,"22":0.0013046086},"sentiment_mean":{"0":0.0,"1":0.112716763,"2":0.0555555556,"3":-0.0208333333,"4":0.1111111111,"5":0.0636042403,"6":0.125,"7":0.0,"8":0.0847457627,"9":0.5,"10":0.0495049505,"11":0.0694626474,"12":0.0553571429,"13":0.0283018868,"14":0.0909090909,"15":0.0,"16":0.1642512077,"17":0.0,"18":0.2307692308,"19":0.0342465753,"20":-1.0,"21":0.0434782609,"22":0.0},"main_std":{"0":0.0007070891,"1":0.1061870119,"2":0.0224839277,"3":0.1147118946,"4":0.0001839336,"5":0.139646541,"6":0.1023351481,"7":0.063173614,"8":0.0704092416,"9":0.1411941408,"10":0.1150160222,"11":0.133318875,"12":0.0864536139,"13":0.1363439919,"14":0.0371910995,"15":null,"16":0.1349734727,"17":0.0450804496,"18":0.0888567624,"19":0.0553188174,"20":null,"21":0.140703798,"22":0.0384175758},"sentiment_std":{"0":0.0,"1":0.4259823982,"2":0.2323106841,"3":0.6010481389,"4":0.3333333333,"5":0.3413319949,"6":0.3337119062,"7":0.0,"8":0.2808936228,"9":0.7071067812,"10":0.384089511,"11":0.4698356597,"12":0.3718250896,"13":0.2913857587,"14":0.3015113446,"15":null,"16":0.5233656313,"17":0.3592106041,"18":0.4385290097,"19":0.1824879235,"20":null,"21":0.2085144141,"22":0.0},"sentiment_pv":{"0":2.300627908e-52,"1":0.5663398323,"2":0.2747835732,"3":0.1745746584,"4":0.9164584627,"5":0.0966248237,"6":0.5671225411,"7":2.300627908e-52,"8":0.701083601,"9":0.5697111857,"10":0.2037708518,"11":0.030061846,"12":0.0102271133,"13":0.0162774281,"14":0.9304406847,"15":null,"16":0.0000060722,"17":0.1305754502,"18":0.300677815,"19":0.0001084244,"20":null,"21":0.2186450638,"22":2.300627908e-52},"main_pv":{"0":5.3815374e-20,"1":0.8299968586,"2":0.000058603,"3":0.0199137546,"4":3.707540144e-28,"5":0.7448072114,"6":0.2040374311,"7":0.6969705983,"8":0.9020099279,"9":0.5684148845,"10":0.7440017192,"11":0.1839669448,"12":0.069909101,"13":0.7907979826,"14":0.5807016154,"15":null,"16":0.8083130277,"17":0.2056653592,"18":0.834976516,"19":0.0090989337,"20":null,"21":0.5245076891,"22":0.3515739561},"count":{"0":2,"1":346,"2":36,"3":48,"4":9,"5":283,"6":56,"7":5,"8":59,"9":2,"10":101,"11":1526,"12":560,"13":106,"14":11,"15":1,"16":1656,"17":32,"18":13,"19":146,"20":1,"21":23,"22":5},"nb_en":{"0":1,"1":116,"2":3,"3":45,"4":0,"5":74,"6":6,"7":0,"8":1,"9":0,"10":14,"11":603,"12":247,"13":22,"14":2,"15":0,"16":778,"17":9,"18":4,"19":14,"20":1,"21":2,"22":1},"nb_de":{"0":1,"1":212,"2":33,"3":0,"4":9,"5":15,"6":50,"7":1,"8":57,"9":2,"10":87,"11":6,"12":308,"13":26,"14":9,"15":1,"16":841,"17":19,"18":3,"19":131,"20":0,"21":21,"22":4},"nb_fr":{"0":0,"1":18,"2":0,"3":3,"4":0,"5":194,"6":0,"7":4,"8":1,"9":0,"10":0,"11":917,"12":5,"13":58,"14":0,"15":0,"16":37,"17":4,"18":6,"19":1,"20":0,"21":0,"22":0}}