{"canton":{"0":"VD","1":"SG","2":"JU","3":"VS","4":"AG","5":"TG","6":"ZH","7":"SH","8":"BE","9":"GE","10":"BS","11":"TI","12":"SZ","13":"LU","14":"NE","15":"FR"},"main_mean":{"0":0.0141468816,"1":-0.0485708245,"2":0.099999,"3":0.0107851266,"4":-0.0248536347,"5":0.0,"6":0.0192793199,"7":-0.0710221329,"8":0.0303919403,"9":0.0049206429,"10":0.0350871318,"11":0.0340029289,"12":-0.0862183108,"13":0.0456929295,"14":0.0101009183,"15":0.03421643},"sentiment_mean":{"0":0.1578947368,"1":-0.4,"2":1.0,"3":0.1176470588,"4":0.0,"5":0.0,"6":0.2674796748,"7":-0.4166666667,"8":0.156626506,"9":0.0857418112,"10":0.2522522523,"11":0.2413793103,"12":-0.75,"13":0.3913043478,"14":0.1111111111,"15":0.0294117647},"main_std":{"0":0.1874853263,"1":0.0797376905,"2":null,"3":0.1062803976,"4":0.1159762266,"5":0.0,"6":0.1290330959,"7":0.0991586772,"8":0.1392551066,"9":0.1472139548,"10":0.1713289474,"11":0.1884261172,"12":0.061326745,"13":0.1148759229,"14":0.0303027548,"15":0.2159314898},"sentiment_std":{"0":0.6743417843,"1":0.6992058988,"2":null,"3":0.8574929257,"4":0.5773502692,"5":0.0,"6":0.694626116,"7":0.7929614611,"8":0.6126332179,"9":0.7331317342,"10":0.6532223409,"11":0.6641223837,"12":0.5,"13":0.4990108793,"14":0.6009252126,"15":0.6269355057},"sentiment_pv":{"0":0.7927526258,"1":0.0280147277,"2":null,"3":0.7737000976,"4":0.1960909223,"5":3.971678541e-40,"6":0.0001962003,"7":0.0247500216,"8":0.6569578986,"9":0.0004337764,"10":0.2475746412,"11":0.3881775621,"12":0.0337392482,"13":0.054445591,"14":0.7453604751,"15":0.1775152588},"main_pv":{"0":0.9733154491,"1":0.0332093204,"2":null,"3":0.8765613423,"4":0.1543427541,"5":0.0000000321,"6":0.3333987652,"7":0.0121321182,"8":0.1651469887,"9":0.0604672611,"10":0.222532139,"11":0.3504429233,"12":0.0452671235,"13":0.2140293562,"14":0.6584958231,"15":0.6058458049},"count":{"0":76,"1":10,"2":1,"3":17,"4":19,"5":2,"6":1230,"7":12,"8":166,"9":1038,"10":111,"11":87,"12":4,"13":23,"14":9,"15":34},"nb_en":{"0":76,"1":10,"2":1,"3":17,"4":19,"5":2,"6":1230,"7":12,"8":166,"9":1038,"10":111,"11":87,"12":4,"13":23,"14":9,"15":34},"nb_de":{"0":0,"1":0,"2":0,"3":0,"4":0,"5":0,"6":0,"7":0,"8":0,"9":0,"10":0,"11":0,"12":0,"13":0,"14":0,"15":0}}