{"canton":{"0":"UR","1":"BE","2":"BL","3":"NW","4":"TI","5":"VD","6":"SG","7":"JU","8":"SH","9":"OW","10":"AG","11":"GE","12":"BS","13":"FR","14":"SO","15":"ZH","16":"VS","17":"NE","18":"LU","19":"GR","20":"SZ","21":"TG"},"main_mean":{"0":-0.0073283832,"1":0.0064273201,"2":0.0341346056,"3":-0.0228184648,"4":0.0316623637,"5":0.0281383002,"6":0.0439489879,"7":0.0872299101,"8":0.0046438788,"9":-0.0152123098,"10":0.0189016449,"11":0.0208753078,"12":0.0099796693,"13":0.0525652913,"14":0.0129707178,"15":0.0203076539,"16":0.0220885645,"17":0.0048512799,"18":0.0072199957,"19":-0.0161548892,"20":-0.0602536349,"21":-0.0095016315},"sentiment_mean":{"0":0.0,"1":0.0416666667,"2":0.0888888889,"3":0.0,"4":0.0873015873,"5":0.0665137615,"6":0.0983606557,"7":0.2222222222,"8":0.0105263158,"9":0.0,"10":0.0357142857,"11":0.0632003586,"12":0.067061144,"13":0.0365853659,"14":0.0,"15":0.1714411635,"16":0.0555555556,"17":-0.0476190476,"18":0.0744680851,"19":0.0,"20":0.0,"21":0.0},"main_std":{"0":0.0187720138,"1":0.1005437353,"2":0.1275705313,"3":0.0322701823,"4":0.1116582508,"5":0.15389096,"6":0.1333196367,"7":0.160539391,"8":0.0570624855,"9":0.0263484936,"10":0.1235704666,"11":0.1406515948,"12":0.0819293633,"13":0.1794957418,"14":0.0776247037,"15":0.1161973337,"16":0.0556795026,"17":0.1212490276,"18":0.0449627999,"19":0.0990965357,"20":0.1184988789,"21":0.0210999015},"sentiment_std":{"0":0.0,"1":0.3706633302,"2":0.287799032,"3":0.0,"4":0.4736216426,"5":0.3558092635,"6":0.4727549765,"7":0.4409585518,"8":0.1783337084,"9":0.0,"10":0.2519196596,"11":0.4697527016,"12":0.4115907661,"13":0.244955083,"14":0.5222329679,"15":0.5178938266,"16":0.4101877232,"17":0.2182178902,"18":0.3356701435,"19":0.0,"20":0.5345224838,"21":0.0},"sentiment_pv":{"0":1.465601598e-66,"1":0.0010485838,"2":0.8774386688,"3":1.465601598e-66,"4":0.8457332554,"5":0.1048467565,"6":0.9638771603,"7":0.4142922904,"8":0.000020137,"9":1.465601598e-66,"10":0.007184684,"11":0.0043667094,"12":0.1353947602,"13":0.0034075641,"14":0.3900310389,"15":0.0000000005,"16":0.5630357379,"17":0.007131717,"18":0.548071878,"19":1.465601598e-66,"20":0.6286153399,"21":1.465601598e-66},"main_pv":{"0":0.0163454912,"1":0.0033161485,"2":0.448233053,"3":0.3135176849,"4":0.2303306046,"5":0.2534770528,"6":0.1593989522,"7":0.241609246,"8":0.015313063,"9":0.1484574346,"10":0.9519154041,"11":0.6886190409,"12":0.0154032356,"13":0.0203147692,"14":0.6899967083,"15":0.7884034909,"16":0.7877354791,"17":0.5855287443,"18":0.0128687584,"19":0.0356256758,"20":0.098613621,"21":0.0000951153},"count":{"0":6,"1":576,"2":45,"3":2,"4":126,"5":436,"6":61,"7":9,"8":95,"9":3,"10":140,"11":2231,"12":507,"13":164,"14":23,"15":2269,"16":36,"17":21,"18":94,"19":37,"20":8,"21":15},"nb_en":{"0":0,"1":179,"2":4,"3":0,"4":78,"5":76,"6":10,"7":2,"8":5,"9":0,"10":11,"11":925,"12":145,"13":26,"14":3,"15":1070,"16":12,"17":2,"18":23,"19":1,"20":4,"21":0},"nb_de":{"0":6,"1":367,"2":41,"3":2,"4":2,"5":12,"6":51,"7":0,"8":90,"9":3,"10":129,"11":10,"12":357,"13":60,"14":20,"15":1131,"16":14,"17":9,"18":71,"19":36,"20":4,"21":15},"nb_fr":{"0":0,"1":30,"2":0,"3":0,"4":46,"5":348,"6":0,"7":7,"8":0,"9":0,"10":0,"11":1296,"12":5,"13":78,"14":0,"15":68,"16":10,"17":10,"18":0,"19":0,"20":0,"21":0}}