{"canton":{"0":"SG","1":"TI","2":"VS","3":"SO","4":"AG","5":"VD","6":"ZH","7":"TG","8":"BE","9":"GE","10":"SH","11":"AR","12":"SZ","13":"LU","14":"OW","15":"GR","16":"NE","17":"FR","18":"BS"},"main_mean":{"0":0.0067904376,"1":0.0524950382,"2":0.0000008222,"3":0.0207665768,"4":0.0167579229,"5":0.0371430406,"6":0.0284014492,"7":-0.1249984375,"8":0.0067335664,"9":0.0190807241,"10":0.0,"11":0.0,"12":-0.0384612426,"13":-0.0062289844,"14":0.0,"15":-0.1999960001,"16":0.093830269,"17":0.0391523566,"18":0.0023993889},"sentiment_mean":{"0":0.2941176471,"1":0.3857142857,"2":-0.1,"3":0.0909090909,"4":0.25,"5":0.2393162393,"6":0.2706453851,"7":-0.5,"8":0.1534090909,"9":0.1728896104,"10":0.1428571429,"11":0.0,"12":0.0,"13":0.1212121212,"14":0.0,"15":0.0,"16":0.5714285714,"17":0.0666666667,"18":0.0961538462},"main_std":{"0":0.0573937422,"1":0.0873789969,"2":0.1369835533,"3":0.1018193326,"4":0.0956753626,"5":0.1415348826,"6":0.1483311589,"7":0.1767744856,"8":0.1347861687,"9":0.1283703084,"10":0.0481121215,"11":null,"12":0.0543924109,"13":0.169643283,"14":null,"15":null,"16":0.099625785,"17":0.1321027456,"18":0.1428705206},"sentiment_std":{"0":0.6859943406,"1":0.5969210164,"2":0.5676462122,"3":0.53935989,"4":0.7071067812,"5":0.6519145894,"6":0.6884202426,"7":0.7071067812,"8":0.6797392548,"9":0.7132120413,"10":0.6900655593,"11":null,"12":1.4142135624,"13":0.6963106238,"14":null,"15":null,"16":0.5345224838,"17":0.5936168397,"18":0.679457527},"sentiment_pv":{"0":0.6479733563,"1":0.0221117353,"2":0.1120919592,"3":0.4587853556,"4":0.8973074818,"5":0.7112483752,"6":0.0130329065,"7":0.3877596536,"8":0.2321013399,"9":0.0651246893,"10":0.7873137548,"11":null,"12":0.8642619704,"13":0.4396560804,"14":null,"15":null,"16":0.129685349,"17":0.3460909383,"18":0.0321809824},"main_pv":{"0":0.276320479,"1":0.0068011507,"2":0.6136962785,"3":0.9516595617,"4":0.8662603144,"5":0.2791053234,"6":0.2125677404,"7":0.4471168027,"8":0.1282965179,"9":0.411011334,"10":0.2609943405,"11":null,"12":0.3566352391,"13":0.3364329056,"14":null,"15":null,"16":0.1079029214,"17":0.6373654083,"18":0.0845584123},"count":{"0":17,"1":70,"2":10,"3":11,"4":8,"5":117,"6":1441,"7":2,"8":176,"9":1232,"10":7,"11":1,"12":2,"13":33,"14":1,"15":1,"16":7,"17":15,"18":156},"nb_en":{"0":17,"1":70,"2":10,"3":11,"4":8,"5":117,"6":1441,"7":2,"8":176,"9":1232,"10":7,"11":1,"12":2,"13":33,"14":1,"15":1,"16":7,"17":15,"18":156},"nb_de":{"0":0,"1":0,"2":0,"3":0,"4":0,"5":0,"6":0,"7":0,"8":0,"9":0,"10":0,"11":0,"12":0,"13":0,"14":0,"15":0,"16":0,"17":0,"18":0}}