{"canton":{"0":"UR","1":"NW","2":"BE","3":"BL","4":"JU","5":"TI","6":"TG","7":"VD","8":"SG","9":"GR","10":"SH","11":"AG","12":"GE","13":"BS","14":"FR","15":"AR","16":"GL","17":"ZH","18":"SO","19":"NE","20":"LU","21":"AI","22":"VS","23":"SZ"},"main_mean":{"0":0.0045023169,"1":-0.0297130032,"2":0.0135604262,"3":0.021550295,"4":-0.0555922044,"5":0.0058673504,"6":0.0103328988,"7":0.0292317312,"8":0.0342886931,"9":0.0183170636,"10":0.0046181062,"11":0.0146650764,"12":0.0221280727,"13":0.0147762932,"14":0.0232608758,"15":-0.0055899289,"16":0.0003692246,"17":0.0167882947,"18":0.0380771959,"19":-0.0024302476,"20":0.0018069341,"21":0.0,"22":0.0094703913,"23":0.0024444155},"sentiment_mean":{"0":0.0,"1":0.0,"2":0.0764635603,"3":0.0512820513,"4":0.0,"5":0.1509433962,"6":0.1,"7":0.0599455041,"8":0.0649350649,"9":0.0975609756,"10":0.0095238095,"11":0.0459770115,"12":0.0663928816,"13":0.0642201835,"14":0.0482758621,"15":-0.1,"16":0.0,"17":0.1381284221,"18":0.1428571429,"19":0.0,"20":0.0659898477,"21":0.0,"22":0.0422535211,"23":0.0},"main_std":{"0":0.0132831476,"1":0.0482042439,"2":0.100953055,"3":0.098084983,"4":0.1041739594,"5":0.1338682919,"6":0.0534328227,"7":0.1328456156,"8":0.1242545898,"9":0.0815575095,"10":0.0519451105,"11":0.1039592034,"12":0.1332474299,"13":0.0931789587,"14":0.0972973494,"15":0.0429837354,"16":0.0004035263,"17":0.1100693721,"18":0.1192738815,"19":0.1236020055,"20":0.0567855002,"21":null,"22":0.0907724477,"23":0.0502739338},"sentiment_std":{"0":0.0,"1":0.7071067812,"2":0.3806100809,"3":0.223455865,"4":0.0,"5":0.6588944974,"6":0.3077935056,"7":0.3412568012,"8":0.3747863369,"9":0.3744915252,"10":0.219055582,"11":0.3005984773,"12":0.4800432841,"13":0.3528548029,"14":0.2721068643,"15":0.316227766,"16":0.0,"17":0.4950184316,"18":0.4299697077,"19":0.4767312946,"20":0.2869805154,"21":null,"22":0.2025988096,"23":0.0},"sentiment_pv":{"0":2.070922035e-96,"1":0.7810998368,"2":0.2072834475,"3":0.2433495171,"4":2.070922035e-96,"5":0.3767026718,"6":0.9315070883,"7":0.0109989174,"8":0.5006235723,"9":0.9518050729,"10":0.0001837235,"11":0.0400403186,"12":0.0055093692,"13":0.0403884087,"14":0.0489249098,"15":0.0844508539,"16":2.070922035e-96,"17":0.0000009483,"18":0.5066813117,"19":0.1936054063,"20":0.1822749562,"21":null,"22":0.0376902494,"23":2.070922035e-96},"main_pv":{"0":0.051084906,"1":0.0897960461,"2":0.1965351991,"3":0.8378806472,"4":0.1096735793,"5":0.3427569974,"6":0.5143353862,"7":0.03030937,"8":0.2640740427,"9":0.9993312369,"10":0.009603831,"11":0.6480632252,"12":0.1597237328,"13":0.3556135754,"14":0.544686783,"15":0.1132454746,"16":1.666269307e-48,"17":0.4654628804,"18":0.3344134616,"19":0.2673718728,"20":0.0001151696,"21":null,"22":0.4174225043,"23":0.5730308291},"count":{"0":6,"1":5,"2":837,"3":39,"4":7,"5":106,"6":20,"7":734,"8":77,"9":41,"10":105,"11":174,"12":2922,"13":654,"14":145,"15":10,"16":3,"17":4018,"18":35,"19":45,"20":197,"21":1,"22":71,"23":4},"nb_en":{"0":0,"1":2,"2":218,"3":2,"4":0,"5":95,"6":3,"7":168,"8":14,"9":6,"10":7,"11":20,"12":1276,"13":144,"14":27,"15":2,"16":0,"17":1780,"18":6,"19":17,"20":41,"21":0,"22":11,"23":1},"nb_de":{"0":6,"1":3,"2":577,"3":36,"4":0,"5":6,"6":17,"7":17,"8":63,"9":35,"10":98,"11":152,"12":19,"13":498,"14":40,"15":8,"16":3,"17":2160,"18":29,"19":3,"20":155,"21":1,"22":37,"23":3},"nb_fr":{"0":0,"1":0,"2":42,"3":1,"4":7,"5":5,"6":0,"7":549,"8":0,"9":0,"10":0,"11":2,"12":1627,"13":12,"14":78,"15":0,"16":0,"17":78,"18":0,"19":25,"20":1,"21":0,"22":23,"23":0}}