{"canton":{"0":"SG","1":"AI","2":"JU","3":"VS","4":"SZ","5":"AG","6":"TG","7":"ZH","8":"BE","9":"GE","10":"BS","11":"AR","12":"LU","13":"OW","14":"GR","15":"UR","16":"VD","17":"SH","18":"BL","19":"NW","20":"TI","21":"SO","22":"NE","23":"FR"},"main_mean":{"0":0.0313011575,"1":0.0044192815,"2":0.0508694782,"3":0.0145497439,"4":0.0189167117,"5":0.026953121,"6":0.0250685151,"7":0.0240861358,"8":0.0154099535,"9":0.0128735943,"10":0.0152359695,"11":0.0259519717,"12":0.0272638747,"13":0.021474123,"14":0.033035945,"15":0.0666579201,"16":0.0306693531,"17":-0.0072601459,"18":0.0385919512,"19":-0.0246910837,"20":0.0079749617,"21":0.0152737175,"22":0.0060078115,"23":0.0170518867},"sentiment_mean":{"0":0.2,"1":0.0,"2":0.2903225806,"3":0.2324455206,"4":0.0882352941,"5":0.1856866538,"6":0.2142857143,"7":0.2617106315,"8":0.1438198554,"9":0.1108341545,"10":0.1338484026,"11":0.3684210526,"12":0.2356076759,"13":0.1,"14":0.2333333333,"15":0.0,"16":0.196290144,"17":0.028,"18":0.3396226415,"19":0.0,"20":0.1264864865,"21":0.1359223301,"22":0.235915493,"23":0.0956284153},"main_std":{"0":0.1519022038,"1":0.0830063067,"2":0.1970977179,"3":0.1187984508,"4":0.1798628591,"5":0.2112727426,"6":0.0912804463,"7":0.1453347662,"8":0.1506344668,"9":0.1323066144,"10":0.1377730901,"11":0.0901404564,"12":0.1348906108,"13":0.1933227495,"14":0.146759757,"15":0.3166369021,"16":0.173516935,"17":0.0716153853,"18":0.1859904536,"19":0.0489948503,"20":0.1541897597,"21":0.1861590632,"22":0.1109690516,"23":0.1413749598},"sentiment_std":{"0":0.6961929938,"1":0.755928946,"2":0.5884186937,"3":0.6926893384,"4":0.6632190633,"5":0.7100798094,"6":0.5165088686,"7":0.6934091371,"8":0.6626601434,"9":0.7149674973,"10":0.6681067113,"11":0.5891382911,"12":0.61372657,"13":0.7378647874,"14":0.575892925,"15":0.632455532,"16":0.66102274,"17":0.6299231801,"18":0.6184159736,"19":0.7071067812,"20":0.6562338317,"21":0.70081946,"22":0.6324378263,"23":0.5721608201},"sentiment_pv":{"0":0.6892078841,"1":0.5072316776,"2":0.3350666249,"3":0.1818095082,"4":0.225009486,"5":0.9725840084,"6":0.6268341425,"7":7.551590871e-79,"8":0.00000102,"9":1.811861412e-65,"10":0.0000000953,"11":0.0652043762,"12":0.0155848213,"13":0.7186248567,"14":0.3779013145,"15":0.3505095457,"16":0.395799899,"17":0.0000906889,"18":0.0778339247,"19":0.4510161801,"20":0.0000019864,"21":0.4634935091,"22":0.1921037426,"23":0.0000205615},"main_pv":{"0":0.0865779763,"1":0.6366314327,"2":0.3738422172,"3":0.4575603428,"4":0.9997308963,"5":0.3876197177,"6":0.5383996074,"7":0.0000000004,"8":0.0777072933,"9":0.0,"10":0.0720128936,"11":0.6330659169,"12":0.0594628847,"13":0.9674524176,"14":0.2940857006,"15":0.6277988378,"16":0.0000582574,"17":0.0000000256,"18":0.4446027516,"19":0.0283823928,"20":0.0002265881,"21":0.8433266266,"22":0.0515942073,"23":0.7233303097},"count":{"0":445,"1":8,"2":31,"3":413,"4":68,"5":517,"6":84,"7":43785,"8":6084,"9":34502,"10":4789,"11":38,"12":938,"13":10,"14":120,"15":11,"16":3612,"17":250,"18":53,"19":9,"20":2775,"21":103,"22":284,"23":732},"nb_en":{"0":445,"1":8,"2":31,"3":413,"4":68,"5":517,"6":84,"7":43785,"8":6084,"9":34502,"10":4789,"11":38,"12":938,"13":10,"14":120,"15":11,"16":3612,"17":250,"18":53,"19":9,"20":2775,"21":103,"22":284,"23":732},"nb_de":{"0":0,"1":0,"2":0,"3":0,"4":0,"5":0,"6":0,"7":0,"8":0,"9":0,"10":0,"11":0,"12":0,"13":0,"14":0,"15":0,"16":0,"17":0,"18":0,"19":0,"20":0,"21":0,"22":0,"23":0},"nb_fr":{"0":0,"1":0,"2":0,"3":0,"4":0,"5":0,"6":0,"7":0,"8":0,"9":0,"10":0,"11":0,"12":0,"13":0,"14":0,"15":0,"16":0,"17":0,"18":0,"19":0,"20":0,"21":0,"22":0,"23":0}}