{"canton":{"0":"UR","1":"NW","2":"BE","3":"BL","4":"TI","5":"TG","6":"VD","7":"SG","8":"JU","9":"SH","10":"OW","11":"AG","12":"GE","13":"BS","14":"FR","15":"SO","16":"AR","17":"GL","18":"ZH","19":"VS","20":"NE","21":"LU","22":"AI","23":"GR","24":"SZ"},"main_mean":{"0":-0.0169911087,"1":-0.0189816456,"2":0.0064001759,"3":-0.0040001668,"4":-0.0102248428,"5":0.0016212152,"6":0.0101503044,"7":0.0558042934,"8":0.0223565863,"9":0.004967556,"10":-0.0094908228,"11":0.0350457374,"12":0.0222784879,"13":0.0121380969,"14":0.0285551792,"15":0.0114522082,"16":0.0,"17":0.0001833316,"18":0.0178050495,"19":-0.0075895081,"20":0.0605095245,"21":0.0007829296,"22":0.0005888837,"23":0.0190793444,"24":0.0148206192},"sentiment_mean":{"0":0.0,"1":0.0,"2":0.0591939547,"3":0.0,"4":0.1194029851,"5":0.0,"6":0.0576923077,"7":0.2403846154,"8":0.25,"9":0.0206185567,"10":0.0,"11":0.0518518519,"12":0.0633379565,"13":0.0590405904,"14":0.0720720721,"15":0.0465116279,"16":0.0,"17":0.0,"18":0.1425339367,"19":0.0555555556,"20":0.2121212121,"21":0.0552486188,"22":0.0,"23":0.0638297872,"24":0.1428571429},"main_std":{"0":0.0231288089,"1":null,"2":0.0932112078,"3":0.1056367964,"4":0.1880290562,"5":0.0277463567,"6":0.1026077485,"7":0.1489890572,"8":0.2001334161,"9":0.0605084341,"10":0.0134220503,"11":0.1578394807,"12":0.1304507374,"13":0.0991127938,"14":0.1237745302,"15":0.0306353017,"16":null,"17":0.0002134355,"18":0.1152610655,"19":0.0564780938,"20":0.1638795882,"21":0.10624517,"22":0.0005541042,"23":0.0650804391,"24":0.0381164551},"sentiment_std":{"0":0.0,"1":null,"2":0.3761789105,"3":0.25,"4":0.6136881739,"5":0.0,"6":0.2950204011,"7":0.4724485344,"8":0.4629100499,"9":0.203069233,"10":0.0,"11":0.3070932213,"12":0.4781646127,"13":0.4126258305,"14":0.2926900847,"15":0.2130826323,"16":null,"17":0.0,"18":0.4978490924,"19":0.4082482905,"20":0.4151487503,"21":0.3451852467,"22":0.0,"23":0.2470922481,"24":0.6900655593},"sentiment_pv":{"0":1.808669923e-86,"1":null,"2":0.0085105631,"3":0.0344308622,"4":0.6696001302,"5":1.808669923e-86,"6":0.0016494389,"7":0.0025926533,"8":0.3800677874,"9":0.0005025809,"10":1.808669923e-86,"11":0.097766347,"12":0.003419953,"13":0.0411653499,"14":0.3854895953,"15":0.1342600121,"16":null,"17":1.808669923e-86,"18":0.0000021456,"19":0.4645179323,"20":0.1205891406,"21":0.1145831355,"22":1.808669923e-86,"23":0.3715179065,"24":0.8651949074},"main_pv":{"0":0.0611040898,"1":null,"2":0.0037961683,"3":0.2705267116,"4":0.101189786,"5":0.0060680257,"6":0.1161446138,"7":0.0088129148,"8":0.9381265845,"9":0.0649654999,"10":0.2164888792,"11":0.1800614262,"12":0.0676669937,"13":0.308312105,"14":0.3163094434,"15":0.2867223307,"16":null,"17":8.44919672e-39,"18":0.620759012,"19":0.0029069401,"20":0.1344534117,"21":0.048477747,"22":3.890022045e-31,"23":0.8018506108,"24":0.9027273851},"count":{"0":4,"1":1,"2":794,"3":33,"4":134,"5":31,"6":676,"7":104,"8":8,"9":97,"10":2,"11":135,"12":2163,"13":542,"14":111,"15":43,"16":1,"17":4,"18":3536,"19":54,"20":33,"21":181,"22":3,"23":47,"24":7},"nb_en":{"0":0,"1":0,"2":216,"3":2,"4":122,"5":2,"6":124,"7":21,"8":1,"9":11,"10":0,"11":15,"12":943,"13":168,"14":29,"15":2,"16":1,"17":0,"18":1533,"19":14,"20":13,"21":33,"22":1,"23":1,"24":3},"nb_de":{"0":4,"1":1,"2":537,"3":31,"4":4,"5":29,"6":17,"7":83,"8":0,"9":86,"10":2,"11":117,"12":12,"13":369,"14":15,"15":41,"16":0,"17":4,"18":1947,"19":31,"20":1,"21":147,"22":2,"23":46,"24":4},"nb_fr":{"0":0,"1":0,"2":41,"3":0,"4":8,"5":0,"6":535,"7":0,"8":7,"9":0,"10":0,"11":3,"12":1208,"13":5,"14":67,"15":0,"16":0,"17":0,"18":56,"19":9,"20":19,"21":1,"22":0,"23":0,"24":0}}