{"canton":{"0":"NE","1":"GE","2":"TG","3":"BE","4":"SZ","5":"SO","6":"UR","7":"FR","8":"BS","9":"ZH","10":"OW","11":"VD","12":"SG","13":"GR","14":"AR","15":"LU","16":"TI","17":"JU","18":"AG","19":"SH","20":"VS","21":"AI","22":"BL","23":"NW"},"main_mean":{"0":0.0259148329,"1":0.0264599473,"2":0.0195143291,"3":0.0127432897,"4":0.0038702302,"5":0.005439913,"6":-0.0109100299,"7":0.0175974679,"8":0.0125101751,"9":0.0202861686,"10":0.0517841115,"11":0.0151569529,"12":0.0217160831,"13":0.003701605,"14":0.1355795142,"15":0.0095622609,"16":0.0261909177,"17":-0.0046138995,"18":0.0219558408,"19":-0.0001411564,"20":-0.002751787,"21":0.0,"22":0.0114433835,"23":0.0002693575},"sentiment_mean":{"0":0.15625,"1":0.0524489009,"2":0.1,"3":0.0592930445,"4":0.0,"5":0.0222222222,"6":0.0,"7":0.0192307692,"8":0.0402298851,"9":0.1357588922,"10":0.1666666667,"11":0.0616113744,"12":0.0666666667,"13":0.0555555556,"14":0.2,"15":0.0414201183,"16":0.202020202,"17":0.0,"18":0.0204081633,"19":0.0108695652,"20":0.0677966102,"21":0.0,"22":0.0294117647,"23":0.0},"main_std":{"0":0.1487697886,"1":0.1306686025,"2":0.0786038355,"3":0.0883176382,"4":0.008459094,"5":0.0985916506,"6":0.0221173452,"7":0.0920874651,"8":0.1170536784,"9":0.1161994839,"10":0.1264148692,"11":0.1514412611,"12":0.1511392072,"13":0.0327986879,"14":0.2814400537,"15":0.0467904739,"16":0.1413103767,"17":0.0343171631,"18":0.1558628194,"19":0.0402474336,"20":0.0710118353,"21":0.0,"22":0.0530101686,"23":0.0002367436},"sentiment_std":{"0":0.3689020326,"1":0.4862567042,"2":0.3077935056,"3":0.3291693602,"4":0.0,"5":0.3982284,"6":0.0,"7":0.2889615187,"8":0.3921414427,"9":0.5079809952,"10":0.4082482905,"11":0.3615130747,"12":0.3422237822,"13":0.3333333333,"14":0.4472135955,"15":0.2959051808,"16":0.6543387062,"17":0.0,"18":0.3204247129,"19":0.2341486903,"20":0.4095584999,"21":0.0,"22":0.1714985851,"23":0.0},"sentiment_pv":{"0":0.2900201789,"1":0.0017179642,"2":0.8399574314,"3":0.0279296208,"4":1.705254106e-72,"5":0.290870255,"6":1.705254106e-72,"7":0.0053413705,"8":0.0035196953,"9":0.0000002185,"10":0.6484524042,"11":0.109074146,"12":0.630685087,"13":0.5899531096,"14":0.5988555157,"15":0.0573957458,"16":0.0812381849,"17":1.705254106e-72,"18":0.048022266,"19":0.0032570063,"20":0.7367272883,"21":1.705254106e-72,"22":0.0663720619,"23":1.705254106e-72},"main_pv":{"0":0.8164809544,"1":0.0185186916,"2":0.9893375738,"3":0.0300340946,"4":0.0001155604,"5":0.3370525002,"6":0.0684857997,"7":0.7734498239,"8":0.1161520489,"9":0.8148380773,"10":0.5620968753,"11":0.4547051794,"12":0.9109562948,"13":0.0067198032,"14":0.4095276266,"15":0.0079789949,"16":0.6525297311,"17":0.1877716947,"18":0.8893466986,"19":0.0000142433,"20":0.0188932961,"21":4.676291824e-57,"22":0.371409741,"23":1.761721671e-54},"count":{"0":32,"1":2593,"2":20,"3":877,"4":10,"5":45,"6":4,"7":156,"8":696,"9":3683,"10":6,"11":633,"12":75,"13":36,"14":5,"15":169,"16":99,"17":5,"18":98,"19":92,"20":59,"21":2,"22":34,"23":3},"nb_en":{"0":6,"1":1114,"2":5,"3":209,"4":2,"5":9,"6":0,"7":23,"8":180,"9":1637,"10":0,"11":145,"12":17,"13":8,"14":0,"15":27,"16":93,"17":1,"18":16,"19":12,"20":17,"21":1,"22":0,"23":0},"nb_de":{"0":9,"1":11,"2":15,"3":627,"4":8,"5":36,"6":4,"7":39,"8":499,"9":1965,"10":6,"11":14,"12":58,"13":28,"14":5,"15":141,"16":1,"17":0,"18":79,"19":80,"20":36,"21":1,"22":34,"23":3}}