{"canton":{"0":"NE","1":"GE","2":"TG","3":"BE","4":"SZ","5":"SO","6":"UR","7":"FR","8":"BS","9":"ZH","10":"OW","11":"VD","12":"SG","13":"GR","14":"AR","15":"LU","16":"TI","17":"JU","18":"AG","19":"SH","20":"VS","21":"BL","22":"NW"},"main_mean":{"0":-0.0060707419,"1":0.0245697915,"2":0.0023744767,"3":0.0182387886,"4":-0.0330363649,"5":-0.0031413729,"6":0.0,"7":0.0187347943,"8":0.0156250921,"9":0.0152842754,"10":0.0,"11":0.0113240459,"12":0.0718477231,"13":-0.0030668932,"14":0.2145683633,"15":0.0340006091,"16":0.0073085891,"17":0.4779617633,"18":0.0446476097,"19":0.000692348,"20":0.0146664476,"21":-0.0035374276,"22":0.0005714204},"sentiment_mean":{"0":0.0,"1":0.0712830957,"2":-0.04,"3":0.0757855823,"4":0.25,"5":-0.0238095238,"6":0.0,"7":0.0416666667,"8":0.0681399632,"9":0.1819070905,"10":0.0,"11":0.0481400438,"12":0.1363636364,"13":0.1,"14":0.5,"15":0.0310077519,"16":0.1621621622,"17":0.6666666667,"18":0.0827067669,"19":0.0,"20":0.06,"21":0.0,"22":0.0},"main_std":{"0":0.2171073894,"1":0.136819198,"2":0.0396211151,"3":0.1192927283,"4":0.0391017499,"5":0.0463653834,"6":null,"7":0.0800026078,"8":0.0975837307,"9":0.1224407432,"10":null,"11":0.122935668,"12":0.1917819499,"13":0.0813118371,"14":0.3034454894,"15":0.1456796186,"16":0.0853708232,"17":0.3959271137,"18":0.1372923752,"19":0.0223082737,"20":0.059938637,"21":0.0389874773,"22":null},"sentiment_std":{"0":0.5345224838,"1":0.4819832767,"2":0.2,"3":0.4257733511,"4":0.5,"5":0.348382691,"6":null,"7":0.2006641633,"8":0.3947973962,"9":0.5437469492,"10":null,"11":0.3068691612,"12":0.3877494685,"13":0.3051285766,"14":0.7071067812,"15":0.3045997501,"16":0.5740275166,"17":0.5773502692,"18":0.3267172066,"19":0.158113883,"20":0.3730732816,"21":0.0,"22":null},"sentiment_pv":{"0":0.599200352,"1":0.0080860288,"2":0.0015043742,"3":0.1420751794,"4":0.6003922961,"5":0.0227640048,"6":null,"7":0.0014710583,"8":0.0456611339,"9":0.0000000066,"10":null,"11":0.0003383532,"12":0.5038641748,"13":0.9429156951,"14":0.5735914375,"15":0.0087156453,"16":0.3884269442,"17":0.2334643156,"18":0.4620166446,"19":0.0000001794,"20":0.4106443054,"21":1.775125886e-68,"22":null},"main_pv":{"0":0.7500188378,"1":0.1333427402,"2":0.0451694236,"3":0.8323585983,"4":0.0745274214,"5":0.0035761647,"6":null,"7":0.931906565,"8":0.4018974996,"9":0.1908837106,"10":null,"11":0.177323813,"12":0.0300267492,"13":0.1433305669,"14":0.5300734079,"15":0.259703746,"16":0.2334571263,"17":0.1826608425,"18":0.0371311294,"19":0.000000002,"20":0.5872648933,"21":0.0022707091,"22":null},"count":{"0":8,"1":1964,"2":25,"3":541,"4":4,"5":42,"6":1,"7":120,"8":543,"9":2045,"10":1,"11":457,"12":66,"13":30,"14":2,"15":129,"16":74,"17":3,"18":133,"19":81,"20":50,"21":33,"22":1},"nb_en":{"0":3,"1":858,"2":5,"3":185,"4":2,"5":7,"6":0,"7":7,"8":113,"9":1077,"10":0,"11":99,"12":7,"13":5,"14":0,"15":21,"16":68,"17":1,"18":11,"19":5,"20":13,"21":1,"22":0},"nb_de":{"0":1,"1":6,"2":20,"3":334,"4":2,"5":35,"6":1,"7":47,"8":423,"9":907,"10":1,"11":16,"12":59,"13":25,"14":2,"15":108,"16":3,"17":0,"18":122,"19":76,"20":28,"21":32,"22":1}}