{"canton":{"0":"NE","1":"GE","2":"TG","3":"BE","4":"SZ","5":"GL","6":"UR","7":"FR","8":"BS","9":"BL","10":"ZH","11":"OW","12":"VD","13":"SG","14":"GR","15":"AR","16":"LU","17":"TI","18":"JU","19":"AG","20":"SH","21":"VS","22":"SO","23":"NW"},"main_mean":{"0":0.0183140957,"1":0.0233679204,"2":-0.002124485,"3":0.0080777859,"4":0.0231129346,"5":0.0084345505,"6":-0.0415059754,"7":0.0177082471,"8":0.0103505121,"9":0.0022105312,"10":0.0126152365,"11":0.0001666653,"12":0.0217791485,"13":0.0120231022,"14":0.0146531679,"15":0.0133619077,"16":0.0230351401,"17":0.0158307649,"18":0.0343340245,"19":0.0247735679,"20":0.0164787516,"21":0.0295643416,"22":0.0230392305,"23":0.0},"sentiment_mean":{"0":0.0833333333,"1":0.0612244898,"2":0.0,"3":0.0546448087,"4":0.0,"5":0.0,"6":0.0,"7":0.0485436893,"8":0.0547945205,"9":0.0,"10":0.1507586882,"11":0.0,"12":0.023364486,"13":0.05,"14":0.1304347826,"15":0.1428571429,"16":0.0864864865,"17":0.0126582278,"18":0.2,"19":0.0898876404,"20":0.0769230769,"21":0.1034482759,"22":0.0,"23":0.0},"main_std":{"0":0.0676075973,"1":0.1333200221,"2":0.0072905831,"3":0.1160568538,"4":0.0462167052,"5":0.0119282557,"6":0.0834396658,"7":0.0822103896,"8":0.0677881256,"9":0.0131971744,"10":0.119265883,"11":0.0002357003,"12":0.1101985888,"13":0.0927254699,"14":0.1044834664,"15":0.0967985202,"16":0.1164435182,"17":0.11127732,"18":0.1398563848,"19":0.1098098288,"20":0.0780544556,"21":0.0816917729,"22":0.0570530363,"23":0.0},"sentiment_std":{"0":0.4082482905,"1":0.4721770537,"2":0.0,"3":0.4015495891,"4":0.0,"5":0.0,"6":0.0,"7":0.215962995,"8":0.3664566292,"9":0.0,"10":0.5272061171,"11":0.0,"12":0.3127514638,"13":0.2924629741,"14":0.3405026123,"15":0.377964473,"16":0.3005087734,"17":0.6096167541,"18":0.4140393356,"19":0.3884833399,"20":0.2681940938,"21":0.4092525928,"22":0.2773500981,"23":0.0},"sentiment_pv":{"0":0.9644682117,"1":0.0344501495,"2":3.029082531e-51,"3":0.0729853098,"4":3.029082531e-51,"5":3.029082531e-51,"6":3.029082531e-51,"7":0.0828517625,"8":0.0801492549,"9":3.029082531e-51,"10":0.0000010143,"11":3.029082531e-51,"12":0.0000911199,"13":0.121181612,"14":0.3954868805,"15":0.7099469105,"16":0.9787661074,"17":0.282755749,"18":0.3093611719,"19":0.9465882326,"20":0.7428785989,"21":0.8316329206,"22":0.027802586,"23":3.029082531e-51},"main_pv":{"0":0.9101633409,"1":0.0502168371,"2":0.0000001256,"3":0.0945492681,"4":0.7733199717,"5":0.5023712855,"6":0.257132776,"7":0.9057555476,"8":0.073500612,"9":0.0000073973,"10":0.1734602765,"11":2.24448727e-28,"12":0.3615321221,"13":0.5297783931,"14":0.8937741489,"15":0.9296717667,"16":0.4689205379,"17":0.9432385564,"18":0.6337267673,"19":0.4948024611,"20":0.9775963605,"21":0.4067920488,"22":0.4322799499,"23":1.619490893e-29},"count":{"0":24,"1":1911,"2":12,"3":549,"4":5,"5":2,"6":4,"7":103,"8":438,"9":28,"10":2043,"11":2,"12":428,"13":160,"14":46,"15":7,"16":185,"17":79,"18":15,"19":89,"20":78,"21":29,"22":53,"23":2},"nb_en":{"0":9,"1":824,"2":0,"3":171,"4":1,"5":0,"6":1,"7":12,"8":89,"9":0,"10":942,"11":0,"12":100,"13":17,"14":5,"15":0,"16":28,"17":68,"18":4,"19":19,"20":6,"21":8,"22":2,"23":1},"nb_de":{"0":3,"1":7,"2":12,"3":361,"4":4,"5":2,"6":3,"7":40,"8":340,"9":28,"10":1049,"11":2,"12":35,"13":142,"14":41,"15":7,"16":156,"17":8,"18":1,"19":69,"20":72,"21":16,"22":51,"23":1}}