{"canton":{"0":"UR","1":"BE","2":"BL","3":"TI","4":"TG","5":"VD","6":"GR","7":"SG","8":"JU","9":"SH","10":"OW","11":"AG","12":"GE","13":"BS","14":"FR","15":"AR","16":"GL","17":"ZH","18":"SO","19":"NE","20":"LU","21":"VS","22":"SZ"},"main_mean":{"0":0.0121164647,"1":0.0097126383,"2":0.0086827573,"3":0.0359087991,"4":0.0318170487,"5":0.0288546914,"6":0.0025167654,"7":0.0680335071,"8":0.0065522649,"9":0.0009139244,"10":-0.0416663194,"11":0.0346093709,"12":0.021539313,"13":0.0137848589,"14":0.0172940873,"15":0.0001249984,"16":0.0,"17":0.0150718598,"18":-0.0029445671,"19":0.0098948587,"20":0.0190356582,"21":0.016052989,"22":0.0650193498},"sentiment_mean":{"0":0.0,"1":0.0575221239,"2":0.027027027,"3":0.2023809524,"4":0.0909090909,"5":0.018018018,"6":0.0384615385,"7":0.1333333333,"8":-0.125,"9":-0.0136986301,"10":0.0,"11":0.1142857143,"12":0.0552763819,"13":0.0483870968,"14":0.0341880342,"15":0.0,"16":0.0,"17":0.2189707366,"18":0.0,"19":0.0,"20":0.0540540541,"21":0.09375,"22":0.0},"main_std":{"0":null,"1":0.1011360983,"2":0.0267250144,"3":0.1987289531,"4":0.0852826829,"5":0.1527542781,"6":0.0266088148,"7":0.1753074741,"8":0.1027421127,"9":0.0431376743,"10":0.0589250741,"11":0.1384348351,"12":0.1465846422,"13":0.095605664,"14":0.0791743957,"15":0.0002499969,"16":null,"17":0.1078456718,"18":0.0434018936,"19":0.06801827,"20":0.0893336615,"21":0.0658687556,"22":null},"sentiment_std":{"0":null,"1":0.5082564972,"2":0.1643989873,"3":0.6358707511,"4":0.3015113446,"5":0.346635689,"6":0.1961161351,"7":0.4572645942,"8":0.3535533906,"9":0.2036575751,"10":0.0,"11":0.3204551628,"12":0.4756089997,"13":0.3505802108,"14":0.2248226861,"15":0.0,"16":null,"17":0.5480296957,"18":0.0,"19":0.0,"20":0.2814780895,"21":0.2961445811,"22":null},"sentiment_pv":{"0":null,"1":0.0354949699,"2":0.0049224459,"3":0.1867600473,"4":0.8411308725,"5":0.0000062531,"6":0.0791223918,"7":0.7310179802,"8":0.1027317045,"9":0.000003149,"10":7.839922517e-66,"11":0.9053164175,"12":0.0000118028,"13":0.0003268854,"14":0.0006854441,"15":7.839922517e-66,"16":null,"17":0.0,"18":7.839922517e-66,"19":7.839922517e-66,"20":0.0992324332,"21":0.7649376728,"22":null},"main_pv":{"0":null,"1":0.0905294275,"2":0.0471197178,"3":0.4186483069,"4":0.6095186253,"5":0.2138429614,"6":0.0073328663,"7":0.0636999445,"8":0.7573101941,"9":0.0015580021,"10":0.3866141909,"11":0.3280864245,"12":0.3675946005,"13":0.3325503571,"14":0.9002316995,"15":2.175913195e-28,"16":null,"17":0.2781165008,"18":0.0928551327,"19":0.6935824325,"20":0.9395532087,"21":0.8538632529,"22":null},"count":{"0":1,"1":452,"2":37,"3":84,"4":11,"5":333,"6":26,"7":45,"8":8,"9":73,"10":2,"11":70,"12":1990,"13":496,"14":117,"15":4,"16":1,"17":1982,"18":14,"19":11,"20":74,"21":32,"22":1},"nb_en":{"0":0,"1":182,"2":2,"3":79,"4":1,"5":86,"6":2,"7":12,"8":1,"9":5,"10":1,"11":13,"12":842,"13":122,"14":22,"15":0,"16":0,"17":1044,"18":0,"19":3,"20":14,"21":10,"22":0},"nb_de":{"0":1,"1":258,"2":35,"3":2,"4":10,"5":2,"6":24,"7":33,"8":0,"9":68,"10":1,"11":57,"12":4,"13":364,"14":45,"15":4,"16":1,"17":904,"18":14,"19":1,"20":60,"21":8,"22":1},"nb_fr":{"0":0,"1":12,"2":0,"3":3,"4":0,"5":245,"6":0,"7":0,"8":7,"9":0,"10":0,"11":0,"12":1144,"13":10,"14":50,"15":0,"16":0,"17":34,"18":0,"19":7,"20":0,"21":14,"22":0}}