{"canton":{"0":"SG","1":"JU","2":"VS","3":"AG","4":"VD","5":"ZH","6":"TG","7":"BE","8":"BL","9":"GE","10":"SH","11":"TI","12":"LU","13":"OW","14":"GR","15":"NE","16":"FR","17":"BS"},"main_mean":{"0":0.0521782426,"1":-0.099999,"2":0.0381082765,"3":0.1698615794,"4":0.021289288,"5":0.0168343234,"6":0.0,"7":0.0096166809,"8":0.1124987188,"9":0.0110216306,"10":-0.0499993056,"11":0.037449877,"12":0.0493181872,"13":-0.0833326389,"14":0.0,"15":0.0,"16":0.016594358,"17":0.0141956747},"sentiment_mean":{"0":0.0833333333,"1":-1.0,"2":0.3,"3":0.5384615385,"4":0.0697674419,"5":0.3620689655,"6":0.0,"7":0.1153846154,"8":0.5,"9":0.0926365796,"10":-0.4,"11":0.2151898734,"12":0.2142857143,"13":0.0,"14":0.5,"15":0.0,"16":0.0909090909,"17":0.0983606557},"main_std":{"0":0.1580815323,"1":null,"2":0.0837165286,"3":0.2817826208,"4":0.1964526941,"5":0.1262794293,"6":null,"7":0.1409589983,"8":0.0176772718,"9":0.1553839539,"10":0.0745344347,"11":0.2048173287,"12":0.1634829595,"13":null,"14":0.0,"15":0.0,"16":0.0648889527,"17":0.1395388446},"sentiment_std":{"0":0.6685579234,"1":null,"2":0.4830458915,"3":0.5188745217,"4":0.5899291617,"5":0.6903928676,"6":null,"7":0.7816151399,"8":0.7071067812,"9":0.7022761929,"10":0.5477225575,"11":0.6538031946,"12":0.5789342235,"13":null,"14":0.7071067812,"15":0.0,"16":0.4264014327,"17":0.6351915969},"sentiment_pv":{"0":0.5073653923,"1":null,"2":0.5966440534,"3":0.0451580304,"4":0.0273265032,"5":0.000000014,"6":null,"7":0.0935343156,"8":0.6710356011,"9":0.0000120123,"10":0.0656316901,"11":0.9925113465,"12":0.9918902655,"13":null,"14":0.6710356011,"15":6.156289243e-50,"16":0.1880899767,"17":0.0492435054},"main_pv":{"0":0.4461185421,"1":null,"2":0.428606253,"3":0.0727157625,"4":0.8072187573,"5":0.8734322996,"6":null,"7":0.5537863529,"8":0.0686287464,"9":0.4103435706,"10":0.1185334923,"11":0.359816118,"12":0.4609362671,"13":null,"14":0.0000000552,"15":0.0000000552,"16":0.9698924804,"17":0.8862629743},"count":{"0":12,"1":1,"2":10,"3":13,"4":86,"5":1044,"6":1,"7":182,"8":2,"9":842,"10":5,"11":79,"12":14,"13":1,"14":2,"15":3,"16":22,"17":122},"nb_en":{"0":12,"1":1,"2":10,"3":13,"4":86,"5":1044,"6":1,"7":182,"8":2,"9":842,"10":5,"11":79,"12":14,"13":1,"14":2,"15":3,"16":22,"17":122},"nb_de":{"0":0,"1":0,"2":0,"3":0,"4":0,"5":0,"6":0,"7":0,"8":0,"9":0,"10":0,"11":0,"12":0,"13":0,"14":0,"15":0,"16":0,"17":0}}