{"canton":{"0":"NE","1":"GE","2":"TG","3":"BE","4":"SZ","5":"SO","6":"UR","7":"FR","8":"BS","9":"ZH","10":"OW","11":"VD","12":"SG","13":"GR","14":"AR","15":"LU","16":"TI","17":"JU","18":"AG","19":"SH","20":"VS","21":"AI","22":"BL","23":"NW"},"main_mean":{"0":0.0190418913,"1":0.0186135794,"2":0.0088055135,"3":0.0236217708,"4":-0.0689746486,"5":0.0622553125,"6":0.0,"7":0.0330056944,"8":0.0226241954,"9":0.0171607141,"10":0.0,"11":0.0104320326,"12":0.0188237573,"13":0.0138132253,"14":0.1677023472,"15":0.0119894655,"16":0.0342001059,"17":0.0417043487,"18":0.0197078247,"19":-0.0016865955,"20":0.0070186067,"21":0.0001818165,"22":0.0026419423,"23":-0.0222664193},"sentiment_mean":{"0":0.037037037,"1":0.0414012739,"2":0.0,"3":0.0860927152,"4":-0.6,"5":0.1666666667,"6":0.0,"7":0.0265486726,"8":0.0909090909,"9":0.1633176571,"10":0.0,"11":0.0487012987,"12":0.025862069,"13":0.0,"14":0.2222222222,"15":0.0833333333,"16":0.2359550562,"17":0.1428571429,"18":0.0364963504,"19":-0.0243902439,"20":0.0350877193,"21":0.0,"22":0.0,"23":0.0},"main_std":{"0":0.072721806,"1":0.131722681,"2":0.0157537644,"3":0.1245287459,"4":0.0656311409,"5":0.1426674705,"6":null,"7":0.1522490828,"8":0.1136787365,"9":0.1135308074,"10":null,"11":0.1342982334,"12":0.097311117,"13":0.0425137402,"14":0.35422618,"15":0.0673368361,"16":0.1863887938,"17":0.1097772893,"18":0.1108977164,"19":0.0612461642,"20":0.0678299459,"21":0.0002571274,"22":0.0092270755,"23":null},"sentiment_std":{"0":0.337579789,"1":0.4829610759,"2":0.0,"3":0.4144577012,"4":0.5477225575,"5":0.4082482905,"6":null,"7":0.3649896523,"8":0.3788950088,"9":0.5399413264,"10":null,"11":0.3530669743,"12":0.3352145814,"13":0.0,"14":0.4409585518,"15":0.2775442529,"16":0.6575172295,"17":0.3631365196,"18":0.2820293874,"19":0.3841170654,"20":0.4615545271,"21":0.0,"22":0.0,"23":null},"sentiment_pv":{"0":0.418808242,"1":0.0000120885,"2":1.26680458e-54,"3":0.8241905906,"4":0.047834713,"5":0.6674105263,"6":null,"7":0.0682924828,"8":0.9870085884,"9":0.0000000078,"10":null,"11":0.0460060465,"12":0.042949928,"13":1.26680458e-54,"14":0.3969699877,"15":0.7799815269,"16":0.0405517305,"17":0.5999917746,"18":0.030499869,"19":0.0087065468,"20":0.3697308257,"21":1.26680458e-54,"22":1.26680458e-54,"23":null},"main_pv":{"0":0.967724313,"1":0.9612110883,"2":0.0279945677,"3":0.3932716785,"4":0.0406660245,"5":0.4861179931,"6":null,"7":0.3147300462,"8":0.4492187666,"9":0.6372522642,"10":null,"11":0.3032321356,"12":0.9689847436,"13":0.5943476036,"14":0.2418718896,"15":0.3072912979,"16":0.4292378172,"17":0.4430515361,"18":0.8972214373,"19":0.0045442588,"20":0.2135112702,"21":4.547915413e-34,"22":0.0000000113,"23":null},"count":{"0":27,"1":2512,"2":17,"3":453,"4":5,"5":6,"6":1,"7":113,"8":462,"9":2339,"10":1,"11":308,"12":116,"13":25,"14":9,"15":120,"16":89,"17":14,"18":137,"19":82,"20":57,"21":2,"22":24,"23":1},"nb_en":{"0":9,"1":1038,"2":2,"3":166,"4":4,"5":0,"6":0,"7":34,"8":111,"9":1230,"10":0,"11":76,"12":10,"13":0,"14":0,"15":23,"16":87,"17":1,"18":19,"19":12,"20":17,"21":0,"22":0,"23":0},"nb_de":{"0":7,"1":9,"2":15,"3":272,"4":1,"5":6,"6":1,"7":11,"8":345,"9":1077,"10":1,"11":2,"12":106,"13":25,"14":9,"15":96,"16":1,"17":1,"18":118,"19":70,"20":33,"21":2,"22":24,"23":1}}