{"canton":{"0":"NE","1":"GE","2":"TG","3":"BE","4":"SZ","5":"GL","6":"UR","7":"FR","8":"BS","9":"BL","10":"ZH","11":"OW","12":"VD","13":"SG","14":"GR","15":"AR","16":"LU","17":"TI","18":"JU","19":"AG","20":"SH","21":"VS","22":"AI","23":"SO","24":"NW"},"main_mean":{"0":0.0152945407,"1":0.0227852321,"2":0.0152158631,"3":0.0110806778,"4":0.0060253958,"5":0.0001428561,"6":0.0017788372,"7":0.018139877,"8":0.0184420807,"9":-0.0000020478,"10":0.0184423501,"11":-0.0039963914,"12":0.0326133607,"13":0.0366827557,"14":0.0392849227,"15":0.0031027227,"16":0.0182417247,"17":0.0255308235,"18":0.0388886728,"19":0.0050483299,"20":-0.00126914,"21":-0.0030290344,"22":-0.0102748973,"23":0.018340023,"24":-0.0039054831},"sentiment_mean":{"0":0.0243902439,"1":0.0642015441,"2":0.0625,"3":0.0745412844,"4":0.25,"5":0.0,"6":0.0,"7":0.025862069,"8":0.0644567219,"9":0.0,"10":0.1246169561,"11":0.0,"12":0.0942184154,"13":0.1696428571,"14":0.1463414634,"15":0.2,"16":0.0522875817,"17":0.1585365854,"18":0.0,"19":0.0564516129,"20":-0.0126582278,"21":0.0806451613,"22":0.0,"23":0.0476190476,"24":0.0},"main_std":{"0":0.0659179425,"1":0.1259293426,"2":0.0284314404,"3":0.0935692025,"4":0.0492805568,"5":0.0002020291,"6":0.0144718403,"7":0.1273429582,"8":0.1016896427,"9":0.0073738837,"10":0.1125442753,"11":0.007542576,"12":0.1418598021,"13":0.1781849207,"14":0.1659163899,"15":0.0064829616,"16":0.0974174827,"17":0.1074551578,"18":null,"19":0.0998628605,"20":0.0559093064,"21":0.0580931255,"22":null,"23":0.1035404072,"24":0.0076087005},"sentiment_std":{"0":0.2727457496,"1":0.495449273,"2":0.2459346884,"3":0.365182144,"4":0.4522670169,"5":0.0,"6":0.0,"7":0.2785430073,"8":0.3811615931,"9":0.0,"10":0.5036740937,"11":0.0,"12":0.4341989559,"13":0.4628231592,"14":0.4219582687,"15":0.4472135955,"16":0.2760351254,"17":0.6376947719,"18":null,"19":0.2936293597,"20":0.2528641515,"21":0.3754074113,"22":null,"23":0.2155402687,"24":0.0},"sentiment_pv":{"0":0.1157130872,"1":0.0088805156,"2":0.4866937173,"3":0.1586303729,"4":0.255469954,"5":2.655570326e-80,"6":2.655570326e-80,"7":0.0116059012,"8":0.0916266863,"9":2.655570326e-80,"10":0.000871137,"11":2.655570326e-80,"12":0.9641376521,"13":0.0854099727,"14":0.426737793,"15":0.6219855064,"16":0.0744535719,"17":0.3580339761,"18":null,"19":0.1718473507,"20":0.0004275931,"21":0.7927927821,"22":null,"23":0.18136833,"24":2.655570326e-80},"main_pv":{"0":0.6972255425,"1":0.2222144996,"2":0.4285859226,"3":0.0147841313,"4":0.3702310707,"5":1.212520603e-54,"6":0.0519870645,"7":0.9187034909,"8":0.8401513183,"9":1.654587858e-18,"10":0.6730398972,"11":0.0055198272,"12":0.0475222907,"13":0.3068627265,"14":0.4468037033,"15":0.002676114,"16":0.8889964716,"17":0.6060181192,"18":null,"19":0.1163111841,"20":0.0018224838,"21":0.0038999934,"22":null,"23":0.9497673232,"24":0.0057985638},"count":{"0":41,"1":2461,"2":32,"3":872,"4":12,"5":2,"6":5,"7":116,"8":543,"9":31,"10":3916,"11":4,"12":467,"13":112,"14":41,"15":5,"16":153,"17":82,"18":1,"19":124,"20":79,"21":62,"22":1,"23":42,"24":4},"nb_en":{"0":4,"1":1119,"2":4,"3":180,"4":8,"5":0,"6":0,"7":32,"8":140,"9":1,"10":1785,"11":0,"12":152,"13":12,"14":4,"15":2,"16":31,"17":72,"18":0,"19":15,"20":7,"21":14,"22":0,"23":3,"24":0},"nb_de":{"0":25,"1":17,"2":28,"3":651,"4":4,"5":2,"6":5,"7":28,"8":391,"9":30,"10":2045,"11":4,"12":4,"13":100,"14":37,"15":3,"16":121,"17":3,"18":0,"19":106,"20":72,"21":39,"22":1,"23":39,"24":4}}