{"canton":{"0":"NE","1":"GE","2":"TG","3":"BE","4":"SZ","5":"GL","6":"UR","7":"FR","8":"BS","9":"BL","10":"ZH","11":"OW","12":"VD","13":"SG","14":"GR","15":"AR","16":"LU","17":"TI","18":"JU","19":"AG","20":"SH","21":"VS","22":"AI","23":"SO","24":"NW"},"main_mean":{"0":-0.0120423083,"1":0.0133550393,"2":0.0085916966,"3":0.0126546009,"4":-0.0033699719,"5":-0.0302325063,"6":0.0001619027,"7":0.0111157126,"8":0.0093387584,"9":0.0162558529,"10":0.0113726245,"11":-0.0440845592,"12":0.0305019805,"13":0.0443949948,"14":0.018228215,"15":0.0141415249,"16":0.0098053933,"17":0.0092490406,"18":0.044781579,"19":0.018945646,"20":0.0140035067,"21":0.0008887559,"22":0.0105109943,"23":0.0056084462,"24":-0.0246844255},"sentiment_mean":{"0":0.0,"1":0.0283276451,"2":0.04,"3":0.0273081925,"4":0.0,"5":0.0,"6":0.0,"7":0.0687022901,"8":0.042047532,"9":0.0769230769,"10":0.1499312242,"11":0.0,"12":0.078125,"13":0.1258741259,"14":0.0816326531,"15":0.2307692308,"16":0.0990566038,"17":0.15625,"18":0.2,"19":0.0515463918,"20":0.0449438202,"21":0.0166666667,"22":0.0,"23":0.0769230769,"24":0.0},"main_std":{"0":0.1375960347,"1":0.1263925754,"2":0.0260622855,"3":0.105899743,"4":0.0075354863,"5":0.0051963783,"6":0.0002566099,"7":0.085992341,"8":0.0749208503,"9":0.11486901,"10":0.1058042906,"11":null,"12":0.1454913703,"13":0.1467052992,"14":0.0720383903,"15":0.0461001364,"16":0.0806038323,"17":0.1327872529,"18":0.0727384949,"19":0.151068349,"20":0.0894109435,"21":0.0804801127,"22":null,"23":0.0272229823,"24":null},"sentiment_std":{"0":0.4364357805,"1":0.4777925247,"2":0.2,"3":0.3791893216,"4":0.0,"5":0.0,"6":0.0,"7":0.3326083327,"8":0.3780441927,"9":0.4220635637,"10":0.5105619409,"11":null,"12":0.3717979231,"13":0.4575983365,"14":0.2766416676,"15":0.4385290097,"16":0.3702171216,"17":0.6700844409,"18":0.4472135955,"19":0.3345125191,"20":0.3340560772,"21":0.3902049295,"22":null,"23":0.2699527624,"24":null},"sentiment_pv":{"0":0.3730265592,"1":0.0000000203,"2":0.2768509686,"3":0.0000782713,"4":1.334114304e-68,"5":1.334114304e-68,"6":1.334114304e-68,"7":0.5856096195,"8":0.0114723612,"9":0.908063464,"10":0.0,"11":null,"12":0.6808384592,"13":0.2886148453,"14":0.9369226659,"15":0.2535171666,"16":0.5821981413,"17":0.2999470352,"18":0.5955380221,"19":0.3346909045,"20":0.2676394402,"21":0.1832344104,"22":null,"23":0.8572353044,"24":null},"main_pv":{"0":0.3929541588,"1":0.9364523651,"2":0.3604463406,"3":0.8200768689,"4":0.0050611182,"5":0.0351779065,"6":6.012941891e-30,"7":0.7480281962,"8":0.2158465042,"9":0.884616049,"10":0.2989705705,"11":null,"12":0.006253607,"13":0.0134699917,"14":0.6544025459,"15":0.9648058601,"16":0.5072543148,"17":0.7518119501,"18":0.3917050314,"19":0.727181518,"20":0.9633314767,"21":0.2301383145,"22":null,"23":0.0849826402,"24":null},"count":{"0":22,"1":2930,"2":25,"3":769,"4":5,"5":2,"6":6,"7":131,"8":547,"9":39,"10":3635,"11":1,"12":576,"13":143,"14":49,"15":13,"16":212,"17":96,"18":5,"19":97,"20":89,"21":60,"22":1,"23":39,"24":1},"nb_en":{"0":8,"1":1242,"2":3,"3":196,"4":1,"5":0,"6":0,"7":25,"8":152,"9":8,"10":1714,"11":0,"12":118,"13":16,"14":7,"15":3,"16":46,"17":89,"18":1,"19":12,"20":8,"21":18,"22":0,"23":2,"24":0},"nb_de":{"0":4,"1":9,"2":22,"3":519,"4":4,"5":2,"6":6,"7":45,"8":382,"9":31,"10":1844,"11":1,"12":19,"13":127,"14":42,"15":10,"16":164,"17":4,"18":0,"19":85,"20":81,"21":39,"22":1,"23":37,"24":1}}