{"canton":{"0":"SG","1":"TI","2":"JU","3":"SH","4":"VS","5":"SO","6":"AG","7":"VD","8":"ZH","9":"TG","10":"BE","11":"BL","12":"NW","13":"BS","14":"AR","15":"SZ","16":"LU","17":"GE","18":"GR","19":"NE","20":"FR"},"main_mean":{"0":0.1346764959,"1":0.008993083,"2":0.0,"3":-0.0104165799,"4":0.0433665725,"5":0.3027714623,"6":0.0239576155,"7":-0.0051577259,"8":0.0218532253,"9":0.0909082645,"10":0.0154647529,"11":0.1249979167,"12":-0.0555549383,"13":0.0180851904,"14":0.055023623,"15":-0.1666652778,"16":0.0369030352,"17":0.0093937034,"18":-0.099998,"19":0.0443711748,"20":0.0204128448},"sentiment_mean":{"0":0.4,"1":0.0888888889,"2":0.0,"3":-0.25,"4":0.3571428571,"5":0.6,"6":0.0,"7":0.1731843575,"8":0.222566646,"9":0.3333333333,"10":0.110619469,"11":0.25,"12":0.0,"13":0.2325581395,"14":0.3333333333,"15":0.0,"16":0.25,"17":0.0779610195,"18":0.0,"19":0.4545454545,"20":0.0967741935},"main_std":{"0":0.2644522946,"1":0.0969295791,"2":null,"3":0.029462537,"4":0.0972308629,"5":0.4859418301,"6":0.1183058986,"7":0.1522834942,"8":0.1512775937,"9":0.0909082645,"10":0.1256409434,"11":0.2499958334,"12":0.0785665472,"13":0.1139410369,"14":0.1365726231,"15":null,"16":0.1124135107,"17":0.1220574466,"18":0.1414185279,"19":0.1007438276,"20":0.099548226},"sentiment_std":{"0":0.6805570474,"1":0.5929254163,"2":null,"3":0.7071067812,"4":0.4972451581,"5":0.5477225575,"6":0.755928946,"7":0.6254494335,"8":0.6835076724,"9":0.5773502692,"10":0.6674479198,"11":0.5,"12":1.4142135624,"13":0.605518841,"14":0.5773502692,"15":null,"16":0.5756694788,"17":0.7057220071,"18":0.0,"19":0.5222329679,"20":0.5974857716},"sentiment_pv":{"0":0.1319243283,"1":0.2660979474,"2":null,"3":0.145263375,"4":0.1626330332,"5":0.1468257394,"6":0.5687430503,"7":0.7825545143,"8":0.0020698398,"9":0.6547946161,"10":0.2825740651,"11":0.7425940887,"12":0.8990573934,"13":0.1276965626,"14":0.6547946161,"15":null,"16":0.3087117754,"17":0.0002423828,"18":1.014545449e-45,"19":0.0912280412,"20":0.5627247986},"main_pv":{"0":0.0604005582,"1":0.4720253921,"2":null,"3":0.0364400025,"4":0.3223327608,"5":0.2582075586,"6":0.8645623608,"7":0.0629234554,"8":0.2268910921,"9":0.2921523015,"10":0.9005765674,"11":0.4494639026,"12":0.4176633468,"13":0.8641326677,"14":0.6738752859,"15":null,"16":0.2400975531,"17":0.076095773,"18":0.4513751333,"19":0.3822531909,"20":0.831560659},"count":{"0":20,"1":90,"2":1,"3":8,"4":14,"5":5,"6":8,"7":179,"8":1613,"9":3,"10":226,"11":4,"12":2,"13":172,"14":3,"15":1,"16":44,"17":1334,"18":2,"19":11,"20":31},"nb_en":{"0":20,"1":90,"2":1,"3":8,"4":14,"5":5,"6":8,"7":179,"8":1613,"9":3,"10":226,"11":4,"12":2,"13":172,"14":3,"15":1,"16":44,"17":1334,"18":2,"19":11,"20":31},"nb_de":{"0":0,"1":0,"2":0,"3":0,"4":0,"5":0,"6":0,"7":0,"8":0,"9":0,"10":0,"11":0,"12":0,"13":0,"14":0,"15":0,"16":0,"17":0,"18":0,"19":0,"20":0}}