{"canton":{"0":"UR","1":"NW","2":"BE","3":"BL","4":"JU","5":"TI","6":"TG","7":"VD","8":"SG","9":"GR","10":"SH","11":"OW","12":"AG","13":"GE","14":"BS","15":"FR","16":"AR","17":"GL","18":"ZH","19":"SO","20":"NE","21":"LU","22":"AI","23":"VS","24":"SZ"},"main_mean":{"0":-0.0051649877,"1":0.0004999938,"2":0.0146656351,"3":0.0041154323,"4":-0.0392006661,"5":0.0022525172,"6":0.0240166165,"7":0.0400841533,"8":0.0692321558,"9":0.0591977653,"10":0.0058773738,"11":0.0002499969,"12":0.0322747194,"13":0.022069724,"14":0.0250000901,"15":0.0125510318,"16":-0.0094249413,"17":0.0005615341,"18":0.0148706113,"19":0.0174147328,"20":-0.0065902823,"21":0.0161980671,"22":0.0004999938,"23":0.0076010154,"24":-0.0074004434},"sentiment_mean":{"0":0.0,"1":0.0,"2":0.1026252983,"3":0.0555555556,"4":0.0,"5":0.0681818182,"6":0.1428571429,"7":0.0660792952,"8":0.2393162393,"9":0.1212121212,"10":0.0204081633,"11":0.0,"12":0.0634920635,"13":0.0707290533,"14":0.0692307692,"15":0.0157480315,"16":0.0,"17":0.0,"18":0.1476547322,"19":0.075,"20":0.1176470588,"21":0.0392156863,"22":0.0,"23":0.0657894737,"24":0.0},"main_std":{"0":0.0092840769,"1":0.0007070979,"2":0.1234125735,"3":0.0390755671,"4":0.1128816238,"5":0.1639195134,"6":0.0364921494,"7":0.14417582,"8":0.1646238481,"9":0.1429526594,"10":0.045508382,"11":0.0004999938,"12":0.1395091586,"13":0.1485617868,"14":0.1309555546,"15":0.170159016,"16":0.0237394576,"17":null,"18":0.1131557877,"19":0.2350527103,"20":0.1244884921,"21":0.0756217125,"22":null,"23":0.0637604123,"24":0.0183060312},"sentiment_std":{"0":0.0,"1":0.0,"2":0.4305732673,"3":0.2323106841,"4":0.0,"5":0.6573274791,"6":0.3585685828,"7":0.3874909987,"8":0.5025722225,"9":0.3314339826,"10":0.1421188581,"11":0.0,"12":0.275565796,"13":0.4920292961,"14":0.410619374,"15":0.3329581691,"16":0.5345224838,"17":null,"18":0.5074261632,"19":0.3499084129,"20":0.4776651472,"21":0.278207442,"22":null,"23":0.298240454,"24":0.0},"sentiment_pv":{"0":1.168032772e-95,"1":1.168032772e-95,"2":0.9308032773,"3":0.2226882239,"4":1.168032772e-95,"5":0.6115331057,"6":0.6254127404,"7":0.0448144127,"8":0.0044977944,"9":0.7680086875,"10":0.0000002106,"11":1.168032772e-95,"12":0.1082147607,"13":0.0017126876,"14":0.0632227583,"15":0.0038070281,"16":0.5993604445,"17":null,"18":0.0000084499,"19":0.6046805439,"20":0.8688123416,"21":0.0055062019,"22":null,"23":0.2725386722,"24":1.168032772e-95},"main_pv":{"0":0.0001854135,"1":1.637508218e-20,"2":0.2834305329,"3":0.0265442336,"4":0.3098464912,"5":0.3286610709,"6":0.5793570879,"7":0.002959213,"8":0.0014720433,"9":0.1206765576,"10":0.0054193379,"11":4.295488711e-42,"12":0.3076368184,"13":0.4074248504,"14":0.3490089947,"15":0.6489595333,"16":0.0106058336,"17":null,"18":0.0480210083,"19":0.9562424848,"20":0.2317544501,"21":0.6022556509,"22":null,"23":0.1145920136,"24":0.0149004324},"count":{"0":7,"1":2,"2":838,"3":36,"4":5,"5":88,"6":21,"7":454,"8":117,"9":33,"10":98,"11":4,"12":126,"13":2757,"14":520,"15":127,"16":8,"17":1,"18":3603,"19":40,"20":34,"21":153,"22":1,"23":76,"24":6},"nb_en":{"0":0,"1":0,"2":245,"3":2,"4":0,"5":84,"6":4,"7":129,"8":16,"9":2,"10":9,"11":0,"12":12,"13":1200,"14":155,"15":26,"16":2,"17":0,"18":1633,"19":6,"20":16,"21":35,"22":0,"23":18,"24":0},"nb_de":{"0":7,"1":2,"2":557,"3":34,"4":0,"5":1,"6":17,"7":4,"8":101,"9":31,"10":89,"11":4,"12":112,"13":12,"14":359,"15":29,"16":6,"17":1,"18":1894,"19":34,"20":4,"21":116,"22":1,"23":46,"24":6},"nb_fr":{"0":0,"1":0,"2":36,"3":0,"4":5,"5":3,"6":0,"7":321,"8":0,"9":0,"10":0,"11":0,"12":2,"13":1545,"14":6,"15":72,"16":0,"17":0,"18":76,"19":0,"20":14,"21":2,"22":0,"23":12,"24":0}}