{"canton":{"0":"SG","1":"SH","2":"VS","3":"SO","4":"AG","5":"TG","6":"ZH","7":"VD","8":"BE","9":"BL","10":"GE","11":"BS","12":"TI","13":"SZ","14":"LU","15":"GR","16":"NE","17":"FR"},"main_mean":{"0":0.0543456005,"1":-0.0120368974,"2":0.0345585433,"3":0.0,"4":0.0383753878,"5":-0.0318178774,"6":0.0195956159,"7":0.0153933379,"8":0.0067755364,"9":0.0714280612,"10":0.015160155,"11":0.0003042608,"12":0.000164019,"13":0.0,"14":0.0116024019,"15":-0.0190471111,"16":-0.0156504516,"17":0.0145881916},"sentiment_mean":{"0":0.0714285714,"1":0.1111111111,"2":0.4545454545,"3":0.5,"4":0.4761904762,"5":-0.1666666667,"6":0.2428958051,"7":0.184,"8":0.1083743842,"9":1.0,"10":0.1540785498,"11":0.0954198473,"12":0.0990990991,"13":0.0,"14":0.1904761905,"15":0.2857142857,"16":0.0769230769,"17":0.0588235294},"main_std":{"0":0.2778430519,"1":0.0625147543,"2":0.0781904546,"3":0.0,"4":0.290948962,"5":0.049375801,"6":0.1493807308,"7":0.1318646517,"8":0.1407476284,"9":0.1010145329,"10":0.1430825838,"11":0.0952432558,"12":0.1168855696,"13":null,"14":0.1228398175,"15":0.08356957,"16":0.1032740977,"17":0.0782631229},"sentiment_std":{"0":0.7300459115,"1":0.78173596,"2":0.687551651,"3":0.7071067812,"4":0.6796357568,"5":0.4082482905,"6":0.7000340479,"7":0.6884297233,"8":0.6734562969,"9":0.0,"10":0.723612397,"11":0.6270239377,"12":0.6869558005,"13":null,"14":0.6339229482,"15":0.755928946,"16":0.6405126152,"17":0.4887322171},"sentiment_pv":{"0":0.5629134194,"1":0.7771739763,"2":0.2271719534,"3":0.6443353945,"4":0.0663756499,"5":0.0870151353,"6":0.0112572648,"7":0.9560781774,"8":0.1063849324,"9":0.0,"10":0.1984778878,"11":0.0239971206,"12":0.1852707077,"13":null,"14":0.9757508607,"15":0.7428456394,"16":0.546231063,"17":0.1378930338},"main_pv":{"0":0.6048849695,"1":0.2333858724,"2":0.4270447855,"3":0.0000000014,"4":0.7162523488,"5":0.0679775114,"6":0.3128052236,"7":0.9708516934,"8":0.4227107694,"9":0.5740161667,"10":0.9678981448,"11":0.0222158681,"12":0.1956178825,"13":null,"14":0.8617097059,"15":0.323986263,"16":0.3077572675,"17":0.9788648155},"count":{"0":14,"1":9,"2":11,"3":2,"4":21,"5":6,"6":1478,"7":125,"8":203,"9":2,"10":993,"11":262,"12":111,"13":1,"14":42,"15":7,"16":13,"17":34},"nb_en":{"0":14,"1":9,"2":11,"3":2,"4":21,"5":6,"6":1478,"7":125,"8":203,"9":2,"10":993,"11":262,"12":111,"13":1,"14":42,"15":7,"16":13,"17":34},"nb_de":{"0":0,"1":0,"2":0,"3":0,"4":0,"5":0,"6":0,"7":0,"8":0,"9":0,"10":0,"11":0,"12":0,"13":0,"14":0,"15":0,"16":0,"17":0}}