{"canton":{"0":"UR","1":"NW","2":"BE","3":"BL","4":"TI","5":"TG","6":"VD","7":"GR","8":"SG","9":"JU","10":"SH","11":"OW","12":"AG","13":"GE","14":"BS","15":"FR","16":"AR","17":"GL","18":"ZH","19":"SO","20":"NE","21":"LU","22":"VS","23":"SZ"},"main_mean":{"0":0.0001688871,"1":-0.0097953722,"2":0.0140442191,"3":0.0077303918,"4":0.0093028703,"5":0.0040805559,"6":0.0295146506,"7":0.0085795802,"8":0.0447269076,"9":0.0340975271,"10":0.0085659889,"11":-0.0249101746,"12":0.0105149221,"13":0.0180871313,"14":0.013432478,"15":0.0330465542,"16":0.0888382526,"17":0.2762087352,"18":0.018896413,"19":0.0426430867,"20":0.0243416721,"21":0.0135870181,"22":-0.0081503893,"23":0.0234720734},"sentiment_mean":{"0":0.0,"1":0.0,"2":0.05875153,"3":0.0243902439,"4":0.0756302521,"5":0.0454545455,"6":0.0127659574,"7":0.0952380952,"8":0.1351351351,"9":0.0625,"10":0.036036036,"11":0.2,"12":0.0,"13":0.0571766562,"14":0.0744125326,"15":0.050955414,"16":0.25,"17":0.5,"18":0.1312985891,"19":0.1142857143,"20":0.1,"21":0.0903225806,"22":0.0,"23":0.1666666667},"main_std":{"0":0.0002317914,"1":0.0167683125,"2":0.1014807277,"3":0.0552488917,"4":0.1357870149,"5":0.0374528872,"6":0.1410884083,"7":0.0368312399,"8":0.1481116989,"9":0.0530425874,"10":0.044825593,"11":0.1369480723,"12":0.1104700639,"13":0.1192272288,"14":0.0933307536,"15":0.1083096112,"16":0.1840582527,"17":0.3045993162,"18":0.109756433,"19":0.163071714,"20":0.0734562032,"21":0.0913642797,"22":0.0603202836,"23":0.0591791545},"sentiment_std":{"0":0.0,"1":0.0,"2":0.3555924471,"3":0.1561737619,"4":0.6530198931,"5":0.2132007164,"6":0.4076125409,"7":0.2971017572,"8":0.3689416432,"9":0.25,"10":0.2307272269,"11":0.8366600265,"12":0.3905667329,"13":0.4900224947,"14":0.425891584,"15":0.3161502877,"16":0.4629100499,"17":0.7071067812,"18":0.4721896743,"19":0.471008216,"20":0.3789323734,"21":0.400774282,"22":0.1961161351,"23":0.4082482905},"sentiment_pv":{"0":1.17863043e-71,"1":1.17863043e-71,"2":0.0423359814,"3":0.0174542673,"4":0.8655322346,"5":0.386890631,"6":0.0001836634,"7":0.8390895849,"8":0.1655911646,"9":0.7149926532,"10":0.0281755919,"11":0.7754795499,"12":0.0190469162,"13":0.0081995403,"14":0.4788980929,"15":0.1763100035,"16":0.3493328609,"17":0.559583569,"18":0.000001078,"19":0.7233597191,"20":0.8147179814,"21":0.8901418628,"22":0.002732245,"23":0.6482273652},"main_pv":{"0":3.876182392e-53,"1":0.0985825001,"2":0.2486456775,"3":0.2290824097,"4":0.4702138168,"5":0.0907541269,"6":0.0922575341,"7":0.0988887329,"8":0.0642369053,"9":0.2552627669,"10":0.028239214,"11":0.518897051,"12":0.4430596835,"13":0.9177101101,"14":0.167837425,"15":0.0941855104,"16":0.3147311738,"17":0.4430227164,"18":0.8074722891,"19":0.3849261067,"20":0.6111984554,"21":0.5216067598,"22":0.0025239581,"23":0.8409274175},"count":{"0":5,"1":3,"2":817,"3":41,"4":119,"5":22,"6":470,"7":42,"8":111,"9":16,"10":111,"11":5,"12":119,"13":2536,"14":766,"15":157,"16":8,"17":2,"18":3473,"19":35,"20":40,"21":155,"22":53,"23":6},"nb_en":{"0":0,"1":0,"2":196,"3":1,"4":112,"5":2,"6":121,"7":4,"8":17,"9":2,"10":8,"11":3,"12":21,"13":1175,"14":291,"15":28,"16":0,"17":0,"18":1401,"19":5,"20":9,"21":41,"22":7,"23":2},"nb_de":{"0":5,"1":3,"2":585,"3":40,"4":3,"5":20,"6":22,"7":38,"8":94,"9":0,"10":103,"11":2,"12":95,"13":8,"14":463,"15":51,"16":8,"17":2,"18":1981,"19":30,"20":17,"21":112,"22":29,"23":4},"nb_fr":{"0":0,"1":0,"2":36,"3":0,"4":4,"5":0,"6":327,"7":0,"8":0,"9":14,"10":0,"11":0,"12":3,"13":1353,"14":12,"15":78,"16":0,"17":0,"18":91,"19":0,"20":14,"21":2,"22":17,"23":0}}