{"canton":{"0":"SG","1":"TI","2":"UR","3":"VS","4":"SO","5":"AG","6":"VD","7":"ZH","8":"TG","9":"BE","10":"BL","11":"GE","12":"SH","13":"AR","14":"SZ","15":"LU","16":"GR","17":"NE","18":"FR","19":"BS"},"main_mean":{"0":0.0038962839,"1":0.01248401,"2":-0.0833326389,"3":0.030846674,"4":0.0,"5":-0.0521100724,"6":0.028166489,"7":0.0337750951,"8":-0.1249968751,"9":0.0167307795,"10":0.0,"11":0.0180552182,"12":0.0223053221,"13":0.0249996875,"14":0.1953810971,"15":0.0296270426,"16":0.0,"17":0.0127290187,"18":-0.0008080645,"19":0.0138732242},"sentiment_mean":{"0":0.1818181818,"1":0.0853658537,"2":-1.0,"3":0.4117647059,"4":0.0,"5":0.0625,"6":0.1842105263,"7":0.2927631579,"8":0.0,"9":0.1652892562,"10":0.0,"11":0.126199262,"12":0.0,"13":0.8,"14":0.6,"15":0.1081081081,"16":0.0,"17":0.4545454545,"18":-0.04,"19":0.1653543307},"main_std":{"0":0.0774823493,"1":0.1075221183,"2":null,"3":0.1021559644,"4":0.0,"5":0.1620448984,"6":0.1375309432,"7":0.1521763372,"8":0.176772276,"9":0.1560564565,"10":0.0,"11":0.1316860653,"12":0.1306671964,"13":0.0559010007,"14":0.340962756,"15":0.1510578368,"16":null,"17":0.0832490986,"18":0.0292926278,"19":0.1464821003},"sentiment_std":{"0":0.6030226892,"1":0.7062545883,"2":null,"3":0.6183469424,"4":0.0,"5":0.6800735254,"6":0.694548809,"7":0.7030079241,"8":0.0,"9":0.6612838944,"10":0.0,"11":0.7309470225,"12":0.7071067812,"13":0.4472135955,"14":0.5477225575,"15":0.6575959492,"16":null,"17":0.5222329679,"18":0.3511884584,"19":0.7211518512},"sentiment_pv":{"0":0.9093493154,"1":0.1393057312,"2":null,"3":0.1841924599,"4":9.86278792e-64,"5":0.4222177523,"6":0.7433279556,"7":0.0000327921,"8":9.86278792e-64,"9":0.3922995634,"10":9.86278792e-64,"11":0.0008887277,"12":0.4144040807,"13":0.0404081335,"14":0.1805378699,"15":0.388105698,"16":null,"17":0.1420213001,"18":0.0021632082,"19":0.5629486483},"main_pv":{"0":0.400129699,"1":0.3231913287,"2":null,"3":0.8023357509,"4":9.913986425e-25,"5":0.078363991,"6":0.7491435385,"7":0.042644272,"8":0.4432470243,"9":0.4508841152,"10":9.913986425e-25,"11":0.132441916,"12":0.9608569824,"13":0.985469883,"14":0.3252266121,"15":0.8387273336,"16":null,"17":0.6500463436,"18":0.0003368139,"19":0.4220494148},"count":{"0":11,"1":82,"2":1,"3":17,"4":4,"5":16,"6":152,"7":1520,"8":2,"9":242,"10":2,"11":1355,"12":9,"13":5,"14":5,"15":37,"16":1,"17":11,"18":25,"19":127},"nb_en":{"0":11,"1":82,"2":1,"3":17,"4":4,"5":16,"6":152,"7":1520,"8":2,"9":242,"10":2,"11":1355,"12":9,"13":5,"14":5,"15":37,"16":1,"17":11,"18":25,"19":127},"nb_de":{"0":0,"1":0,"2":0,"3":0,"4":0,"5":0,"6":0,"7":0,"8":0,"9":0,"10":0,"11":0,"12":0,"13":0,"14":0,"15":0,"16":0,"17":0,"18":0,"19":0}}