{"canton":{"0":"SG","1":"JU","2":"VS","3":"AG","4":"TG","5":"ZH","6":"BE","7":"GE","8":"BS","9":"AR","10":"LU","11":"OW","12":"GR","13":"UR","14":"VD","15":"SH","16":"BL","17":"NW","18":"TI","19":"SO","20":"NE","21":"FR"},"main_mean":{"0":-0.0316605004,"1":-0.0132272718,"2":-0.0609770466,"3":0.1066660676,"4":0.0,"5":0.0292516503,"6":0.0217868707,"7":0.0226414515,"8":0.0127764017,"9":-0.0909082645,"10":-0.0203125743,"11":0.0,"12":0.0,"13":0.0,"14":0.0178324857,"15":-0.0248915576,"16":0.2499875006,"17":0.0,"18":0.026701184,"19":0.0,"20":-0.07142449,"21":-0.0107736535},"sentiment_mean":{"0":-0.2,"1":0.3333333333,"2":0.0833333333,"3":0.2666666667,"4":0.0,"5":0.2966101695,"6":0.1104294479,"7":0.1790393013,"8":0.1680672269,"9":0.0,"10":0.1363636364,"11":0.0,"12":0.1666666667,"13":0.0,"14":0.1904761905,"15":-0.1428571429,"16":0.5,"17":0.0,"18":0.2,"19":0.0,"20":0.1666666667,"21":0.05},"main_std":{"0":0.2091038,"1":0.0919850272,"2":0.137734227,"3":0.2581641645,"4":null,"5":0.1741124921,"6":0.1694127202,"7":0.1563794079,"8":0.1258841448,"9":null,"10":0.1383021226,"11":null,"12":0.0,"13":null,"14":0.1691283489,"15":0.0425666414,"16":0.3535357138,"17":null,"18":0.1270909768,"19":null,"20":0.2118812041,"21":0.2510207271},"sentiment_std":{"0":0.7888106377,"1":0.5773502692,"2":0.7929614611,"3":0.7037315505,"4":null,"5":0.683814664,"6":0.6573998067,"7":0.7111955257,"8":0.6550886566,"9":null,"10":0.7101612523,"11":null,"12":0.4082482905,"13":null,"14":0.6664376896,"15":0.6900655593,"16":0.7071067812,"17":null,"18":0.6690433825,"19":null,"20":0.7527726527,"21":0.6863327412},"sentiment_pv":{"0":0.1263740719,"1":0.767546513,"2":0.5615337967,"3":0.8041830981,"4":null,"5":0.0044076275,"6":0.0409611302,"7":0.1779686289,"8":0.3968339261,"9":null,"10":0.5854156681,"11":null,"12":0.7599714123,"13":null,"14":0.6520871887,"15":0.2132127429,"16":0.6755971454,"17":null,"18":0.7813027954,"19":null,"20":0.8676579748,"21":0.2820019183},"main_pv":{"0":0.4260648074,"1":0.560691236,"2":0.0574877203,"3":0.2332607127,"4":null,"5":0.390427711,"6":0.8993557079,"7":0.8984291785,"8":0.3743716412,"9":null,"10":0.1542937705,"11":null,"12":0.0,"13":null,"14":0.7364673978,"15":0.0232795489,"16":0.5313915999,"17":null,"18":0.8238047994,"19":null,"20":0.3225740697,"21":0.5491168448},"count":{"0":10,"1":3,"2":12,"3":15,"4":1,"5":944,"6":163,"7":687,"8":119,"9":1,"10":22,"11":1,"12":6,"13":1,"14":105,"15":7,"16":2,"17":1,"18":85,"19":1,"20":6,"21":20},"nb_en":{"0":10,"1":3,"2":12,"3":15,"4":1,"5":944,"6":163,"7":687,"8":119,"9":1,"10":22,"11":1,"12":6,"13":1,"14":105,"15":7,"16":2,"17":1,"18":85,"19":1,"20":6,"21":20},"nb_de":{"0":0,"1":0,"2":0,"3":0,"4":0,"5":0,"6":0,"7":0,"8":0,"9":0,"10":0,"11":0,"12":0,"13":0,"14":0,"15":0,"16":0,"17":0,"18":0,"19":0,"20":0,"21":0}}