{"canton":{"0":"SG","1":"TI","2":"UR","3":"VS","4":"SZ","5":"AG","6":"VD","7":"ZH","8":"TG","9":"BE","10":"BL","11":"GE","12":"SH","13":"AR","14":"SO","15":"LU","16":"GR","17":"NE","18":"FR","19":"BS"},"main_mean":{"0":0.0331356504,"1":0.013230963,"2":0.0833326389,"3":0.0085469136,"4":0.099999,"5":0.0042874975,"6":0.0338004916,"7":0.0287962154,"8":0.0416659722,"9":0.0230055078,"10":0.2833272501,"11":0.0149938017,"12":0.016783075,"13":0.0,"14":-0.0277774691,"15":0.0225283677,"16":0.2533285779,"17":0.0167539182,"18":0.017449809,"19":0.0490549506},"sentiment_mean":{"0":0.2307692308,"1":0.085106383,"2":1.0,"3":0.1538461538,"4":0.0,"5":0.2173913043,"6":0.3260869565,"7":0.2415795587,"8":0.5,"9":0.192139738,"10":0.6666666667,"11":0.1183879093,"12":0.2,"13":0.0,"14":-0.25,"15":0.1315789474,"16":0.4,"17":0.2727272727,"18":0.1388888889,"19":0.2276422764},"main_std":{"0":0.0601913469,"1":0.2646995226,"2":null,"3":0.0308163352,"4":null,"5":0.1127245847,"6":0.1390875317,"7":0.1485880855,"8":0.0833319445,"9":0.1309172692,"10":0.3013797302,"11":0.133610929,"12":0.0927835987,"13":0.0,"14":0.0555549383,"15":0.0658934253,"16":0.4233378708,"17":0.0843046269,"18":0.059491779,"19":0.1933180829},"sentiment_std":{"0":0.4385290097,"1":0.6824934435,"2":null,"3":0.6887372317,"4":null,"5":0.6712621585,"6":0.6524859087,"7":0.6917387937,"8":0.5773502692,"9":0.6266936754,"10":0.5773502692,"11":0.7243120786,"12":0.632455532,"13":0.0,"14":0.5,"15":0.5775555493,"16":0.894427191,"17":0.5504818826,"18":0.5929479754,"19":0.6505106207},"sentiment_pv":{"0":0.7745251151,"1":0.1266054203,"2":null,"3":0.833353673,"4":null,"5":0.8746956264,"6":0.0221658483,"7":0.0212836574,"8":0.368363027,"9":0.9471758354,"10":0.2926246106,"11":0.0013764428,"12":0.9805865088,"13":1.113051025e-62,"14":0.1730655921,"15":0.5057637723,"16":0.6353781521,"17":0.5167701945,"18":0.5763212354,"19":0.5857209396},"main_pv":{"0":0.6144246519,"1":0.6840259833,"2":null,"3":0.0956496829,"4":null,"5":0.4031938672,"6":0.4389160643,"7":0.3117949258,"8":0.7070443486,"9":0.8749978098,"10":0.2751472976,"11":0.0392274325,"12":0.8010771597,"13":1.624800533e-23,"14":0.1565482979,"15":0.8638119478,"16":0.2932198754,"17":0.6766604406,"18":0.4987027195,"19":0.1640247294},"count":{"0":13,"1":94,"2":1,"3":13,"4":1,"5":23,"6":138,"7":1722,"8":4,"9":229,"10":3,"11":1191,"12":10,"13":2,"14":4,"15":38,"16":5,"17":22,"18":36,"19":123},"nb_en":{"0":13,"1":94,"2":1,"3":13,"4":1,"5":23,"6":138,"7":1722,"8":4,"9":229,"10":3,"11":1191,"12":10,"13":2,"14":4,"15":38,"16":5,"17":22,"18":36,"19":123},"nb_de":{"0":0,"1":0,"2":0,"3":0,"4":0,"5":0,"6":0,"7":0,"8":0,"9":0,"10":0,"11":0,"12":0,"13":0,"14":0,"15":0,"16":0,"17":0,"18":0,"19":0}}