{"canton":{"0":"NE","1":"GE","2":"TG","3":"BE","4":"SZ","5":"GL","6":"UR","7":"FR","8":"BS","9":"BL","10":"ZH","11":"OW","12":"VD","13":"SG","14":"GR","15":"AR","16":"LU","17":"TI","18":"JU","19":"AG","20":"SH","21":"VS","22":"AI","23":"SO","24":"NW"},"main_mean":{"0":0.0242039184,"1":0.0210357027,"2":0.0106956271,"3":0.0123184452,"4":0.009244384,"5":0.0429762689,"6":0.0047014602,"7":0.0214441687,"8":0.012527556,"9":0.0094045129,"10":0.0173749465,"11":0.00483572,"12":0.0246034705,"13":0.0397629355,"14":0.0144548337,"15":0.0503962585,"16":0.009491153,"17":0.009987014,"18":0.0321544568,"19":0.0216022911,"20":0.0054916373,"21":0.0094411686,"22":0.0148308269,"23":0.0186206118,"24":-0.0086493568},"sentiment_mean":{"0":0.0887640449,"1":0.0600163489,"2":0.0423976608,"3":0.0625283601,"4":0.0523560209,"5":0.1086956522,"6":0.0076335878,"7":0.0361659079,"8":0.0595111583,"9":0.030438675,"10":0.1450756831,"11":0.0388349515,"12":0.0608493821,"13":0.1231028668,"14":0.0612725844,"15":0.1666666667,"16":0.0581186339,"17":0.1092929917,"18":0.0745614035,"19":0.0589574899,"20":0.0309470544,"21":0.0669034932,"22":0.027027027,"23":0.0434782609,"24":0.0},"main_std":{"0":0.122211984,"1":0.1302986122,"2":0.0681640955,"3":0.1044544252,"4":0.114085551,"5":0.1161263858,"6":0.0938189353,"7":0.1181575621,"8":0.093195723,"9":0.0669382166,"10":0.1161750342,"11":0.0768622772,"12":0.1335627752,"13":0.1452160722,"14":0.0842651364,"15":0.1517663509,"16":0.0753001504,"17":0.1471041111,"18":0.1342491813,"19":0.1257092534,"20":0.0618136496,"21":0.1010247998,"22":0.0587076509,"23":0.1008508944,"24":0.02320567},"sentiment_std":{"0":0.3996450062,"1":0.4962886264,"2":0.2288505488,"3":0.3828370792,"4":0.4197520558,"5":0.3146963877,"6":0.195966371,"7":0.2844428496,"8":0.3818426224,"9":0.1962120795,"10":0.5060138764,"11":0.2773236976,"12":0.352351493,"13":0.4049572434,"14":0.2736038579,"15":0.3976676186,"16":0.3044770074,"17":0.6096076263,"18":0.2948340543,"19":0.3265300044,"20":0.2550726648,"21":0.3686788772,"22":0.3716693936,"23":0.2706776185,"24":0.2279211529},"sentiment_pv":{"0":0.7715264722,"1":1.090382467e-58,"2":0.0000000164,"3":3.66340218e-28,"4":0.1862496755,"5":0.7313699696,"6":0.0000021565,"7":6.709930885e-34,"8":2.383916021e-28,"9":1.347362196e-24,"10":3.903784867e-173,"11":0.0516801425,"12":2.804462613e-27,"13":0.0000497959,"14":0.0000509168,"15":0.0067889269,"16":0.0,"17":0.1219991462,"18":0.3553695502,"19":0.0000000002,"20":5.003094756e-34,"21":0.0043300453,"22":0.2899207917,"23":0.0000000002,"24":0.0005818717},"main_pv":{"0":0.1356384987,"1":0.0000000204,"2":0.0049366223,"3":0.0,"4":0.2862614158,"5":0.1528305837,"6":0.1053264368,"7":0.0753067115,"8":0.0,"9":0.0000185235,"10":0.1120304942,"11":0.0835824283,"12":0.0000000017,"13":7.832116764e-16,"14":0.1273630175,"15":0.0019961515,"16":0.0,"17":0.0018455395,"18":0.1148141159,"19":0.0798866463,"20":1.166328691e-24,"21":0.0004830471,"22":0.7387600836,"23":0.8480741355,"24":6.851128666e-16},"count":{"0":890,"1":75846,"2":684,"3":22038,"4":191,"5":46,"6":131,"7":3954,"8":17879,"9":1117,"10":96653,"11":103,"12":15941,"13":2965,"14":1273,"15":216,"16":5007,"17":3239,"18":228,"19":3952,"20":2682,"21":1689,"22":37,"23":1265,"24":78},"nb_en":{"0":284,"1":34502,"2":84,"3":6084,"4":68,"5":0,"6":11,"7":732,"8":4789,"9":53,"10":43785,"11":10,"12":3612,"13":445,"14":120,"15":38,"16":938,"17":2775,"18":31,"19":517,"20":250,"21":413,"22":8,"23":103,"24":9},"nb_de":{"0":168,"1":338,"2":598,"3":14909,"4":123,"5":46,"6":120,"7":1030,"8":12790,"9":1063,"10":51006,"11":93,"12":463,"13":2517,"14":1153,"15":178,"16":4040,"17":94,"18":5,"19":3388,"20":2430,"21":939,"22":29,"23":1160,"24":69},"nb_fr":{"0":438,"1":41006,"2":2,"3":1045,"4":0,"5":0,"6":0,"7":2192,"8":300,"9":1,"10":1862,"11":0,"12":11866,"13":3,"14":0,"15":0,"16":29,"17":370,"18":192,"19":47,"20":2,"21":337,"22":0,"23":2,"24":0}}