{"canton":{"0":"NE","1":"GE","2":"TG","3":"BE","4":"GL","5":"UR","6":"FR","7":"BS","8":"BL","9":"ZH","10":"OW","11":"VD","12":"SG","13":"GR","14":"AR","15":"LU","16":"TI","17":"JU","18":"AG","19":"SH","20":"VS","21":"AI","22":"SO","23":"NW"},"main_mean":{"0":0.0003333278,"1":0.0078454791,"2":0.0129013333,"3":0.0158504908,"4":0.0007058782,"5":-0.0001599968,"6":0.0115968553,"7":0.0073035481,"8":0.0062713394,"9":0.0187598185,"10":-0.0291420781,"11":0.0093398869,"12":0.0218203991,"13":0.004795091,"14":0.0135807017,"15":0.02334556,"16":0.0004293605,"17":0.0,"18":0.0207220416,"19":-0.0000366177,"20":-0.0127984525,"21":0.0,"22":0.0679046338,"23":0.0001904748},"sentiment_mean":{"0":0.0,"1":0.08,"2":0.0,"3":0.0806100218,"4":0.0,"5":0.0,"6":0.0681818182,"7":0.0446735395,"8":-0.03125,"9":0.1551351351,"10":-0.1666666667,"11":0.145631068,"12":0.0683229814,"13":0.0,"14":0.25,"15":0.0769230769,"16":0.1034482759,"17":0.5,"18":0.1056338028,"19":0.0149253731,"20":-0.023255814,"21":0.0,"22":0.0789473684,"23":0.0},"main_std":{"0":0.0004713967,"1":0.1574520686,"2":0.0236522646,"3":0.1123272538,"4":null,"5":0.0003919105,"6":0.0660867187,"7":0.0898988628,"8":0.0407090228,"9":0.1198388532,"10":0.0488742466,"11":0.1387990456,"12":0.1438190924,"13":0.0361478295,"14":0.0189582197,"15":0.099424434,"16":0.1486068498,"17":0.0,"18":0.0805959622,"19":0.0537747609,"20":0.058625224,"21":null,"22":0.2482563769,"23":0.0003299121},"sentiment_std":{"0":0.0,"1":0.7094370803,"2":0.0,"3":0.4020075962,"4":null,"5":0.0,"6":0.5010559674,"7":0.3636648605,"8":0.1767766953,"9":0.5033560792,"10":0.4082482905,"11":0.6478889851,"12":0.337717034,"13":0.0,"14":0.5,"15":0.3512010465,"16":0.6825820124,"17":0.7071067812,"18":0.330650476,"19":0.2748298269,"20":0.3442294427,"21":null,"22":0.3587952022,"23":0.0},"sentiment_pv":{"0":8.386584732e-43,"1":0.3501054804,"2":8.386584732e-43,"3":0.244940597,"4":null,"5":8.386584732e-43,"6":0.6381130043,"7":0.0004364843,"8":0.0001704446,"9":0.0002492479,"10":0.165245841,"11":0.5199763874,"12":0.196961504,"13":8.386584732e-43,"14":0.6006393509,"15":0.4157145206,"16":0.9925721067,"17":0.5736564808,"18":0.9584862729,"19":0.0115004154,"20":0.0206080211,"21":null,"22":0.6701977072,"23":8.386584732e-43},"main_pv":{"0":0.0,"1":0.2681007674,"2":0.8795010886,"3":0.7719827951,"4":null,"5":0.0,"6":0.7950649959,"7":0.0943244011,"8":0.290090181,"9":0.1740700768,"10":0.0817264909,"11":0.7230252663,"12":0.5100222555,"13":0.1407137303,"14":0.949373171,"15":0.333078968,"16":0.391333792,"17":0.0,"18":0.3561072153,"19":0.0394521921,"20":0.0048127672,"21":null,"22":0.191256548,"23":0.0},"count":{"0":2,"1":825,"2":8,"3":459,"4":1,"5":6,"6":44,"7":582,"8":32,"9":1850,"10":6,"11":103,"12":161,"13":36,"14":4,"15":117,"16":87,"17":2,"18":142,"19":67,"20":43,"21":1,"22":38,"23":3},"nb_en":{"0":0,"1":818,"2":2,"3":157,"4":0,"5":0,"6":24,"7":130,"8":1,"9":845,"10":1,"11":101,"12":16,"13":1,"14":1,"15":33,"16":83,"17":2,"18":18,"19":3,"20":8,"21":1,"22":10,"23":0},"nb_de":{"0":2,"1":7,"2":6,"3":302,"4":1,"5":6,"6":20,"7":452,"8":31,"9":1005,"10":5,"11":2,"12":145,"13":35,"14":3,"15":84,"16":4,"17":0,"18":124,"19":64,"20":35,"21":0,"22":28,"23":3}}