{"canton":{"0":"SG","1":"AR","2":"VS","3":"SZ","4":"AG","5":"TG","6":"ZH","7":"BE","8":"GE","9":"BS","10":"GL","11":"LU","12":"GR","13":"UR","14":"VD","15":"SH","16":"BL","17":"NW","18":"TI","19":"SO","20":"NE","21":"FR"},"main_mean":{"0":0.0202153948,"1":-0.000338305,"2":-0.0131782411,"3":0.2204981151,"4":0.0104864591,"5":0.0060580496,"6":0.0111876506,"7":0.0112903784,"8":-0.0000321486,"9":0.0138099286,"10":-0.0186907392,"11":0.0084498003,"12":0.0079612891,"13":0.0002857102,"14":0.027867079,"15":-0.0012246113,"16":-0.0009010932,"17":0.0,"18":-0.0011482585,"19":0.0152289718,"20":-0.0577527455,"21":-0.0245342435},"sentiment_mean":{"0":0.0633802817,"1":0.6363636364,"2":0.0357142857,"3":0.5238095238,"4":0.031496063,"5":-0.0416666667,"6":0.1072925398,"7":0.0683491062,"8":0.09765625,"9":0.0345864662,"10":0.0,"11":0.0445544554,"12":0.0322580645,"13":0.0,"14":0.1404494382,"15":0.04,"16":-0.0303030303,"17":0.0,"18":0.1129032258,"19":0.0188679245,"20":0.1538461538,"21":0.0461538462},"main_std":{"0":0.0931935813,"1":0.0920378994,"2":0.118045863,"3":0.2960557887,"4":0.118043625,"5":0.043514765,"6":0.1272722474,"7":0.107716404,"8":0.134259205,"9":0.108376371,"10":null,"11":0.0791450334,"12":0.032675453,"13":0.0004040552,"14":0.1873639132,"15":0.0298166911,"16":0.034941102,"17":null,"18":0.1914782552,"19":0.0553288753,"20":0.1262009151,"21":0.1270515806},"sentiment_std":{"0":0.3413529346,"1":0.5045249791,"2":0.3796786064,"3":0.6015852075,"4":0.1753458204,"5":0.2041241452,"6":0.4830265078,"7":0.3620952304,"8":0.6978090188,"9":0.3475484522,"10":null,"11":0.2873710821,"12":0.179605302,"13":0.0,"14":0.6616567293,"15":0.2567994275,"16":0.174077656,"17":null,"18":0.6402448391,"19":0.1373605639,"20":0.6887372317,"21":0.513285046},"sentiment_pv":{"0":0.3660085753,"1":0.0049067232,"2":0.2934148765,"3":0.0035427249,"4":0.0005555821,"5":0.0045936233,"6":0.0777473678,"7":0.0994892637,"8":0.7013020964,"9":0.0001683991,"10":null,"11":0.0320384464,"12":0.0882550532,"13":3.318409334e-55,"14":0.3122157104,"15":0.1026151389,"16":0.0004298995,"17":null,"18":0.6907115148,"19":0.0006295596,"20":0.7435352111,"21":0.4965389756},"main_pv":{"0":0.183691873,"1":0.7281218892,"2":0.1560823741,"3":0.0038830376,"4":0.9329536973,"5":0.6976726346,"6":0.5350963842,"7":0.6536478436,"8":0.0166904769,"9":0.3429355907,"10":null,"11":0.8423021871,"12":0.7884748642,"13":0.0000000004,"14":0.1972037243,"15":0.0045680639,"16":0.1018045082,"17":null,"18":0.53466719,"19":0.4694322333,"20":0.0785158833,"21":0.0347215877},"count":{"0":142,"1":11,"2":56,"3":21,"4":127,"5":24,"6":3579,"7":951,"8":1280,"9":665,"10":1,"11":202,"12":31,"13":2,"14":178,"15":75,"16":33,"17":1,"18":124,"19":53,"20":13,"21":65},"nb_en":{"0":19,"1":8,"2":18,"3":17,"4":16,"5":2,"6":1541,"7":281,"8":1259,"9":146,"10":0,"11":26,"12":2,"13":0,"14":163,"15":6,"16":0,"17":0,"18":120,"19":3,"20":12,"21":44},"nb_de":{"0":123,"1":3,"2":38,"3":4,"4":111,"5":22,"6":2038,"7":670,"8":21,"9":519,"10":1,"11":176,"12":29,"13":2,"14":15,"15":69,"16":33,"17":1,"18":4,"19":50,"20":1,"21":21}}