{"canton":{"0":"NE","1":"GE","2":"TG","3":"UR","4":"SZ","5":"BE","6":"GL","7":"FR","8":"BS","9":"BL","10":"ZH","11":"OW","12":"VD","13":"SG","14":"GR","15":"AR","16":"LU","17":"TI","18":"JU","19":"AG","20":"SH","21":"VS","22":"AI","23":"SO","24":"NW"},"main_mean":{"0":0.0119374081,"1":-0.0036240203,"2":-0.0005589709,"3":0.0,"4":0.0168049155,"5":-0.0015407279,"6":0.0150998838,"7":0.0405961886,"8":0.0146163801,"9":0.003008703,"10":0.0041355575,"11":0.005824429,"12":-0.0019612198,"13":0.0097847748,"14":0.0166059483,"15":0.0,"16":0.0287910125,"17":0.0176832912,"18":0.1111074075,"19":-0.000753375,"20":0.0161403027,"21":-0.0134688185,"22":0.0168864978,"23":0.0308098149,"24":0.5499898335},"sentiment_mean":{"0":0.2727272727,"1":0.077636153,"2":0.0,"3":0.0,"4":0.0,"5":0.0660066007,"6":0.0,"7":0.1739130435,"8":0.0386740331,"9":0.0277777778,"10":0.1471647165,"11":0.0,"12":0.09375,"13":0.0238095238,"14":0.0256410256,"15":0.0,"16":0.0992907801,"17":0.1538461538,"18":0.6666666667,"19":0.0824742268,"20":0.15,"21":0.0,"22":0.3333333333,"23":0.0444444444,"24":1.0},"main_std":{"0":0.0748855209,"1":0.1493534533,"2":0.0115644782,"3":0.0,"4":0.0791584447,"5":0.095265896,"6":0.0213544605,"7":0.0857293572,"8":0.111338899,"9":0.0380932341,"10":0.1308366112,"11":0.0177298295,"12":0.1524705566,"13":0.0375798049,"14":0.1480565907,"15":0.0,"16":0.1474022551,"17":0.1601527981,"18":0.1924436749,"19":0.091307337,"20":0.1098496068,"21":0.125852823,"22":0.0292482722,"23":0.1760360441,"24":0.0707080855},"sentiment_std":{"0":0.4670993665,"1":0.7287582626,"2":0.0,"3":0.0,"4":0.5773502692,"5":0.4366660618,"6":0.0,"7":0.4910261901,"8":0.3042983742,"9":0.1666666667,"10":0.497122353,"11":0.0,"12":0.5817962204,"13":0.2694253359,"14":0.2797724157,"15":0.0,"16":0.3444449892,"17":0.5948496901,"18":0.5773502692,"19":0.311919564,"20":0.3600847358,"21":0.4714045208,"22":0.5773502692,"23":0.3665288997,"24":0.0},"sentiment_pv":{"0":0.2622751675,"1":0.2857687224,"2":1.145421138e-46,"3":1.145421138e-46,"4":0.5238040103,"5":0.0409704857,"6":1.145421138e-46,"7":0.5103702933,"8":0.0000094111,"9":0.0101680655,"10":0.0010677504,"11":1.145421138e-46,"12":0.848057114,"13":0.0601931229,"14":0.0870952993,"15":1.145421138e-46,"16":0.8424991724,"17":0.4407788255,"18":0.2341235752,"19":0.4850101572,"20":0.3451628449,"21":0.184641756,"22":0.5644763504,"23":0.2758094617,"24":0.0},"main_pv":{"0":0.7614500963,"1":0.1159125576,"2":0.2526549249,"3":0.0074540578,"4":0.5978426589,"5":0.1340674448,"6":0.6205165588,"7":0.0591176448,"8":0.057090405,"9":0.7792147505,"10":0.8243070138,"11":0.8688418213,"12":0.6636766475,"13":0.4228141661,"14":0.624492666,"15":0.0074540578,"16":0.0585582891,"17":0.4500157716,"18":0.4399079461,"19":0.5528316118,"20":0.4337055137,"21":0.3829695587,"22":0.5511969072,"23":0.3294612937,"24":0.057927148},"count":{"0":11,"1":863,"2":8,"3":2,"4":13,"5":606,"6":2,"7":23,"8":543,"9":36,"10":2222,"11":11,"12":96,"13":42,"14":39,"15":2,"16":141,"17":91,"18":3,"19":97,"20":60,"21":37,"22":3,"23":45,"24":2},"nb_en":{"0":11,"1":856,"2":0,"3":1,"4":8,"5":217,"6":0,"7":7,"8":114,"9":2,"10":972,"11":0,"12":77,"13":10,"14":5,"15":1,"16":24,"17":86,"18":3,"19":14,"20":8,"21":11,"22":1,"23":8,"24":0},"nb_de":{"0":0,"1":7,"2":8,"3":1,"4":5,"5":389,"6":2,"7":16,"8":429,"9":34,"10":1250,"11":11,"12":19,"13":32,"14":34,"15":1,"16":117,"17":5,"18":0,"19":83,"20":52,"21":26,"22":2,"23":37,"24":2}}