{"canton":{"0":"SG","1":"GL","2":"VS","3":"SZ","4":"AG","5":"TG","6":"ZH","7":"BE","8":"GE","9":"BS","10":"AR","11":"LU","12":"OW","13":"GR","14":"UR","15":"VD","16":"SH","17":"BL","18":"NW","19":"TI","20":"SO","21":"NE","22":"FR"},"main_mean":{"0":0.0215570409,"1":0.0332612826,"2":0.0311411895,"3":-0.0192752237,"4":0.0064921553,"5":0.0333696871,"6":0.012352823,"7":0.0069812075,"8":0.0113340395,"9":0.0063473337,"10":0.0018938196,"11":0.0329282767,"12":0.0005714204,"13":0.0308007008,"14":0.0002706309,"15":0.0273428154,"16":0.0329521505,"17":0.0024061199,"18":-0.1246412995,"19":0.0071234082,"20":0.0265112646,"21":-0.0209528448,"22":0.0229121456},"sentiment_mean":{"0":0.0,"1":0.0,"2":0.09375,"3":-0.3333333333,"4":0.0803571429,"5":0.0625,"6":0.1552119129,"7":0.0871559633,"8":0.1296043656,"9":0.0403225806,"10":0.5,"11":0.0869565217,"12":0.0,"13":0.1333333333,"14":0.0,"15":0.2788461538,"16":0.0625,"17":0.0,"18":0.0,"19":0.0289855072,"20":0.0740740741,"21":0.0,"22":0.125},"main_std":{"0":0.1224383127,"1":null,"2":0.1924696031,"3":0.0869398873,"4":0.083503195,"5":0.0980009792,"6":0.1313627941,"7":0.1331440409,"8":0.1658311539,"9":0.0819446113,"10":0.071167298,"11":0.1120105976,"12":null,"13":0.1015782941,"14":0.0003448359,"15":0.1949922622,"16":0.1079942436,"17":0.0140257019,"18":0.2168129382,"19":0.1276001717,"20":0.066791425,"21":0.0582133697,"22":0.101732528},"sentiment_std":{"0":0.4170288281,"1":null,"2":0.2961445811,"3":0.5773502692,"4":0.3325682984,"5":0.25,"6":0.516178137,"7":0.425314146,"8":0.707770672,"9":0.3611719517,"10":0.5773502692,"11":0.4108502817,"12":null,"13":0.3437758255,"14":0.0,"15":0.6146548604,"16":0.2435886759,"17":0.0,"18":0.0,"19":0.7065037049,"20":0.2668802563,"21":0.5,"22":0.3378319623},"sentiment_pv":{"0":0.051623452,"1":null,"2":0.5903595086,"3":0.304778941,"4":0.1965312859,"5":0.3553306878,"6":0.0286763605,"7":0.1082014216,"8":0.7978355066,"9":0.000069021,"10":0.2822626603,"11":0.4799772648,"12":null,"13":0.8367261156,"14":1.600905844e-47,"15":0.0116001012,"16":0.037601565,"17":1.600905844e-47,"18":1.600905844e-47,"19":0.2772766169,"20":0.359468337,"21":0.4835048304,"22":0.9724155486},"main_pv":{"0":0.610750676,"1":null,"2":0.5852298264,"3":0.5932467285,"4":0.4754914369,"5":0.4057574874,"6":0.9975127124,"7":0.4256209764,"8":0.876628269,"9":0.2077086526,"10":0.7884446009,"11":0.135947618,"12":null,"13":0.2335560393,"14":0.0000000163,"15":0.4372680441,"16":0.0964527195,"17":0.0057763386,"18":0.3880239854,"19":0.7375334331,"20":0.2862347127,"21":0.125592344,"22":0.6172925993},"count":{"0":47,"1":1,"2":32,"3":3,"4":112,"5":16,"6":1746,"7":436,"8":733,"9":372,"10":4,"11":69,"12":1,"13":45,"14":6,"15":104,"16":80,"17":26,"18":3,"19":69,"20":27,"21":9,"22":24},"nb_en":{"0":6,"1":0,"2":14,"3":1,"4":19,"5":3,"6":761,"7":151,"8":729,"9":94,"10":2,"11":19,"12":0,"13":4,"14":0,"15":99,"16":10,"17":1,"18":1,"19":65,"20":2,"21":5,"22":14},"nb_de":{"0":41,"1":1,"2":18,"3":2,"4":93,"5":13,"6":985,"7":285,"8":4,"9":278,"10":2,"11":50,"12":1,"13":41,"14":6,"15":5,"16":70,"17":25,"18":2,"19":4,"20":25,"21":4,"22":10}}