{"canton":{"0":"UR","1":"BE","2":"BL","3":"TI","4":"TG","5":"VD","6":"SG","7":"JU","8":"SH","9":"OW","10":"AG","11":"GE","12":"BS","13":"FR","14":"SO","15":"AR","16":"ZH","17":"VS","18":"NE","19":"LU","20":"GR","21":"SZ"},"main_mean":{"0":-0.0002666637,"1":0.0005211078,"2":0.0005739142,"3":0.0128774922,"4":-0.0000099999,"5":-0.0031363711,"6":-0.0053293252,"7":-0.1538449704,"8":0.0011393814,"9":0.0,"10":0.0102441554,"11":0.0110987221,"12":-0.0012864693,"13":0.0356667853,"14":-0.0528021052,"15":0.00246775,"16":0.0133216851,"17":0.0004654017,"18":0.0,"19":0.0139823904,"20":0.0096634257,"21":-0.1412604518},"sentiment_mean":{"0":0.0,"1":0.0967741935,"2":0.0,"3":0.1724137931,"4":0.0,"5":0.1168831169,"6":0.0952380952,"7":1.0,"8":0.1063829787,"9":0.0,"10":0.0,"11":0.1348122867,"12":0.0503432494,"13":-0.03125,"14":0.0,"15":0.2222222222,"16":0.1602814699,"17":-0.04,"18":0.0,"19":0.0833333333,"20":0.0526315789,"21":0.0},"main_std":{"0":0.0003771194,"1":0.1187824023,"2":0.0169679901,"3":0.1611321226,"4":0.0002359153,"5":0.1727324817,"6":0.0390742241,"7":null,"8":0.0617691946,"9":null,"10":0.0914912065,"11":0.1559506004,"12":0.1090512362,"13":0.1790562559,"14":0.2473922875,"15":0.0376118644,"16":0.130844276,"17":0.0616126242,"18":0.0,"19":0.0695707715,"20":0.0573053364,"21":null},"sentiment_std":{"0":0.0,"1":0.4332043792,"2":0.0,"3":0.5662412552,"4":0.0,"5":0.5843130464,"6":0.2971017572,"7":null,"8":0.3116605283,"9":null,"10":0.2062842493,"11":0.6873084247,"12":0.4144534605,"13":0.1767766953,"14":0.316227766,"15":0.4409585518,"16":0.5020632693,"17":0.2,"18":0.0,"19":0.403881873,"20":0.2294157339,"21":null},"sentiment_pv":{"0":4.810860063e-38,"1":0.3467247592,"2":4.810860063e-38,"3":0.4912319145,"4":4.810860063e-38,"5":0.9570272513,"6":0.591494168,"7":null,"8":0.7618597198,"9":null,"10":0.0002879108,"11":0.6321753619,"12":0.0013965139,"13":0.0000411353,"14":0.0983041115,"15":0.5092169721,"16":0.0179837745,"17":0.0005716649,"18":4.810860063e-38,"19":0.5315874739,"20":0.2191566407,"21":null},"main_pv":{"0":0.0005498575,"1":0.2786348177,"2":0.2103626092,"3":0.8178977741,"4":0.000756243,"5":0.57750639,"6":0.0450396853,"7":null,"8":0.4676605527,"9":null,"10":0.8651098396,"11":0.6467947771,"12":0.1070817988,"13":0.3892438092,"14":0.2741348055,"15":0.6777918117,"16":0.2177278611,"17":0.5558233084,"18":0.000762113,"19":0.5614289956,"20":0.8994724359,"21":null},"count":{"0":2,"1":341,"2":11,"3":58,"4":8,"5":77,"6":42,"7":1,"8":47,"9":1,"10":48,"11":586,"12":437,"13":32,"14":21,"15":9,"16":1279,"17":25,"18":2,"19":48,"20":19,"21":1},"nb_en":{"0":0,"1":128,"2":0,"3":56,"4":2,"5":62,"6":5,"7":1,"8":3,"9":0,"10":4,"11":582,"12":137,"13":6,"14":3,"15":2,"16":580,"17":4,"18":2,"19":11,"20":1,"21":0},"nb_de":{"0":2,"1":213,"2":11,"3":2,"4":6,"5":15,"6":37,"7":0,"8":44,"9":1,"10":44,"11":4,"12":300,"13":26,"14":18,"15":7,"16":699,"17":21,"18":0,"19":37,"20":18,"21":1},"nb_fr":{"0":0,"1":0,"2":0,"3":0,"4":0,"5":0,"6":0,"7":0,"8":0,"9":0,"10":0,"11":0,"12":0,"13":0,"14":0,"15":0,"16":0,"17":0,"18":0,"19":0,"20":0,"21":0}}