{"canton":{"0":"SG","1":"AR","2":"GL","3":"JU","4":"VS","5":"SZ","6":"AG","7":"TG","8":"ZH","9":"BE","10":"GE","11":"BS","12":"AI","13":"LU","14":"OW","15":"GR","16":"UR","17":"VD","18":"SH","19":"BL","20":"NW","21":"TI","22":"SO","23":"NE","24":"FR"},"main_mean":{"0":0.0269617175,"1":0.0364958908,"2":0.0140250664,"3":0.0,"4":-0.0049464663,"5":0.0037935745,"6":0.0246422827,"7":0.0010918626,"8":0.0131648843,"9":0.0063896712,"10":0.0080507949,"11":0.0052553349,"12":0.0013332889,"13":0.0071513507,"14":-0.0061449386,"15":0.004527146,"16":0.0,"17":0.0179519651,"18":0.0140012928,"19":0.0459279816,"20":-0.0236543304,"21":0.0084504958,"22":0.0120757076,"23":0.0408093829,"24":0.0253383704},"sentiment_mean":{"0":0.0625,"1":0.0,"2":0.0,"3":0.0,"4":0.0615384615,"5":0.0,"6":0.08,"7":0.0952380952,"8":0.112244898,"9":0.048206278,"10":0.1037827352,"11":0.0426470588,"12":0.0,"13":0.1005291005,"14":0.0,"15":0.0222222222,"16":0.25,"17":0.3402777778,"18":0.0449438202,"19":0.064516129,"20":0.0,"21":0.0555555556,"22":0.0571428571,"23":0.3333333333,"24":-0.0925925926},"main_std":{"0":0.1145171659,"1":0.0316063686,"2":0.0188059296,"3":0.0,"4":0.0465784365,"5":0.0188690189,"6":0.0916111809,"7":0.0434723028,"8":0.1198453123,"9":0.0797857693,"10":0.1301588158,"11":0.0932681388,"12":null,"13":0.092261644,"14":0.0086902554,"15":0.0274896479,"16":0.0,"17":0.146100119,"18":0.0927541341,"19":0.144163817,"20":0.0334522749,"21":0.1086573559,"22":0.0466292352,"23":0.1998570149,"24":0.1492568676},"sentiment_std":{"0":0.3787097208,"1":0.0,"2":0.0,"3":0.0,"4":0.4285485342,"5":0.0,"6":0.3501151884,"7":0.3007926038,"8":0.4925199748,"9":0.3431666263,"10":0.7239959551,"11":0.4164568186,"12":null,"13":0.350455229,"14":0.0,"15":0.1490711985,"16":0.5,"17":0.6706973142,"18":0.2083546125,"19":0.2497310381,"20":0.0,"21":0.6690099662,"22":0.4160639899,"23":0.4879500365,"24":0.4458834148},"sentiment_pv":{"0":0.4125473611,"1":7.440459477e-54,"2":7.440459477e-54,"3":7.440459477e-54,"4":0.537564644,"5":7.440459477e-54,"6":0.6457658361,"7":0.993517187,"8":0.0939073215,"9":0.000359345,"10":0.6972561535,"11":0.0023869733,"12":null,"13":0.8240699016,"14":7.440459477e-54,"15":0.0027672774,"16":0.5785205107,"17":0.0000235846,"18":0.032176665,"19":0.5098349019,"20":7.440459477e-54,"21":0.6221369426,"22":0.5981410141,"23":0.0792706009,"24":0.0033327495},"main_pv":{"0":0.179643,"1":0.2977400039,"2":0.8604231272,"3":3.750444143e-16,"4":0.0087197508,"5":0.4409132613,"6":0.1043466711,"7":0.3101962394,"8":0.3956658963,"9":0.1192052864,"10":0.4816139472,"11":0.1294798445,"12":null,"13":0.5687638269,"14":0.2046303688,"15":0.1359706257,"16":3.750444143e-16,"17":0.5745215728,"18":0.7675701764,"19":0.1887052382,"20":0.3801510894,"21":0.8400200769,"22":0.8995668194,"23":0.5735341024,"24":0.4860597057},"count":{"0":96,"1":3,"2":2,"3":3,"4":65,"5":5,"6":125,"7":21,"8":3332,"9":892,"10":1031,"11":680,"12":1,"13":189,"14":2,"15":45,"16":4,"17":144,"18":89,"19":31,"20":2,"21":72,"22":35,"23":15,"24":54},"nb_en":{"0":14,"1":0,"2":0,"3":3,"4":16,"5":0,"6":24,"7":4,"8":1472,"9":223,"10":1022,"11":202,"12":0,"13":49,"14":0,"15":1,"16":1,"17":122,"18":6,"19":0,"20":0,"21":70,"22":7,"23":7,"24":27},"nb_de":{"0":82,"1":3,"2":2,"3":0,"4":49,"5":5,"6":101,"7":17,"8":1860,"9":669,"10":9,"11":478,"12":1,"13":140,"14":2,"15":44,"16":3,"17":22,"18":83,"19":31,"20":2,"21":2,"22":28,"23":8,"24":27}}