{"canton":{"0":"UR","1":"BE","2":"BL","3":"NW","4":"TI","5":"VD","6":"SG","7":"JU","8":"SH","9":"OW","10":"AG","11":"GE","12":"BS","13":"FR","14":"SO","15":"AR","16":"GL","17":"ZH","18":"VS","19":"NE","20":"LU","21":"GR","22":"SZ","23":"TG"},"main_mean":{"0":0.0040368089,"1":0.0055955325,"2":0.006516498,"3":-0.0055851391,"4":-0.017345081,"5":0.0136697435,"6":0.0320653856,"7":0.0,"8":0.0147031109,"9":0.0002222198,"10":0.0315261206,"11":-0.0003116667,"12":0.0169062636,"13":0.0111449946,"14":0.0088585631,"15":0.0208138511,"16":0.0006153799,"17":0.0152779069,"18":0.0089796412,"19":0.017995797,"20":0.0272994349,"21":0.0106979084,"22":0.0001904735,"23":0.0048152044},"sentiment_mean":{"0":0.0,"1":0.0648918469,"2":0.0,"3":0.0,"4":0.0384615385,"5":0.0701754386,"6":0.0721649485,"7":0.5,"8":0.0294117647,"9":0.0,"10":0.1212121212,"11":0.0730223124,"12":0.0451612903,"13":0.0714285714,"14":0.0,"15":0.0769230769,"16":0.0,"17":0.1224199288,"18":0.1132075472,"19":0.2142857143,"20":0.0661764706,"21":0.08,"22":0.0,"23":0.0},"main_std":{"0":0.0083376798,"1":0.0912885947,"2":0.0420054541,"3":0.0100610949,"4":0.1131164486,"5":0.1471496763,"6":0.1324407129,"7":0.0,"8":0.0767410841,"9":0.0003142662,"10":0.1382659238,"11":0.1171743889,"12":0.1182699201,"13":0.0968551174,"14":0.0199911884,"15":0.0558708713,"16":null,"17":0.1171613807,"18":0.0716863539,"19":0.0357255959,"20":0.1213010205,"21":0.0786426429,"22":0.0003299097,"23":0.0191947554},"sentiment_std":{"0":0.0,"1":0.3378096554,"2":0.0,"3":0.0,"4":0.5684864318,"5":0.5755996987,"6":0.3607695098,"7":0.7071067812,"8":0.242535625,"9":0.0,"10":0.3577916185,"11":0.7243007435,"12":0.3715404005,"13":0.3416500237,"14":0.0,"15":0.2773500981,"16":null,"17":0.4712781317,"18":0.3752115997,"19":0.5789342235,"20":0.348588814,"21":0.2768874621,"22":0.0,"23":0.0},"sentiment_pv":{"0":4.77888453e-45,"1":0.0590459992,"2":4.77888453e-45,"3":4.77888453e-45,"4":0.3952601031,"5":0.6647584843,"6":0.5628428454,"7":0.5656295215,"8":0.0360627037,"9":4.77888453e-45,"10":0.4546070638,"11":0.3872977072,"12":0.0086367167,"13":0.6762141033,"14":4.77888453e-45,"15":0.8308611644,"16":null,"17":0.0096961931,"18":0.7098413494,"19":0.4503486115,"20":0.3687905381,"21":0.8069925972,"22":4.77888453e-45,"23":4.77888453e-45},"main_pv":{"0":0.106202137,"1":0.1216635527,"2":0.6350683124,"3":0.0867302523,"4":0.0264572063,"5":0.8943903365,"6":0.1379359755,"7":0.0,"8":0.7610872619,"9":0.0,"10":0.1618204278,"11":0.0026334319,"12":0.3722835356,"13":0.9641033948,"14":0.4446170342,"15":0.5741969833,"16":null,"17":0.1977033835,"18":0.7762625647,"19":0.5338432328,"20":0.1432120249,"21":0.9437113081,"22":0.0,"23":0.1366289237},"count":{"0":5,"1":601,"2":15,"3":3,"4":78,"5":114,"6":97,"7":2,"8":68,"9":2,"10":99,"11":986,"12":465,"13":42,"14":32,"15":13,"16":1,"17":2810,"18":53,"19":14,"20":136,"21":25,"22":3,"23":20},"nb_en":{"0":0,"1":149,"2":2,"3":0,"4":76,"5":86,"6":15,"7":1,"8":6,"9":0,"10":17,"11":980,"12":124,"13":14,"14":0,"15":1,"16":0,"17":1150,"18":15,"19":12,"20":23,"21":4,"22":1,"23":0},"nb_de":{"0":5,"1":452,"2":13,"3":3,"4":2,"5":28,"6":82,"7":1,"8":62,"9":2,"10":82,"11":6,"12":341,"13":28,"14":32,"15":12,"16":1,"17":1660,"18":38,"19":2,"20":113,"21":21,"22":2,"23":20},"nb_fr":{"0":0,"1":0,"2":0,"3":0,"4":0,"5":0,"6":0,"7":0,"8":0,"9":0,"10":0,"11":0,"12":0,"13":0,"14":0,"15":0,"16":0,"17":0,"18":0,"19":0,"20":0,"21":0,"22":0,"23":0}}