{"canton":{"0":"NE","1":"GE","2":"TG","3":"BE","4":"SZ","5":"GL","6":"UR","7":"FR","8":"BS","9":"BL","10":"ZH","11":"OW","12":"VD","13":"SG","14":"GR","15":"AR","16":"LU","17":"TI","18":"AG","19":"SH","20":"VS","21":"AI","22":"SO","23":"NW"},"main_mean":{"0":0.0358931309,"1":-0.0018043979,"2":-0.0108030686,"3":0.0034331025,"4":0.0167283734,"5":0.0,"6":-0.0371711631,"7":-0.0026045468,"8":0.0096367234,"9":0.0238046733,"10":0.0063728987,"11":0.0390251982,"12":0.0173900035,"13":0.0235403813,"14":0.0287018583,"15":-0.0197872796,"16":0.0030367109,"17":-0.0029324834,"18":-0.0251922013,"19":0.0178603969,"20":0.0112019874,"21":0.0,"22":0.0154557041,"23":0.0004444395},"sentiment_mean":{"0":0.1875,"1":0.0838323353,"2":-0.03125,"3":0.0811138015,"4":0.0,"5":0.0,"6":0.0,"7":0.1020408163,"8":0.0348837209,"9":0.0487804878,"10":0.1182412359,"11":0.2,"12":0.1428571429,"13":0.0842105263,"14":0.0238095238,"15":0.0,"16":0.0459183673,"17":0.2058823529,"18":0.1008403361,"19":0.1097560976,"20":0.2105263158,"21":0.0,"22":0.0285714286,"23":0.0},"main_std":{"0":0.1530324464,"1":0.146847,"2":0.053405889,"3":0.0958038907,"4":0.1323347924,"5":null,"6":null,"7":0.1553093902,"8":0.1045883932,"9":0.106906891,"10":0.1165829664,"11":0.0733314728,"12":0.1824875033,"13":0.1150680047,"14":0.0732300624,"15":0.019305559,"16":0.0991419979,"17":0.11121469,"18":0.1780490274,"19":0.0644369407,"20":0.1084279669,"21":0.0,"22":0.0671768651,"23":null},"sentiment_std":{"0":0.5439056291,"1":0.6970299638,"2":0.4003526671,"3":0.4342396703,"4":0.0,"5":null,"6":null,"7":0.5101020306,"8":0.3394549761,"9":0.21808479,"10":0.4679759421,"11":0.4472135955,"12":0.6537802165,"13":0.403789441,"14":0.2694253359,"15":0.0,"16":0.3249199877,"17":0.6026054863,"18":0.4764799955,"19":0.3515783656,"20":0.4905114716,"21":0.0,"22":0.1690308509,"23":null},"sentiment_pv":{"0":0.5167129743,"1":0.505810456,"2":0.0802569974,"3":0.3241586033,"4":2.546895863e-59,"5":null,"6":null,"7":0.9466397607,"8":0.0000135551,"9":0.1692703941,"10":0.0348838438,"11":0.6341948938,"12":0.4361289324,"13":0.758335521,"14":0.0880374745,"15":2.546895863e-59,"16":0.0336389887,"17":0.0726095401,"18":0.9329163408,"19":0.748489129,"20":0.0875683713,"21":2.546895863e-59,"22":0.0242590737,"23":null},"main_pv":{"0":0.4305889579,"1":0.1167762235,"2":0.1100379511,"3":0.6890080161,"4":0.8511698413,"5":null,"6":null,"7":0.7377039438,"8":0.2619229934,"9":0.2654656965,"10":0.5454183467,"11":0.3568335014,"12":0.4449057124,"13":0.1199303524,"14":0.0425409337,"15":0.0449963255,"16":0.7983961268,"17":0.4830200387,"18":0.0688753053,"19":0.0772047057,"20":0.6631992235,"21":0.0006025443,"22":0.3619053105,"23":null},"count":{"0":16,"1":1336,"2":32,"3":826,"4":5,"5":1,"6":1,"7":49,"8":688,"9":41,"10":3366,"11":5,"12":126,"13":95,"14":42,"15":5,"16":196,"17":102,"18":119,"19":82,"20":57,"21":2,"22":35,"23":1},"nb_en":{"0":13,"1":1323,"2":7,"3":273,"4":1,"5":0,"6":0,"7":24,"8":158,"9":1,"10":1398,"11":1,"12":108,"13":17,"14":2,"15":0,"16":41,"17":98,"18":43,"19":9,"20":22,"21":0,"22":2,"23":0},"nb_de":{"0":3,"1":13,"2":25,"3":553,"4":4,"5":1,"6":1,"7":25,"8":530,"9":40,"10":1968,"11":4,"12":18,"13":78,"14":40,"15":5,"16":155,"17":4,"18":76,"19":73,"20":35,"21":2,"22":33,"23":1}}