{"canton":{"0":"SG","1":"JU","2":"VS","3":"SO","4":"AG","5":"TG","6":"ZH","7":"BE","8":"GE","9":"BS","10":"AR","11":"LU","12":"OW","13":"GR","14":"UR","15":"VD","16":"SH","17":"BL","18":"TI","19":"SZ","20":"NE","21":"FR"},"main_mean":{"0":-0.0053293252,"1":-0.1538449704,"2":0.0004654017,"3":-0.0528021052,"4":0.0102441554,"5":-0.0000099999,"6":0.0133216851,"7":0.0005211078,"8":0.0110987221,"9":-0.0012864693,"10":0.00246775,"11":0.0139823904,"12":0.0,"13":0.0096634257,"14":-0.0002666637,"15":-0.0031363711,"16":0.0011393814,"17":0.0005739142,"18":0.0128774922,"19":-0.1412604518,"20":0.0,"21":0.0356667853},"sentiment_mean":{"0":0.0952380952,"1":1.0,"2":-0.04,"3":0.0,"4":0.0,"5":0.0,"6":0.1602814699,"7":0.0967741935,"8":0.1348122867,"9":0.0503432494,"10":0.2222222222,"11":0.0833333333,"12":0.0,"13":0.0526315789,"14":0.0,"15":0.1168831169,"16":0.1063829787,"17":0.0,"18":0.1724137931,"19":0.0,"20":0.0,"21":-0.03125},"main_std":{"0":0.0390742241,"1":null,"2":0.0616126242,"3":0.2473922875,"4":0.0914912065,"5":0.0002359153,"6":0.130844276,"7":0.1187824023,"8":0.1559506004,"9":0.1090512362,"10":0.0376118644,"11":0.0695707715,"12":null,"13":0.0573053364,"14":0.0003771194,"15":0.1727324817,"16":0.0617691946,"17":0.0169679901,"18":0.1611321226,"19":null,"20":0.0,"21":0.1790562559},"sentiment_std":{"0":0.2971017572,"1":null,"2":0.2,"3":0.316227766,"4":0.2062842493,"5":0.0,"6":0.5020632693,"7":0.4332043792,"8":0.6873084247,"9":0.4144534605,"10":0.4409585518,"11":0.403881873,"12":null,"13":0.2294157339,"14":0.0,"15":0.5843130464,"16":0.3116605283,"17":0.0,"18":0.5662412552,"19":null,"20":0.0,"21":0.1767766953},"sentiment_pv":{"0":0.591494168,"1":null,"2":0.0005716649,"3":0.0983041115,"4":0.0002879108,"5":4.810860063e-38,"6":0.0179837745,"7":0.3467247592,"8":0.6321753619,"9":0.0013965139,"10":0.5092169721,"11":0.5315874739,"12":null,"13":0.2191566407,"14":4.810860063e-38,"15":0.9570272513,"16":0.7618597198,"17":4.810860063e-38,"18":0.4912319145,"19":null,"20":4.810860063e-38,"21":0.0000411353},"main_pv":{"0":0.0450396853,"1":null,"2":0.5558233084,"3":0.2741348055,"4":0.8651098396,"5":0.000756243,"6":0.2177278611,"7":0.2786348177,"8":0.6467947771,"9":0.1070817988,"10":0.6777918117,"11":0.5614289956,"12":null,"13":0.8994724359,"14":0.0005498575,"15":0.57750639,"16":0.4676605527,"17":0.2103626092,"18":0.8178977741,"19":null,"20":0.000762113,"21":0.3892438092},"count":{"0":42,"1":1,"2":25,"3":21,"4":48,"5":8,"6":1279,"7":341,"8":586,"9":437,"10":9,"11":48,"12":1,"13":19,"14":2,"15":77,"16":47,"17":11,"18":58,"19":1,"20":2,"21":32},"nb_en":{"0":5,"1":1,"2":4,"3":3,"4":4,"5":2,"6":580,"7":128,"8":582,"9":137,"10":2,"11":11,"12":0,"13":1,"14":0,"15":62,"16":3,"17":0,"18":56,"19":0,"20":2,"21":6},"nb_de":{"0":37,"1":0,"2":21,"3":18,"4":44,"5":6,"6":699,"7":213,"8":4,"9":300,"10":7,"11":37,"12":1,"13":18,"14":2,"15":15,"16":44,"17":11,"18":2,"19":1,"20":0,"21":26}}