{"canton":{"0":"SG","1":"AR","2":"JU","3":"VS","4":"SO","5":"AG","6":"TG","7":"ZH","8":"BE","9":"GE","10":"BS","11":"GL","12":"LU","13":"OW","14":"GR","15":"UR","16":"VD","17":"SH","18":"BL","19":"NW","20":"TI","21":"SZ","22":"NE","23":"FR"},"main_mean":{"0":0.0320653856,"1":0.0208138511,"2":0.0,"3":0.0089796412,"4":0.0088585631,"5":0.0315261206,"6":0.0048152044,"7":0.0152779069,"8":0.0055955325,"9":-0.0003116667,"10":0.0169062636,"11":0.0006153799,"12":0.0272994349,"13":0.0002222198,"14":0.0106979084,"15":0.0040368089,"16":0.0136697435,"17":0.0147031109,"18":0.006516498,"19":-0.0055851391,"20":-0.017345081,"21":0.0001904735,"22":0.017995797,"23":0.0111449946},"sentiment_mean":{"0":0.0721649485,"1":0.0769230769,"2":0.5,"3":0.1132075472,"4":0.0,"5":0.1212121212,"6":0.0,"7":0.1224199288,"8":0.0648918469,"9":0.0730223124,"10":0.0451612903,"11":0.0,"12":0.0661764706,"13":0.0,"14":0.08,"15":0.0,"16":0.0701754386,"17":0.0294117647,"18":0.0,"19":0.0,"20":0.0384615385,"21":0.0,"22":0.2142857143,"23":0.0714285714},"main_std":{"0":0.1324407129,"1":0.0558708713,"2":0.0,"3":0.0716863539,"4":0.0199911884,"5":0.1382659238,"6":0.0191947554,"7":0.1171613807,"8":0.0912885947,"9":0.1171743889,"10":0.1182699201,"11":null,"12":0.1213010205,"13":0.0003142662,"14":0.0786426429,"15":0.0083376798,"16":0.1471496763,"17":0.0767410841,"18":0.0420054541,"19":0.0100610949,"20":0.1131164486,"21":0.0003299097,"22":0.0357255959,"23":0.0968551174},"sentiment_std":{"0":0.3607695098,"1":0.2773500981,"2":0.7071067812,"3":0.3752115997,"4":0.0,"5":0.3577916185,"6":0.0,"7":0.4712781317,"8":0.3378096554,"9":0.7243007435,"10":0.3715404005,"11":null,"12":0.348588814,"13":0.0,"14":0.2768874621,"15":0.0,"16":0.5755996987,"17":0.242535625,"18":0.0,"19":0.0,"20":0.5684864318,"21":0.0,"22":0.5789342235,"23":0.3416500237},"sentiment_pv":{"0":0.5628428454,"1":0.8308611644,"2":0.5656295215,"3":0.7098413494,"4":4.77888453e-45,"5":0.4546070638,"6":4.77888453e-45,"7":0.0096961931,"8":0.0590459992,"9":0.3872977072,"10":0.0086367167,"11":null,"12":0.3687905381,"13":4.77888453e-45,"14":0.8069925972,"15":4.77888453e-45,"16":0.6647584843,"17":0.0360627037,"18":4.77888453e-45,"19":4.77888453e-45,"20":0.3952601031,"21":4.77888453e-45,"22":0.4503486115,"23":0.6762141033},"main_pv":{"0":0.1379359755,"1":0.5741969833,"2":0.0,"3":0.7762625647,"4":0.4446170342,"5":0.1618204278,"6":0.1366289237,"7":0.1977033835,"8":0.1216635527,"9":0.0026334319,"10":0.3722835356,"11":null,"12":0.1432120249,"13":0.0,"14":0.9437113081,"15":0.106202137,"16":0.8943903365,"17":0.7610872619,"18":0.6350683124,"19":0.0867302523,"20":0.0264572063,"21":0.0,"22":0.5338432328,"23":0.9641033948},"count":{"0":97,"1":13,"2":2,"3":53,"4":32,"5":99,"6":20,"7":2810,"8":601,"9":986,"10":465,"11":1,"12":136,"13":2,"14":25,"15":5,"16":114,"17":68,"18":15,"19":3,"20":78,"21":3,"22":14,"23":42},"nb_en":{"0":15,"1":1,"2":1,"3":15,"4":0,"5":17,"6":0,"7":1150,"8":149,"9":980,"10":124,"11":0,"12":23,"13":0,"14":4,"15":0,"16":86,"17":6,"18":2,"19":0,"20":76,"21":1,"22":12,"23":14},"nb_de":{"0":82,"1":12,"2":1,"3":38,"4":32,"5":82,"6":20,"7":1660,"8":452,"9":6,"10":341,"11":1,"12":113,"13":2,"14":21,"15":5,"16":28,"17":62,"18":13,"19":3,"20":2,"21":2,"22":2,"23":28}}