{"canton":{"0":"SG","1":"AR","2":"JU","3":"VS","4":"SO","5":"AG","6":"TG","7":"ZH","8":"BE","9":"GE","10":"BS","11":"GL","12":"LU","13":"OW","14":"GR","15":"UR","16":"VD","17":"SH","18":"BL","19":"NW","20":"TI","21":"SZ","22":"NE","23":"FR"},"main_mean":{"0":0.0834226468,"1":0.254448971,"2":0.0,"3":0.0202024753,"4":0.0151018359,"5":0.0183106175,"6":0.0298306927,"7":0.0237109509,"8":0.013965122,"9":0.0041321268,"10":0.0128864872,"11":0.0,"12":0.0179325701,"13":-0.0106562644,"14":0.0202567389,"15":0.0101444498,"16":0.0181574479,"17":0.0136151458,"18":0.002873519,"19":-0.0079957586,"20":-0.0219682553,"21":-0.0302900775,"22":0.010104325,"23":0.0255274836},"sentiment_mean":{"0":0.2923076923,"1":0.5454545455,"2":0.0,"3":0.1090909091,"4":0.023255814,"5":0.023364486,"6":0.0434782609,"7":0.1545977011,"8":0.0669710807,"9":0.068745004,"10":0.0777777778,"11":0.0,"12":0.0853658537,"13":0.0,"14":0.046875,"15":0.0,"16":0.1409395973,"17":0.0352941176,"18":0.023255814,"19":0.2,"20":-0.0394736842,"21":-0.1428571429,"22":0.4615384615,"23":0.09375},"main_std":{"0":0.2030036521,"1":0.29323562,"2":null,"3":0.1624972411,"4":0.0849690203,"5":0.1193153932,"6":0.1244738794,"7":0.1269489346,"8":0.1029928583,"9":0.132908174,"10":0.0937252939,"11":0.0,"12":0.1107379599,"13":0.0157696819,"14":0.1306713514,"15":0.0163974123,"16":0.1380640351,"17":0.0615219305,"18":0.0211336533,"19":0.0621748322,"20":0.0989928919,"21":0.0645601986,"22":0.0413494912,"23":0.1293995387},"sentiment_std":{"0":0.4583624699,"1":0.687551651,"2":null,"3":0.4160095829,"4":0.1524985703,"5":0.2815381758,"6":0.2085144141,"7":0.495111613,"8":0.3806550685,"9":0.7222675015,"10":0.3821949432,"11":0.0,"12":0.3900989182,"13":0.0,"14":0.2777281702,"15":0.0,"16":0.6474496143,"17":0.1856172985,"18":0.1524985703,"19":0.4472135955,"20":0.5986827646,"21":0.377964473,"22":0.5188745217,"23":0.3870421002},"sentiment_pv":{"0":0.0026753262,"1":0.0640015386,"2":null,"3":0.9340068571,"4":0.0004572274,"5":0.0000115429,"6":0.1230932319,"7":0.0000911256,"8":0.0037005462,"9":0.0349377004,"10":0.0408026882,"11":6.285917625e-74,"12":0.3617948446,"13":6.285917625e-74,"14":0.0620670602,"15":6.285917625e-74,"16":0.611834969,"17":0.0003204548,"18":0.0004572274,"19":0.6887269562,"20":0.0291996913,"21":0.1226466505,"22":0.0325909341,"23":0.6825830826},"main_pv":{"0":0.01174994,"1":0.023327182,"2":null,"3":0.9208527058,"4":0.8245815446,"5":0.9711315424,"6":0.6537604286,"7":0.0290890577,"8":0.3450825087,"9":0.0006040647,"10":0.2334196207,"11":9.744183799e-34,"12":0.9929407985,"13":0.0138647975,"14":0.8914833582,"15":0.3481260156,"16":0.9897246352,"17":0.5217984475,"18":0.0000692113,"19":0.4029169497,"20":0.0007967652,"21":0.0952315248,"22":0.5067319965,"23":0.645069225},"count":{"0":65,"1":11,"2":1,"3":55,"4":43,"5":214,"6":23,"7":3480,"8":657,"9":1251,"10":540,"11":2,"12":164,"13":5,"14":64,"15":5,"16":149,"17":85,"18":43,"19":5,"20":76,"21":7,"22":13,"23":64},"nb_en":{"0":14,"1":4,"2":1,"3":16,"4":0,"5":20,"6":1,"7":1563,"8":202,"9":1237,"10":137,"11":0,"12":36,"13":0,"14":8,"15":0,"16":128,"17":5,"18":1,"19":1,"20":71,"21":4,"22":10,"23":25},"nb_de":{"0":51,"1":7,"2":0,"3":39,"4":43,"5":194,"6":22,"7":1917,"8":455,"9":14,"10":403,"11":2,"12":128,"13":5,"14":56,"15":5,"16":21,"17":80,"18":42,"19":4,"20":5,"21":3,"22":3,"23":39}}