{"canton":{"0":"SG","1":"AR","2":"JU","3":"VS","4":"SZ","5":"AG","6":"TG","7":"ZH","8":"BE","9":"GE","10":"BS","11":"GL","12":"LU","13":"OW","14":"GR","15":"UR","16":"VD","17":"SH","18":"BL","19":"NW","20":"TI","21":"SO","22":"NE","23":"FR"},"main_mean":{"0":0.0342655329,"1":0.0030984373,"2":0.0,"3":0.0097781476,"4":-0.0668173038,"5":0.0335864753,"6":0.0039026623,"7":0.0134744436,"8":0.0088762303,"9":0.0224599397,"10":0.0100066635,"11":0.0,"12":0.0049519651,"13":0.007452671,"14":0.0255493655,"15":-0.0570525706,"16":0.0309814818,"17":-0.0006683718,"18":-0.0053311116,"19":0.0087146371,"20":-0.0119398964,"21":0.076020651,"22":-0.0167859361,"23":-0.0063899382},"sentiment_mean":{"0":0.1720430108,"1":0.0,"2":0.0,"3":0.0555555556,"4":0.0,"5":0.0729613734,"6":0.04,"7":0.120596636,"8":0.0541666667,"9":0.1535008977,"10":0.0319829424,"11":0.0,"12":0.11875,"13":0.0,"14":0.0,"15":0.25,"16":0.1188118812,"17":0.0526315789,"18":-0.0277777778,"19":0.0,"20":-0.043956044,"21":0.0869565217,"22":0.0,"23":0.012987013},"main_std":{"0":0.202700968,"1":0.0064841925,"2":null,"3":0.0794662983,"4":0.149313439,"5":0.1246018045,"6":0.0286625461,"7":0.1071462304,"8":0.0995463487,"9":0.1364300452,"10":0.1146717084,"11":null,"12":0.0728099495,"13":0.0173713209,"14":0.111973366,"15":0.1373460396,"16":0.1706628675,"17":0.0173202114,"18":0.0336985516,"19":0.0191160289,"20":0.066622601,"21":0.2554285638,"22":0.0618301744,"23":0.0678540323},"sentiment_std":{"0":0.480571578,"1":0.0,"2":null,"3":0.2323106841,"4":0.7071067812,"5":0.2766771479,"6":0.2,"7":0.4867036119,"8":0.3782830327,"9":0.6892522,"10":0.3826366463,"11":null,"12":0.32450979,"13":0.0,"14":0.246182982,"15":0.4629100499,"16":0.5529399373,"17":0.2677097926,"18":0.1666666667,"19":0.0,"20":0.575655914,"21":0.2881040655,"22":0.4472135955,"23":0.3438752257},"sentiment_pv":{"0":0.1795799032,"1":9.693346214e-63,"2":null,"3":0.2229835388,"4":0.7584376497,"5":0.1043423114,"6":0.1254276009,"7":0.1222205141,"8":0.0011966175,"9":0.0221899216,"10":0.0001275495,"11":null,"12":0.5808164039,"13":9.693346214e-63,"14":0.0199352926,"15":0.4026822896,"16":0.7917265998,"17":0.0700748252,"18":0.0000399812,"19":9.693346214e-63,"20":0.0165338732,"21":0.7784251315,"22":0.4581127287,"23":0.0241718924},"main_pv":{"0":0.3491006042,"1":0.0121424791,"2":null,"3":0.72842187,"4":0.2905755588,"5":0.0216634077,"6":0.0856118033,"7":0.6848935066,"8":0.1616431194,"9":0.0640058251,"10":0.4190693632,"11":null,"12":0.111282416,"13":0.3751983858,"14":0.5678389788,"15":0.184521095,"16":0.3339961316,"17":0.0000000002,"18":0.0014941441,"19":0.5431493552,"20":0.0003548284,"21":0.2601390097,"22":0.1254974335,"23":0.0096865323},"count":{"0":93,"1":5,"2":1,"3":36,"4":5,"5":233,"6":25,"7":3151,"8":720,"9":1114,"10":469,"11":1,"12":160,"13":6,"14":34,"15":8,"16":101,"17":95,"18":36,"19":5,"20":91,"21":23,"22":11,"23":77},"nb_en":{"0":18,"1":0,"2":1,"3":11,"4":2,"5":13,"6":1,"7":1385,"8":208,"9":1104,"10":111,"11":0,"12":37,"13":0,"14":2,"15":2,"16":84,"17":7,"18":3,"19":0,"20":83,"21":3,"22":4,"23":19},"nb_de":{"0":75,"1":5,"2":0,"3":25,"4":3,"5":220,"6":24,"7":1766,"8":512,"9":10,"10":358,"11":1,"12":123,"13":6,"14":32,"15":6,"16":17,"17":88,"18":33,"19":5,"20":8,"21":20,"22":7,"23":58}}