{"canton":{"0":"NE","1":"GE","2":"TG","3":"BE","4":"SZ","5":"GL","6":"UR","7":"FR","8":"BS","9":"BL","10":"ZH","11":"VD","12":"SG","13":"GR","14":"AR","15":"LU","16":"TI","17":"AG","18":"SH","19":"VS","20":"SO","21":"NW"},"main_mean":{"0":-0.0577527455,"1":-0.0000321486,"2":0.0060580496,"3":0.0112903784,"4":0.2204981151,"5":-0.0186907392,"6":0.0002857102,"7":-0.0245342435,"8":0.0138099286,"9":-0.0009010932,"10":0.0111876506,"11":0.027867079,"12":0.0202153948,"13":0.0079612891,"14":-0.000338305,"15":0.0084498003,"16":-0.0011482585,"17":0.0104864591,"18":-0.0012246113,"19":-0.0131782411,"20":0.0152289718,"21":0.0},"sentiment_mean":{"0":0.1538461538,"1":0.09765625,"2":-0.0416666667,"3":0.0683491062,"4":0.5238095238,"5":0.0,"6":0.0,"7":0.0461538462,"8":0.0345864662,"9":-0.0303030303,"10":0.1072925398,"11":0.1404494382,"12":0.0633802817,"13":0.0322580645,"14":0.6363636364,"15":0.0445544554,"16":0.1129032258,"17":0.031496063,"18":0.04,"19":0.0357142857,"20":0.0188679245,"21":0.0},"main_std":{"0":0.1262009151,"1":0.134259205,"2":0.043514765,"3":0.107716404,"4":0.2960557887,"5":null,"6":0.0004040552,"7":0.1270515806,"8":0.108376371,"9":0.034941102,"10":0.1272722474,"11":0.1873639132,"12":0.0931935813,"13":0.032675453,"14":0.0920378994,"15":0.0791450334,"16":0.1914782552,"17":0.118043625,"18":0.0298166911,"19":0.118045863,"20":0.0553288753,"21":null},"sentiment_std":{"0":0.6887372317,"1":0.6978090188,"2":0.2041241452,"3":0.3620952304,"4":0.6015852075,"5":null,"6":0.0,"7":0.513285046,"8":0.3475484522,"9":0.174077656,"10":0.4830265078,"11":0.6616567293,"12":0.3413529346,"13":0.179605302,"14":0.5045249791,"15":0.2873710821,"16":0.6402448391,"17":0.1753458204,"18":0.2567994275,"19":0.3796786064,"20":0.1373605639,"21":null},"sentiment_pv":{"0":0.7435352111,"1":0.7013020964,"2":0.0045936233,"3":0.0994892637,"4":0.0035427249,"5":null,"6":3.318409334e-55,"7":0.4965389756,"8":0.0001683991,"9":0.0004298995,"10":0.0777473678,"11":0.3122157104,"12":0.3660085753,"13":0.0882550532,"14":0.0049067232,"15":0.0320384464,"16":0.6907115148,"17":0.0005555821,"18":0.1026151389,"19":0.2934148765,"20":0.0006295596,"21":null},"main_pv":{"0":0.0785158833,"1":0.0166904769,"2":0.6976726346,"3":0.6536478436,"4":0.0038830376,"5":null,"6":0.0000000004,"7":0.0347215877,"8":0.3429355907,"9":0.1018045082,"10":0.5350963842,"11":0.1972037243,"12":0.183691873,"13":0.7884748642,"14":0.7281218892,"15":0.8423021871,"16":0.53466719,"17":0.9329536973,"18":0.0045680639,"19":0.1560823741,"20":0.4694322333,"21":null},"count":{"0":13,"1":1280,"2":24,"3":951,"4":21,"5":1,"6":2,"7":65,"8":665,"9":33,"10":3579,"11":178,"12":142,"13":31,"14":11,"15":202,"16":124,"17":127,"18":75,"19":56,"20":53,"21":1},"nb_en":{"0":12,"1":1259,"2":2,"3":281,"4":17,"5":0,"6":0,"7":44,"8":146,"9":0,"10":1541,"11":163,"12":19,"13":2,"14":8,"15":26,"16":120,"17":16,"18":6,"19":18,"20":3,"21":0},"nb_de":{"0":1,"1":21,"2":22,"3":670,"4":4,"5":1,"6":2,"7":21,"8":519,"9":33,"10":2038,"11":15,"12":123,"13":29,"14":3,"15":176,"16":4,"17":111,"18":69,"19":38,"20":50,"21":1}}