{"canton":{"0":"NE","1":"GE","2":"TG","3":"BE","4":"SZ","5":"GL","6":"UR","7":"FR","8":"BS","9":"BL","10":"ZH","11":"OW","12":"VD","13":"SG","14":"GR","15":"AR","16":"LU","17":"TI","18":"JU","19":"AG","20":"SH","21":"VS","22":"AI","23":"SO","24":"NW"},"main_mean":{"0":-0.0299985912,"1":-0.0026342875,"2":0.0223595965,"3":0.0064767705,"4":-0.0137522908,"5":-0.0089831836,"6":0.0154019783,"7":0.0028427154,"8":0.0090376702,"9":0.0028792034,"10":0.0090258898,"11":-0.0139784803,"12":0.0171124644,"13":0.0129294962,"14":-0.001790498,"15":0.1084828434,"16":0.0234315193,"17":0.0080918773,"18":0.0499995,"19":0.0307479275,"20":0.0125777733,"21":-0.0046256856,"22":0.0159497342,"23":0.0204129048,"24":-0.0115654013},"sentiment_mean":{"0":0.0909090909,"1":0.1024096386,"2":0.12,"3":0.0880398671,"4":0.1,"5":0.0,"6":0.0,"7":0.1086956522,"8":0.0649350649,"9":-0.0322580645,"10":0.1231578947,"11":0.0,"12":0.1612903226,"13":0.0921052632,"14":0.0256410256,"15":0.125,"16":0.0738255034,"17":0.0666666667,"18":0.5,"19":0.095890411,"20":0.0609756098,"21":0.0256410256,"22":0.0,"23":0.0625,"24":0.0},"main_std":{"0":0.1444351854,"1":0.1317467557,"2":0.098953785,"3":0.1236788667,"4":0.0490027179,"5":null,"6":0.034121334,"7":0.1969835697,"8":0.0746310593,"9":0.0267100859,"10":0.129436565,"11":0.0438971341,"12":0.1826767462,"13":0.0615380369,"14":0.0874675622,"15":0.1756987239,"16":0.1002248909,"17":0.1467392655,"18":0.070709971,"19":0.1315365089,"20":0.0880838311,"21":0.0660778586,"22":null,"23":0.0552444631,"24":0.0397052189},"sentiment_std":{"0":0.3015113446,"1":0.7048577923,"2":0.4396968653,"3":0.387693137,"4":0.316227766,"5":null,"6":0.0,"7":0.4335005252,"8":0.3842110209,"9":0.179605302,"10":0.4963084429,"11":0.0,"12":0.5950944861,"13":0.3715779534,"14":0.2797724157,"15":0.8345229604,"16":0.3693302875,"17":0.5958659075,"18":0.7071067812,"19":0.4138029443,"20":0.2407581121,"21":0.3618068318,"22":null,"23":0.2459346884,"24":0.0},"sentiment_pv":{"0":0.8809128972,"1":0.9083033822,"2":0.8656148432,"3":0.3262827268,"4":0.961948137,"5":null,"6":1.774748166e-53,"7":0.9533506555,"8":0.0368071582,"9":0.0002147626,"10":0.112303017,"11":1.774748166e-53,"12":0.3661106599,"13":0.7673643678,"14":0.0878701435,"15":0.9476431146,"16":0.3173928475,"17":0.5463684893,"18":0.5742702013,"19":0.8540745183,"20":0.1126168446,"21":0.1819041871,"22":null,"23":0.3421255353,"24":1.774748166e-53},"main_pv":{"0":0.413353275,"1":0.0191876315,"2":0.452317188,"3":0.8925731005,"4":0.2110779473,"5":null,"6":0.6204127466,"7":0.8818050729,"8":0.6303016217,"9":0.3998539172,"10":0.5296895244,"11":0.3422381239,"12":0.6030532368,"13":0.4305469949,"14":0.5277911003,"15":0.1470573072,"16":0.0541056556,"17":0.9539957897,"18":0.5491599342,"19":0.1323830431,"20":0.5864082439,"21":0.2762243038,"22":null,"23":0.19094155,"24":0.300650696},"count":{"0":11,"1":1162,"2":25,"3":602,"4":10,"5":1,"6":5,"7":46,"8":462,"9":31,"10":2850,"11":5,"12":93,"13":76,"14":39,"15":8,"16":149,"17":90,"18":2,"19":73,"20":82,"21":39,"22":1,"23":32,"24":6},"nb_en":{"0":6,"1":1152,"2":5,"3":176,"4":2,"5":0,"6":0,"7":21,"8":117,"9":4,"10":1220,"11":0,"12":85,"13":14,"14":5,"15":3,"16":28,"17":81,"18":2,"19":13,"20":3,"21":11,"22":0,"23":1,"24":0},"nb_de":{"0":5,"1":10,"2":20,"3":426,"4":8,"5":1,"6":5,"7":25,"8":345,"9":27,"10":1630,"11":5,"12":8,"13":62,"14":34,"15":5,"16":121,"17":9,"18":0,"19":60,"20":79,"21":28,"22":1,"23":31,"24":6}}