{"canton":{"0":"SG","1":"AR","2":"VS","3":"SZ","4":"AG","5":"TG","6":"ZH","7":"BE","8":"GE","9":"BS","10":"GL","11":"LU","12":"OW","13":"GR","14":"UR","15":"VD","16":"SH","17":"BL","18":"NW","19":"TI","20":"SO","21":"NE","22":"FR"},"main_mean":{"0":0.0218914479,"1":0.058902713,"2":-0.0089354925,"3":-0.006821552,"4":0.0101733774,"5":0.0261577344,"6":0.0145035839,"7":0.0065931286,"8":0.0132069914,"9":0.02148633,"10":0.0237775136,"11":0.0046729211,"12":-0.0169348307,"13":0.0216141998,"14":-0.0183045564,"15":0.0197904567,"16":0.0122067049,"17":-0.0001521097,"18":0.000370365,"19":-0.0015544381,"20":-0.0054676792,"21":0.0487870727,"22":0.0038182813},"sentiment_mean":{"0":0.0873786408,"1":0.0,"2":-0.0163934426,"3":0.1666666667,"4":0.0745341615,"5":0.1034482759,"6":0.121898263,"7":0.0411686587,"8":0.107606679,"9":0.0628272251,"10":0.0,"11":0.0161290323,"12":0.0,"13":0.0689655172,"14":0.0,"15":0.1956521739,"16":0.0555555556,"17":0.0,"18":0.0,"19":0.0198019802,"20":0.064516129,"21":0.3333333333,"22":-0.0136986301},"main_std":{"0":0.1301238456,"1":0.0332796178,"2":0.0748249971,"3":0.0213591022,"4":0.0896527815,"5":0.0648750303,"6":0.1062943514,"7":0.1082486458,"8":0.1511674235,"9":0.1196043634,"10":0.0336264822,"11":0.0887866148,"12":0.0239494672,"13":0.074802278,"14":0.0451182022,"15":0.0916175191,"16":0.0848127839,"17":0.0150746761,"18":0.0003394447,"19":0.1593872991,"20":0.0424317543,"21":0.1403360082,"22":0.1611937052},"sentiment_std":{"0":0.3986938507,"1":0.0,"2":0.2882015081,"3":0.4082482905,"4":0.3455574307,"5":0.3099340467,"6":0.5090231385,"7":0.3604883131,"8":0.7011845828,"9":0.378019822,"10":0.0,"11":0.3200642917,"12":0.0,"13":0.2578807148,"14":0.0,"15":0.6669453152,"16":0.230344691,"17":0.0,"18":0.0,"19":0.5653352637,"20":0.3592106041,"21":0.5163977795,"22":0.3532842216},"sentiment_pv":{"0":0.84134395,"1":5.545878788e-52,"2":0.0040094915,"3":0.6867252387,"4":0.456990444,"5":0.8898600298,"6":0.0150947956,"7":0.0002033573,"8":0.5820781942,"9":0.0557008932,"10":5.545878788e-52,"11":0.0012848113,"12":5.545878788e-52,"13":0.5888595792,"14":5.545878788e-52,"15":0.1542086668,"16":0.1154302667,"17":5.545878788e-52,"18":5.545878788e-52,"19":0.1848288489,"20":0.6375536731,"21":0.3103145431,"22":0.0109745324},"main_pv":{"0":0.4982405025,"1":0.0701242625,"2":0.0261743941,"3":0.0708630321,"4":0.6827700356,"5":0.2915537522,"6":0.5575126389,"7":0.1197425877,"8":0.9862649166,"9":0.1079682522,"10":0.7318400756,"11":0.2061901572,"12":0.3249653342,"13":0.5479610791,"14":0.1152461701,"15":0.491686975,"16":0.9195058362,"17":0.0004136111,"18":1.16028495e-18,"19":0.3588081059,"20":0.022461399,"21":0.5609960979,"22":0.6243064349},"count":{"0":103,"1":4,"2":61,"3":6,"4":161,"5":29,"6":3224,"7":753,"8":1078,"9":573,"10":2,"11":186,"12":2,"13":29,"14":7,"15":92,"16":90,"17":24,"18":3,"19":101,"20":31,"21":6,"22":73},"nb_en":{"0":15,"1":0,"2":12,"3":1,"4":27,"5":2,"6":1471,"7":229,"8":1064,"9":145,"10":0,"11":31,"12":0,"13":0,"14":1,"15":85,"16":3,"17":1,"18":0,"19":99,"20":1,"21":3,"22":27},"nb_de":{"0":88,"1":4,"2":49,"3":5,"4":134,"5":27,"6":1753,"7":524,"8":14,"9":428,"10":2,"11":155,"12":2,"13":29,"14":6,"15":7,"16":87,"17":23,"18":3,"19":2,"20":30,"21":3,"22":46}}