{"canton":{"0":"UR","1":"NW","2":"BE","3":"BL","4":"TG","5":"TI","6":"VD","7":"GR","8":"SG","9":"JU","10":"SH","11":"OW","12":"AG","13":"GE","14":"BS","15":"FR","16":"AR","17":"GL","18":"ZH","19":"SO","20":"NE","21":"LU","22":"AI","23":"VS","24":"SZ"},"main_mean":{"0":0.0154019783,"1":-0.0115654013,"2":0.0064767705,"3":0.0028792034,"4":0.0223595965,"5":0.0080918773,"6":0.0171124644,"7":-0.001790498,"8":0.0129294962,"9":0.0499995,"10":0.0125777733,"11":-0.0139784803,"12":0.0307479275,"13":-0.0026342875,"14":0.0090376702,"15":0.0028427154,"16":0.1084828434,"17":-0.0089831836,"18":0.0090258898,"19":0.0204129048,"20":-0.0299985912,"21":0.0234315193,"22":0.0159497342,"23":-0.0046256856,"24":-0.0137522908},"sentiment_mean":{"0":0.0,"1":0.0,"2":0.0880398671,"3":-0.0322580645,"4":0.12,"5":0.0666666667,"6":0.1612903226,"7":0.0256410256,"8":0.0921052632,"9":0.5,"10":0.0609756098,"11":0.0,"12":0.095890411,"13":0.1024096386,"14":0.0649350649,"15":0.1086956522,"16":0.125,"17":0.0,"18":0.1231578947,"19":0.0625,"20":0.0909090909,"21":0.0738255034,"22":0.0,"23":0.0256410256,"24":0.1},"main_std":{"0":0.034121334,"1":0.0397052189,"2":0.1236788667,"3":0.0267100859,"4":0.098953785,"5":0.1467392655,"6":0.1826767462,"7":0.0874675622,"8":0.0615380369,"9":0.070709971,"10":0.0880838311,"11":0.0438971341,"12":0.1315365089,"13":0.1317467557,"14":0.0746310593,"15":0.1969835697,"16":0.1756987239,"17":null,"18":0.129436565,"19":0.0552444631,"20":0.1444351854,"21":0.1002248909,"22":null,"23":0.0660778586,"24":0.0490027179},"sentiment_std":{"0":0.0,"1":0.0,"2":0.387693137,"3":0.179605302,"4":0.4396968653,"5":0.5958659075,"6":0.5950944861,"7":0.2797724157,"8":0.3715779534,"9":0.7071067812,"10":0.2407581121,"11":0.0,"12":0.4138029443,"13":0.7048577923,"14":0.3842110209,"15":0.4335005252,"16":0.8345229604,"17":null,"18":0.4963084429,"19":0.2459346884,"20":0.3015113446,"21":0.3693302875,"22":null,"23":0.3618068318,"24":0.316227766},"sentiment_pv":{"0":1.774748166e-53,"1":1.774748166e-53,"2":0.3262827268,"3":0.0002147626,"4":0.8656148432,"5":0.5463684893,"6":0.3661106599,"7":0.0878701435,"8":0.7673643678,"9":0.5742702013,"10":0.1126168446,"11":1.774748166e-53,"12":0.8540745183,"13":0.9083033822,"14":0.0368071582,"15":0.9533506555,"16":0.9476431146,"17":null,"18":0.112303017,"19":0.3421255353,"20":0.8809128972,"21":0.3173928475,"22":null,"23":0.1819041871,"24":0.961948137},"main_pv":{"0":0.6204127466,"1":0.300650696,"2":0.8925731005,"3":0.3998539172,"4":0.452317188,"5":0.9539957897,"6":0.6030532368,"7":0.5277911003,"8":0.4305469949,"9":0.5491599342,"10":0.5864082439,"11":0.3422381239,"12":0.1323830431,"13":0.0191876315,"14":0.6303016217,"15":0.8818050729,"16":0.1470573072,"17":null,"18":0.5296895244,"19":0.19094155,"20":0.413353275,"21":0.0541056556,"22":null,"23":0.2762243038,"24":0.2110779473},"count":{"0":5,"1":6,"2":602,"3":31,"4":25,"5":90,"6":93,"7":39,"8":76,"9":2,"10":82,"11":5,"12":73,"13":1162,"14":462,"15":46,"16":8,"17":1,"18":2850,"19":32,"20":11,"21":149,"22":1,"23":39,"24":10},"nb_en":{"0":0,"1":0,"2":176,"3":4,"4":5,"5":81,"6":85,"7":5,"8":14,"9":2,"10":3,"11":0,"12":13,"13":1152,"14":117,"15":21,"16":3,"17":0,"18":1220,"19":1,"20":6,"21":28,"22":0,"23":11,"24":2},"nb_de":{"0":5,"1":6,"2":426,"3":27,"4":20,"5":9,"6":8,"7":34,"8":62,"9":0,"10":79,"11":5,"12":60,"13":10,"14":345,"15":25,"16":5,"17":1,"18":1630,"19":31,"20":5,"21":121,"22":1,"23":28,"24":8},"nb_fr":{"0":0,"1":0,"2":0,"3":0,"4":0,"5":0,"6":0,"7":0,"8":0,"9":0,"10":0,"11":0,"12":0,"13":0,"14":0,"15":0,"16":0,"17":0,"18":0,"19":0,"20":0,"21":0,"22":0,"23":0,"24":0}}