{"canton":{"0":"NE","1":"GE","2":"TG","3":"BE","4":"SZ","5":"GL","6":"UR","7":"FR","8":"BS","9":"BL","10":"ZH","11":"OW","12":"VD","13":"SG","14":"GR","15":"AR","16":"LU","17":"TI","18":"AG","19":"SH","20":"VS","21":"SO","22":"NW"},"main_mean":{"0":0.0487870727,"1":0.0132069914,"2":0.0261577344,"3":0.0065931286,"4":-0.006821552,"5":0.0237775136,"6":-0.0183045564,"7":0.0038182813,"8":0.02148633,"9":-0.0001521097,"10":0.0145035839,"11":-0.0169348307,"12":0.0197904567,"13":0.0218914479,"14":0.0216141998,"15":0.058902713,"16":0.0046729211,"17":-0.0015544381,"18":0.0101733774,"19":0.0122067049,"20":-0.0089354925,"21":-0.0054676792,"22":0.000370365},"sentiment_mean":{"0":0.3333333333,"1":0.107606679,"2":0.1034482759,"3":0.0411686587,"4":0.1666666667,"5":0.0,"6":0.0,"7":-0.0136986301,"8":0.0628272251,"9":0.0,"10":0.121898263,"11":0.0,"12":0.1956521739,"13":0.0873786408,"14":0.0689655172,"15":0.0,"16":0.0161290323,"17":0.0198019802,"18":0.0745341615,"19":0.0555555556,"20":-0.0163934426,"21":0.064516129,"22":0.0},"main_std":{"0":0.1403360082,"1":0.1511674235,"2":0.0648750303,"3":0.1082486458,"4":0.0213591022,"5":0.0336264822,"6":0.0451182022,"7":0.1611937052,"8":0.1196043634,"9":0.0150746761,"10":0.1062943514,"11":0.0239494672,"12":0.0916175191,"13":0.1301238456,"14":0.074802278,"15":0.0332796178,"16":0.0887866148,"17":0.1593872991,"18":0.0896527815,"19":0.0848127839,"20":0.0748249971,"21":0.0424317543,"22":0.0003394447},"sentiment_std":{"0":0.5163977795,"1":0.7011845828,"2":0.3099340467,"3":0.3604883131,"4":0.4082482905,"5":0.0,"6":0.0,"7":0.3532842216,"8":0.378019822,"9":0.0,"10":0.5090231385,"11":0.0,"12":0.6669453152,"13":0.3986938507,"14":0.2578807148,"15":0.0,"16":0.3200642917,"17":0.5653352637,"18":0.3455574307,"19":0.230344691,"20":0.2882015081,"21":0.3592106041,"22":0.0},"sentiment_pv":{"0":0.3103145431,"1":0.5820781942,"2":0.8898600298,"3":0.0002033573,"4":0.6867252387,"5":5.545878788e-52,"6":5.545878788e-52,"7":0.0109745324,"8":0.0557008932,"9":5.545878788e-52,"10":0.0150947956,"11":5.545878788e-52,"12":0.1542086668,"13":0.84134395,"14":0.5888595792,"15":5.545878788e-52,"16":0.0012848113,"17":0.1848288489,"18":0.456990444,"19":0.1154302667,"20":0.0040094915,"21":0.6375536731,"22":5.545878788e-52},"main_pv":{"0":0.5609960979,"1":0.9862649166,"2":0.2915537522,"3":0.1197425877,"4":0.0708630321,"5":0.7318400756,"6":0.1152461701,"7":0.6243064349,"8":0.1079682522,"9":0.0004136111,"10":0.5575126389,"11":0.3249653342,"12":0.491686975,"13":0.4982405025,"14":0.5479610791,"15":0.0701242625,"16":0.2061901572,"17":0.3588081059,"18":0.6827700356,"19":0.9195058362,"20":0.0261743941,"21":0.022461399,"22":1.16028495e-18},"count":{"0":6,"1":1078,"2":29,"3":753,"4":6,"5":2,"6":7,"7":73,"8":573,"9":24,"10":3224,"11":2,"12":92,"13":103,"14":29,"15":4,"16":186,"17":101,"18":161,"19":90,"20":61,"21":31,"22":3},"nb_en":{"0":3,"1":1064,"2":2,"3":229,"4":1,"5":0,"6":1,"7":27,"8":145,"9":1,"10":1471,"11":0,"12":85,"13":15,"14":0,"15":0,"16":31,"17":99,"18":27,"19":3,"20":12,"21":1,"22":0},"nb_de":{"0":3,"1":14,"2":27,"3":524,"4":5,"5":2,"6":6,"7":46,"8":428,"9":23,"10":1753,"11":2,"12":7,"13":88,"14":29,"15":4,"16":155,"17":2,"18":134,"19":87,"20":49,"21":30,"22":3}}