{"canton":{"0":"NE","1":"GE","2":"GL","3":"BE","4":"SZ","5":"TG","6":"UR","7":"FR","8":"BS","9":"BL","10":"ZH","11":"OW","12":"VD","13":"SG","14":"GR","15":"AR","16":"LU","17":"TI","18":"AG","19":"SH","20":"VS","21":"AI","22":"SO","23":"NW"},"main_mean":{"0":0.0013631027,"1":0.0015834431,"2":0.0109765572,"3":0.0050516266,"4":0.1710489356,"5":-0.001034122,"6":0.0104399028,"7":0.0121790603,"8":0.0032218894,"9":0.0144395746,"10":0.0095781478,"11":0.053299467,"12":-0.0053473252,"13":0.0584388658,"14":0.0153958021,"15":-0.0613266663,"16":0.0186808432,"17":0.003116268,"18":-0.0746423915,"19":-0.0018236154,"20":0.0026167201,"21":-0.0088349117,"22":-0.0111634399,"23":0.0266497335},"sentiment_mean":{"0":0.1379310345,"1":0.1221374046,"2":0.0,"3":0.0527638191,"4":0.0909090909,"5":0.0416666667,"6":0.0,"7":0.0754716981,"8":0.0601173021,"9":0.0322580645,"10":0.1331480546,"11":0.0,"12":0.1278195489,"13":0.203125,"14":0.0149253731,"15":0.25,"16":0.0640394089,"17":0.1171875,"18":0.0304878049,"19":0.0102040816,"20":0.06,"21":0.0,"22":-0.0285714286,"23":0.0},"main_std":{"0":0.0700248192,"1":0.1336810841,"2":0.0150517954,"3":0.086120676,"4":0.4121981258,"5":0.0563890411,"6":0.0239723025,"7":0.0980221414,"8":0.0943568137,"9":0.0575277248,"10":0.1292644905,"11":null,"12":0.1377177268,"13":0.1468049039,"14":0.0579443659,"15":0.083210007,"16":0.1346097827,"17":0.1500095096,"18":0.3069829058,"19":0.0344433637,"20":0.112386001,"21":0.0176698233,"22":0.0623506672,"23":0.0376884146},"sentiment_std":{"0":0.4411136824,"1":0.6911966295,"2":0.0,"3":0.3207379847,"4":0.53935989,"5":0.2041241452,"6":0.0,"7":0.3847604951,"8":0.3992194856,"9":0.179605302,"10":0.4901947273,"11":null,"12":0.6561311518,"13":0.4229512918,"14":0.212669705,"15":0.5,"16":0.3312703398,"17":0.5968565128,"18":0.2049623783,"19":0.1010152545,"20":0.4242640687,"21":0.0,"22":0.2956263824,"23":0.0},"sentiment_pv":{"0":0.7298029623,"1":0.4829638498,"2":3.630583332e-83,"3":0.0000088799,"4":0.9122873659,"5":0.1208790158,"6":3.630583332e-83,"7":0.5272804311,"8":0.0025933889,"9":0.0249730659,"10":0.01288444,"11":null,"12":0.7463594891,"13":0.0142982861,"14":0.0006805459,"15":0.6129151751,"16":0.0597308692,"17":0.8819036945,"18":0.000005988,"19":0.0,"20":0.4172662619,"21":3.630583332e-83,"22":0.0095772057,"23":3.630583332e-83},"main_pv":{"0":0.7274195446,"1":0.2318690213,"2":0.7199944927,"3":0.7860326052,"4":0.213625356,"5":0.5518161388,"6":0.6998050448,"7":0.648338425,"8":0.4803475434,"9":0.4229193272,"10":0.1502742771,"11":null,"12":0.3485069088,"13":0.0000983329,"14":0.1960594022,"15":0.2041908842,"16":0.1848803636,"17":0.8310171902,"18":0.0009800547,"19":0.0404676229,"20":0.8345241764,"21":0.1921018954,"22":0.116192461,"23":0.5796892403},"count":{"0":29,"1":1572,"2":2,"3":796,"4":11,"5":24,"6":5,"7":53,"8":682,"9":31,"10":3958,"11":1,"12":133,"13":128,"14":67,"15":4,"16":203,"17":128,"18":164,"19":98,"20":50,"21":4,"22":35,"23":2},"nb_en":{"0":22,"1":1553,"2":0,"3":153,"4":5,"5":0,"6":0,"7":19,"8":198,"9":2,"10":1743,"11":0,"12":114,"13":18,"14":3,"15":2,"16":40,"17":125,"18":33,"19":5,"20":14,"21":1,"22":3,"23":1},"nb_de":{"0":7,"1":19,"2":2,"3":643,"4":6,"5":24,"6":5,"7":34,"8":484,"9":29,"10":2215,"11":1,"12":19,"13":110,"14":64,"15":2,"16":163,"17":3,"18":131,"19":93,"20":36,"21":3,"22":32,"23":1}}