{"canton":{"0":"UR","1":"NW","2":"BE","3":"BL","4":"TG","5":"TI","6":"VD","7":"SG","8":"JU","9":"SH","10":"OW","11":"AG","12":"GE","13":"BS","14":"FR","15":"SO","16":"AR","17":"GL","18":"ZH","19":"VS","20":"NE","21":"LU","22":"GR","23":"SZ"},"main_mean":{"0":0.0001142841,"1":0.0001428551,"2":0.0134818796,"3":0.0152957186,"4":0.0063725877,"5":-0.0113981731,"6":0.0612070939,"7":0.0301413721,"8":1.0,"9":0.0012843186,"10":-0.0026803545,"11":0.0051664416,"12":0.0141338798,"13":0.0044715478,"14":0.0080717751,"15":0.036802484,"16":0.5999880002,"17":-0.0086207615,"18":0.017408994,"19":0.028067619,"20":-0.0433310112,"21":0.0137350772,"22":0.0325421622,"23":0.0114415706},"sentiment_mean":{"0":0.0,"1":0.0,"2":0.1077235772,"3":0.0476190476,"4":0.0,"5":0.025974026,"6":0.29,"7":0.0888888889,"8":1.0,"9":0.0,"10":0.0,"11":0.0604026846,"12":0.0772104608,"13":0.038647343,"14":0.0163934426,"15":0.0952380952,"16":1.0,"17":0.0,"18":0.1804440246,"19":0.064516129,"20":0.1,"21":0.0555555556,"22":0.1153846154,"23":0.0},"main_std":{"0":0.000255547,"1":0.0002857102,"2":0.1158513386,"3":0.0809867783,"4":0.0167541284,"5":0.1369790432,"6":0.2019535723,"7":0.1374156033,"8":null,"9":0.0461176637,"10":0.0084460486,"11":0.075342522,"12":0.1681377159,"13":0.0795625323,"14":0.1138358612,"15":0.1334540357,"16":null,"17":0.0121915978,"18":0.1199514322,"19":0.1416161392,"20":0.1728762847,"21":0.0891995615,"22":0.1248127246,"23":0.0135154888},"sentiment_std":{"0":0.0,"1":0.0,"2":0.4451381405,"3":0.2155402687,"4":0.0,"5":0.6683448915,"6":0.7005769628,"7":0.3551518503,"8":null,"9":0.2791452631,"10":0.0,"11":0.2658029121,"12":0.7108115479,"13":0.4272260957,"14":0.2229950133,"15":0.3007926038,"16":null,"17":0.0,"18":0.5338585081,"19":0.4423787119,"20":0.7378647874,"21":0.3295878961,"22":0.3258125936,"23":0.0},"sentiment_pv":{"0":2.163165016e-56,"1":2.163165016e-56,"2":0.4875023133,"3":0.0330536245,"4":2.163165016e-56,"5":0.2104250733,"6":0.0194437664,"7":0.221947019,"8":null,"9":0.0002967938,"10":2.163165016e-56,"11":0.0076433033,"12":0.0835153642,"13":0.0001898316,"14":0.0006058134,"15":0.6826495994,"16":null,"17":2.163165016e-56,"18":0.0000326429,"19":0.4720221319,"20":0.9248543841,"21":0.0097610433,"22":0.9110675687,"23":2.163165016e-56},"main_pv":{"0":2.965813501e-17,"1":3.693803805e-17,"2":0.6932938217,"3":0.9767720277,"4":0.0300508092,"5":0.0890410741,"6":0.0269004655,"7":0.16576109,"8":null,"9":0.0108056425,"10":0.0000499746,"11":0.1047250453,"12":0.8052076407,"13":0.0097490698,"14":0.6070325655,"15":0.4771602421,"16":null,"17":0.2042924997,"18":0.5841949907,"19":0.6302249974,"20":0.3087755361,"21":0.7797921289,"22":0.4979996389,"23":0.6460365182},"count":{"0":5,"1":4,"2":492,"3":42,"4":21,"5":77,"6":100,"7":180,"8":1,"9":78,"10":9,"11":149,"12":803,"13":414,"14":61,"15":21,"16":1,"17":2,"18":2117,"19":31,"20":10,"21":180,"22":26,"23":3},"nb_en":{"0":0,"1":0,"2":173,"3":1,"4":4,"5":72,"6":92,"7":11,"8":1,"9":7,"10":2,"11":13,"12":796,"13":98,"14":10,"15":2,"16":0,"17":0,"18":1060,"19":12,"20":10,"21":35,"22":2,"23":0},"nb_de":{"0":5,"1":4,"2":319,"3":41,"4":17,"5":5,"6":8,"7":169,"8":0,"9":71,"10":7,"11":136,"12":7,"13":316,"14":51,"15":19,"16":1,"17":2,"18":1057,"19":19,"20":0,"21":145,"22":24,"23":3},"nb_fr":{"0":0,"1":0,"2":0,"3":0,"4":0,"5":0,"6":0,"7":0,"8":0,"9":0,"10":0,"11":0,"12":0,"13":0,"14":0,"15":0,"16":0,"17":0,"18":0,"19":0,"20":0,"21":0,"22":0,"23":0}}