{"canton":{"0":"NE","1":"GE","2":"TG","3":"SO","4":"BE","5":"SZ","6":"GL","7":"UR","8":"FR","9":"BS","10":"ZH","11":"OW","12":"VD","13":"SG","14":"GR","15":"AR","16":"LU","17":"TI","18":"JU","19":"AG","20":"SH","21":"VS","22":"BL","23":"NW"},"main_mean":{"0":-0.0433310112,"1":0.0141338798,"2":0.0063725877,"3":0.036802484,"4":0.0134818796,"5":0.0114415706,"6":-0.0086207615,"7":0.0001142841,"8":0.0080717751,"9":0.0044715478,"10":0.017408994,"11":-0.0026803545,"12":0.0612070939,"13":0.0301413721,"14":0.0325421622,"15":0.5999880002,"16":0.0137350772,"17":-0.0113981731,"18":1.0,"19":0.0051664416,"20":0.0012843186,"21":0.028067619,"22":0.0152957186,"23":0.0001428551},"sentiment_mean":{"0":0.1,"1":0.0772104608,"2":0.0,"3":0.0952380952,"4":0.1077235772,"5":0.0,"6":0.0,"7":0.0,"8":0.0163934426,"9":0.038647343,"10":0.1804440246,"11":0.0,"12":0.29,"13":0.0888888889,"14":0.1153846154,"15":1.0,"16":0.0555555556,"17":0.025974026,"18":1.0,"19":0.0604026846,"20":0.0,"21":0.064516129,"22":0.0476190476,"23":0.0},"main_std":{"0":0.1728762847,"1":0.1681377159,"2":0.0167541284,"3":0.1334540357,"4":0.1158513386,"5":0.0135154888,"6":0.0121915978,"7":0.000255547,"8":0.1138358612,"9":0.0795625323,"10":0.1199514322,"11":0.0084460486,"12":0.2019535723,"13":0.1374156033,"14":0.1248127246,"15":null,"16":0.0891995615,"17":0.1369790432,"18":null,"19":0.075342522,"20":0.0461176637,"21":0.1416161392,"22":0.0809867783,"23":0.0002857102},"sentiment_std":{"0":0.7378647874,"1":0.7108115479,"2":0.0,"3":0.3007926038,"4":0.4451381405,"5":0.0,"6":0.0,"7":0.0,"8":0.2229950133,"9":0.4272260957,"10":0.5338585081,"11":0.0,"12":0.7005769628,"13":0.3551518503,"14":0.3258125936,"15":null,"16":0.3295878961,"17":0.6683448915,"18":null,"19":0.2658029121,"20":0.2791452631,"21":0.4423787119,"22":0.2155402687,"23":0.0},"sentiment_pv":{"0":0.9248543841,"1":0.0835153642,"2":2.163165016e-56,"3":0.6826495994,"4":0.4875023133,"5":2.163165016e-56,"6":2.163165016e-56,"7":2.163165016e-56,"8":0.0006058134,"9":0.0001898316,"10":0.0000326429,"11":2.163165016e-56,"12":0.0194437664,"13":0.221947019,"14":0.9110675687,"15":null,"16":0.0097610433,"17":0.2104250733,"18":null,"19":0.0076433033,"20":0.0002967938,"21":0.4720221319,"22":0.0330536245,"23":2.163165016e-56},"main_pv":{"0":0.3087755361,"1":0.8052076407,"2":0.0300508092,"3":0.4771602421,"4":0.6932938217,"5":0.6460365182,"6":0.2042924997,"7":2.965813501e-17,"8":0.6070325655,"9":0.0097490698,"10":0.5841949907,"11":0.0000499746,"12":0.0269004655,"13":0.16576109,"14":0.4979996389,"15":null,"16":0.7797921289,"17":0.0890410741,"18":null,"19":0.1047250453,"20":0.0108056425,"21":0.6302249974,"22":0.9767720277,"23":3.693803805e-17},"count":{"0":10,"1":803,"2":21,"3":21,"4":492,"5":3,"6":2,"7":5,"8":61,"9":414,"10":2117,"11":9,"12":100,"13":180,"14":26,"15":1,"16":180,"17":77,"18":1,"19":149,"20":78,"21":31,"22":42,"23":4},"nb_en":{"0":10,"1":796,"2":4,"3":2,"4":173,"5":0,"6":0,"7":0,"8":10,"9":98,"10":1060,"11":2,"12":92,"13":11,"14":2,"15":0,"16":35,"17":72,"18":1,"19":13,"20":7,"21":12,"22":1,"23":0},"nb_de":{"0":0,"1":7,"2":17,"3":19,"4":319,"5":3,"6":2,"7":5,"8":51,"9":316,"10":1057,"11":7,"12":8,"13":169,"14":24,"15":1,"16":145,"17":5,"18":0,"19":136,"20":71,"21":19,"22":41,"23":4}}