{"canton":{"0":"NE","1":"GE","2":"TG","3":"UR","4":"SZ","5":"BE","6":"SO","7":"FR","8":"BS","9":"ZH","10":"OW","11":"VD","12":"SG","13":"GR","14":"AR","15":"LU","16":"TI","17":"JU","18":"AG","19":"SH","20":"VS","21":"BL","22":"NW"},"main_mean":{"0":0.0157049323,"1":-0.0122249869,"2":0.0256640061,"3":-0.0333650549,"4":0.0000888883,"5":0.005179329,"6":0.0040355055,"7":-0.0073703948,"8":0.0098805458,"9":0.0132474927,"10":0.0,"11":-0.013651723,"12":0.026707529,"13":0.0149675185,"14":0.0073460973,"15":0.0143888738,"16":0.0124898901,"17":0.0,"18":0.0081095208,"19":0.0160592385,"20":0.036119627,"21":0.0134781776,"22":0.0},"sentiment_mean":{"0":0.25,"1":0.0861889927,"2":0.0833333333,"3":-0.2,"4":0.0,"5":0.0782918149,"6":0.0384615385,"7":0.0119047619,"8":0.0646437995,"9":0.1330455259,"10":0.0,"11":0.2134831461,"12":0.0916666667,"13":0.0163934426,"14":0.0,"15":0.064516129,"16":0.1827956989,"17":0.0,"18":0.0591133005,"19":0.025974026,"20":0.0227272727,"21":0.0,"22":0.0},"main_std":{"0":0.0441614829,"1":0.1410002651,"2":0.080024073,"3":0.0745196986,"4":0.000153959,"5":0.1307049551,"6":0.0374988183,"7":0.0689391002,"8":0.127679098,"9":0.1541697969,"10":0.0,"11":0.1709869948,"12":0.1223328701,"13":0.0781452371,"14":0.0103889505,"15":0.0658403594,"16":0.1161764622,"17":null,"18":0.1243395011,"19":0.0593559528,"20":0.1594355466,"21":0.0523413012,"22":0.0},"sentiment_std":{"0":0.4629100499,"1":0.7091958446,"2":0.4082482905,"3":0.4472135955,"4":0.0,"5":0.4105453964,"6":0.1961161351,"7":0.1897396834,"8":0.3739051897,"9":0.51590242,"10":0.0,"11":0.6985685057,"12":0.3174433936,"13":0.2229950133,"14":0.0,"15":0.2470016552,"16":0.5700159525,"17":null,"18":0.2364196679,"19":0.2279211529,"20":0.2631328574,"21":0.0,"22":0.0},"sentiment_pv":{"0":0.393656041,"1":0.5292017361,"2":0.832918058,"3":0.2066191621,"4":1.866118219e-51,"5":0.2178020866,"6":0.119985831,"7":0.0000819202,"8":0.0158382669,"9":0.0089325212,"10":1.866118219e-51,"11":0.1343836962,"12":0.7497801802,"13":0.0051642972,"14":1.866118219e-51,"15":0.1689261309,"16":0.1732034294,"17":null,"18":0.0193306152,"19":0.0062200579,"20":0.0573280964,"21":1.866118219e-51,"22":1.866118219e-51},"main_pv":{"0":0.6130401376,"1":0.0000655909,"2":0.2776137419,"3":0.2886742776,"4":0.0000690557,"5":0.7029178725,"6":0.6608532086,"7":0.0595573037,"8":0.6184320722,"9":0.1005009899,"10":0.0000551587,"11":0.2509933324,"12":0.0904001473,"13":0.4593903356,"14":0.9956984707,"15":0.3248194477,"16":0.6768651966,"17":null,"18":0.9363085922,"19":0.2197072282,"20":0.2398901997,"21":0.4115255331,"22":0.0000551587},"count":{"0":8,"1":963,"2":24,"3":5,"4":3,"5":562,"6":26,"7":84,"8":758,"9":2548,"10":2,"11":89,"12":120,"13":61,"14":2,"15":93,"16":93,"17":1,"18":203,"19":77,"20":44,"21":54,"22":2},"nb_en":{"0":6,"1":955,"2":3,"3":1,"4":0,"5":186,"6":1,"7":17,"8":190,"9":1188,"10":0,"11":77,"12":11,"13":3,"14":0,"15":22,"16":87,"17":0,"18":13,"19":3,"20":18,"21":0,"22":0},"nb_de":{"0":2,"1":8,"2":21,"3":4,"4":3,"5":376,"6":25,"7":67,"8":568,"9":1360,"10":2,"11":12,"12":109,"13":58,"14":2,"15":71,"16":6,"17":1,"18":190,"19":74,"20":26,"21":54,"22":2}}