{"canton":{"0":"SG","1":"AI","2":"JU","3":"VS","4":"AG","5":"TG","6":"ZH","7":"BE","8":"GE","9":"BS","10":"AR","11":"LU","12":"OW","13":"GR","14":"UR","15":"GL","16":"VD","17":"SH","18":"BL","19":"NW","20":"TI","21":"SO","22":"NE","23":"FR"},"main_mean":{"0":0.0218203991,"1":0.0,"2":0.0,"3":-0.0127984525,"4":0.0207220416,"5":0.0129013333,"6":0.0187598185,"7":0.0158504908,"8":0.0078454791,"9":0.0073035481,"10":0.0135807017,"11":0.02334556,"12":-0.0291420781,"13":0.004795091,"14":-0.0001599968,"15":0.0007058782,"16":0.0093398869,"17":-0.0000366177,"18":0.0062713394,"19":0.0001904748,"20":0.0004293605,"21":0.0679046338,"22":0.0003333278,"23":0.0115968553},"sentiment_mean":{"0":0.0683229814,"1":0.0,"2":0.5,"3":-0.023255814,"4":0.1056338028,"5":0.0,"6":0.1551351351,"7":0.0806100218,"8":0.08,"9":0.0446735395,"10":0.25,"11":0.0769230769,"12":-0.1666666667,"13":0.0,"14":0.0,"15":0.0,"16":0.145631068,"17":0.0149253731,"18":-0.03125,"19":0.0,"20":0.1034482759,"21":0.0789473684,"22":0.0,"23":0.0681818182},"main_std":{"0":0.1438190924,"1":null,"2":0.0,"3":0.058625224,"4":0.0805959622,"5":0.0236522646,"6":0.1198388532,"7":0.1123272538,"8":0.1574520686,"9":0.0898988628,"10":0.0189582197,"11":0.099424434,"12":0.0488742466,"13":0.0361478295,"14":0.0003919105,"15":null,"16":0.1387990456,"17":0.0537747609,"18":0.0407090228,"19":0.0003299121,"20":0.1486068498,"21":0.2482563769,"22":0.0004713967,"23":0.0660867187},"sentiment_std":{"0":0.337717034,"1":null,"2":0.7071067812,"3":0.3442294427,"4":0.330650476,"5":0.0,"6":0.5033560792,"7":0.4020075962,"8":0.7094370803,"9":0.3636648605,"10":0.5,"11":0.3512010465,"12":0.4082482905,"13":0.0,"14":0.0,"15":null,"16":0.6478889851,"17":0.2748298269,"18":0.1767766953,"19":0.0,"20":0.6825820124,"21":0.3587952022,"22":0.0,"23":0.5010559674},"sentiment_pv":{"0":0.196961504,"1":null,"2":0.5736564808,"3":0.0206080211,"4":0.9584862729,"5":8.386584732e-43,"6":0.0002492479,"7":0.244940597,"8":0.3501054804,"9":0.0004364843,"10":0.6006393509,"11":0.4157145206,"12":0.165245841,"13":8.386584732e-43,"14":8.386584732e-43,"15":null,"16":0.5199763874,"17":0.0115004154,"18":0.0001704446,"19":8.386584732e-43,"20":0.9925721067,"21":0.6701977072,"22":8.386584732e-43,"23":0.6381130043},"main_pv":{"0":0.5100222555,"1":null,"2":0.0,"3":0.0048127672,"4":0.3561072153,"5":0.8795010886,"6":0.1740700768,"7":0.7719827951,"8":0.2681007674,"9":0.0943244011,"10":0.949373171,"11":0.333078968,"12":0.0817264909,"13":0.1407137303,"14":0.0,"15":null,"16":0.7230252663,"17":0.0394521921,"18":0.290090181,"19":0.0,"20":0.391333792,"21":0.191256548,"22":0.0,"23":0.7950649959},"count":{"0":161,"1":1,"2":2,"3":43,"4":142,"5":8,"6":1850,"7":459,"8":825,"9":582,"10":4,"11":117,"12":6,"13":36,"14":6,"15":1,"16":103,"17":67,"18":32,"19":3,"20":87,"21":38,"22":2,"23":44},"nb_en":{"0":16,"1":1,"2":2,"3":8,"4":18,"5":2,"6":845,"7":157,"8":818,"9":130,"10":1,"11":33,"12":1,"13":1,"14":0,"15":0,"16":101,"17":3,"18":1,"19":0,"20":83,"21":10,"22":0,"23":24},"nb_de":{"0":145,"1":0,"2":0,"3":35,"4":124,"5":6,"6":1005,"7":302,"8":7,"9":452,"10":3,"11":84,"12":5,"13":35,"14":6,"15":1,"16":2,"17":64,"18":31,"19":3,"20":4,"21":28,"22":2,"23":20}}