{"canton":{"0":"UR","1":"BE","2":"BL","3":"TI","4":"NW","5":"VD","6":"SG","7":"JU","8":"SH","9":"OW","10":"AG","11":"GE","12":"BS","13":"FR","14":"SO","15":"AR","16":"GL","17":"ZH","18":"VS","19":"NE","20":"LU","21":"GR","22":"SZ","23":"TG"},"main_mean":{"0":0.0101444498,"1":0.013965122,"2":0.002873519,"3":-0.0219682553,"4":-0.0079957586,"5":0.0181574479,"6":0.0834226468,"7":0.0,"8":0.0136151458,"9":-0.0106562644,"10":0.0183106175,"11":0.0041321268,"12":0.0128864872,"13":0.0255274836,"14":0.0151018359,"15":0.254448971,"16":0.0,"17":0.0237109509,"18":0.0202024753,"19":0.010104325,"20":0.0179325701,"21":0.0202567389,"22":-0.0302900775,"23":0.0298306927},"sentiment_mean":{"0":0.0,"1":0.0669710807,"2":0.023255814,"3":-0.0394736842,"4":0.2,"5":0.1409395973,"6":0.2923076923,"7":0.0,"8":0.0352941176,"9":0.0,"10":0.023364486,"11":0.068745004,"12":0.0777777778,"13":0.09375,"14":0.023255814,"15":0.5454545455,"16":0.0,"17":0.1545977011,"18":0.1090909091,"19":0.4615384615,"20":0.0853658537,"21":0.046875,"22":-0.1428571429,"23":0.0434782609},"main_std":{"0":0.0163974123,"1":0.1029928583,"2":0.0211336533,"3":0.0989928919,"4":0.0621748322,"5":0.1380640351,"6":0.2030036521,"7":null,"8":0.0615219305,"9":0.0157696819,"10":0.1193153932,"11":0.132908174,"12":0.0937252939,"13":0.1293995387,"14":0.0849690203,"15":0.29323562,"16":0.0,"17":0.1269489346,"18":0.1624972411,"19":0.0413494912,"20":0.1107379599,"21":0.1306713514,"22":0.0645601986,"23":0.1244738794},"sentiment_std":{"0":0.0,"1":0.3806550685,"2":0.1524985703,"3":0.5986827646,"4":0.4472135955,"5":0.6474496143,"6":0.4583624699,"7":null,"8":0.1856172985,"9":0.0,"10":0.2815381758,"11":0.7222675015,"12":0.3821949432,"13":0.3870421002,"14":0.1524985703,"15":0.687551651,"16":0.0,"17":0.495111613,"18":0.4160095829,"19":0.5188745217,"20":0.3900989182,"21":0.2777281702,"22":0.377964473,"23":0.2085144141},"sentiment_pv":{"0":6.285917625e-74,"1":0.0037005462,"2":0.0004572274,"3":0.0291996913,"4":0.6887269562,"5":0.611834969,"6":0.0026753262,"7":null,"8":0.0003204548,"9":6.285917625e-74,"10":0.0000115429,"11":0.0349377004,"12":0.0408026882,"13":0.6825830826,"14":0.0004572274,"15":0.0640015386,"16":6.285917625e-74,"17":0.0000911256,"18":0.9340068571,"19":0.0325909341,"20":0.3617948446,"21":0.0620670602,"22":0.1226466505,"23":0.1230932319},"main_pv":{"0":0.3481260156,"1":0.3450825087,"2":0.0000692113,"3":0.0007967652,"4":0.4029169497,"5":0.9897246352,"6":0.01174994,"7":null,"8":0.5217984475,"9":0.0138647975,"10":0.9711315424,"11":0.0006040647,"12":0.2334196207,"13":0.645069225,"14":0.8245815446,"15":0.023327182,"16":9.744183799e-34,"17":0.0290890577,"18":0.9208527058,"19":0.5067319965,"20":0.9929407985,"21":0.8914833582,"22":0.0952315248,"23":0.6537604286},"count":{"0":5,"1":657,"2":43,"3":76,"4":5,"5":149,"6":65,"7":1,"8":85,"9":5,"10":214,"11":1251,"12":540,"13":64,"14":43,"15":11,"16":2,"17":3480,"18":55,"19":13,"20":164,"21":64,"22":7,"23":23},"nb_en":{"0":0,"1":202,"2":1,"3":71,"4":1,"5":128,"6":14,"7":1,"8":5,"9":0,"10":20,"11":1237,"12":137,"13":25,"14":0,"15":4,"16":0,"17":1563,"18":16,"19":10,"20":36,"21":8,"22":4,"23":1},"nb_de":{"0":5,"1":455,"2":42,"3":5,"4":4,"5":21,"6":51,"7":0,"8":80,"9":5,"10":194,"11":14,"12":403,"13":39,"14":43,"15":7,"16":2,"17":1917,"18":39,"19":3,"20":128,"21":56,"22":3,"23":22},"nb_fr":{"0":0,"1":0,"2":0,"3":0,"4":0,"5":0,"6":0,"7":0,"8":0,"9":0,"10":0,"11":0,"12":0,"13":0,"14":0,"15":0,"16":0,"17":0,"18":0,"19":0,"20":0,"21":0,"22":0,"23":0}}