{"canton":{"0":"UR","1":"NW","2":"BE","3":"BL","4":"TI","5":"TG","6":"VD","7":"SG","8":"GR","9":"SH","10":"OW","11":"AG","12":"GE","13":"BS","14":"FR","15":"AR","16":"GL","17":"ZH","18":"SO","19":"NE","20":"LU","21":"AI","22":"VS","23":"SZ"},"main_mean":{"0":-0.0253997487,"1":-0.07699923,"2":0.0080479276,"3":0.007800135,"4":0.0027473378,"5":0.0386740905,"6":0.0372610466,"7":0.0562631391,"8":0.0441865659,"9":0.0066351582,"10":0.000399996,"11":0.0175298705,"12":0.001373131,"13":0.0077441111,"14":-0.0347653916,"15":-0.0227270661,"16":0.0002857122,"17":0.0091954189,"18":0.0141755195,"19":-0.0820338433,"20":0.0009588649,"21":0.0,"22":-0.0042102633,"23":0.0566375486},"sentiment_mean":{"0":-0.3333333333,"1":0.0,"2":0.0391459075,"3":0.0,"4":0.1666666667,"5":0.0555555556,"6":0.2826086957,"7":0.1428571429,"8":0.140625,"9":0.1,"10":0.0,"11":0.0446428571,"12":0.1118210863,"13":0.0631163708,"14":-0.0416666667,"15":-0.25,"16":0.0,"17":0.113242346,"18":0.0952380952,"19":0.0,"20":0.0437956204,"21":0.0,"22":0.0740740741,"23":0.3333333333},"main_std":{"0":0.0446882518,"1":null,"2":0.1215983199,"3":0.0724806185,"4":0.1614575613,"5":0.0769542069,"6":0.1715318894,"7":0.1944482949,"8":0.1447115168,"9":0.038630827,"10":null,"11":0.1080163927,"12":0.1457174093,"13":0.1143882002,"14":0.0995387799,"15":0.0454541322,"16":0.0004040581,"17":0.1182752478,"18":0.08800651,"19":0.1461155827,"20":0.0761018939,"21":null,"22":0.0925804003,"23":0.1795365439},"sentiment_std":{"0":0.5773502692,"1":null,"2":0.370813025,"3":0.254000254,"4":0.5814018997,"5":0.2357022604,"6":0.6392186201,"7":0.3847345241,"8":0.3930825472,"9":0.3016806854,"10":null,"11":0.2470872792,"12":0.7251635989,"13":0.4216949522,"14":0.2886751346,"15":0.5,"16":0.0,"17":0.4729723082,"18":0.2971017572,"19":0.5773502692,"20":0.2937739512,"21":null,"22":0.2643505286,"23":0.5163977795},"sentiment_pv":{"0":0.3230068968,"1":null,"2":0.0003491229,"3":0.034395657,"4":0.3380178326,"5":0.4350037473,"6":0.0011234404,"7":0.3191564308,"8":0.4186896177,"9":0.9934814875,"10":null,"11":0.0236374348,"12":0.6385972895,"13":0.0622689981,"14":0.0014944627,"15":0.255733772,"16":1.212102799e-49,"17":0.2504242112,"18":0.9140867312,"19":0.6621859168,"20":0.03123099,"21":null,"22":0.4770656457,"23":0.3193883371},"main_pv":{"0":0.3162913232,"1":null,"2":0.8934673673,"3":0.9406118186,"4":0.7534219855,"5":0.1187027109,"6":0.0545464576,"7":0.028297357,"8":0.0555937771,"9":0.6282449133,"10":null,"11":0.3986895334,"12":0.1422635093,"13":0.8478228179,"14":0.0041443437,"15":0.2599406324,"16":0.0000005817,"17":0.8799632506,"18":0.6947665061,"19":0.1513017436,"20":0.2462331082,"21":null,"22":0.3115192914,"23":0.542614565},"count":{"0":3,"1":1,"2":562,"3":32,"4":72,"5":18,"6":138,"7":84,"8":64,"9":90,"10":1,"11":112,"12":939,"13":507,"14":48,"15":4,"16":2,"17":2711,"18":42,"19":7,"20":137,"21":1,"22":54,"23":6},"nb_en":{"0":1,"1":0,"2":166,"3":4,"4":67,"5":0,"6":129,"7":14,"8":3,"9":10,"10":0,"11":8,"12":932,"13":173,"14":27,"15":1,"16":0,"17":1088,"18":10,"19":5,"20":20,"21":0,"22":13,"23":5},"nb_de":{"0":2,"1":1,"2":396,"3":28,"4":5,"5":18,"6":9,"7":70,"8":61,"9":80,"10":1,"11":104,"12":7,"13":334,"14":21,"15":3,"16":2,"17":1623,"18":32,"19":2,"20":117,"21":1,"22":41,"23":1},"nb_fr":{"0":0,"1":0,"2":0,"3":0,"4":0,"5":0,"6":0,"7":0,"8":0,"9":0,"10":0,"11":0,"12":0,"13":0,"14":0,"15":0,"16":0,"17":0,"18":0,"19":0,"20":0,"21":0,"22":0,"23":0}}