{"canton":{"0":"SG","1":"AI","2":"JU","3":"VS","4":"SZ","5":"AG","6":"TG","7":"ZH","8":"BE","9":"GE","10":"BS","11":"AR","12":"LU","13":"OW","14":"GR","15":"UR","16":"GL","17":"VD","18":"SH","19":"BL","20":"NW","21":"TI","22":"SO","23":"NE","24":"FR"},"main_mean":{"0":0.0097847748,"1":0.0168864978,"2":0.1111074075,"3":-0.0134688185,"4":0.0168049155,"5":-0.000753375,"6":-0.0005589709,"7":0.0041355575,"8":-0.0015407279,"9":-0.0036240203,"10":0.0146163801,"11":0.0,"12":0.0287910125,"13":0.005824429,"14":0.0166059483,"15":0.0,"16":0.0150998838,"17":-0.0019612198,"18":0.0161403027,"19":0.003008703,"20":0.5499898335,"21":0.0176832912,"22":0.0308098149,"23":0.0119374081,"24":0.0405961886},"sentiment_mean":{"0":0.0238095238,"1":0.3333333333,"2":0.6666666667,"3":0.0,"4":0.0,"5":0.0824742268,"6":0.0,"7":0.1471647165,"8":0.0660066007,"9":0.077636153,"10":0.0386740331,"11":0.0,"12":0.0992907801,"13":0.0,"14":0.0256410256,"15":0.0,"16":0.0,"17":0.09375,"18":0.15,"19":0.0277777778,"20":1.0,"21":0.1538461538,"22":0.0444444444,"23":0.2727272727,"24":0.1739130435},"main_std":{"0":0.0375798049,"1":0.0292482722,"2":0.1924436749,"3":0.125852823,"4":0.0791584447,"5":0.091307337,"6":0.0115644782,"7":0.1308366112,"8":0.095265896,"9":0.1493534533,"10":0.111338899,"11":0.0,"12":0.1474022551,"13":0.0177298295,"14":0.1480565907,"15":0.0,"16":0.0213544605,"17":0.1524705566,"18":0.1098496068,"19":0.0380932341,"20":0.0707080855,"21":0.1601527981,"22":0.1760360441,"23":0.0748855209,"24":0.0857293572},"sentiment_std":{"0":0.2694253359,"1":0.5773502692,"2":0.5773502692,"3":0.4714045208,"4":0.5773502692,"5":0.311919564,"6":0.0,"7":0.497122353,"8":0.4366660618,"9":0.7287582626,"10":0.3042983742,"11":0.0,"12":0.3444449892,"13":0.0,"14":0.2797724157,"15":0.0,"16":0.0,"17":0.5817962204,"18":0.3600847358,"19":0.1666666667,"20":0.0,"21":0.5948496901,"22":0.3665288997,"23":0.4670993665,"24":0.4910261901},"sentiment_pv":{"0":0.0601931229,"1":0.5644763504,"2":0.2341235752,"3":0.184641756,"4":0.5238040103,"5":0.4850101572,"6":1.145421138e-46,"7":0.0010677504,"8":0.0409704857,"9":0.2857687224,"10":0.0000094111,"11":1.145421138e-46,"12":0.8424991724,"13":1.145421138e-46,"14":0.0870952993,"15":1.145421138e-46,"16":1.145421138e-46,"17":0.848057114,"18":0.3451628449,"19":0.0101680655,"20":0.0,"21":0.4407788255,"22":0.2758094617,"23":0.2622751675,"24":0.5103702933},"main_pv":{"0":0.4228141661,"1":0.5511969072,"2":0.4399079461,"3":0.3829695587,"4":0.5978426589,"5":0.5528316118,"6":0.2526549249,"7":0.8243070138,"8":0.1340674448,"9":0.1159125576,"10":0.057090405,"11":0.0074540578,"12":0.0585582891,"13":0.8688418213,"14":0.624492666,"15":0.0074540578,"16":0.6205165588,"17":0.6636766475,"18":0.4337055137,"19":0.7792147505,"20":0.057927148,"21":0.4500157716,"22":0.3294612937,"23":0.7614500963,"24":0.0591176448},"count":{"0":42,"1":3,"2":3,"3":37,"4":13,"5":97,"6":8,"7":2222,"8":606,"9":863,"10":543,"11":2,"12":141,"13":11,"14":39,"15":2,"16":2,"17":96,"18":60,"19":36,"20":2,"21":91,"22":45,"23":11,"24":23},"nb_en":{"0":10,"1":1,"2":3,"3":11,"4":8,"5":14,"6":0,"7":972,"8":217,"9":856,"10":114,"11":1,"12":24,"13":0,"14":5,"15":1,"16":0,"17":77,"18":8,"19":2,"20":0,"21":86,"22":8,"23":11,"24":7},"nb_de":{"0":32,"1":2,"2":0,"3":26,"4":5,"5":83,"6":8,"7":1250,"8":389,"9":7,"10":429,"11":1,"12":117,"13":11,"14":34,"15":1,"16":2,"17":19,"18":52,"19":34,"20":2,"21":5,"22":37,"23":0,"24":16}}