{"canton":{"0":"SG","1":"GL","2":"JU","3":"VS","4":"SO","5":"AG","6":"TG","7":"ZH","8":"BE","9":"GE","10":"BS","11":"AR","12":"LU","13":"OW","14":"GR","15":"UR","16":"VD","17":"SH","18":"BL","19":"NW","20":"TI","21":"SZ","22":"NE","23":"FR"},"main_mean":{"0":0.0105446445,"1":0.0161059416,"2":0.0,"3":-0.0106595149,"4":0.0073460231,"5":-0.0026045998,"6":-0.0433229288,"7":0.0066360946,"8":0.0104788872,"9":0.0024629285,"10":0.0016111607,"11":-0.0177723355,"12":0.0016785095,"13":-0.0042307198,"14":0.0068654009,"15":-0.0198235863,"16":0.0109525764,"17":0.0118462974,"18":0.0049017585,"19":-0.0148321825,"20":-0.0217351365,"21":-0.0077670234,"22":-0.010801096,"23":0.0154119584},"sentiment_mean":{"0":0.0357142857,"1":0.0,"2":0.0,"3":0.1041666667,"4":0.0810810811,"5":0.0659340659,"6":0.0333333333,"7":0.1242655699,"8":0.0874172185,"9":0.1275,"10":0.051457976,"11":0.3333333333,"12":-0.0120481928,"13":0.0,"14":-0.0178571429,"15":0.0,"16":0.0810810811,"17":0.0609756098,"18":0.03125,"19":0.0,"20":0.0277777778,"21":0.0,"22":0.0,"23":0.137254902},"main_std":{"0":0.1193014903,"1":0.0144275087,"2":null,"3":0.0452095746,"4":0.0752473484,"5":0.1320717613,"6":0.1928843639,"7":0.1196737657,"8":0.111850222,"9":0.143433605,"10":0.1097620671,"11":0.0301906973,"12":0.1321872108,"13":0.0093999071,"14":0.1069411538,"15":0.040649059,"16":0.220572078,"17":0.0456769916,"18":0.0465431151,"19":0.0187700274,"20":0.2018971099,"21":0.0139177447,"22":0.0834306846,"23":0.1647728036},"sentiment_std":{"0":0.3533258055,"1":0.0,"2":null,"3":0.3087092782,"4":0.2767247307,"5":0.3887929412,"6":0.1825741858,"7":0.4933991749,"8":0.3788690128,"9":0.6879715382,"10":0.347935148,"11":0.5773502692,"12":0.3811935293,"13":0.0,"14":0.2328535575,"15":0.0,"16":0.6336753124,"17":0.2407581121,"18":0.1767766953,"19":0.0,"20":0.5873802655,"21":0.0,"22":0.3922322703,"23":0.4480896269},"sentiment_pv":{"0":0.0495969909,"1":4.583932018e-64,"2":null,"3":0.9797105285,"4":0.6354419264,"5":0.3703881973,"6":0.0481935928,"7":0.0408545936,"8":0.300205161,"9":0.238381582,"10":0.0010081173,"11":0.5610353759,"12":0.0001903705,"13":4.583932018e-64,"14":0.000329055,"15":4.583932018e-64,"16":0.6762921998,"17":0.1265851119,"18":0.0308217631,"19":4.583932018e-64,"20":0.1883726625,"21":4.583932018e-64,"22":0.1852364955,"23":0.5893909597},"main_pv":{"0":0.6293660505,"1":0.3142409609,"2":null,"3":0.0229476965,"4":0.8542380951,"5":0.5844006773,"6":0.180523766,"7":0.5316548288,"8":0.2108896917,"9":0.5589751118,"10":0.4744923907,"11":0.3205085277,"12":0.7462179684,"13":0.0915082804,"14":0.899395784,"15":0.1574646237,"16":0.745674053,"17":0.1994105509,"18":0.9868834395,"19":0.1231601067,"20":0.1722662131,"21":0.0516953579,"22":0.3348721003,"23":0.6556786533},"count":{"0":112,"1":3,"2":1,"3":48,"4":37,"5":91,"6":30,"7":3404,"8":755,"9":1200,"10":583,"11":3,"12":166,"13":5,"14":56,"15":7,"16":148,"17":82,"18":32,"19":4,"20":108,"21":7,"22":27,"23":51},"nb_en":{"0":22,"1":0,"2":1,"3":14,"4":7,"5":23,"6":4,"7":1494,"8":229,"9":1192,"10":162,"11":1,"12":41,"13":0,"14":5,"15":0,"16":136,"17":5,"18":2,"19":0,"20":106,"21":1,"22":16,"23":29},"nb_de":{"0":90,"1":3,"2":0,"3":34,"4":30,"5":68,"6":26,"7":1910,"8":526,"9":8,"10":421,"11":2,"12":125,"13":5,"14":51,"15":7,"16":12,"17":77,"18":30,"19":4,"20":2,"21":6,"22":11,"23":22}}