{"canton":{"0":"UR","1":"BE","2":"BL","3":"NW","4":"TI","5":"VD","6":"SG","7":"SH","8":"OW","9":"AG","10":"GE","11":"BS","12":"FR","13":"SO","14":"AR","15":"GL","16":"ZH","17":"VS","18":"NE","19":"LU","20":"AI","21":"GR","22":"SZ","23":"TG"},"main_mean":{"0":0.0104399028,"1":0.0050516266,"2":0.0144395746,"3":0.0266497335,"4":0.003116268,"5":-0.0053473252,"6":0.0584388658,"7":-0.0018236154,"8":0.053299467,"9":-0.0746423915,"10":0.0015834431,"11":0.0032218894,"12":0.0121790603,"13":-0.0111634399,"14":-0.0613266663,"15":0.0109765572,"16":0.0095781478,"17":0.0026167201,"18":0.0013631027,"19":0.0186808432,"20":-0.0088349117,"21":0.0153958021,"22":0.1710489356,"23":-0.001034122},"sentiment_mean":{"0":0.0,"1":0.0527638191,"2":0.0322580645,"3":0.0,"4":0.1171875,"5":0.1278195489,"6":0.203125,"7":0.0102040816,"8":0.0,"9":0.0304878049,"10":0.1221374046,"11":0.0601173021,"12":0.0754716981,"13":-0.0285714286,"14":0.25,"15":0.0,"16":0.1331480546,"17":0.06,"18":0.1379310345,"19":0.0640394089,"20":0.0,"21":0.0149253731,"22":0.0909090909,"23":0.0416666667},"main_std":{"0":0.0239723025,"1":0.086120676,"2":0.0575277248,"3":0.0376884146,"4":0.1500095096,"5":0.1377177268,"6":0.1468049039,"7":0.0344433637,"8":null,"9":0.3069829058,"10":0.1336810841,"11":0.0943568137,"12":0.0980221414,"13":0.0623506672,"14":0.083210007,"15":0.0150517954,"16":0.1292644905,"17":0.112386001,"18":0.0700248192,"19":0.1346097827,"20":0.0176698233,"21":0.0579443659,"22":0.4121981258,"23":0.0563890411},"sentiment_std":{"0":0.0,"1":0.3207379847,"2":0.179605302,"3":0.0,"4":0.5968565128,"5":0.6561311518,"6":0.4229512918,"7":0.1010152545,"8":null,"9":0.2049623783,"10":0.6911966295,"11":0.3992194856,"12":0.3847604951,"13":0.2956263824,"14":0.5,"15":0.0,"16":0.4901947273,"17":0.4242640687,"18":0.4411136824,"19":0.3312703398,"20":0.0,"21":0.212669705,"22":0.53935989,"23":0.2041241452},"sentiment_pv":{"0":3.630583332e-83,"1":0.0000088799,"2":0.0249730659,"3":3.630583332e-83,"4":0.8819036945,"5":0.7463594891,"6":0.0142982861,"7":0.0,"8":null,"9":0.000005988,"10":0.4829638498,"11":0.0025933889,"12":0.5272804311,"13":0.0095772057,"14":0.6129151751,"15":3.630583332e-83,"16":0.01288444,"17":0.4172662619,"18":0.7298029623,"19":0.0597308692,"20":3.630583332e-83,"21":0.0006805459,"22":0.9122873659,"23":0.1208790158},"main_pv":{"0":0.6998050448,"1":0.7860326052,"2":0.4229193272,"3":0.5796892403,"4":0.8310171902,"5":0.3485069088,"6":0.0000983329,"7":0.0404676229,"8":null,"9":0.0009800547,"10":0.2318690213,"11":0.4803475434,"12":0.648338425,"13":0.116192461,"14":0.2041908842,"15":0.7199944927,"16":0.1502742771,"17":0.8345241764,"18":0.7274195446,"19":0.1848803636,"20":0.1921018954,"21":0.1960594022,"22":0.213625356,"23":0.5518161388},"count":{"0":5,"1":796,"2":31,"3":2,"4":128,"5":133,"6":128,"7":98,"8":1,"9":164,"10":1572,"11":682,"12":53,"13":35,"14":4,"15":2,"16":3958,"17":50,"18":29,"19":203,"20":4,"21":67,"22":11,"23":24},"nb_en":{"0":0,"1":153,"2":2,"3":1,"4":125,"5":114,"6":18,"7":5,"8":0,"9":33,"10":1553,"11":198,"12":19,"13":3,"14":2,"15":0,"16":1743,"17":14,"18":22,"19":40,"20":1,"21":3,"22":5,"23":0},"nb_de":{"0":5,"1":643,"2":29,"3":1,"4":3,"5":19,"6":110,"7":93,"8":1,"9":131,"10":19,"11":484,"12":34,"13":32,"14":2,"15":2,"16":2215,"17":36,"18":7,"19":163,"20":3,"21":64,"22":6,"23":24},"nb_fr":{"0":0,"1":0,"2":0,"3":0,"4":0,"5":0,"6":0,"7":0,"8":0,"9":0,"10":0,"11":0,"12":0,"13":0,"14":0,"15":0,"16":0,"17":0,"18":0,"19":0,"20":0,"21":0,"22":0,"23":0}}