{"canton":{"0":"NE","1":"GE","2":"TG","3":"TI","4":"BE","5":"SZ","6":"GL","7":"FR","8":"BS","9":"BL","10":"ZH","11":"OW","12":"VD","13":"SG","14":"GR","15":"AR","16":"LU","17":"UR","18":"JU","19":"AG","20":"SH","21":"VS","22":"AI","23":"SO","24":"NW"},"main_mean":{"0":0.0408093829,"1":0.0080507949,"2":0.0010918626,"3":0.0084504958,"4":0.0063896712,"5":0.0037935745,"6":0.0140250664,"7":0.0253383704,"8":0.0052553349,"9":0.0459279816,"10":0.0131648843,"11":-0.0061449386,"12":0.0179519651,"13":0.0269617175,"14":0.004527146,"15":0.0364958908,"16":0.0071513507,"17":0.0,"18":0.0,"19":0.0246422827,"20":0.0140012928,"21":-0.0049464663,"22":0.0013332889,"23":0.0120757076,"24":-0.0236543304},"sentiment_mean":{"0":0.3333333333,"1":0.1037827352,"2":0.0952380952,"3":0.0555555556,"4":0.048206278,"5":0.0,"6":0.0,"7":-0.0925925926,"8":0.0426470588,"9":0.064516129,"10":0.112244898,"11":0.0,"12":0.3402777778,"13":0.0625,"14":0.0222222222,"15":0.0,"16":0.1005291005,"17":0.25,"18":0.0,"19":0.08,"20":0.0449438202,"21":0.0615384615,"22":0.0,"23":0.0571428571,"24":0.0},"main_std":{"0":0.1998570149,"1":0.1301588158,"2":0.0434723028,"3":0.1086573559,"4":0.0797857693,"5":0.0188690189,"6":0.0188059296,"7":0.1492568676,"8":0.0932681388,"9":0.144163817,"10":0.1198453123,"11":0.0086902554,"12":0.146100119,"13":0.1145171659,"14":0.0274896479,"15":0.0316063686,"16":0.092261644,"17":0.0,"18":0.0,"19":0.0916111809,"20":0.0927541341,"21":0.0465784365,"22":null,"23":0.0466292352,"24":0.0334522749},"sentiment_std":{"0":0.4879500365,"1":0.7239959551,"2":0.3007926038,"3":0.6690099662,"4":0.3431666263,"5":0.0,"6":0.0,"7":0.4458834148,"8":0.4164568186,"9":0.2497310381,"10":0.4925199748,"11":0.0,"12":0.6706973142,"13":0.3787097208,"14":0.1490711985,"15":0.0,"16":0.350455229,"17":0.5,"18":0.0,"19":0.3501151884,"20":0.2083546125,"21":0.4285485342,"22":null,"23":0.4160639899,"24":0.0},"sentiment_pv":{"0":0.0792706009,"1":0.6972561535,"2":0.993517187,"3":0.6221369426,"4":0.000359345,"5":7.440459477e-54,"6":7.440459477e-54,"7":0.0033327495,"8":0.0023869733,"9":0.5098349019,"10":0.0939073215,"11":7.440459477e-54,"12":0.0000235846,"13":0.4125473611,"14":0.0027672774,"15":7.440459477e-54,"16":0.8240699016,"17":0.5785205107,"18":7.440459477e-54,"19":0.6457658361,"20":0.032176665,"21":0.537564644,"22":null,"23":0.5981410141,"24":7.440459477e-54},"main_pv":{"0":0.5735341024,"1":0.4816139472,"2":0.3101962394,"3":0.8400200769,"4":0.1192052864,"5":0.4409132613,"6":0.8604231272,"7":0.4860597057,"8":0.1294798445,"9":0.1887052382,"10":0.3956658963,"11":0.2046303688,"12":0.5745215728,"13":0.179643,"14":0.1359706257,"15":0.2977400039,"16":0.5687638269,"17":3.750444143e-16,"18":3.750444143e-16,"19":0.1043466711,"20":0.7675701764,"21":0.0087197508,"22":null,"23":0.8995668194,"24":0.3801510894},"count":{"0":15,"1":1031,"2":21,"3":72,"4":892,"5":5,"6":2,"7":54,"8":680,"9":31,"10":3332,"11":2,"12":144,"13":96,"14":45,"15":3,"16":189,"17":4,"18":3,"19":125,"20":89,"21":65,"22":1,"23":35,"24":2},"nb_en":{"0":7,"1":1022,"2":4,"3":70,"4":223,"5":0,"6":0,"7":27,"8":202,"9":0,"10":1472,"11":0,"12":122,"13":14,"14":1,"15":0,"16":49,"17":1,"18":3,"19":24,"20":6,"21":16,"22":0,"23":7,"24":0},"nb_de":{"0":8,"1":9,"2":17,"3":2,"4":669,"5":5,"6":2,"7":27,"8":478,"9":31,"10":1860,"11":2,"12":22,"13":82,"14":44,"15":3,"16":140,"17":3,"18":0,"19":101,"20":83,"21":49,"22":1,"23":28,"24":2}}