{"canton":{"0":"TI","1":"UR","2":"BE","3":"BL","4":"NW","5":"TG","6":"VD","7":"SG","8":"JU","9":"SH","10":"OW","11":"AG","12":"GE","13":"BS","14":"FR","15":"SO","16":"AR","17":"GL","18":"ZH","19":"VS","20":"NE","21":"LU","22":"AI","23":"GR","24":"SZ"},"main_mean":{"0":0.0084504958,"1":0.0,"2":0.0063896712,"3":0.0459279816,"4":-0.0236543304,"5":0.0010918626,"6":0.0179519651,"7":0.0269617175,"8":0.0,"9":0.0140012928,"10":-0.0061449386,"11":0.0246422827,"12":0.0080507949,"13":0.0052553349,"14":0.0253383704,"15":0.0120757076,"16":0.0364958908,"17":0.0140250664,"18":0.0131648843,"19":-0.0049464663,"20":0.0408093829,"21":0.0071513507,"22":0.0013332889,"23":0.004527146,"24":0.0037935745},"sentiment_mean":{"0":0.0555555556,"1":0.25,"2":0.048206278,"3":0.064516129,"4":0.0,"5":0.0952380952,"6":0.3402777778,"7":0.0625,"8":0.0,"9":0.0449438202,"10":0.0,"11":0.08,"12":0.1037827352,"13":0.0426470588,"14":-0.0925925926,"15":0.0571428571,"16":0.0,"17":0.0,"18":0.112244898,"19":0.0615384615,"20":0.3333333333,"21":0.1005291005,"22":0.0,"23":0.0222222222,"24":0.0},"main_std":{"0":0.1086573559,"1":0.0,"2":0.0797857693,"3":0.144163817,"4":0.0334522749,"5":0.0434723028,"6":0.146100119,"7":0.1145171659,"8":0.0,"9":0.0927541341,"10":0.0086902554,"11":0.0916111809,"12":0.1301588158,"13":0.0932681388,"14":0.1492568676,"15":0.0466292352,"16":0.0316063686,"17":0.0188059296,"18":0.1198453123,"19":0.0465784365,"20":0.1998570149,"21":0.092261644,"22":null,"23":0.0274896479,"24":0.0188690189},"sentiment_std":{"0":0.6690099662,"1":0.5,"2":0.3431666263,"3":0.2497310381,"4":0.0,"5":0.3007926038,"6":0.6706973142,"7":0.3787097208,"8":0.0,"9":0.2083546125,"10":0.0,"11":0.3501151884,"12":0.7239959551,"13":0.4164568186,"14":0.4458834148,"15":0.4160639899,"16":0.0,"17":0.0,"18":0.4925199748,"19":0.4285485342,"20":0.4879500365,"21":0.350455229,"22":null,"23":0.1490711985,"24":0.0},"sentiment_pv":{"0":0.6221369426,"1":0.5785205107,"2":0.000359345,"3":0.5098349019,"4":7.440459477e-54,"5":0.993517187,"6":0.0000235846,"7":0.4125473611,"8":7.440459477e-54,"9":0.032176665,"10":7.440459477e-54,"11":0.6457658361,"12":0.6972561535,"13":0.0023869733,"14":0.0033327495,"15":0.5981410141,"16":7.440459477e-54,"17":7.440459477e-54,"18":0.0939073215,"19":0.537564644,"20":0.0792706009,"21":0.8240699016,"22":null,"23":0.0027672774,"24":7.440459477e-54},"main_pv":{"0":0.8400200769,"1":3.750444143e-16,"2":0.1192052864,"3":0.1887052382,"4":0.3801510894,"5":0.3101962394,"6":0.5745215728,"7":0.179643,"8":3.750444143e-16,"9":0.7675701764,"10":0.2046303688,"11":0.1043466711,"12":0.4816139472,"13":0.1294798445,"14":0.4860597057,"15":0.8995668194,"16":0.2977400039,"17":0.8604231272,"18":0.3956658963,"19":0.0087197508,"20":0.5735341024,"21":0.5687638269,"22":null,"23":0.1359706257,"24":0.4409132613},"count":{"0":72,"1":4,"2":892,"3":31,"4":2,"5":21,"6":144,"7":96,"8":3,"9":89,"10":2,"11":125,"12":1031,"13":680,"14":54,"15":35,"16":3,"17":2,"18":3332,"19":65,"20":15,"21":189,"22":1,"23":45,"24":5},"nb_en":{"0":70,"1":1,"2":223,"3":0,"4":0,"5":4,"6":122,"7":14,"8":3,"9":6,"10":0,"11":24,"12":1022,"13":202,"14":27,"15":7,"16":0,"17":0,"18":1472,"19":16,"20":7,"21":49,"22":0,"23":1,"24":0},"nb_de":{"0":2,"1":3,"2":669,"3":31,"4":2,"5":17,"6":22,"7":82,"8":0,"9":83,"10":2,"11":101,"12":9,"13":478,"14":27,"15":28,"16":3,"17":2,"18":1860,"19":49,"20":8,"21":140,"22":1,"23":44,"24":5},"nb_fr":{"0":0,"1":0,"2":0,"3":0,"4":0,"5":0,"6":0,"7":0,"8":0,"9":0,"10":0,"11":0,"12":0,"13":0,"14":0,"15":0,"16":0,"17":0,"18":0,"19":0,"20":0,"21":0,"22":0,"23":0,"24":0}}