{"canton":{"0":"NE","1":"GE","2":"TG","3":"BE","4":"SZ","5":"GL","6":"UR","7":"FR","8":"BS","9":"BL","10":"ZH","11":"OW","12":"VD","13":"SG","14":"GR","15":"AR","16":"LU","17":"TI","18":"JU","19":"AG","20":"SH","21":"VS","22":"AI","23":"SO","24":"NW"},"main_mean":{"0":-0.0555549383,"1":-0.0103036363,"2":0.0053024836,"3":0.0106433963,"4":0.0778904106,"5":0.0001666646,"6":-0.0272056104,"7":0.0003078443,"8":0.0069894091,"9":0.0367650375,"10":0.0092793919,"11":-0.0227125567,"12":0.0066632513,"13":0.0334105283,"14":0.0184751139,"15":-0.0580637088,"16":0.0082405772,"17":0.0146342375,"18":-0.099999,"19":0.0119193419,"20":0.0001805963,"21":0.0309650087,"22":0.0401884424,"23":0.0005346301,"24":-0.0149497508},"sentiment_mean":{"0":0.0,"1":0.043594306,"2":0.0333333333,"3":0.0822454308,"4":0.1666666667,"5":0.3333333333,"6":0.0,"7":0.0181818182,"8":0.0375586854,"9":0.0882352941,"10":0.1238177128,"11":0.0,"12":0.1730769231,"13":0.1020408163,"14":0.1428571429,"15":0.3,"16":0.0710382514,"17":0.1881188119,"18":-1.0,"19":0.0862068966,"20":0.0535714286,"21":0.023255814,"22":0.0,"23":0.0,"24":0.0},"main_std":{"0":0.205735514,"1":0.1564195452,"2":0.0275787375,"3":0.1161149435,"4":0.1771004432,"5":0.0002886715,"6":0.0542003911,"7":0.1034849553,"8":0.0843362187,"9":0.1312613546,"10":0.1194645481,"11":0.0204874016,"12":0.1941373406,"13":0.1339270376,"14":0.1617877571,"15":0.0735482038,"16":0.0970734248,"17":0.1429479877,"18":null,"19":0.142480319,"20":0.0248610328,"21":0.1736357381,"22":0.0568350402,"23":0.0478933715,"24":0.0211421404},"sentiment_std":{"0":0.5345224838,"1":0.7029158701,"2":0.1825741858,"3":0.4087579431,"4":0.3892494721,"5":0.5773502692,"6":0.0,"7":0.5267267579,"8":0.3737017057,"9":0.2879022413,"10":0.4867836857,"11":0.0,"12":0.6889179315,"13":0.3658007998,"14":0.3535533906,"15":0.6749485577,"16":0.3151530479,"17":0.6117658259,"18":null,"19":0.3112098556,"20":0.2272077829,"21":0.2662233303,"22":0.0,"23":0.0,"24":0.0},"sentiment_pv":{"0":0.6325382465,"1":0.019820022,"2":0.0807610238,"3":0.4429735423,"4":0.5343437309,"5":0.5480600476,"6":4.085065884e-54,"7":0.2890512272,"8":0.0003844144,"9":0.9006191803,"10":0.0041341969,"11":4.085065884e-54,"12":0.2492439824,"13":0.8406622212,"14":0.3463597303,"15":0.3609269396,"16":0.3309370373,"17":0.1289882679,"18":null,"19":0.7793951384,"20":0.1912816629,"21":0.0896637028,"22":4.085065884e-54,"23":4.085065884e-54,"24":4.085065884e-54},"main_pv":{"0":0.4221539832,"1":0.0006404973,"2":0.8264594953,"3":0.3482464702,"4":0.1900492281,"5":0.0000297523,"6":0.1889187361,"7":0.662669363,"8":0.8855724367,"9":0.188317173,"10":0.2630857008,"11":0.1302847754,"12":0.9916533194,"13":0.0504920213,"14":0.6063780934,"15":0.0216367583,"16":0.8086495037,"17":0.5690387064,"18":null,"19":0.682668898,"20":0.088582204,"21":0.3608063259,"22":0.5554281503,"23":0.4467704365,"24":0.3861427241},"count":{"0":8,"1":1124,"2":30,"3":766,"4":12,"5":3,"6":6,"7":55,"8":639,"9":34,"10":3489,"11":3,"12":104,"13":98,"14":49,"15":10,"16":183,"17":101,"18":1,"19":116,"20":56,"21":43,"22":2,"23":40,"24":2},"nb_en":{"0":7,"1":1108,"2":2,"3":255,"4":4,"5":0,"6":0,"7":39,"8":155,"9":2,"10":1502,"11":0,"12":98,"13":10,"14":6,"15":5,"16":34,"17":94,"18":1,"19":20,"20":5,"21":16,"22":0,"23":4,"24":0},"nb_de":{"0":1,"1":16,"2":28,"3":511,"4":8,"5":3,"6":6,"7":16,"8":484,"9":32,"10":1987,"11":3,"12":6,"13":88,"14":43,"15":5,"16":149,"17":7,"18":0,"19":96,"20":51,"21":27,"22":2,"23":36,"24":2}}