{"canton":{"0":"NE","1":"GE","2":"TG","3":"BE","4":"SZ","5":"GL","6":"UR","7":"FR","8":"BS","9":"BL","10":"ZH","11":"OW","12":"VD","13":"SG","14":"GR","15":"AR","16":"LU","17":"TI","18":"JU","19":"AG","20":"SH","21":"VS","22":"AI","23":"SO","24":"NW"},"main_mean":{"0":-0.0027132209,"1":-0.0059939176,"2":0.0229161845,"3":0.0076001236,"4":-0.0641860642,"5":0.0002222198,"6":-0.0235775767,"7":-0.038359898,"8":0.0077000466,"9":0.0069609562,"10":0.010105475,"11":-0.0412607592,"12":0.025589033,"13":0.0313247514,"14":0.0272054995,"15":-0.0441456777,"16":0.0072617497,"17":-0.000472347,"18":-0.1071420918,"19":-0.003566195,"20":0.0095346223,"21":0.0196048971,"22":0.0,"23":0.0007205695,"24":-0.0412607592},"sentiment_mean":{"0":0.05,"1":0.0843537415,"2":0.0625,"3":0.0502793296,"4":-0.2,"5":0.0,"6":0.0,"7":-0.0487804878,"8":0.0622347949,"9":0.0,"10":0.1306364339,"11":0.0,"12":0.125,"13":0.1140350877,"14":0.05,"15":0.125,"16":0.0422535211,"17":0.03125,"18":0.0,"19":0.0555555556,"20":0.0298507463,"21":0.1379310345,"22":0.0,"23":0.0,"24":0.0},"main_std":{"0":0.0989559393,"1":0.1324924355,"2":0.0633734489,"3":0.0971116886,"4":0.0883027818,"5":0.0003142662,"6":0.0447642448,"7":0.13671144,"8":0.1075624918,"9":0.0216887626,"10":0.1191864757,"11":0.0550894411,"12":0.2194013913,"13":0.1298453825,"14":0.0929714182,"15":0.0956105518,"16":0.1001288668,"17":0.208601314,"18":0.1515217994,"19":0.0808111966,"20":0.0662182177,"21":0.1082051633,"22":null,"23":0.0478126654,"24":0.0550894411},"sentiment_std":{"0":0.6863327412,"1":0.6940082649,"2":0.2459346884,"3":0.3705269091,"4":0.4472135955,"5":0.0,"6":0.0,"7":0.4444783185,"8":0.3897803351,"9":0.0,"10":0.4970965514,"11":0.0,"12":0.6512171448,"13":0.3458674341,"14":0.2197841777,"15":0.3535533906,"16":0.2439815017,"17":0.53218764,"18":0.0,"19":0.3503799691,"20":0.1708139958,"21":0.3950694304,"22":null,"23":0.0,"24":0.0},"sentiment_pv":{"0":0.7631042534,"1":0.506066153,"2":0.4376198178,"3":0.0006132085,"4":0.2118125213,"5":4.991593318e-66,"6":4.991593318e-66,"7":0.0426843908,"8":0.0271628269,"9":4.991593318e-66,"10":0.0005523606,"11":4.991593318e-66,"12":0.5541761095,"13":0.6043356632,"14":0.1094049263,"15":0.8290321414,"16":0.0021264857,"17":0.2317826122,"18":4.991593318e-66,"19":0.1657734412,"20":0.0000345241,"21":0.4354406562,"22":null,"23":4.991593318e-66,"24":4.991593318e-66},"main_pv":{"0":0.678115064,"1":0.0006705492,"2":0.1586209664,"3":0.7822291699,"4":0.1474050643,"5":0.0000025421,"6":0.1247974361,"7":0.0417501365,"8":0.8016665879,"9":0.9270565483,"10":0.1364609281,"11":0.180427391,"12":0.2342689499,"13":0.0458501361,"14":0.0935595655,"15":0.1769400416,"16":0.9280082192,"17":0.7399244808,"18":0.4808825151,"19":0.1395753361,"20":0.6216694326,"21":0.3669928755,"22":null,"23":0.4093492257,"24":0.180427391},"count":{"0":20,"1":1470,"2":32,"3":895,"4":5,"5":2,"6":7,"7":41,"8":707,"9":42,"10":3881,"11":4,"12":192,"13":114,"14":60,"15":8,"16":213,"17":96,"18":2,"19":144,"20":134,"21":58,"22":1,"23":47,"24":4},"nb_en":{"0":15,"1":1454,"2":6,"3":227,"4":1,"5":0,"6":0,"7":33,"8":213,"9":1,"10":1707,"11":0,"12":178,"13":20,"14":2,"15":2,"16":33,"17":90,"18":2,"19":29,"20":2,"21":17,"22":0,"23":1,"24":0},"nb_de":{"0":5,"1":16,"2":26,"3":668,"4":4,"5":2,"6":7,"7":8,"8":494,"9":41,"10":2174,"11":4,"12":14,"13":94,"14":58,"15":6,"16":180,"17":6,"18":0,"19":115,"20":132,"21":41,"22":1,"23":46,"24":4}}