{"canton":{"0":"NE","1":"GE","2":"TG","3":"SO","4":"BE","5":"SZ","6":"GL","7":"UR","8":"FR","9":"BS","10":"ZH","11":"OW","12":"VD","13":"SG","14":"GR","15":"AR","16":"LU","17":"TI","18":"JU","19":"AG","20":"SH","21":"VS","22":"BL","23":"NW"},"main_mean":{"0":0.010104325,"1":0.0041321268,"2":0.0298306927,"3":0.0151018359,"4":0.013965122,"5":-0.0302900775,"6":0.0,"7":0.0101444498,"8":0.0255274836,"9":0.0128864872,"10":0.0237109509,"11":-0.0106562644,"12":0.0181574479,"13":0.0834226468,"14":0.0202567389,"15":0.254448971,"16":0.0179325701,"17":-0.0219682553,"18":0.0,"19":0.0183106175,"20":0.0136151458,"21":0.0202024753,"22":0.002873519,"23":-0.0079957586},"sentiment_mean":{"0":0.4615384615,"1":0.068745004,"2":0.0434782609,"3":0.023255814,"4":0.0669710807,"5":-0.1428571429,"6":0.0,"7":0.0,"8":0.09375,"9":0.0777777778,"10":0.1545977011,"11":0.0,"12":0.1409395973,"13":0.2923076923,"14":0.046875,"15":0.5454545455,"16":0.0853658537,"17":-0.0394736842,"18":0.0,"19":0.023364486,"20":0.0352941176,"21":0.1090909091,"22":0.023255814,"23":0.2},"main_std":{"0":0.0413494912,"1":0.132908174,"2":0.1244738794,"3":0.0849690203,"4":0.1029928583,"5":0.0645601986,"6":0.0,"7":0.0163974123,"8":0.1293995387,"9":0.0937252939,"10":0.1269489346,"11":0.0157696819,"12":0.1380640351,"13":0.2030036521,"14":0.1306713514,"15":0.29323562,"16":0.1107379599,"17":0.0989928919,"18":null,"19":0.1193153932,"20":0.0615219305,"21":0.1624972411,"22":0.0211336533,"23":0.0621748322},"sentiment_std":{"0":0.5188745217,"1":0.7222675015,"2":0.2085144141,"3":0.1524985703,"4":0.3806550685,"5":0.377964473,"6":0.0,"7":0.0,"8":0.3870421002,"9":0.3821949432,"10":0.495111613,"11":0.0,"12":0.6474496143,"13":0.4583624699,"14":0.2777281702,"15":0.687551651,"16":0.3900989182,"17":0.5986827646,"18":null,"19":0.2815381758,"20":0.1856172985,"21":0.4160095829,"22":0.1524985703,"23":0.4472135955},"sentiment_pv":{"0":0.0325909341,"1":0.0349377004,"2":0.1230932319,"3":0.0004572274,"4":0.0037005462,"5":0.1226466505,"6":6.285917625e-74,"7":6.285917625e-74,"8":0.6825830826,"9":0.0408026882,"10":0.0000911256,"11":6.285917625e-74,"12":0.611834969,"13":0.0026753262,"14":0.0620670602,"15":0.0640015386,"16":0.3617948446,"17":0.0291996913,"18":null,"19":0.0000115429,"20":0.0003204548,"21":0.9340068571,"22":0.0004572274,"23":0.6887269562},"main_pv":{"0":0.5067319965,"1":0.0006040647,"2":0.6537604286,"3":0.8245815446,"4":0.3450825087,"5":0.0952315248,"6":9.744183799e-34,"7":0.3481260156,"8":0.645069225,"9":0.2334196207,"10":0.0290890577,"11":0.0138647975,"12":0.9897246352,"13":0.01174994,"14":0.8914833582,"15":0.023327182,"16":0.9929407985,"17":0.0007967652,"18":null,"19":0.9711315424,"20":0.5217984475,"21":0.9208527058,"22":0.0000692113,"23":0.4029169497},"count":{"0":13,"1":1251,"2":23,"3":43,"4":657,"5":7,"6":2,"7":5,"8":64,"9":540,"10":3480,"11":5,"12":149,"13":65,"14":64,"15":11,"16":164,"17":76,"18":1,"19":214,"20":85,"21":55,"22":43,"23":5},"nb_en":{"0":10,"1":1237,"2":1,"3":0,"4":202,"5":4,"6":0,"7":0,"8":25,"9":137,"10":1563,"11":0,"12":128,"13":14,"14":8,"15":4,"16":36,"17":71,"18":1,"19":20,"20":5,"21":16,"22":1,"23":1},"nb_de":{"0":3,"1":14,"2":22,"3":43,"4":455,"5":3,"6":2,"7":5,"8":39,"9":403,"10":1917,"11":5,"12":21,"13":51,"14":56,"15":7,"16":128,"17":5,"18":0,"19":194,"20":80,"21":39,"22":42,"23":4}}