{"canton":{"0":"UR","1":"BE","2":"BL","3":"TI","4":"NW","5":"VD","6":"GR","7":"SG","8":"JU","9":"SH","10":"OW","11":"AG","12":"GE","13":"BS","14":"FR","15":"AR","16":"GL","17":"ZH","18":"SO","19":"NE","20":"LU","21":"AI","22":"VS","23":"TG"},"main_mean":{"0":-0.0001599968,"1":0.0158504908,"2":0.0062713394,"3":0.0004293605,"4":0.0001904748,"5":0.0093398869,"6":0.004795091,"7":0.0218203991,"8":0.0,"9":-0.0000366177,"10":-0.0291420781,"11":0.0207220416,"12":0.0078454791,"13":0.0073035481,"14":0.0115968553,"15":0.0135807017,"16":0.0007058782,"17":0.0187598185,"18":0.0679046338,"19":0.0003333278,"20":0.02334556,"21":0.0,"22":-0.0127984525,"23":0.0129013333},"sentiment_mean":{"0":0.0,"1":0.0806100218,"2":-0.03125,"3":0.1034482759,"4":0.0,"5":0.145631068,"6":0.0,"7":0.0683229814,"8":0.5,"9":0.0149253731,"10":-0.1666666667,"11":0.1056338028,"12":0.08,"13":0.0446735395,"14":0.0681818182,"15":0.25,"16":0.0,"17":0.1551351351,"18":0.0789473684,"19":0.0,"20":0.0769230769,"21":0.0,"22":-0.023255814,"23":0.0},"main_std":{"0":0.0003919105,"1":0.1123272538,"2":0.0407090228,"3":0.1486068498,"4":0.0003299121,"5":0.1387990456,"6":0.0361478295,"7":0.1438190924,"8":0.0,"9":0.0537747609,"10":0.0488742466,"11":0.0805959622,"12":0.1574520686,"13":0.0898988628,"14":0.0660867187,"15":0.0189582197,"16":null,"17":0.1198388532,"18":0.2482563769,"19":0.0004713967,"20":0.099424434,"21":null,"22":0.058625224,"23":0.0236522646},"sentiment_std":{"0":0.0,"1":0.4020075962,"2":0.1767766953,"3":0.6825820124,"4":0.0,"5":0.6478889851,"6":0.0,"7":0.337717034,"8":0.7071067812,"9":0.2748298269,"10":0.4082482905,"11":0.330650476,"12":0.7094370803,"13":0.3636648605,"14":0.5010559674,"15":0.5,"16":null,"17":0.5033560792,"18":0.3587952022,"19":0.0,"20":0.3512010465,"21":null,"22":0.3442294427,"23":0.0},"sentiment_pv":{"0":8.386584732e-43,"1":0.244940597,"2":0.0001704446,"3":0.9925721067,"4":8.386584732e-43,"5":0.5199763874,"6":8.386584732e-43,"7":0.196961504,"8":0.5736564808,"9":0.0115004154,"10":0.165245841,"11":0.9584862729,"12":0.3501054804,"13":0.0004364843,"14":0.6381130043,"15":0.6006393509,"16":null,"17":0.0002492479,"18":0.6701977072,"19":8.386584732e-43,"20":0.4157145206,"21":null,"22":0.0206080211,"23":8.386584732e-43},"main_pv":{"0":0.0,"1":0.7719827951,"2":0.290090181,"3":0.391333792,"4":0.0,"5":0.7230252663,"6":0.1407137303,"7":0.5100222555,"8":0.0,"9":0.0394521921,"10":0.0817264909,"11":0.3561072153,"12":0.2681007674,"13":0.0943244011,"14":0.7950649959,"15":0.949373171,"16":null,"17":0.1740700768,"18":0.191256548,"19":0.0,"20":0.333078968,"21":null,"22":0.0048127672,"23":0.8795010886},"count":{"0":6,"1":459,"2":32,"3":87,"4":3,"5":103,"6":36,"7":161,"8":2,"9":67,"10":6,"11":142,"12":825,"13":582,"14":44,"15":4,"16":1,"17":1850,"18":38,"19":2,"20":117,"21":1,"22":43,"23":8},"nb_en":{"0":0,"1":157,"2":1,"3":83,"4":0,"5":101,"6":1,"7":16,"8":2,"9":3,"10":1,"11":18,"12":818,"13":130,"14":24,"15":1,"16":0,"17":845,"18":10,"19":0,"20":33,"21":1,"22":8,"23":2},"nb_de":{"0":6,"1":302,"2":31,"3":4,"4":3,"5":2,"6":35,"7":145,"8":0,"9":64,"10":5,"11":124,"12":7,"13":452,"14":20,"15":3,"16":1,"17":1005,"18":28,"19":2,"20":84,"21":0,"22":35,"23":6},"nb_fr":{"0":0,"1":0,"2":0,"3":0,"4":0,"5":0,"6":0,"7":0,"8":0,"9":0,"10":0,"11":0,"12":0,"13":0,"14":0,"15":0,"16":0,"17":0,"18":0,"19":0,"20":0,"21":0,"22":0,"23":0}}