{"canton":{"0":"NE","1":"GE","2":"TG","3":"BE","4":"SZ","5":"GL","6":"UR","7":"FR","8":"BS","9":"BL","10":"ZH","11":"OW","12":"VD","13":"SG","14":"GR","15":"AR","16":"LU","17":"TI","18":"JU","19":"AG","20":"SH","21":"VS","22":"AI","23":"SO","24":"NW"},"main_mean":{"0":0.1214019506,"1":0.0052234361,"2":0.0158175844,"3":0.009744747,"4":0.0501587707,"5":0.0129999316,"6":-0.0187914077,"7":0.0392456238,"8":0.0084623684,"9":-0.0026872359,"10":0.0133432718,"11":0.000888879,"12":-0.0053006711,"13":0.0181604562,"14":-0.0084737383,"15":0.0497171566,"16":-0.0020809232,"17":-0.0075064409,"18":0.0,"19":0.0003571037,"20":0.0122515376,"21":-0.0271141541,"22":-0.0532706676,"23":0.0338427666,"24":0.0002499969},"sentiment_mean":{"0":0.1111111111,"1":0.0909803922,"2":0.0,"3":0.0859259259,"4":0.125,"5":0.0,"6":0.0,"7":0.0625,"8":0.0586419753,"9":0.0322580645,"10":0.1356135614,"11":0.0,"12":0.1693548387,"13":0.0866141732,"14":0.0,"15":0.125,"16":0.0194805195,"17":0.1162790698,"18":0.0,"19":0.0445859873,"20":0.0365853659,"21":0.0192307692,"22":0.0,"23":0.1081081081,"24":0.0},"main_std":{"0":0.3341198157,"1":0.1498813757,"2":0.1169480786,"3":0.1053187063,"4":0.1274086515,"5":0.0183846795,"6":0.0470273685,"7":0.2812863013,"8":0.0910993278,"9":0.0278106154,"10":0.1210636199,"11":null,"12":0.16859649,"13":0.102604593,"14":0.1434580468,"15":0.1324275686,"16":0.0561681514,"17":0.1585972442,"18":0.0,"19":0.0894729728,"20":0.0622259716,"21":0.0919830756,"22":null,"23":0.1672309693,"24":0.000353549},"sentiment_std":{"0":0.78173596,"1":0.7051316023,"2":0.3333333333,"3":0.3947284239,"4":0.3535533906,"5":0.0,"6":0.0,"7":0.5644009099,"8":0.3640991189,"9":0.179605302,"10":0.4987086175,"11":null,"12":0.6713870389,"13":0.3568740396,"14":0.3123475238,"15":0.3535533906,"16":0.2674199953,"17":0.5813226699,"18":0.0,"19":0.2617482898,"20":0.245709954,"21":0.3699700367,"22":null,"23":0.3148000939,"24":0.0},"sentiment_pv":{"0":0.9837937051,"1":0.4783790559,"2":0.18516031,"3":0.2292930746,"4":0.8814637329,"5":1.412651713e-64,"6":1.412651713e-64,"7":0.6689609527,"8":0.0026130006,"9":0.0324933791,"10":0.0047569694,"11":null,"12":0.295212291,"13":0.5561589046,"14":0.0353137161,"15":0.8814637329,"16":0.0001676434,"17":0.8369526451,"18":1.412651713e-64,"19":0.0055934635,"20":0.0149268862,"21":0.1004048185,"22":null,"23":0.9626206156,"24":1.412651713e-64},"main_pv":{"0":0.3451806562,"1":0.3176306572,"2":0.8217441125,"3":0.9871155042,"4":0.3988380865,"5":0.8407509892,"6":0.1609313913,"7":0.5565378863,"8":0.7544242585,"9":0.0232269767,"10":0.1536399399,"11":null,"12":0.3268230724,"13":0.3593441871,"14":0.418027662,"15":0.4208958358,"16":0.0144987805,"17":0.2233319336,"18":0.0000000001,"19":0.2031728798,"20":0.7148888117,"21":0.0059926475,"22":null,"23":0.3858494436,"24":0.0000000006},"count":{"0":9,"1":1275,"2":19,"3":675,"4":8,"5":2,"6":7,"7":32,"8":648,"9":31,"10":3333,"11":1,"12":124,"13":127,"14":42,"15":8,"16":154,"17":129,"18":2,"19":157,"20":82,"21":52,"22":1,"23":37,"24":2},"nb_en":{"0":7,"1":1266,"2":2,"3":217,"4":2,"5":0,"6":1,"7":22,"8":174,"9":1,"10":1495,"11":0,"12":108,"13":19,"14":2,"15":0,"16":35,"17":125,"18":2,"19":17,"20":7,"21":17,"22":0,"23":5,"24":0},"nb_de":{"0":2,"1":9,"2":17,"3":458,"4":6,"5":2,"6":6,"7":10,"8":474,"9":30,"10":1838,"11":1,"12":16,"13":108,"14":40,"15":8,"16":119,"17":4,"18":0,"19":140,"20":75,"21":35,"22":1,"23":32,"24":2}}