{"canton":{"0":"UR","1":"BE","2":"BL","3":"TI","4":"GR","5":"VD","6":"SG","7":"JU","8":"SH","9":"OW","10":"AG","11":"GE","12":"BS","13":"FR","14":"AR","15":"GL","16":"ZH","17":"SO","18":"NE","19":"LU","20":"VS","21":"SZ","22":"TG"},"main_mean":{"0":0.0,"1":0.0078059025,"2":-0.0026582759,"3":-0.0164557016,"4":0.0176787805,"5":0.0141683697,"6":0.0723817211,"7":0.0,"8":0.0056747627,"9":0.0,"10":0.0063150487,"11":0.0072871675,"12":0.0139759842,"13":-0.0194487098,"14":-0.0000997689,"15":-0.0049015563,"16":0.0112476052,"17":0.0074982377,"18":-0.0620028332,"19":0.001547881,"20":0.0280875374,"21":0.1565485916,"22":0.0111630808},"sentiment_mean":{"0":0.0,"1":0.0478142077,"2":0.0344827586,"3":0.0833333333,"4":0.05,"5":0.1818181818,"6":0.1578947368,"7":0.0,"8":0.0294117647,"9":0.0,"10":0.0,"11":0.1050041017,"12":0.072859745,"13":-0.0526315789,"14":0.5,"15":0.0,"16":0.1072276892,"17":-0.025,"18":0.0,"19":0.0333333333,"20":0.0681818182,"21":0.4615384615,"22":0.0},"main_std":{"0":null,"1":0.1108898783,"2":0.0172471021,"3":0.2023074046,"4":0.0377143847,"5":0.1897797008,"6":0.188682492,"7":null,"8":0.0342424993,"9":null,"10":0.0511912882,"11":0.1378533477,"12":0.0964555464,"13":0.1284119553,"14":0.0971411604,"15":0.0359203773,"16":0.1087210641,"17":0.0344358892,"18":0.1047082398,"19":0.0894916287,"20":0.1650586539,"21":0.2489344301,"22":0.0195058061},"sentiment_std":{"0":null,"1":0.3686157467,"2":0.1856953382,"3":0.6022832374,"4":0.2207214279,"5":0.6369968342,"6":0.4633970674,"7":null,"8":0.242535625,"9":null,"10":0.2898855178,"11":0.6844265005,"12":0.3846640638,"13":0.4619212768,"14":0.5773502692,"15":0.0,"16":0.4755088211,"17":0.2761920551,"18":0.4264014327,"19":0.2434832978,"20":0.3975346861,"21":0.5188745217,"22":0.0},"sentiment_pv":{"0":null,"1":0.0031899101,"2":0.110468555,"3":0.8739283235,"4":0.2414743695,"5":0.0745504767,"6":0.2229281586,"7":null,"8":0.0404883927,"9":null,"10":0.0009271145,"11":0.53174601,"12":0.2730874509,"13":0.0618125986,"14":0.2525718563,"15":3.328015512e-48,"16":0.1609898673,"17":0.0112722805,"18":0.4703506159,"19":0.0053254876,"20":0.6929465845,"21":0.02473305,"22":3.328015512e-48},"main_pv":{"0":null,"1":0.5741030028,"2":0.0007143091,"3":0.1519564308,"4":0.2337367119,"5":0.7925997649,"6":0.0054165009,"7":null,"8":0.3018213188,"9":null,"10":0.4228151287,"11":0.481592391,"12":0.395992454,"13":0.1631952114,"14":0.8448520617,"15":0.4612504096,"16":0.6916970423,"17":0.6273247363,"18":0.0359050298,"19":0.2445418845,"20":0.4782929119,"21":0.055674985,"22":0.8459484654},"count":{"0":1,"1":732,"2":29,"3":120,"4":40,"5":165,"6":76,"7":1,"8":68,"9":1,"10":120,"11":1219,"12":549,"13":38,"14":4,"15":4,"16":2947,"17":40,"18":12,"19":150,"20":44,"21":13,"22":20},"nb_en":{"0":0,"1":219,"2":2,"3":116,"4":4,"5":154,"6":18,"7":1,"8":5,"9":0,"10":15,"11":1199,"12":158,"13":14,"14":4,"15":0,"16":1300,"17":4,"18":9,"19":28,"20":16,"21":10,"22":0},"nb_de":{"0":1,"1":513,"2":27,"3":4,"4":36,"5":11,"6":58,"7":0,"8":63,"9":1,"10":105,"11":20,"12":391,"13":24,"14":0,"15":4,"16":1647,"17":36,"18":3,"19":122,"20":28,"21":3,"22":20},"nb_fr":{"0":0,"1":0,"2":0,"3":0,"4":0,"5":0,"6":0,"7":0,"8":0,"9":0,"10":0,"11":0,"12":0,"13":0,"14":0,"15":0,"16":0,"17":0,"18":0,"19":0,"20":0,"21":0,"22":0}}