{"canton":{"0":"TI","1":"UR","2":"BE","3":"BL","4":"NW","5":"TG","6":"VD","7":"SG","8":"JU","9":"SH","10":"OW","11":"AG","12":"GE","13":"BS","14":"FR","15":"SO","16":"AR","17":"ZH","18":"VS","19":"NE","20":"LU","21":"GR","22":"SZ"},"main_mean":{"0":0.0124898901,"1":-0.0333650549,"2":0.005179329,"3":0.0134781776,"4":0.0,"5":0.0256640061,"6":-0.013651723,"7":0.026707529,"8":0.0,"9":0.0160592385,"10":0.0,"11":0.0081095208,"12":-0.0122249869,"13":0.0098805458,"14":-0.0073703948,"15":0.0040355055,"16":0.0073460973,"17":0.0132474927,"18":0.036119627,"19":0.0157049323,"20":0.0143888738,"21":0.0149675185,"22":0.0000888883},"sentiment_mean":{"0":0.1827956989,"1":-0.2,"2":0.0782918149,"3":0.0,"4":0.0,"5":0.0833333333,"6":0.2134831461,"7":0.0916666667,"8":0.0,"9":0.025974026,"10":0.0,"11":0.0591133005,"12":0.0861889927,"13":0.0646437995,"14":0.0119047619,"15":0.0384615385,"16":0.0,"17":0.1330455259,"18":0.0227272727,"19":0.25,"20":0.064516129,"21":0.0163934426,"22":0.0},"main_std":{"0":0.1161764622,"1":0.0745196986,"2":0.1307049551,"3":0.0523413012,"4":0.0,"5":0.080024073,"6":0.1709869948,"7":0.1223328701,"8":null,"9":0.0593559528,"10":0.0,"11":0.1243395011,"12":0.1410002651,"13":0.127679098,"14":0.0689391002,"15":0.0374988183,"16":0.0103889505,"17":0.1541697969,"18":0.1594355466,"19":0.0441614829,"20":0.0658403594,"21":0.0781452371,"22":0.000153959},"sentiment_std":{"0":0.5700159525,"1":0.4472135955,"2":0.4105453964,"3":0.0,"4":0.0,"5":0.4082482905,"6":0.6985685057,"7":0.3174433936,"8":null,"9":0.2279211529,"10":0.0,"11":0.2364196679,"12":0.7091958446,"13":0.3739051897,"14":0.1897396834,"15":0.1961161351,"16":0.0,"17":0.51590242,"18":0.2631328574,"19":0.4629100499,"20":0.2470016552,"21":0.2229950133,"22":0.0},"sentiment_pv":{"0":0.1732034294,"1":0.2066191621,"2":0.2178020866,"3":1.866118219e-51,"4":1.866118219e-51,"5":0.832918058,"6":0.1343836962,"7":0.7497801802,"8":null,"9":0.0062200579,"10":1.866118219e-51,"11":0.0193306152,"12":0.5292017361,"13":0.0158382669,"14":0.0000819202,"15":0.119985831,"16":1.866118219e-51,"17":0.0089325212,"18":0.0573280964,"19":0.393656041,"20":0.1689261309,"21":0.0051642972,"22":1.866118219e-51},"main_pv":{"0":0.6768651966,"1":0.2886742776,"2":0.7029178725,"3":0.4115255331,"4":0.0000551587,"5":0.2776137419,"6":0.2509933324,"7":0.0904001473,"8":null,"9":0.2197072282,"10":0.0000551587,"11":0.9363085922,"12":0.0000655909,"13":0.6184320722,"14":0.0595573037,"15":0.6608532086,"16":0.9956984707,"17":0.1005009899,"18":0.2398901997,"19":0.6130401376,"20":0.3248194477,"21":0.4593903356,"22":0.0000690557},"count":{"0":93,"1":5,"2":562,"3":54,"4":2,"5":24,"6":89,"7":120,"8":1,"9":77,"10":2,"11":203,"12":963,"13":758,"14":84,"15":26,"16":2,"17":2548,"18":44,"19":8,"20":93,"21":61,"22":3},"nb_en":{"0":87,"1":1,"2":186,"3":0,"4":0,"5":3,"6":77,"7":11,"8":0,"9":3,"10":0,"11":13,"12":955,"13":190,"14":17,"15":1,"16":0,"17":1188,"18":18,"19":6,"20":22,"21":3,"22":0},"nb_de":{"0":6,"1":4,"2":376,"3":54,"4":2,"5":21,"6":12,"7":109,"8":1,"9":74,"10":2,"11":190,"12":8,"13":568,"14":67,"15":25,"16":2,"17":1360,"18":26,"19":2,"20":71,"21":58,"22":3},"nb_fr":{"0":0,"1":0,"2":0,"3":0,"4":0,"5":0,"6":0,"7":0,"8":0,"9":0,"10":0,"11":0,"12":0,"13":0,"14":0,"15":0,"16":0,"17":0,"18":0,"19":0,"20":0,"21":0,"22":0}}