{"canton":{"0":"SG","1":"AI","2":"VS","3":"SZ","4":"AG","5":"TG","6":"ZH","7":"BE","8":"GE","9":"BS","10":"AR","11":"LU","12":"OW","13":"GR","14":"UR","15":"GL","16":"VD","17":"SH","18":"BL","19":"NW","20":"TI","21":"SO","22":"NE","23":"FR"},"main_mean":{"0":0.0562631391,"1":0.0,"2":-0.0042102633,"3":0.0566375486,"4":0.0175298705,"5":0.0386740905,"6":0.0091954189,"7":0.0080479276,"8":0.001373131,"9":0.0077441111,"10":-0.0227270661,"11":0.0009588649,"12":0.000399996,"13":0.0441865659,"14":-0.0253997487,"15":0.0002857122,"16":0.0372610466,"17":0.0066351582,"18":0.007800135,"19":-0.07699923,"20":0.0027473378,"21":0.0141755195,"22":-0.0820338433,"23":-0.0347653916},"sentiment_mean":{"0":0.1428571429,"1":0.0,"2":0.0740740741,"3":0.3333333333,"4":0.0446428571,"5":0.0555555556,"6":0.113242346,"7":0.0391459075,"8":0.1118210863,"9":0.0631163708,"10":-0.25,"11":0.0437956204,"12":0.0,"13":0.140625,"14":-0.3333333333,"15":0.0,"16":0.2826086957,"17":0.1,"18":0.0,"19":0.0,"20":0.1666666667,"21":0.0952380952,"22":0.0,"23":-0.0416666667},"main_std":{"0":0.1944482949,"1":null,"2":0.0925804003,"3":0.1795365439,"4":0.1080163927,"5":0.0769542069,"6":0.1182752478,"7":0.1215983199,"8":0.1457174093,"9":0.1143882002,"10":0.0454541322,"11":0.0761018939,"12":null,"13":0.1447115168,"14":0.0446882518,"15":0.0004040581,"16":0.1715318894,"17":0.038630827,"18":0.0724806185,"19":null,"20":0.1614575613,"21":0.08800651,"22":0.1461155827,"23":0.0995387799},"sentiment_std":{"0":0.3847345241,"1":null,"2":0.2643505286,"3":0.5163977795,"4":0.2470872792,"5":0.2357022604,"6":0.4729723082,"7":0.370813025,"8":0.7251635989,"9":0.4216949522,"10":0.5,"11":0.2937739512,"12":null,"13":0.3930825472,"14":0.5773502692,"15":0.0,"16":0.6392186201,"17":0.3016806854,"18":0.254000254,"19":null,"20":0.5814018997,"21":0.2971017572,"22":0.5773502692,"23":0.2886751346},"sentiment_pv":{"0":0.3191564308,"1":null,"2":0.4770656457,"3":0.3193883371,"4":0.0236374348,"5":0.4350037473,"6":0.2504242112,"7":0.0003491229,"8":0.6385972895,"9":0.0622689981,"10":0.255733772,"11":0.03123099,"12":null,"13":0.4186896177,"14":0.3230068968,"15":1.212102799e-49,"16":0.0011234404,"17":0.9934814875,"18":0.034395657,"19":null,"20":0.3380178326,"21":0.9140867312,"22":0.6621859168,"23":0.0014944627},"main_pv":{"0":0.028297357,"1":null,"2":0.3115192914,"3":0.542614565,"4":0.3986895334,"5":0.1187027109,"6":0.8799632506,"7":0.8934673673,"8":0.1422635093,"9":0.8478228179,"10":0.2599406324,"11":0.2462331082,"12":null,"13":0.0555937771,"14":0.3162913232,"15":0.0000005817,"16":0.0545464576,"17":0.6282449133,"18":0.9406118186,"19":null,"20":0.7534219855,"21":0.6947665061,"22":0.1513017436,"23":0.0041443437},"count":{"0":84,"1":1,"2":54,"3":6,"4":112,"5":18,"6":2711,"7":562,"8":939,"9":507,"10":4,"11":137,"12":1,"13":64,"14":3,"15":2,"16":138,"17":90,"18":32,"19":1,"20":72,"21":42,"22":7,"23":48},"nb_en":{"0":14,"1":0,"2":13,"3":5,"4":8,"5":0,"6":1088,"7":166,"8":932,"9":173,"10":1,"11":20,"12":0,"13":3,"14":1,"15":0,"16":129,"17":10,"18":4,"19":0,"20":67,"21":10,"22":5,"23":27},"nb_de":{"0":70,"1":1,"2":41,"3":1,"4":104,"5":18,"6":1623,"7":396,"8":7,"9":334,"10":3,"11":117,"12":1,"13":61,"14":2,"15":2,"16":9,"17":80,"18":28,"19":1,"20":5,"21":32,"22":2,"23":21}}