{"canton":{"0":"NE","1":"GE","2":"TG","3":"BE","4":"SZ","5":"SO","6":"UR","7":"FR","8":"BS","9":"ZH","10":"OW","11":"VD","12":"SG","13":"GR","14":"AR","15":"LU","16":"GL","17":"TI","18":"JU","19":"AG","20":"SH","21":"VS","22":"BL","23":"NW"},"main_mean":{"0":-0.010801096,"1":0.0024629285,"2":-0.0433229288,"3":0.0104788872,"4":-0.0077670234,"5":0.0073460231,"6":-0.0198235863,"7":0.0154119584,"8":0.0016111607,"9":0.0066360946,"10":-0.0042307198,"11":0.0109525764,"12":0.0105446445,"13":0.0068654009,"14":-0.0177723355,"15":0.0016785095,"16":0.0161059416,"17":-0.0217351365,"18":0.0,"19":-0.0026045998,"20":0.0118462974,"21":-0.0106595149,"22":0.0049017585,"23":-0.0148321825},"sentiment_mean":{"0":0.0,"1":0.1275,"2":0.0333333333,"3":0.0874172185,"4":0.0,"5":0.0810810811,"6":0.0,"7":0.137254902,"8":0.051457976,"9":0.1242655699,"10":0.0,"11":0.0810810811,"12":0.0357142857,"13":-0.0178571429,"14":0.3333333333,"15":-0.0120481928,"16":0.0,"17":0.0277777778,"18":0.0,"19":0.0659340659,"20":0.0609756098,"21":0.1041666667,"22":0.03125,"23":0.0},"main_std":{"0":0.0834306846,"1":0.143433605,"2":0.1928843639,"3":0.111850222,"4":0.0139177447,"5":0.0752473484,"6":0.040649059,"7":0.1647728036,"8":0.1097620671,"9":0.1196737657,"10":0.0093999071,"11":0.220572078,"12":0.1193014903,"13":0.1069411538,"14":0.0301906973,"15":0.1321872108,"16":0.0144275087,"17":0.2018971099,"18":null,"19":0.1320717613,"20":0.0456769916,"21":0.0452095746,"22":0.0465431151,"23":0.0187700274},"sentiment_std":{"0":0.3922322703,"1":0.6879715382,"2":0.1825741858,"3":0.3788690128,"4":0.0,"5":0.2767247307,"6":0.0,"7":0.4480896269,"8":0.347935148,"9":0.4933991749,"10":0.0,"11":0.6336753124,"12":0.3533258055,"13":0.2328535575,"14":0.5773502692,"15":0.3811935293,"16":0.0,"17":0.5873802655,"18":null,"19":0.3887929412,"20":0.2407581121,"21":0.3087092782,"22":0.1767766953,"23":0.0},"sentiment_pv":{"0":0.1852364955,"1":0.238381582,"2":0.0481935928,"3":0.300205161,"4":4.583932018e-64,"5":0.6354419264,"6":4.583932018e-64,"7":0.5893909597,"8":0.0010081173,"9":0.0408545936,"10":4.583932018e-64,"11":0.6762921998,"12":0.0495969909,"13":0.000329055,"14":0.5610353759,"15":0.0001903705,"16":4.583932018e-64,"17":0.1883726625,"18":null,"19":0.3703881973,"20":0.1265851119,"21":0.9797105285,"22":0.0308217631,"23":4.583932018e-64},"main_pv":{"0":0.3348721003,"1":0.5589751118,"2":0.180523766,"3":0.2108896917,"4":0.0516953579,"5":0.8542380951,"6":0.1574646237,"7":0.6556786533,"8":0.4744923907,"9":0.5316548288,"10":0.0915082804,"11":0.745674053,"12":0.6293660505,"13":0.899395784,"14":0.3205085277,"15":0.7462179684,"16":0.3142409609,"17":0.1722662131,"18":null,"19":0.5844006773,"20":0.1994105509,"21":0.0229476965,"22":0.9868834395,"23":0.1231601067},"count":{"0":27,"1":1200,"2":30,"3":755,"4":7,"5":37,"6":7,"7":51,"8":583,"9":3404,"10":5,"11":148,"12":112,"13":56,"14":3,"15":166,"16":3,"17":108,"18":1,"19":91,"20":82,"21":48,"22":32,"23":4},"nb_en":{"0":16,"1":1192,"2":4,"3":229,"4":1,"5":7,"6":0,"7":29,"8":162,"9":1494,"10":0,"11":136,"12":22,"13":5,"14":1,"15":41,"16":0,"17":106,"18":1,"19":23,"20":5,"21":14,"22":2,"23":0},"nb_de":{"0":11,"1":8,"2":26,"3":526,"4":6,"5":30,"6":7,"7":22,"8":421,"9":1910,"10":5,"11":12,"12":90,"13":51,"14":2,"15":125,"16":3,"17":2,"18":0,"19":68,"20":77,"21":34,"22":30,"23":4}}