{"canton":{"0":"UR","1":"NW","2":"BE","3":"BL","4":"TG","5":"TI","6":"VD","7":"SG","8":"JU","9":"SH","10":"OW","11":"AG","12":"GE","13":"BS","14":"FR","15":"SO","16":"AR","17":"GL","18":"ZH","19":"VS","20":"NE","21":"LU","22":"AI","23":"GR","24":"SZ"},"main_mean":{"0":-0.0187914077,"1":0.0002499969,"2":0.009744747,"3":-0.0026872359,"4":0.0158175844,"5":-0.0075064409,"6":-0.0053006711,"7":0.0181604562,"8":0.0,"9":0.0122515376,"10":0.000888879,"11":0.0003571037,"12":0.0052234361,"13":0.0084623684,"14":0.0392456238,"15":0.0338427666,"16":0.0497171566,"17":0.0129999316,"18":0.0133432718,"19":-0.0271141541,"20":0.1214019506,"21":-0.0020809232,"22":-0.0532706676,"23":-0.0084737383,"24":0.0501587707},"sentiment_mean":{"0":0.0,"1":0.0,"2":0.0859259259,"3":0.0322580645,"4":0.0,"5":0.1162790698,"6":0.1693548387,"7":0.0866141732,"8":0.0,"9":0.0365853659,"10":0.0,"11":0.0445859873,"12":0.0909803922,"13":0.0586419753,"14":0.0625,"15":0.1081081081,"16":0.125,"17":0.0,"18":0.1356135614,"19":0.0192307692,"20":0.1111111111,"21":0.0194805195,"22":0.0,"23":0.0,"24":0.125},"main_std":{"0":0.0470273685,"1":0.000353549,"2":0.1053187063,"3":0.0278106154,"4":0.1169480786,"5":0.1585972442,"6":0.16859649,"7":0.102604593,"8":0.0,"9":0.0622259716,"10":null,"11":0.0894729728,"12":0.1498813757,"13":0.0910993278,"14":0.2812863013,"15":0.1672309693,"16":0.1324275686,"17":0.0183846795,"18":0.1210636199,"19":0.0919830756,"20":0.3341198157,"21":0.0561681514,"22":null,"23":0.1434580468,"24":0.1274086515},"sentiment_std":{"0":0.0,"1":0.0,"2":0.3947284239,"3":0.179605302,"4":0.3333333333,"5":0.5813226699,"6":0.6713870389,"7":0.3568740396,"8":0.0,"9":0.245709954,"10":null,"11":0.2617482898,"12":0.7051316023,"13":0.3640991189,"14":0.5644009099,"15":0.3148000939,"16":0.3535533906,"17":0.0,"18":0.4987086175,"19":0.3699700367,"20":0.78173596,"21":0.2674199953,"22":null,"23":0.3123475238,"24":0.3535533906},"sentiment_pv":{"0":1.412651713e-64,"1":1.412651713e-64,"2":0.2292930746,"3":0.0324933791,"4":0.18516031,"5":0.8369526451,"6":0.295212291,"7":0.5561589046,"8":1.412651713e-64,"9":0.0149268862,"10":null,"11":0.0055934635,"12":0.4783790559,"13":0.0026130006,"14":0.6689609527,"15":0.9626206156,"16":0.8814637329,"17":1.412651713e-64,"18":0.0047569694,"19":0.1004048185,"20":0.9837937051,"21":0.0001676434,"22":null,"23":0.0353137161,"24":0.8814637329},"main_pv":{"0":0.1609313913,"1":0.0000000006,"2":0.9871155042,"3":0.0232269767,"4":0.8217441125,"5":0.2233319336,"6":0.3268230724,"7":0.3593441871,"8":0.0000000001,"9":0.7148888117,"10":null,"11":0.2031728798,"12":0.3176306572,"13":0.7544242585,"14":0.5565378863,"15":0.3858494436,"16":0.4208958358,"17":0.8407509892,"18":0.1536399399,"19":0.0059926475,"20":0.3451806562,"21":0.0144987805,"22":null,"23":0.418027662,"24":0.3988380865},"count":{"0":7,"1":2,"2":675,"3":31,"4":19,"5":129,"6":124,"7":127,"8":2,"9":82,"10":1,"11":157,"12":1275,"13":648,"14":32,"15":37,"16":8,"17":2,"18":3333,"19":52,"20":9,"21":154,"22":1,"23":42,"24":8},"nb_en":{"0":1,"1":0,"2":217,"3":1,"4":2,"5":125,"6":108,"7":19,"8":2,"9":7,"10":0,"11":17,"12":1266,"13":174,"14":22,"15":5,"16":0,"17":0,"18":1495,"19":17,"20":7,"21":35,"22":0,"23":2,"24":2},"nb_de":{"0":6,"1":2,"2":458,"3":30,"4":17,"5":4,"6":16,"7":108,"8":0,"9":75,"10":1,"11":140,"12":9,"13":474,"14":10,"15":32,"16":8,"17":2,"18":1838,"19":35,"20":2,"21":119,"22":1,"23":40,"24":6},"nb_fr":{"0":0,"1":0,"2":0,"3":0,"4":0,"5":0,"6":0,"7":0,"8":0,"9":0,"10":0,"11":0,"12":0,"13":0,"14":0,"15":0,"16":0,"17":0,"18":0,"19":0,"20":0,"21":0,"22":0,"23":0,"24":0}}