{"canton":{"0":"SG","1":"GL","2":"JU","3":"VS","4":"SZ","5":"AG","6":"TG","7":"ZH","8":"BE","9":"GE","10":"BS","11":"AR","12":"LU","13":"OW","14":"GR","15":"UR","16":"VD","17":"SH","18":"BL","19":"NW","20":"TI","21":"SO","22":"AI","23":"NE","24":"FR"},"main_mean":{"0":0.0129294962,"1":-0.0089831836,"2":0.0499995,"3":-0.0046256856,"4":-0.0137522908,"5":0.0307479275,"6":0.0223595965,"7":0.0090258898,"8":0.0064767705,"9":-0.0026342875,"10":0.0090376702,"11":0.1084828434,"12":0.0234315193,"13":-0.0139784803,"14":-0.001790498,"15":0.0154019783,"16":0.0171124644,"17":0.0125777733,"18":0.0028792034,"19":-0.0115654013,"20":0.0080918773,"21":0.0204129048,"22":0.0159497342,"23":-0.0299985912,"24":0.0028427154},"sentiment_mean":{"0":0.0921052632,"1":0.0,"2":0.5,"3":0.0256410256,"4":0.1,"5":0.095890411,"6":0.12,"7":0.1231578947,"8":0.0880398671,"9":0.1024096386,"10":0.0649350649,"11":0.125,"12":0.0738255034,"13":0.0,"14":0.0256410256,"15":0.0,"16":0.1612903226,"17":0.0609756098,"18":-0.0322580645,"19":0.0,"20":0.0666666667,"21":0.0625,"22":0.0,"23":0.0909090909,"24":0.1086956522},"main_std":{"0":0.0615380369,"1":null,"2":0.070709971,"3":0.0660778586,"4":0.0490027179,"5":0.1315365089,"6":0.098953785,"7":0.129436565,"8":0.1236788667,"9":0.1317467557,"10":0.0746310593,"11":0.1756987239,"12":0.1002248909,"13":0.0438971341,"14":0.0874675622,"15":0.034121334,"16":0.1826767462,"17":0.0880838311,"18":0.0267100859,"19":0.0397052189,"20":0.1467392655,"21":0.0552444631,"22":null,"23":0.1444351854,"24":0.1969835697},"sentiment_std":{"0":0.3715779534,"1":null,"2":0.7071067812,"3":0.3618068318,"4":0.316227766,"5":0.4138029443,"6":0.4396968653,"7":0.4963084429,"8":0.387693137,"9":0.7048577923,"10":0.3842110209,"11":0.8345229604,"12":0.3693302875,"13":0.0,"14":0.2797724157,"15":0.0,"16":0.5950944861,"17":0.2407581121,"18":0.179605302,"19":0.0,"20":0.5958659075,"21":0.2459346884,"22":null,"23":0.3015113446,"24":0.4335005252},"sentiment_pv":{"0":0.7673643678,"1":null,"2":0.5742702013,"3":0.1819041871,"4":0.961948137,"5":0.8540745183,"6":0.8656148432,"7":0.112303017,"8":0.3262827268,"9":0.9083033822,"10":0.0368071582,"11":0.9476431146,"12":0.3173928475,"13":1.774748166e-53,"14":0.0878701435,"15":1.774748166e-53,"16":0.3661106599,"17":0.1126168446,"18":0.0002147626,"19":1.774748166e-53,"20":0.5463684893,"21":0.3421255353,"22":null,"23":0.8809128972,"24":0.9533506555},"main_pv":{"0":0.4305469949,"1":null,"2":0.5491599342,"3":0.2762243038,"4":0.2110779473,"5":0.1323830431,"6":0.452317188,"7":0.5296895244,"8":0.8925731005,"9":0.0191876315,"10":0.6303016217,"11":0.1470573072,"12":0.0541056556,"13":0.3422381239,"14":0.5277911003,"15":0.6204127466,"16":0.6030532368,"17":0.5864082439,"18":0.3998539172,"19":0.300650696,"20":0.9539957897,"21":0.19094155,"22":null,"23":0.413353275,"24":0.8818050729},"count":{"0":76,"1":1,"2":2,"3":39,"4":10,"5":73,"6":25,"7":2850,"8":602,"9":1162,"10":462,"11":8,"12":149,"13":5,"14":39,"15":5,"16":93,"17":82,"18":31,"19":6,"20":90,"21":32,"22":1,"23":11,"24":46},"nb_en":{"0":14,"1":0,"2":2,"3":11,"4":2,"5":13,"6":5,"7":1220,"8":176,"9":1152,"10":117,"11":3,"12":28,"13":0,"14":5,"15":0,"16":85,"17":3,"18":4,"19":0,"20":81,"21":1,"22":0,"23":6,"24":21},"nb_de":{"0":62,"1":1,"2":0,"3":28,"4":8,"5":60,"6":20,"7":1630,"8":426,"9":10,"10":345,"11":5,"12":121,"13":5,"14":34,"15":5,"16":8,"17":79,"18":27,"19":6,"20":9,"21":31,"22":1,"23":5,"24":25}}