{"canton":{"0":"NE","1":"GE","2":"TG","3":"BE","4":"SZ","5":"GL","6":"UR","7":"FR","8":"BS","9":"BL","10":"ZH","11":"OW","12":"VD","13":"SG","14":"GR","15":"AR","16":"LU","17":"TI","18":"JU","19":"AG","20":"SH","21":"VS","22":"SO","23":"NW"},"main_mean":{"0":0.0615523232,"1":-0.0013878246,"2":0.0225345381,"3":0.0150583465,"4":0.0290394143,"5":0.0001818165,"6":0.0049780628,"7":-0.0268309981,"8":0.0034143882,"9":0.0096893219,"10":0.0119926903,"11":-0.0031412735,"12":0.0160341788,"13":0.0104785703,"14":0.0144053505,"15":0.0027766002,"16":0.0073446456,"17":0.0077792056,"18":0.0,"19":0.0126416009,"20":0.0146346105,"21":-0.0045196703,"22":0.0016261989,"23":0.0099561255},"sentiment_mean":{"0":0.2272727273,"1":0.1139476961,"2":0.1,"3":0.0610859729,"4":0.4444444444,"5":0.0,"6":0.0,"7":-0.05,"8":0.0263929619,"9":0.0243902439,"10":0.1271807838,"11":0.0,"12":0.1402439024,"13":0.0792079208,"14":0.0597014925,"15":0.0,"16":0.0465116279,"17":0.1981981982,"18":0.0,"19":0.096969697,"20":0.0792079208,"21":0.0285714286,"22":0.0,"23":0.0},"main_std":{"0":0.2234110917,"1":0.1375193505,"2":0.0467239997,"3":0.1154632172,"4":0.1138027683,"5":0.0002571274,"6":0.0099561255,"7":0.1030301623,"8":0.1008618735,"9":0.0422555423,"10":0.1267717053,"11":0.0365353088,"12":0.1836054618,"13":0.0793325496,"14":0.07127608,"15":0.0341191755,"16":0.0933851809,"17":0.1484049627,"18":0.0,"19":0.1476585336,"20":0.0628095653,"21":0.0496471556,"22":0.0495033777,"23":0.0140800878},"sentiment_std":{"0":0.4289320272,"1":0.6953999148,"2":0.3051285766,"3":0.3635445196,"4":0.5270462767,"5":0.0,"6":0.0,"7":0.5038314737,"8":0.4293301936,"9":0.1561737619,"10":0.4757732215,"11":0.0,"12":0.6352352844,"13":0.3371399803,"14":0.2387211518,"15":0.0,"16":0.3454300024,"17":0.5530053398,"18":1.4142135624,"19":0.3353964241,"20":0.2714099599,"21":0.2934763438,"22":0.1591114568,"23":0.0},"sentiment_pv":{"0":0.1896697985,"1":0.5522029048,"2":0.9558953554,"3":0.0017631437,"4":0.0880183102,"5":1.575294843e-76,"6":1.575294843e-76,"7":0.0624433361,"8":0.0000109052,"9":0.0029384379,"10":0.0101830663,"11":1.575294843e-76,"12":0.4580512713,"13":0.4833334781,"14":0.1479129779,"15":1.575294843e-76,"16":0.0201204995,"17":0.074313267,"18":0.9345817019,"19":0.8179222088,"20":0.3875153815,"21":0.0392498772,"22":0.000000273,"23":1.575294843e-76},"main_pv":{"0":0.2801448791,"1":0.0061932085,"2":0.1203490945,"3":0.1244038096,"4":0.6071258747,"5":0.0000000006,"6":0.5133309945,"7":0.0356459768,"8":0.1947193623,"9":0.8873996505,"10":0.1799686129,"11":0.6305147086,"12":0.6126875989,"13":0.8275891108,"14":0.5217241594,"15":0.7912666724,"16":0.8317941877,"17":0.9465779406,"18":0.0000000002,"19":0.735820295,"20":0.3579600774,"21":0.0326352769,"22":0.2159658202,"23":0.9221214907},"count":{"0":22,"1":1606,"2":30,"3":884,"4":9,"5":2,"6":4,"7":40,"8":682,"9":41,"10":3955,"11":3,"12":164,"13":101,"14":67,"15":3,"16":215,"17":111,"18":2,"19":165,"20":101,"21":70,"22":80,"23":2},"nb_en":{"0":16,"1":1595,"2":5,"3":203,"4":5,"5":0,"6":0,"7":25,"8":208,"9":1,"10":1680,"11":0,"12":138,"13":16,"14":7,"15":1,"16":46,"17":104,"18":2,"19":38,"20":5,"21":12,"22":5,"23":0},"nb_de":{"0":6,"1":11,"2":25,"3":681,"4":4,"5":2,"6":4,"7":15,"8":474,"9":40,"10":2275,"11":3,"12":26,"13":85,"14":60,"15":2,"16":169,"17":7,"18":0,"19":127,"20":96,"21":58,"22":75,"23":2}}