{"canton":{"0":"UR","1":"NW","2":"BE","3":"BL","4":"TG","5":"TI","6":"VD","7":"SG","8":"JU","9":"SH","10":"OW","11":"AG","12":"GE","13":"BS","14":"FR","15":"SO","16":"AR","17":"GL","18":"ZH","19":"VS","20":"NE","21":"LU","22":"AI","23":"GR","24":"SZ"},"main_mean":{"0":-0.0235775767,"1":-0.0412607592,"2":0.0076001236,"3":0.0069609562,"4":0.0229161845,"5":-0.000472347,"6":0.025589033,"7":0.0313247514,"8":-0.1071420918,"9":0.0095346223,"10":-0.0412607592,"11":-0.003566195,"12":-0.0059939176,"13":0.0077000466,"14":-0.038359898,"15":0.0007205695,"16":-0.0441456777,"17":0.0002222198,"18":0.010105475,"19":0.0196048971,"20":-0.0027132209,"21":0.0072617497,"22":0.0,"23":0.0272054995,"24":-0.0641860642},"sentiment_mean":{"0":0.0,"1":0.0,"2":0.0502793296,"3":0.0,"4":0.0625,"5":0.03125,"6":0.125,"7":0.1140350877,"8":0.0,"9":0.0298507463,"10":0.0,"11":0.0555555556,"12":0.0843537415,"13":0.0622347949,"14":-0.0487804878,"15":0.0,"16":0.125,"17":0.0,"18":0.1306364339,"19":0.1379310345,"20":0.05,"21":0.0422535211,"22":0.0,"23":0.05,"24":-0.2},"main_std":{"0":0.0447642448,"1":0.0550894411,"2":0.0971116886,"3":0.0216887626,"4":0.0633734489,"5":0.208601314,"6":0.2194013913,"7":0.1298453825,"8":0.1515217994,"9":0.0662182177,"10":0.0550894411,"11":0.0808111966,"12":0.1324924355,"13":0.1075624918,"14":0.13671144,"15":0.0478126654,"16":0.0956105518,"17":0.0003142662,"18":0.1191864757,"19":0.1082051633,"20":0.0989559393,"21":0.1001288668,"22":null,"23":0.0929714182,"24":0.0883027818},"sentiment_std":{"0":0.0,"1":0.0,"2":0.3705269091,"3":0.0,"4":0.2459346884,"5":0.53218764,"6":0.6512171448,"7":0.3458674341,"8":0.0,"9":0.1708139958,"10":0.0,"11":0.3503799691,"12":0.6940082649,"13":0.3897803351,"14":0.4444783185,"15":0.0,"16":0.3535533906,"17":0.0,"18":0.4970965514,"19":0.3950694304,"20":0.6863327412,"21":0.2439815017,"22":null,"23":0.2197841777,"24":0.4472135955},"sentiment_pv":{"0":4.991593318e-66,"1":4.991593318e-66,"2":0.0006132085,"3":4.991593318e-66,"4":0.4376198178,"5":0.2317826122,"6":0.5541761095,"7":0.6043356632,"8":4.991593318e-66,"9":0.0000345241,"10":4.991593318e-66,"11":0.1657734412,"12":0.506066153,"13":0.0271628269,"14":0.0426843908,"15":4.991593318e-66,"16":0.8290321414,"17":4.991593318e-66,"18":0.0005523606,"19":0.4354406562,"20":0.7631042534,"21":0.0021264857,"22":null,"23":0.1094049263,"24":0.2118125213},"main_pv":{"0":0.1247974361,"1":0.180427391,"2":0.7822291699,"3":0.9270565483,"4":0.1586209664,"5":0.7399244808,"6":0.2342689499,"7":0.0458501361,"8":0.4808825151,"9":0.6216694326,"10":0.180427391,"11":0.1395753361,"12":0.0006705492,"13":0.8016665879,"14":0.0417501365,"15":0.4093492257,"16":0.1769400416,"17":0.0000025421,"18":0.1364609281,"19":0.3669928755,"20":0.678115064,"21":0.9280082192,"22":null,"23":0.0935595655,"24":0.1474050643},"count":{"0":7,"1":4,"2":895,"3":42,"4":32,"5":96,"6":192,"7":114,"8":2,"9":134,"10":4,"11":144,"12":1470,"13":707,"14":41,"15":47,"16":8,"17":2,"18":3881,"19":58,"20":20,"21":213,"22":1,"23":60,"24":5},"nb_en":{"0":0,"1":0,"2":227,"3":1,"4":6,"5":90,"6":178,"7":20,"8":2,"9":2,"10":0,"11":29,"12":1454,"13":213,"14":33,"15":1,"16":2,"17":0,"18":1707,"19":17,"20":15,"21":33,"22":0,"23":2,"24":1},"nb_de":{"0":7,"1":4,"2":668,"3":41,"4":26,"5":6,"6":14,"7":94,"8":0,"9":132,"10":4,"11":115,"12":16,"13":494,"14":8,"15":46,"16":6,"17":2,"18":2174,"19":41,"20":5,"21":180,"22":1,"23":58,"24":4},"nb_fr":{"0":0,"1":0,"2":0,"3":0,"4":0,"5":0,"6":0,"7":0,"8":0,"9":0,"10":0,"11":0,"12":0,"13":0,"14":0,"15":0,"16":0,"17":0,"18":0,"19":0,"20":0,"21":0,"22":0,"23":0,"24":0}}