{"canton":{"0":"UR","1":"BE","2":"BL","3":"TI","4":"TG","5":"VD","6":"GR","7":"SG","8":"JU","9":"SH","10":"OW","11":"AG","12":"GE","13":"BS","14":"FR","15":"AR","16":"GL","17":"ZH","18":"SO","19":"NE","20":"LU","21":"AI","22":"VS","23":"SZ"},"main_mean":{"0":-0.0058527426,"1":0.0097207521,"2":0.0054077961,"3":0.0057153495,"4":0.0007815122,"5":0.020652889,"6":0.023019017,"7":0.0139122122,"8":0.0,"9":0.0028153334,"10":-0.0222914809,"11":0.0020728759,"12":0.0064595127,"13":0.0127821008,"14":0.0234200203,"15":-0.0427044523,"16":0.0676900609,"17":0.0120376041,"18":0.0368247266,"19":0.0186033988,"20":0.0040138034,"21":0.0,"22":-0.0034757837,"23":-0.0079372943},"sentiment_mean":{"0":0.0,"1":0.0698027314,"2":0.0,"3":0.1041666667,"4":0.0,"5":0.1392405063,"6":0.0819672131,"7":0.1084337349,"8":0.0,"9":0.0533333333,"10":0.0,"11":0.0709677419,"12":0.1151792525,"13":0.0594594595,"14":0.0238095238,"15":0.1666666667,"16":0.5,"17":0.1142419602,"18":0.0869565217,"19":0.1515151515,"20":0.0480769231,"21":0.0,"22":0.0,"23":0.0},"main_std":{"0":0.0159741766,"1":0.1144887557,"2":0.0208247297,"3":0.200328101,"4":0.018849837,"5":0.2088921499,"6":0.0691134486,"7":0.0839273909,"8":0.0,"9":0.0603685381,"10":null,"11":0.124757085,"12":0.149426522,"13":0.1044001581,"14":0.2193416386,"15":0.1444631082,"16":0.1219294126,"17":0.1291066773,"18":0.1167064659,"19":0.1102302618,"20":0.0608403367,"21":null,"22":0.1030308871,"23":0.0242489717},"sentiment_std":{"0":0.0,"1":0.3874730589,"2":0.0,"3":0.6403809173,"4":0.0,"5":0.6626366407,"6":0.2765912729,"7":0.4135523736,"8":0.0,"9":0.2796394074,"10":null,"11":0.3038642345,"12":0.7149483155,"13":0.3824626591,"14":0.4124936208,"15":0.7527726527,"16":0.5773502692,"17":0.4933341662,"18":0.2848849246,"19":0.3641095406,"20":0.2738103894,"21":null,"22":0.512989176,"23":0.0},"sentiment_pv":{"0":1.087998766e-56,"1":0.0655771569,"2":1.087998766e-56,"3":0.9484738068,"4":1.087998766e-56,"5":0.4598593971,"6":0.6194607359,"7":0.8529135441,"8":1.087998766e-56,"9":0.1605776247,"10":null,"11":0.2521337023,"12":0.4610951107,"13":0.0202962933,"14":0.2407769808,"15":0.8366529012,"16":0.2598269095,"17":0.1786159402,"18":0.7616335915,"19":0.4236871319,"20":0.0100425298,"21":null,"22":0.2326002972,"23":1.087998766e-56},"main_pv":{"0":0.0349741399,"1":0.8672518965,"2":0.167194559,"3":0.8155712544,"4":0.0404672558,"5":0.5443621421,"6":0.1688709028,"7":0.716828167,"8":0.0,"9":0.284661064,"10":null,"11":0.4066787197,"12":0.3590448536,"13":0.6293529028,"14":0.7051704747,"15":0.4083492387,"16":0.4175408662,"17":0.5793958903,"18":0.134683984,"19":0.6770429467,"20":0.1501365009,"21":null,"22":0.4038684457,"23":0.0530787163},"count":{"0":7,"1":659,"2":40,"3":96,"4":20,"5":158,"6":61,"7":83,"8":2,"9":75,"10":1,"11":155,"12":1311,"13":555,"14":42,"15":6,"16":4,"17":3265,"18":46,"19":33,"20":208,"21":1,"22":39,"23":9},"nb_en":{"0":0,"1":188,"2":0,"3":93,"4":2,"5":151,"6":9,"7":19,"8":1,"9":12,"10":0,"11":19,"12":1300,"13":154,"14":31,"15":2,"16":2,"17":1396,"18":6,"19":13,"20":35,"21":0,"22":14,"23":0},"nb_de":{"0":7,"1":471,"2":40,"3":3,"4":18,"5":7,"6":52,"7":64,"8":1,"9":63,"10":1,"11":136,"12":11,"13":401,"14":11,"15":4,"16":2,"17":1869,"18":40,"19":20,"20":173,"21":1,"22":25,"23":9},"nb_fr":{"0":0,"1":0,"2":0,"3":0,"4":0,"5":0,"6":0,"7":0,"8":0,"9":0,"10":0,"11":0,"12":0,"13":0,"14":0,"15":0,"16":0,"17":0,"18":0,"19":0,"20":0,"21":0,"22":0,"23":0}}