{"canton":{"0":"TI","1":"UR","2":"BE","3":"BL","4":"NW","5":"TG","6":"VD","7":"SG","8":"SH","9":"AG","10":"GE","11":"BS","12":"FR","13":"SO","14":"AR","15":"GL","16":"ZH","17":"VS","18":"NE","19":"LU","20":"GR","21":"SZ"},"main_mean":{"0":-0.0011482585,"1":0.0002857102,"2":0.0112903784,"3":-0.0009010932,"4":0.0,"5":0.0060580496,"6":0.027867079,"7":0.0202153948,"8":-0.0012246113,"9":0.0104864591,"10":-0.0000321486,"11":0.0138099286,"12":-0.0245342435,"13":0.0152289718,"14":-0.000338305,"15":-0.0186907392,"16":0.0111876506,"17":-0.0131782411,"18":-0.0577527455,"19":0.0084498003,"20":0.0079612891,"21":0.2204981151},"sentiment_mean":{"0":0.1129032258,"1":0.0,"2":0.0683491062,"3":-0.0303030303,"4":0.0,"5":-0.0416666667,"6":0.1404494382,"7":0.0633802817,"8":0.04,"9":0.031496063,"10":0.09765625,"11":0.0345864662,"12":0.0461538462,"13":0.0188679245,"14":0.6363636364,"15":0.0,"16":0.1072925398,"17":0.0357142857,"18":0.1538461538,"19":0.0445544554,"20":0.0322580645,"21":0.5238095238},"main_std":{"0":0.1914782552,"1":0.0004040552,"2":0.107716404,"3":0.034941102,"4":null,"5":0.043514765,"6":0.1873639132,"7":0.0931935813,"8":0.0298166911,"9":0.118043625,"10":0.134259205,"11":0.108376371,"12":0.1270515806,"13":0.0553288753,"14":0.0920378994,"15":null,"16":0.1272722474,"17":0.118045863,"18":0.1262009151,"19":0.0791450334,"20":0.032675453,"21":0.2960557887},"sentiment_std":{"0":0.6402448391,"1":0.0,"2":0.3620952304,"3":0.174077656,"4":null,"5":0.2041241452,"6":0.6616567293,"7":0.3413529346,"8":0.2567994275,"9":0.1753458204,"10":0.6978090188,"11":0.3475484522,"12":0.513285046,"13":0.1373605639,"14":0.5045249791,"15":null,"16":0.4830265078,"17":0.3796786064,"18":0.6887372317,"19":0.2873710821,"20":0.179605302,"21":0.6015852075},"sentiment_pv":{"0":0.6907115148,"1":3.318409334e-55,"2":0.0994892637,"3":0.0004298995,"4":null,"5":0.0045936233,"6":0.3122157104,"7":0.3660085753,"8":0.1026151389,"9":0.0005555821,"10":0.7013020964,"11":0.0001683991,"12":0.4965389756,"13":0.0006295596,"14":0.0049067232,"15":null,"16":0.0777473678,"17":0.2934148765,"18":0.7435352111,"19":0.0320384464,"20":0.0882550532,"21":0.0035427249},"main_pv":{"0":0.53466719,"1":0.0000000004,"2":0.6536478436,"3":0.1018045082,"4":null,"5":0.6976726346,"6":0.1972037243,"7":0.183691873,"8":0.0045680639,"9":0.9329536973,"10":0.0166904769,"11":0.3429355907,"12":0.0347215877,"13":0.4694322333,"14":0.7281218892,"15":null,"16":0.5350963842,"17":0.1560823741,"18":0.0785158833,"19":0.8423021871,"20":0.7884748642,"21":0.0038830376},"count":{"0":124,"1":2,"2":951,"3":33,"4":1,"5":24,"6":178,"7":142,"8":75,"9":127,"10":1280,"11":665,"12":65,"13":53,"14":11,"15":1,"16":3579,"17":56,"18":13,"19":202,"20":31,"21":21},"nb_en":{"0":120,"1":0,"2":281,"3":0,"4":0,"5":2,"6":163,"7":19,"8":6,"9":16,"10":1259,"11":146,"12":44,"13":3,"14":8,"15":0,"16":1541,"17":18,"18":12,"19":26,"20":2,"21":17},"nb_de":{"0":4,"1":2,"2":670,"3":33,"4":1,"5":22,"6":15,"7":123,"8":69,"9":111,"10":21,"11":519,"12":21,"13":50,"14":3,"15":1,"16":2038,"17":38,"18":1,"19":176,"20":29,"21":4},"nb_fr":{"0":0,"1":0,"2":0,"3":0,"4":0,"5":0,"6":0,"7":0,"8":0,"9":0,"10":0,"11":0,"12":0,"13":0,"14":0,"15":0,"16":0,"17":0,"18":0,"19":0,"20":0,"21":0}}