{"canton":{"0":"SG","1":"AR","2":"AI","3":"VS","4":"SZ","5":"AG","6":"TG","7":"ZH","8":"BE","9":"GE","10":"BS","11":"GL","12":"LU","13":"OW","14":"GR","15":"UR","16":"VD","17":"SH","18":"BL","19":"NW","20":"TI","21":"SO","22":"NE","23":"FR"},"main_mean":{"0":0.0235403813,"1":-0.0197872796,"2":0.0,"3":0.0112019874,"4":0.0167283734,"5":-0.0251922013,"6":-0.0108030686,"7":0.0063728987,"8":0.0034331025,"9":-0.0018043979,"10":0.0096367234,"11":0.0,"12":0.0030367109,"13":0.0390251982,"14":0.0287018583,"15":-0.0371711631,"16":0.0173900035,"17":0.0178603969,"18":0.0238046733,"19":0.0004444395,"20":-0.0029324834,"21":0.0154557041,"22":0.0358931309,"23":-0.0026045468},"sentiment_mean":{"0":0.0842105263,"1":0.0,"2":0.0,"3":0.2105263158,"4":0.0,"5":0.1008403361,"6":-0.03125,"7":0.1182412359,"8":0.0811138015,"9":0.0838323353,"10":0.0348837209,"11":0.0,"12":0.0459183673,"13":0.2,"14":0.0238095238,"15":0.0,"16":0.1428571429,"17":0.1097560976,"18":0.0487804878,"19":0.0,"20":0.2058823529,"21":0.0285714286,"22":0.1875,"23":0.1020408163},"main_std":{"0":0.1150680047,"1":0.019305559,"2":0.0,"3":0.1084279669,"4":0.1323347924,"5":0.1780490274,"6":0.053405889,"7":0.1165829664,"8":0.0958038907,"9":0.146847,"10":0.1045883932,"11":null,"12":0.0991419979,"13":0.0733314728,"14":0.0732300624,"15":null,"16":0.1824875033,"17":0.0644369407,"18":0.106906891,"19":null,"20":0.11121469,"21":0.0671768651,"22":0.1530324464,"23":0.1553093902},"sentiment_std":{"0":0.403789441,"1":0.0,"2":0.0,"3":0.4905114716,"4":0.0,"5":0.4764799955,"6":0.4003526671,"7":0.4679759421,"8":0.4342396703,"9":0.6970299638,"10":0.3394549761,"11":null,"12":0.3249199877,"13":0.4472135955,"14":0.2694253359,"15":null,"16":0.6537802165,"17":0.3515783656,"18":0.21808479,"19":null,"20":0.6026054863,"21":0.1690308509,"22":0.5439056291,"23":0.5101020306},"sentiment_pv":{"0":0.758335521,"1":2.546895863e-59,"2":2.546895863e-59,"3":0.0875683713,"4":2.546895863e-59,"5":0.9329163408,"6":0.0802569974,"7":0.0348838438,"8":0.3241586033,"9":0.505810456,"10":0.0000135551,"11":null,"12":0.0336389887,"13":0.6341948938,"14":0.0880374745,"15":null,"16":0.4361289324,"17":0.748489129,"18":0.1692703941,"19":null,"20":0.0726095401,"21":0.0242590737,"22":0.5167129743,"23":0.9466397607},"main_pv":{"0":0.1199303524,"1":0.0449963255,"2":0.0006025443,"3":0.6631992235,"4":0.8511698413,"5":0.0688753053,"6":0.1100379511,"7":0.5454183467,"8":0.6890080161,"9":0.1167762235,"10":0.2619229934,"11":null,"12":0.7983961268,"13":0.3568335014,"14":0.0425409337,"15":null,"16":0.4449057124,"17":0.0772047057,"18":0.2654656965,"19":null,"20":0.4830200387,"21":0.3619053105,"22":0.4305889579,"23":0.7377039438},"count":{"0":95,"1":5,"2":2,"3":57,"4":5,"5":119,"6":32,"7":3366,"8":826,"9":1336,"10":688,"11":1,"12":196,"13":5,"14":42,"15":1,"16":126,"17":82,"18":41,"19":1,"20":102,"21":35,"22":16,"23":49},"nb_en":{"0":17,"1":0,"2":0,"3":22,"4":1,"5":43,"6":7,"7":1398,"8":273,"9":1323,"10":158,"11":0,"12":41,"13":1,"14":2,"15":0,"16":108,"17":9,"18":1,"19":0,"20":98,"21":2,"22":13,"23":24},"nb_de":{"0":78,"1":5,"2":2,"3":35,"4":4,"5":76,"6":25,"7":1968,"8":553,"9":13,"10":530,"11":1,"12":155,"13":4,"14":40,"15":1,"16":18,"17":73,"18":40,"19":1,"20":4,"21":33,"22":3,"23":25}}