{"canton":{"0":"NE","1":"GE","2":"TG","3":"BE","4":"SZ","5":"GL","6":"UR","7":"FR","8":"BS","9":"BL","10":"ZH","11":"OW","12":"VD","13":"SG","14":"GR","15":"AR","16":"LU","17":"TI","18":"AG","19":"SH","20":"VS","21":"AI","22":"SO","23":"NW"},"main_mean":{"0":-0.0348915234,"1":0.0107680778,"2":0.0080392005,"3":0.0144828334,"4":0.0261156093,"5":-0.0041897086,"6":0.0000799992,"7":-0.0028556758,"8":-0.0000345646,"9":0.0055256163,"10":0.0100870694,"11":0.000399996,"12":0.0314328102,"13":0.0385778003,"14":-0.0004332412,"15":0.1145734497,"16":-0.0026352672,"17":-0.0250969419,"18":0.0159528094,"19":0.0185526949,"20":0.010352675,"21":-0.1666638889,"22":-0.0084661265,"23":0.0417994778},"sentiment_mean":{"0":0.1052631579,"1":0.1397260274,"2":0.04,"3":0.0821705426,"4":0.3333333333,"5":0.0,"6":0.0,"7":0.0833333333,"8":0.0541012216,"9":0.0294117647,"10":0.1178374879,"11":0.0,"12":0.25,"13":0.1037735849,"14":0.0612244898,"15":0.25,"16":0.0394736842,"17":0.0444444444,"18":0.0814814815,"19":0.0298507463,"20":0.0454545455,"21":-0.5,"22":0.0,"23":0.3333333333},"main_std":{"0":0.1403693807,"1":0.1511969092,"2":0.0273471196,"3":0.1085805481,"4":0.1045451061,"5":0.0085857692,"6":0.0001788836,"7":0.0703545166,"8":0.0761503195,"9":0.0390399886,"10":0.1180098992,"11":null,"12":0.1626710564,"13":0.1102852444,"14":0.0670811149,"15":0.2186382012,"16":0.0747775831,"17":0.1329433265,"18":0.1281592748,"19":0.0908757729,"20":0.0680241129,"21":0.2356983321,"22":0.0537729555,"23":0.0720526902},"sentiment_std":{"0":0.6578362547,"1":0.6744365363,"2":0.2,"3":0.3751706884,"4":0.5163977795,"5":0.0,"6":0.0,"7":0.4391550328,"8":0.4039206071,"9":0.1714985851,"10":0.4737634417,"11":null,"12":0.6464819652,"13":0.4348890451,"14":0.3167651118,"15":0.5,"16":0.2267413542,"17":0.5591146917,"18":0.3005430868,"19":0.300007538,"20":0.4288733458,"21":0.7071067812,"22":0.2672612419,"23":0.5773502692},"sentiment_pv":{"0":0.9875977055,"1":0.1323224824,"2":0.1070852246,"3":0.1121878039,"4":0.3334185187,"5":5.361334489e-66,"6":5.361334489e-66,"7":0.7426208697,"8":0.0029930942,"9":0.0133479978,"10":0.3335408162,"11":null,"12":0.013094084,"13":0.92793385,"14":0.3143983665,"15":0.6089730014,"16":0.0005565243,"17":0.2890394419,"18":0.3269128269,"19":0.0400059778,"20":0.3435864753,"21":0.4383020416,"22":0.0398721248,"23":0.5681969842},"main_pv":{"0":0.1835904737,"1":0.8218356165,"2":0.7738589052,"3":0.2899787851,"4":0.7162173617,"5":0.0409467093,"6":0.0000000002,"7":0.2958038578,"8":0.0058503636,"9":0.5481670301,"10":0.8770817623,"11":null,"12":0.1290063537,"13":0.0087150897,"14":0.3018752252,"15":0.4081170303,"16":0.0502595467,"17":0.0154588558,"18":0.5742986329,"19":0.431363937,"20":0.9489099323,"21":0.4820204256,"22":0.0825691603,"23":0.5209174405},"count":{"0":19,"1":1095,"2":25,"3":645,"4":6,"5":4,"6":5,"7":36,"8":573,"9":34,"10":3089,"11":1,"12":132,"13":106,"14":49,"15":4,"16":152,"17":90,"18":135,"19":67,"20":44,"21":2,"22":29,"23":3},"nb_en":{"0":13,"1":1082,"2":2,"3":155,"4":3,"5":0,"6":0,"7":21,"8":173,"9":2,"10":1256,"11":0,"12":119,"13":18,"14":3,"15":0,"16":17,"17":83,"18":17,"19":6,"20":14,"21":1,"22":3,"23":1},"nb_de":{"0":6,"1":13,"2":23,"3":490,"4":3,"5":4,"6":5,"7":15,"8":400,"9":32,"10":1833,"11":1,"12":13,"13":88,"14":46,"15":4,"16":135,"17":7,"18":118,"19":61,"20":30,"21":1,"22":26,"23":2}}