{"canton":{"0":"UR","1":"BE","2":"BL","3":"TI","4":"NW","5":"VD","6":"GR","7":"SG","8":"JU","9":"SH","10":"OW","11":"AG","12":"GE","13":"BS","14":"FR","15":"AR","16":"GL","17":"ZH","18":"SO","19":"NE","20":"LU","21":"VS","22":"SZ","23":"TG"},"main_mean":{"0":-0.0570525706,"1":0.0088762303,"2":-0.0053311116,"3":-0.0119398964,"4":0.0087146371,"5":0.0309814818,"6":0.0255493655,"7":0.0342655329,"8":0.0,"9":-0.0006683718,"10":0.007452671,"11":0.0335864753,"12":0.0224599397,"13":0.0100066635,"14":-0.0063899382,"15":0.0030984373,"16":0.0,"17":0.0134744436,"18":0.076020651,"19":-0.0167859361,"20":0.0049519651,"21":0.0097781476,"22":-0.0668173038,"23":0.0039026623},"sentiment_mean":{"0":0.25,"1":0.0541666667,"2":-0.0277777778,"3":-0.043956044,"4":0.0,"5":0.1188118812,"6":0.0,"7":0.1720430108,"8":0.0,"9":0.0526315789,"10":0.0,"11":0.0729613734,"12":0.1535008977,"13":0.0319829424,"14":0.012987013,"15":0.0,"16":0.0,"17":0.120596636,"18":0.0869565217,"19":0.0,"20":0.11875,"21":0.0555555556,"22":0.0,"23":0.04},"main_std":{"0":0.1373460396,"1":0.0995463487,"2":0.0336985516,"3":0.066622601,"4":0.0191160289,"5":0.1706628675,"6":0.111973366,"7":0.202700968,"8":null,"9":0.0173202114,"10":0.0173713209,"11":0.1246018045,"12":0.1364300452,"13":0.1146717084,"14":0.0678540323,"15":0.0064841925,"16":null,"17":0.1071462304,"18":0.2554285638,"19":0.0618301744,"20":0.0728099495,"21":0.0794662983,"22":0.149313439,"23":0.0286625461},"sentiment_std":{"0":0.4629100499,"1":0.3782830327,"2":0.1666666667,"3":0.575655914,"4":0.0,"5":0.5529399373,"6":0.246182982,"7":0.480571578,"8":null,"9":0.2677097926,"10":0.0,"11":0.2766771479,"12":0.6892522,"13":0.3826366463,"14":0.3438752257,"15":0.0,"16":null,"17":0.4867036119,"18":0.2881040655,"19":0.4472135955,"20":0.32450979,"21":0.2323106841,"22":0.7071067812,"23":0.2},"sentiment_pv":{"0":0.4026822896,"1":0.0011966175,"2":0.0000399812,"3":0.0165338732,"4":9.693346214e-63,"5":0.7917265998,"6":0.0199352926,"7":0.1795799032,"8":null,"9":0.0700748252,"10":9.693346214e-63,"11":0.1043423114,"12":0.0221899216,"13":0.0001275495,"14":0.0241718924,"15":9.693346214e-63,"16":null,"17":0.1222205141,"18":0.7784251315,"19":0.4581127287,"20":0.5808164039,"21":0.2229835388,"22":0.7584376497,"23":0.1254276009},"main_pv":{"0":0.184521095,"1":0.1616431194,"2":0.0014941441,"3":0.0003548284,"4":0.5431493552,"5":0.3339961316,"6":0.5678389788,"7":0.3491006042,"8":null,"9":0.0000000002,"10":0.3751983858,"11":0.0216634077,"12":0.0640058251,"13":0.4190693632,"14":0.0096865323,"15":0.0121424791,"16":null,"17":0.6848935066,"18":0.2601390097,"19":0.1254974335,"20":0.111282416,"21":0.72842187,"22":0.2905755588,"23":0.0856118033},"count":{"0":8,"1":720,"2":36,"3":91,"4":5,"5":101,"6":34,"7":93,"8":1,"9":95,"10":6,"11":233,"12":1114,"13":469,"14":77,"15":5,"16":1,"17":3151,"18":23,"19":11,"20":160,"21":36,"22":5,"23":25},"nb_en":{"0":2,"1":208,"2":3,"3":83,"4":0,"5":84,"6":2,"7":18,"8":1,"9":7,"10":0,"11":13,"12":1104,"13":111,"14":19,"15":0,"16":0,"17":1385,"18":3,"19":4,"20":37,"21":11,"22":2,"23":1},"nb_de":{"0":6,"1":512,"2":33,"3":8,"4":5,"5":17,"6":32,"7":75,"8":0,"9":88,"10":6,"11":220,"12":10,"13":358,"14":58,"15":5,"16":1,"17":1766,"18":20,"19":7,"20":123,"21":25,"22":3,"23":24},"nb_fr":{"0":0,"1":0,"2":0,"3":0,"4":0,"5":0,"6":0,"7":0,"8":0,"9":0,"10":0,"11":0,"12":0,"13":0,"14":0,"15":0,"16":0,"17":0,"18":0,"19":0,"20":0,"21":0,"22":0,"23":0}}