{"canton":{"0":"SG","1":"AI","2":"JU","3":"VS","4":"SO","5":"AG","6":"TG","7":"ZH","8":"BE","9":"GE","10":"BS","11":"AR","12":"LU","13":"OW","14":"GR","15":"UR","16":"GL","17":"VD","18":"SH","19":"BL","20":"NW","21":"TI","22":"SZ","23":"NE","24":"FR"},"main_mean":{"0":0.0265886637,"1":-0.0124372132,"2":0.0101212681,"3":0.0023258799,"4":0.0140690518,"5":0.0079841694,"6":0.0095160483,"7":0.0122765336,"8":0.0087126296,"9":0.0044252664,"10":0.0087755335,"11":0.030004576,"12":0.0099118303,"13":-0.0038299021,"14":0.0166577028,"15":-0.0102120363,"16":0.0093312759,"17":0.0183352191,"18":0.0103486664,"19":0.0090947643,"20":0.0004166226,"21":-0.0009053688,"22":0.0488909686,"23":0.0033615408,"24":0.0025371202},"sentiment_mean":{"0":0.0924984107,"1":0.0,"2":0.2857142857,"3":0.0613107822,"4":0.0382941688,"5":0.0619633326,"6":0.0387596899,"7":0.1314365608,"8":0.0693128553,"9":0.1008395856,"10":0.0525461083,"11":0.2078651685,"12":0.0591678863,"13":0.0,"14":0.0555555556,"15":0.0222222222,"16":0.0909090909,"17":0.1726287263,"18":0.0514859774,"19":0.0160377358,"20":0.0537634409,"21":0.0987925357,"22":0.1592039801,"23":0.1614583333,"24":0.0353982301},"main_std":{"0":0.1237293993,"1":0.0759304217,"2":0.1132868064,"3":0.1137533584,"4":0.1041571945,"5":0.1304173046,"6":0.0708707122,"7":0.1231340395,"8":0.1066196787,"9":0.1429623005,"10":0.1011016552,"11":0.1563622696,"12":0.0964543723,"13":0.0303933751,"14":0.0963178323,"15":0.0455875537,"16":0.0377434813,"17":0.1786372148,"18":0.0668274473,"19":0.0591586225,"20":0.0994296495,"21":0.1542133287,"22":0.1840028465,"23":0.131384792,"24":0.1340992383},"sentiment_std":{"0":0.3680753718,"1":0.3086066999,"2":0.5836602956,"3":0.3771188021,"4":0.2544294988,"5":0.3109185295,"6":0.2493189723,"7":0.4923707102,"8":0.3830065501,"9":0.7060524261,"10":0.3812794321,"11":0.5059476133,"12":0.32084147,"13":0.1313064329,"14":0.2744354234,"15":0.2274671263,"16":0.2901294266,"17":0.6378831855,"18":0.2544966004,"19":0.1588656629,"20":0.2267727937,"21":0.6029836793,"22":0.463170987,"23":0.5058136772,"24":0.4111518445},"sentiment_pv":{"0":0.0836571651,"1":0.1288334233,"2":0.0018864523,"3":0.0000239121,"4":1.573735866e-17,"5":8.76376832e-18,"6":0.0000000001,"7":1.910965754e-41,"8":5.861218759e-32,"9":0.4277304824,"10":2.021017649e-60,"11":0.0068374811,"12":9.765436691e-21,"13":0.0,"14":0.0000000001,"15":0.0000538647,"16":0.738680437,"17":0.0000000001,"18":1.734692702e-22,"19":2.207205792e-61,"20":0.0353969312,"21":0.6512876624,"22":0.0930289747,"23":0.026834055,"24":0.0000000003},"main_pv":{"0":0.0,"1":0.1798569989,"2":0.9931596694,"3":0.0112312518,"4":0.1904311327,"5":0.3090177878,"6":0.8557350468,"7":0.0000079063,"8":0.1027785793,"9":0.0,"10":0.1277130094,"11":0.0901048504,"12":0.9359533647,"13":0.0000029949,"14":0.0104460179,"15":0.0000009209,"16":0.8920590327,"17":0.0049448509,"18":0.8174395979,"19":0.6126583751,"20":0.3539387192,"21":0.0002298094,"22":0.0031023603,"23":0.3212696343,"24":0.03305343},"count":{"0":3146,"1":22,"2":105,"3":1419,"4":1149,"5":4309,"6":645,"7":87974,"8":20054,"9":33588,"10":17242,"11":178,"12":4783,"13":117,"14":1404,"15":135,"16":55,"17":3690,"18":2389,"19":1060,"20":93,"21":2733,"22":201,"23":384,"24":1469},"nb_en":{"0":446,"1":4,"2":102,"3":427,"4":110,"5":617,"6":70,"7":38508,"8":5893,"9":33244,"10":4584,"11":51,"12":943,"13":4,"14":129,"15":8,"16":3,"17":3290,"18":179,"19":40,"20":28,"21":2596,"22":78,"23":263,"24":655},"nb_de":{"0":2700,"1":18,"2":3,"3":992,"4":1039,"5":3692,"6":575,"7":49466,"8":14161,"9":344,"10":12658,"11":127,"12":3840,"13":113,"14":1275,"15":127,"16":52,"17":400,"18":2210,"19":1020,"20":65,"21":137,"22":123,"23":121,"24":814},"nb_fr":{"0":0,"1":0,"2":0,"3":0,"4":0,"5":0,"6":0,"7":0,"8":0,"9":0,"10":0,"11":0,"12":0,"13":0,"14":0,"15":0,"16":0,"17":0,"18":0,"19":0,"20":0,"21":0,"22":0,"23":0,"24":0}}