{"canton":{"0":"SG","1":"JU","2":"VS","3":"SO","4":"AG","5":"TG","6":"ZH","7":"BE","8":"GE","9":"BS","10":"AR","11":"LU","12":"OW","13":"GR","14":"UR","15":"VD","16":"SH","17":"BL","18":"NW","19":"TI","20":"SZ","21":"NE","22":"FR"},"main_mean":{"0":0.026707529,"1":0.0,"2":0.036119627,"3":0.0040355055,"4":0.0081095208,"5":0.0256640061,"6":0.0132474927,"7":0.005179329,"8":-0.0122249869,"9":0.0098805458,"10":0.0073460973,"11":0.0143888738,"12":0.0,"13":0.0149675185,"14":-0.0333650549,"15":-0.013651723,"16":0.0160592385,"17":0.0134781776,"18":0.0,"19":0.0124898901,"20":0.0000888883,"21":0.0157049323,"22":-0.0073703948},"sentiment_mean":{"0":0.0916666667,"1":0.0,"2":0.0227272727,"3":0.0384615385,"4":0.0591133005,"5":0.0833333333,"6":0.1330455259,"7":0.0782918149,"8":0.0861889927,"9":0.0646437995,"10":0.0,"11":0.064516129,"12":0.0,"13":0.0163934426,"14":-0.2,"15":0.2134831461,"16":0.025974026,"17":0.0,"18":0.0,"19":0.1827956989,"20":0.0,"21":0.25,"22":0.0119047619},"main_std":{"0":0.1223328701,"1":null,"2":0.1594355466,"3":0.0374988183,"4":0.1243395011,"5":0.080024073,"6":0.1541697969,"7":0.1307049551,"8":0.1410002651,"9":0.127679098,"10":0.0103889505,"11":0.0658403594,"12":0.0,"13":0.0781452371,"14":0.0745196986,"15":0.1709869948,"16":0.0593559528,"17":0.0523413012,"18":0.0,"19":0.1161764622,"20":0.000153959,"21":0.0441614829,"22":0.0689391002},"sentiment_std":{"0":0.3174433936,"1":null,"2":0.2631328574,"3":0.1961161351,"4":0.2364196679,"5":0.4082482905,"6":0.51590242,"7":0.4105453964,"8":0.7091958446,"9":0.3739051897,"10":0.0,"11":0.2470016552,"12":0.0,"13":0.2229950133,"14":0.4472135955,"15":0.6985685057,"16":0.2279211529,"17":0.0,"18":0.0,"19":0.5700159525,"20":0.0,"21":0.4629100499,"22":0.1897396834},"sentiment_pv":{"0":0.7497801802,"1":null,"2":0.0573280964,"3":0.119985831,"4":0.0193306152,"5":0.832918058,"6":0.0089325212,"7":0.2178020866,"8":0.5292017361,"9":0.0158382669,"10":1.866118219e-51,"11":0.1689261309,"12":1.866118219e-51,"13":0.0051642972,"14":0.2066191621,"15":0.1343836962,"16":0.0062200579,"17":1.866118219e-51,"18":1.866118219e-51,"19":0.1732034294,"20":1.866118219e-51,"21":0.393656041,"22":0.0000819202},"main_pv":{"0":0.0904001473,"1":null,"2":0.2398901997,"3":0.6608532086,"4":0.9363085922,"5":0.2776137419,"6":0.1005009899,"7":0.7029178725,"8":0.0000655909,"9":0.6184320722,"10":0.9956984707,"11":0.3248194477,"12":0.0000551587,"13":0.4593903356,"14":0.2886742776,"15":0.2509933324,"16":0.2197072282,"17":0.4115255331,"18":0.0000551587,"19":0.6768651966,"20":0.0000690557,"21":0.6130401376,"22":0.0595573037},"count":{"0":120,"1":1,"2":44,"3":26,"4":203,"5":24,"6":2548,"7":562,"8":963,"9":758,"10":2,"11":93,"12":2,"13":61,"14":5,"15":89,"16":77,"17":54,"18":2,"19":93,"20":3,"21":8,"22":84},"nb_en":{"0":11,"1":0,"2":18,"3":1,"4":13,"5":3,"6":1188,"7":186,"8":955,"9":190,"10":0,"11":22,"12":0,"13":3,"14":1,"15":77,"16":3,"17":0,"18":0,"19":87,"20":0,"21":6,"22":17},"nb_de":{"0":109,"1":1,"2":26,"3":25,"4":190,"5":21,"6":1360,"7":376,"8":8,"9":568,"10":2,"11":71,"12":2,"13":58,"14":4,"15":12,"16":74,"17":54,"18":2,"19":6,"20":3,"21":2,"22":67}}