{"canton":{"0":"NE","1":"GE","2":"TG","3":"BE","4":"SZ","5":"GL","6":"UR","7":"FR","8":"BS","9":"BL","10":"ZH","11":"OW","12":"VD","13":"SG","14":"GR","15":"AR","16":"LU","17":"TI","18":"AG","19":"SH","20":"VS","21":"AI","22":"SO","23":"NW"},"main_mean":{"0":0.0023149769,"1":0.0030072026,"2":0.0113400168,"3":0.0135520296,"4":0.0729396114,"5":0.0003333306,"6":-0.0007499906,"7":-0.0090887974,"8":0.002891372,"9":0.0177951329,"10":0.0121847622,"11":-0.0014999813,"12":0.0254734817,"13":0.0196905907,"14":0.0139552698,"15":0.072236316,"16":0.0006676624,"17":0.0011080323,"18":0.0496991737,"19":0.0125129703,"20":0.000378375,"21":0.0,"22":0.0158049037,"23":0.0},"sentiment_mean":{"0":0.0,"1":0.060483871,"2":0.0833333333,"3":0.0806916427,"4":0.0,"5":0.0,"6":0.0,"7":0.1578947368,"8":0.0467091295,"9":0.0,"10":0.1685463659,"11":0.0,"12":0.2317073171,"13":0.1230769231,"14":0.1290322581,"15":0.2,"16":0.0606060606,"17":0.1384615385,"18":0.0873786408,"19":0.0526315789,"20":0.0,"21":0.0,"22":0.0909090909,"23":0.0},"main_std":{"0":0.0046299537,"1":0.155485669,"2":0.0319396739,"3":0.1134591723,"4":0.0650130416,"5":null,"6":0.0010606469,"7":0.1168890511,"8":0.0909048574,"9":0.0749841595,"10":0.1294979811,"11":null,"12":0.178924461,"13":0.0855793292,"14":0.0582525338,"15":0.2382988405,"16":0.0860731533,"17":0.1093563315,"18":0.1857231096,"19":0.049490054,"20":0.0589915747,"21":null,"22":0.0664846632,"23":0.0},"sentiment_std":{"0":0.0,"1":0.7116396492,"2":0.2886751346,"3":0.4155247188,"4":0.0,"5":null,"6":0.0,"7":0.6021404316,"8":0.3357189781,"9":0.0,"10":0.4993167919,"11":null,"12":0.5941854158,"13":0.3310821418,"14":0.3407771005,"15":0.4216370214,"16":0.2976207126,"17":0.5266914145,"18":0.3732947139,"19":0.2252817784,"20":0.3713906764,"21":null,"22":0.2942449432,"23":0.0},"sentiment_pv":{"0":4.970815244e-41,"1":0.0543356408,"2":0.7274934298,"3":0.17217479,"4":4.970815244e-41,"5":null,"6":4.970815244e-41,"7":0.7507317834,"8":0.0001645811,"9":4.970815244e-41,"10":0.0002378221,"11":null,"12":0.0769495173,"13":0.8154190806,"14":0.8001141544,"15":0.5322398748,"16":0.1654152359,"17":0.7031697947,"18":0.4940262065,"19":0.0546726298,"20":0.1078182861,"21":null,"22":0.7273860254,"23":4.970815244e-41},"main_pv":{"0":0.0274668205,"1":0.2252135484,"2":0.9205041566,"3":0.6222390175,"4":0.2372160034,"5":null,"6":0.0000035259,"7":0.4784495036,"8":0.1103571664,"9":0.6284719209,"10":0.6393992128,"11":null,"12":0.449531431,"13":0.3922893648,"14":0.7394853588,"15":0.4330524691,"16":0.3717227366,"17":0.5017860283,"18":0.0351050099,"19":0.7571647501,"20":0.3691354968,"21":null,"22":0.7084449052,"23":0.0000007464},"count":{"0":4,"1":744,"2":12,"3":347,"4":3,"5":1,"6":2,"7":19,"8":471,"9":25,"10":1596,"11":1,"12":82,"13":65,"14":31,"15":10,"16":66,"17":65,"18":103,"19":57,"20":30,"21":1,"22":22,"23":22},"nb_en":{"0":2,"1":738,"2":1,"3":111,"4":0,"5":0,"6":0,"7":12,"8":119,"9":0,"10":708,"11":0,"12":74,"13":12,"14":8,"15":2,"16":17,"17":62,"18":20,"19":4,"20":9,"21":0,"22":1,"23":22},"nb_de":{"0":2,"1":6,"2":11,"3":236,"4":3,"5":1,"6":2,"7":7,"8":352,"9":25,"10":888,"11":1,"12":8,"13":53,"14":23,"15":8,"16":49,"17":3,"18":83,"19":53,"20":21,"21":1,"22":21,"23":0}}