{"canton":{"0":"NE","1":"GE","2":"TG","3":"BE","4":"SZ","5":"SO","6":"UR","7":"FR","8":"BS","9":"ZH","10":"OW","11":"VD","12":"SG","13":"GR","14":"AR","15":"LU","16":"TI","17":"JU","18":"AG","19":"SH","20":"VS","21":"BL"},"main_mean":{"0":0.0,"1":0.0110987221,"2":-0.0000099999,"3":0.0005211078,"4":-0.1412604518,"5":-0.0528021052,"6":-0.0002666637,"7":0.0356667853,"8":-0.0012864693,"9":0.0133216851,"10":0.0,"11":-0.0031363711,"12":-0.0053293252,"13":0.0096634257,"14":0.00246775,"15":0.0139823904,"16":0.0128774922,"17":-0.1538449704,"18":0.0102441554,"19":0.0011393814,"20":0.0004654017,"21":0.0005739142},"sentiment_mean":{"0":0.0,"1":0.1348122867,"2":0.0,"3":0.0967741935,"4":0.0,"5":0.0,"6":0.0,"7":-0.03125,"8":0.0503432494,"9":0.1602814699,"10":0.0,"11":0.1168831169,"12":0.0952380952,"13":0.0526315789,"14":0.2222222222,"15":0.0833333333,"16":0.1724137931,"17":1.0,"18":0.0,"19":0.1063829787,"20":-0.04,"21":0.0},"main_std":{"0":0.0,"1":0.1559506004,"2":0.0002359153,"3":0.1187824023,"4":null,"5":0.2473922875,"6":0.0003771194,"7":0.1790562559,"8":0.1090512362,"9":0.130844276,"10":null,"11":0.1727324817,"12":0.0390742241,"13":0.0573053364,"14":0.0376118644,"15":0.0695707715,"16":0.1611321226,"17":null,"18":0.0914912065,"19":0.0617691946,"20":0.0616126242,"21":0.0169679901},"sentiment_std":{"0":0.0,"1":0.6873084247,"2":0.0,"3":0.4332043792,"4":null,"5":0.316227766,"6":0.0,"7":0.1767766953,"8":0.4144534605,"9":0.5020632693,"10":null,"11":0.5843130464,"12":0.2971017572,"13":0.2294157339,"14":0.4409585518,"15":0.403881873,"16":0.5662412552,"17":null,"18":0.2062842493,"19":0.3116605283,"20":0.2,"21":0.0},"sentiment_pv":{"0":4.810860063e-38,"1":0.6321753619,"2":4.810860063e-38,"3":0.3467247592,"4":null,"5":0.0983041115,"6":4.810860063e-38,"7":0.0000411353,"8":0.0013965139,"9":0.0179837745,"10":null,"11":0.9570272513,"12":0.591494168,"13":0.2191566407,"14":0.5092169721,"15":0.5315874739,"16":0.4912319145,"17":null,"18":0.0002879108,"19":0.7618597198,"20":0.0005716649,"21":4.810860063e-38},"main_pv":{"0":0.000762113,"1":0.6467947771,"2":0.000756243,"3":0.2786348177,"4":null,"5":0.2741348055,"6":0.0005498575,"7":0.3892438092,"8":0.1070817988,"9":0.2177278611,"10":null,"11":0.57750639,"12":0.0450396853,"13":0.8994724359,"14":0.6777918117,"15":0.5614289956,"16":0.8178977741,"17":null,"18":0.8651098396,"19":0.4676605527,"20":0.5558233084,"21":0.2103626092},"count":{"0":2,"1":586,"2":8,"3":341,"4":1,"5":21,"6":2,"7":32,"8":437,"9":1279,"10":1,"11":77,"12":42,"13":19,"14":9,"15":48,"16":58,"17":1,"18":48,"19":47,"20":25,"21":11},"nb_en":{"0":2,"1":582,"2":2,"3":128,"4":0,"5":3,"6":0,"7":6,"8":137,"9":580,"10":0,"11":62,"12":5,"13":1,"14":2,"15":11,"16":56,"17":1,"18":4,"19":3,"20":4,"21":0},"nb_de":{"0":0,"1":4,"2":6,"3":213,"4":1,"5":18,"6":2,"7":26,"8":300,"9":699,"10":1,"11":15,"12":37,"13":18,"14":7,"15":37,"16":2,"17":0,"18":44,"19":44,"20":21,"21":11}}