{"canton":{"0":"SG","1":"GL","2":"JU","3":"VS","4":"SZ","5":"AG","6":"TG","7":"ZH","8":"BE","9":"GE","10":"BS","11":"AR","12":"LU","13":"OW","14":"GR","15":"UR","16":"VD","17":"SH","18":"BL","19":"NW","20":"TI","21":"SO","22":"AI","23":"NE","24":"FR"},"main_mean":{"0":0.0313247514,"1":0.0002222198,"2":-0.1071420918,"3":0.0196048971,"4":-0.0641860642,"5":-0.003566195,"6":0.0229161845,"7":0.010105475,"8":0.0076001236,"9":-0.0059939176,"10":0.0077000466,"11":-0.0441456777,"12":0.0072617497,"13":-0.0412607592,"14":0.0272054995,"15":-0.0235775767,"16":0.025589033,"17":0.0095346223,"18":0.0069609562,"19":-0.0412607592,"20":-0.000472347,"21":0.0007205695,"22":0.0,"23":-0.0027132209,"24":-0.038359898},"sentiment_mean":{"0":0.1140350877,"1":0.0,"2":0.0,"3":0.1379310345,"4":-0.2,"5":0.0555555556,"6":0.0625,"7":0.1306364339,"8":0.0502793296,"9":0.0843537415,"10":0.0622347949,"11":0.125,"12":0.0422535211,"13":0.0,"14":0.05,"15":0.0,"16":0.125,"17":0.0298507463,"18":0.0,"19":0.0,"20":0.03125,"21":0.0,"22":0.0,"23":0.05,"24":-0.0487804878},"main_std":{"0":0.1298453825,"1":0.0003142662,"2":0.1515217994,"3":0.1082051633,"4":0.0883027818,"5":0.0808111966,"6":0.0633734489,"7":0.1191864757,"8":0.0971116886,"9":0.1324924355,"10":0.1075624918,"11":0.0956105518,"12":0.1001288668,"13":0.0550894411,"14":0.0929714182,"15":0.0447642448,"16":0.2194013913,"17":0.0662182177,"18":0.0216887626,"19":0.0550894411,"20":0.208601314,"21":0.0478126654,"22":null,"23":0.0989559393,"24":0.13671144},"sentiment_std":{"0":0.3458674341,"1":0.0,"2":0.0,"3":0.3950694304,"4":0.4472135955,"5":0.3503799691,"6":0.2459346884,"7":0.4970965514,"8":0.3705269091,"9":0.6940082649,"10":0.3897803351,"11":0.3535533906,"12":0.2439815017,"13":0.0,"14":0.2197841777,"15":0.0,"16":0.6512171448,"17":0.1708139958,"18":0.0,"19":0.0,"20":0.53218764,"21":0.0,"22":null,"23":0.6863327412,"24":0.4444783185},"sentiment_pv":{"0":0.6043356632,"1":4.991593318e-66,"2":4.991593318e-66,"3":0.4354406562,"4":0.2118125213,"5":0.1657734412,"6":0.4376198178,"7":0.0005523606,"8":0.0006132085,"9":0.506066153,"10":0.0271628269,"11":0.8290321414,"12":0.0021264857,"13":4.991593318e-66,"14":0.1094049263,"15":4.991593318e-66,"16":0.5541761095,"17":0.0000345241,"18":4.991593318e-66,"19":4.991593318e-66,"20":0.2317826122,"21":4.991593318e-66,"22":null,"23":0.7631042534,"24":0.0426843908},"main_pv":{"0":0.0458501361,"1":0.0000025421,"2":0.4808825151,"3":0.3669928755,"4":0.1474050643,"5":0.1395753361,"6":0.1586209664,"7":0.1364609281,"8":0.7822291699,"9":0.0006705492,"10":0.8016665879,"11":0.1769400416,"12":0.9280082192,"13":0.180427391,"14":0.0935595655,"15":0.1247974361,"16":0.2342689499,"17":0.6216694326,"18":0.9270565483,"19":0.180427391,"20":0.7399244808,"21":0.4093492257,"22":null,"23":0.678115064,"24":0.0417501365},"count":{"0":114,"1":2,"2":2,"3":58,"4":5,"5":144,"6":32,"7":3881,"8":895,"9":1470,"10":707,"11":8,"12":213,"13":4,"14":60,"15":7,"16":192,"17":134,"18":42,"19":4,"20":96,"21":47,"22":1,"23":20,"24":41},"nb_en":{"0":20,"1":0,"2":2,"3":17,"4":1,"5":29,"6":6,"7":1707,"8":227,"9":1454,"10":213,"11":2,"12":33,"13":0,"14":2,"15":0,"16":178,"17":2,"18":1,"19":0,"20":90,"21":1,"22":0,"23":15,"24":33},"nb_de":{"0":94,"1":2,"2":0,"3":41,"4":4,"5":115,"6":26,"7":2174,"8":668,"9":16,"10":494,"11":6,"12":180,"13":4,"14":58,"15":7,"16":14,"17":132,"18":41,"19":4,"20":6,"21":46,"22":1,"23":5,"24":8}}