{"canton":{"0":"TI","1":"UR","2":"BE","3":"BL","4":"NW","5":"TG","6":"VD","7":"SG","8":"JU","9":"SH","10":"OW","11":"AG","12":"GE","13":"BS","14":"FR","15":"SO","16":"AR","17":"GL","18":"ZH","19":"VS","20":"NE","21":"LU","22":"GR","23":"SZ"},"main_mean":{"0":-0.0150160724,"1":-0.0021549116,"2":0.0132243338,"3":0.0231515247,"4":-0.0009599808,"5":0.0245743164,"6":0.0220002857,"7":0.0362442088,"8":0.0050227136,"9":0.0172609081,"10":0.0,"11":0.0002627749,"12":0.0135556029,"13":0.0202593788,"14":-0.0015651248,"15":-0.0010976834,"16":-0.1004928657,"17":0.0008414458,"18":0.0154848643,"19":-0.0065144693,"20":-0.0073143667,"21":0.0181345563,"22":-0.0017009196,"23":-0.0075194494},"sentiment_mean":{"0":0.0416666667,"1":0.5,"2":0.0653061224,"3":0.0322580645,"4":0.0,"5":0.0588235294,"6":0.1774193548,"7":0.1465517241,"8":0.2727272727,"9":0.0533333333,"10":0.0,"11":0.0317460317,"12":0.0677710843,"13":0.0815047022,"14":0.0,"15":0.0166666667,"16":0.0,"17":0.0,"18":0.1269172932,"19":0.0634920635,"20":0.0714285714,"21":0.0701754386,"22":0.0943396226,"23":0.0909090909},"main_std":{"0":0.2065824693,"1":0.0184981747,"2":0.0971827964,"3":0.0889232625,"4":null,"5":0.0626293073,"6":0.1719979149,"7":0.1334246212,"8":0.0479591832,"9":0.0690823652,"10":null,"11":0.0480150799,"12":0.1386840703,"13":0.1134375804,"14":0.0484801827,"15":0.0449782415,"16":0.1292246414,"17":0.0005614516,"18":0.1141383239,"19":0.0888114726,"20":0.0232028297,"21":0.0854041452,"22":0.0346088659,"23":0.0251448126},"sentiment_std":{"0":0.7206706579,"1":0.5773502692,"2":0.3632754904,"3":0.179605302,"4":null,"5":0.242535625,"6":0.6508079668,"7":0.4424105971,"8":0.6261353325,"9":0.2262104577,"10":null,"11":0.2506324321,"12":0.7157926779,"13":0.3877272575,"14":0.3333333333,"15":0.1290994449,"16":0.8164965809,"17":0.0,"18":0.4795583427,"19":0.4352609849,"20":0.2672612419,"21":0.3356985232,"22":0.3543222644,"23":0.3015113446},"sentiment_pv":{"0":0.5052887664,"1":0.2586590885,"2":0.02335073,"3":0.0513610749,"4":null,"5":0.5097530643,"6":0.1826018754,"7":0.2511476013,"8":0.1206152896,"9":0.0945492376,"10":null,"11":0.0005875921,"12":0.1327495401,"13":0.2980858555,"14":0.0816885686,"15":0.0000151051,"16":0.8245987672,"17":4.430964826e-59,"18":0.0059965343,"19":0.5259168166,"20":0.7099070679,"21":0.2811608952,"22":0.9298584137,"23":0.9337250914},"main_pv":{"0":0.231200294,"1":0.1702754503,"2":0.7536403163,"3":0.5903794031,"4":null,"5":0.5153230553,"6":0.6262976518,"7":0.0827154498,"8":0.2741032052,"9":0.7275374442,"10":null,"11":0.0002017857,"12":0.8289718078,"13":0.2151289425,"14":0.055238523,"15":0.0114482913,"16":0.1733383013,"17":2.75741799e-17,"18":0.6621614101,"19":0.0678087526,"20":0.0040048946,"21":0.5796224977,"22":0.00183057,"23":0.0162828342},"count":{"0":72,"1":4,"2":735,"3":31,"4":1,"5":17,"6":124,"7":116,"8":33,"9":75,"10":1,"11":189,"12":1328,"13":638,"14":37,"15":60,"16":4,"17":2,"18":3325,"19":63,"20":14,"21":171,"22":53,"23":11},"nb_en":{"0":68,"1":0,"2":192,"3":2,"4":0,"5":1,"6":112,"7":19,"8":33,"9":4,"10":0,"11":24,"12":1317,"13":152,"14":16,"15":0,"16":3,"17":0,"18":1468,"19":19,"20":7,"21":49,"22":9,"23":1},"nb_de":{"0":4,"1":4,"2":543,"3":29,"4":1,"5":16,"6":12,"7":97,"8":0,"9":71,"10":1,"11":165,"12":11,"13":486,"14":21,"15":60,"16":1,"17":2,"18":1857,"19":44,"20":7,"21":122,"22":44,"23":10},"nb_fr":{"0":0,"1":0,"2":0,"3":0,"4":0,"5":0,"6":0,"7":0,"8":0,"9":0,"10":0,"11":0,"12":0,"13":0,"14":0,"15":0,"16":0,"17":0,"18":0,"19":0,"20":0,"21":0,"22":0,"23":0}}