{"canton":{"0":"UR","1":"BE","2":"ZG","3":"BL","4":"FR","5":"JU","6":"NW","7":"TI","8":"VD","9":"SG","10":"GR","11":"SH","12":"AG","13":"GE","14":"BS","15":"TG","16":"AR","17":"GL","18":"ZH","19":"SO","20":"NE","21":"LU","22":"VS","23":"SZ"},"main_mean":{"0":0.0217369576,"1":0.0208901701,"2":0.0237647983,"3":0.0036944137,"4":0.0408829873,"5":-0.0074526927,"6":0.0000799992,"7":-0.0597248856,"8":0.0385901979,"9":0.0168385244,"10":0.0096011868,"11":-0.0069789423,"12":0.0240729936,"13":0.0214462594,"14":0.0092666425,"15":0.0017944142,"16":0.1645299234,"17":0.0237330898,"18":0.019929514,"19":0.0032294085,"20":0.0208841983,"21":0.0213431875,"22":0.0040663694,"23":0.0086864147},"sentiment_mean":{"0":0.0,"1":0.0976933514,"2":0.1027732463,"3":0.0,"4":0.1868131868,"5":0.0,"6":0.0,"7":0.0243902439,"8":0.0774193548,"9":0.037037037,"10":-0.0285714286,"11":0.03125,"12":0.0961538462,"13":0.0644144144,"14":0.0426540284,"15":0.0,"16":0.4,"17":0.1026058632,"18":0.1239327296,"19":-0.1,"20":0.2222222222,"21":0.1176470588,"22":0.0227272727,"23":0.0},"main_std":{"0":0.0429422484,"1":0.1197941016,"2":0.1653123841,"3":0.0063989122,"4":0.0981888545,"5":0.038703516,"6":0.0001788836,"7":0.1880169172,"8":0.1239006779,"9":0.0789784532,"10":0.0410361532,"11":0.0310565476,"12":0.1069194819,"13":0.1269180786,"14":0.1071814735,"15":0.0137075557,"16":0.1957160661,"17":0.1651795323,"18":0.1190764411,"19":0.2081309819,"20":0.08623905,"21":0.1125876856,"22":0.0480671036,"23":0.0960217675},"sentiment_std":{"0":0.0,"1":0.4282263704,"2":0.5006531008,"3":0.0,"4":0.4450240421,"5":0.0,"6":0.0,"7":0.5874323656,"8":0.3386487577,"9":0.332503112,"10":0.1690308509,"11":0.3094610299,"12":0.382105327,"13":0.4745856278,"14":0.3996204479,"15":0.0,"16":0.5070925528,"17":0.5002620839,"18":0.4873227826,"19":0.4025778999,"20":0.4204374826,"21":0.3791127222,"22":0.3402212935,"23":0.5773502692},"sentiment_pv":{"0":1.264658554e-102,"1":0.9793510556,"2":0.7133791001,"3":1.264658554e-102,"4":0.0591719076,"5":1.264658554e-102,"6":1.264658554e-102,"7":0.2656644383,"8":0.2246810965,"9":0.0393902666,"10":0.0001083046,"11":0.2380451779,"12":0.9764827451,"13":0.0028961009,"14":0.006455276,"15":1.264658554e-102,"16":0.0365536651,"17":0.7213384818,"18":0.0031464497,"19":0.0120021179,"20":0.0529227667,"21":0.4498466167,"22":0.154808971,"23":0.6714681716},"main_pv":{"0":0.9767888524,"1":0.9708193679,"2":0.5796608106,"3":0.0309241557,"4":0.0589825397,"5":0.2371290628,"6":1.634166427e-61,"7":0.0002081413,"8":0.0030121066,"9":0.5425566489,"10":0.1127708115,"11":0.0000179244,"12":0.775801777,"13":0.8961019539,"14":0.0284984258,"15":0.0000127301,"16":0.0131380078,"17":0.5835403754,"18":0.6223034266,"19":0.6426206395,"20":0.989320733,"21":0.9715388348,"22":0.0254442549,"23":0.7449296718},"count":{"0":4,"1":737,"2":1226,"3":3,"4":91,"5":4,"6":5,"7":82,"8":465,"9":135,"10":35,"11":32,"12":104,"13":2220,"14":422,"15":18,"16":15,"17":1228,"18":3865,"19":30,"20":45,"21":204,"22":44,"23":7},"nb_en":{"0":2,"1":198,"2":570,"3":0,"4":35,"5":0,"6":0,"7":65,"8":103,"9":29,"10":5,"11":3,"12":23,"13":942,"14":126,"15":2,"16":0,"17":570,"18":1733,"19":12,"20":21,"21":52,"22":9,"23":2},"nb_de":{"0":2,"1":516,"2":218,"3":3,"4":19,"5":0,"6":5,"7":10,"8":12,"9":106,"10":30,"11":29,"12":80,"13":14,"14":278,"15":16,"16":15,"17":220,"18":2050,"19":18,"20":4,"21":151,"22":30,"23":5},"nb_fr":{"0":0,"1":23,"2":438,"3":0,"4":37,"5":4,"6":0,"7":7,"8":350,"9":0,"10":0,"11":0,"12":1,"13":1264,"14":18,"15":0,"16":0,"17":438,"18":82,"19":0,"20":20,"21":1,"22":5,"23":0}}