{"canton":{"0":"VD","1":"SG","2":"GL","3":"TI","4":"VS","5":"SO","6":"AG","7":"TG","8":"ZH","9":"SH","10":"BE","11":"BL","12":"GE","13":"BS","14":"AR","15":"SZ","16":"LU","17":"GR","18":"NE","19":"ZG","20":"FR"},"main_mean":{"0":0.0165461017,"1":0.052377268,"2":0.0098362849,"3":-0.0108164077,"4":0.0119342699,"5":-0.0033669353,"6":0.0258502281,"7":0.071427551,"8":0.019928721,"9":-0.0312496094,"10":0.0353190411,"11":0.0,"12":0.015240042,"13":0.0174834342,"14":-0.0786584397,"15":0.0119046769,"16":-0.0180114031,"17":0.0,"18":-0.004722173,"19":0.0098362849,"20":0.0107773858},"sentiment_mean":{"0":0.2363636364,"1":0.1,"2":0.1236842105,"3":-0.012195122,"4":0.2777777778,"5":0.1666666667,"6":0.2380952381,"7":0.25,"8":0.2165012407,"9":-0.25,"10":0.1571428571,"11":0.0,"12":0.1346633416,"13":0.1529411765,"14":-0.3333333333,"15":0.5,"16":0.3555555556,"17":0.5,"18":0.3,"19":0.1236842105,"20":0.0652173913},"main_std":{"0":0.1121263178,"1":0.3629420238,"2":0.2211469287,"3":0.1542800765,"4":0.3343723669,"5":0.0640963333,"6":0.1156319379,"7":0.1428551021,"8":0.1476434305,"9":0.0624992188,"10":0.181426379,"11":0.0,"12":0.140654649,"13":0.165235223,"14":0.1200656009,"15":0.0291603839,"16":0.2528997089,"17":0.0,"18":0.0350098785,"19":0.2211469287,"20":0.1163497894},"sentiment_std":{"0":0.648601498,"1":0.6407232755,"2":0.7041881899,"3":0.5327288806,"4":0.7519039015,"5":0.4082482905,"6":0.624880941,"7":0.5,"8":0.673816901,"9":0.9574271078,"10":0.6407766136,"11":0.0,"12":0.7061848749,"13":0.7298517699,"14":0.5,"15":0.5477225575,"16":0.6088571842,"17":0.7071067812,"18":0.5712405706,"19":0.7041881899,"20":0.5735725824},"sentiment_pv":{"0":0.2445712803,"1":0.6653506891,"2":0.1511399586,"3":0.0042495545,"4":0.5267929522,"5":0.9837411754,"6":0.589311691,"7":0.7511975549,"8":0.0062972241,"9":0.4516859312,"10":0.895709892,"11":3.215583124e-58,"12":0.2902267395,"13":0.8585215078,"14":0.0176413549,"15":0.1923858758,"16":0.0406459276,"17":0.6225113755,"18":0.2984971484,"19":0.1511399586,"20":0.2563259522},"main_pv":{"0":0.9019562906,"1":0.6521316641,"2":0.5256583681,"3":0.1350199997,"4":0.9675648151,"5":0.5113352196,"6":0.6786294304,"7":0.4886677173,"8":0.2919914923,"9":0.2340137419,"10":0.1167397049,"11":0.0000000048,"12":0.9926132574,"13":0.859353571,"14":0.0471605929,"15":0.7973865967,"16":0.3843719268,"17":0.0000000048,"18":0.0239610292,"19":0.5256583681,"20":0.8004216283},"count":{"0":110,"1":20,"2":760,"3":82,"4":18,"5":6,"6":21,"7":4,"8":1612,"9":4,"10":210,"11":2,"12":802,"13":170,"14":9,"15":6,"16":45,"17":2,"18":20,"19":760,"20":46},"nb_en":{"0":110,"1":20,"2":760,"3":82,"4":18,"5":6,"6":21,"7":4,"8":1612,"9":4,"10":210,"11":2,"12":802,"13":170,"14":9,"15":6,"16":45,"17":2,"18":20,"19":760,"20":46},"nb_de":{"0":0,"1":0,"2":0,"3":0,"4":0,"5":0,"6":0,"7":0,"8":0,"9":0,"10":0,"11":0,"12":0,"13":0,"14":0,"15":0,"16":0,"17":0,"18":0,"19":0,"20":0}}