{"canton":{"0":"UR","1":"BE","2":"ZG","3":"BL","4":"TI","5":"TG","6":"VD","7":"GR","8":"SG","9":"JU","10":"SH","11":"OW","12":"AG","13":"GE","14":"BS","15":"FR","16":"AR","17":"GL","18":"ZH","19":"SO","20":"NE","21":"LU","22":"VS","23":"SZ"},"main_mean":{"0":-0.1607297767,"1":0.0196101619,"2":0.0273059312,"3":0.0061165887,"4":-0.0041795408,"5":-0.0032052755,"6":0.032656509,"7":0.0264342871,"8":0.0266442575,"9":0.0589363487,"10":0.008657603,"11":0.0,"12":0.0526715913,"13":0.0142407393,"14":0.012798929,"15":0.01376368,"16":0.0681422439,"17":0.0272759698,"18":0.0221516589,"19":0.0141079899,"20":-0.0074079413,"21":0.0254208861,"22":-0.0012035422,"23":0.0116726234},"sentiment_mean":{"0":-0.1428571429,"1":0.0804597701,"2":0.1258064516,"3":0.0833333333,"4":0.1014492754,"5":0.0,"6":0.0625,"7":0.0571428571,"8":0.0507246377,"9":0.0769230769,"10":0.0416666667,"11":0.0,"12":0.0857142857,"13":0.0327669903,"14":0.0822942643,"15":0.2580645161,"16":0.1818181818,"17":0.1256038647,"18":0.1445940078,"19":0.0416666667,"20":0.0588235294,"21":0.1363636364,"22":-0.0625,"23":0.0},"main_std":{"0":0.372980387,"1":0.1331148167,"2":0.160096166,"3":0.0889492394,"4":0.1331184824,"5":0.0278113051,"6":0.1434180434,"7":0.0940564167,"8":0.1142037216,"9":0.1078299335,"10":0.0618940442,"11":0.0,"12":0.1730095366,"13":0.1469046339,"14":0.1094978507,"15":0.0730306675,"16":0.1385896541,"17":0.1599692787,"18":0.1384777904,"19":0.0443270777,"20":0.1139980429,"21":0.1064572312,"22":0.058184505,"23":0.0234978725},"sentiment_std":{"0":0.6900655593,"1":0.4124285308,"2":0.5363119459,"3":0.2886751346,"4":0.3890005117,"5":0.3922322703,"6":0.3644650296,"7":0.235504108,"8":0.368909693,"9":0.4935481168,"10":0.3586407512,"11":0.0,"12":0.3707750262,"13":0.3974956381,"14":0.4367043888,"15":0.4868538261,"16":0.4045199175,"17":0.5359033711,"18":0.5074810433,"19":0.2041241452,"20":0.242535625,"21":0.3704020312,"22":0.3535533906,"23":0.0},"sentiment_pv":{"0":0.3828706442,"1":0.2369311795,"2":0.1511063266,"3":0.8208423689,"4":0.9789723955,"5":0.3456218197,"6":0.0462726682,"7":0.2641657728,"8":0.1046888986,"9":0.8538999373,"10":0.4141232928,"11":3.126072945e-85,"12":0.7046481981,"13":0.0000000003,"14":0.3632664646,"15":0.0028724017,"16":0.5314465061,"17":0.1541401881,"18":0.0003802244,"19":0.1591984176,"20":0.4681232678,"21":0.3475790765,"22":0.0129787063,"23":3.126072945e-85},"main_pv":{"0":0.2432093119,"1":0.7281164735,"2":0.2448594063,"3":0.5566531711,"4":0.1124406391,"5":0.0053991474,"6":0.161512602,"7":0.7691717701,"8":0.6170443121,"9":0.2374563543,"10":0.31564779,"11":7.516586533e-43,"12":0.1399417335,"13":0.058524537,"14":0.1180306264,"15":0.3067767884,"16":0.292734185,"17":0.2467187022,"18":0.89288435,"19":0.4158881764,"20":0.3085926966,"21":0.718489839,"22":0.0348807654,"23":0.4573794036},"count":{"0":7,"1":522,"2":1240,"3":12,"4":69,"5":14,"6":352,"7":35,"8":138,"9":13,"10":24,"11":3,"12":70,"13":1648,"14":401,"15":93,"16":11,"17":1242,"18":2303,"19":24,"20":17,"21":110,"22":32,"23":4},"nb_en":{"0":4,"1":166,"2":642,"3":1,"4":62,"5":3,"6":99,"7":1,"8":17,"9":5,"10":4,"11":1,"12":12,"13":501,"14":118,"15":46,"16":2,"17":642,"18":1066,"19":5,"20":5,"21":30,"22":14,"23":0},"nb_de":{"0":3,"1":348,"2":247,"3":11,"4":5,"5":11,"6":10,"7":34,"8":121,"9":0,"10":20,"11":2,"12":57,"13":13,"14":276,"15":17,"16":9,"17":249,"18":1167,"19":19,"20":0,"21":79,"22":14,"23":4},"nb_fr":{"0":0,"1":8,"2":351,"3":0,"4":2,"5":0,"6":243,"7":0,"8":0,"9":8,"10":0,"11":0,"12":1,"13":1134,"14":7,"15":30,"16":0,"17":351,"18":70,"19":0,"20":12,"21":1,"22":4,"23":0}}