{"canton":{"0":"UR","1":"BE","2":"ZG","3":"BL","4":"JU","5":"TI","6":"TG","7":"VD","8":"SG","9":"GR","10":"SH","11":"OW","12":"AG","13":"GE","14":"BS","15":"FR","16":"AR","17":"GL","18":"ZH","19":"SO","20":"NE","21":"LU","22":"AI","23":"VS","24":"SZ"},"main_mean":{"0":-0.0120386088,"1":0.0171580802,"2":0.0276877821,"3":0.0208672467,"4":-0.0070152598,"5":-0.014025049,"6":0.006270829,"7":0.0353046777,"8":0.0275874475,"9":0.019797166,"10":-0.0079307713,"11":0.0074999423,"12":0.0251150171,"13":0.0261850724,"14":0.0189242755,"15":0.0179970637,"16":-0.006736384,"17":0.0276319696,"18":0.0176727883,"19":0.0358865162,"20":0.0111099413,"21":0.021337672,"22":0.0,"23":0.0206641957,"24":-0.00005111},"sentiment_mean":{"0":0.0,"1":0.0660247593,"2":0.118115942,"3":0.0,"4":0.0,"5":0.0,"6":0.0,"7":0.0867768595,"8":0.0860927152,"9":-0.0263157895,"10":0.0,"11":0.0,"12":0.0636363636,"13":0.065207266,"14":0.0537634409,"15":0.1654135338,"16":0.0,"17":0.1177745665,"18":0.1119979403,"19":0.119047619,"20":0.1551724138,"21":0.087431694,"22":0.0,"23":0.1896551724,"24":0.125},"main_std":{"0":0.040490994,"1":0.1055593461,"2":0.1584217845,"3":0.0314916581,"4":0.0924290418,"5":0.2125725084,"6":0.01609267,"7":0.1287142152,"8":0.1232090993,"9":0.0862062382,"10":0.046624494,"11":0.0106065201,"12":0.1050321617,"13":0.1431908295,"14":0.1204627807,"15":0.106545242,"16":0.0244162013,"17":0.1581971107,"18":0.1215174601,"19":0.1792648119,"20":0.0793305996,"21":0.0925754878,"22":null,"23":0.0743134419,"24":0.0003421469},"sentiment_std":{"0":0.0,"1":0.3575837407,"2":0.5007225392,"3":0.0,"4":0.0,"5":0.6193235373,"6":0.0,"7":0.3475896652,"8":0.3640585548,"9":0.2834957557,"10":0.2294157339,"11":0.0,"12":0.2801465124,"13":0.4763126185,"14":0.4183291472,"15":0.4295954956,"16":0.0,"17":0.5000381371,"18":0.4957405218,"19":0.3952387949,"20":0.4511865113,"21":0.3020178739,"22":null,"23":0.4375729133,"24":0.3535533906},"sentiment_pv":{"0":2.346116837e-104,"1":0.0285915821,"2":0.1306485288,"3":2.346116837e-104,"4":2.346116837e-104,"5":0.1843043944,"6":2.346116837e-104,"7":0.5467265874,"8":0.7244981001,"9":0.0113548489,"10":0.0126824963,"11":2.346116837e-104,"12":0.2249053305,"13":0.0049448328,"14":0.0532597938,"15":0.0690433866,"16":2.346116837e-104,"17":0.1358847213,"18":0.0919514353,"19":0.7162335168,"20":0.3288460415,"21":0.6852605095,"22":null,"23":0.1120633691,"24":0.8272619369},"main_pv":{"0":0.0181604672,"1":0.199928478,"2":0.237841109,"3":0.9169598305,"4":0.515641094,"5":0.1448822432,"6":0.0017387867,"7":0.0320074609,"8":0.6109130399,"9":0.8519790459,"10":0.0002562942,"11":0.2891873057,"12":0.7911291378,"13":0.2615223721,"14":0.5819566101,"15":0.6348580957,"16":0.0324162819,"17":0.2416216119,"18":0.0404672107,"19":0.6297005938,"20":0.2848614127,"21":0.8748359864,"22":null,"23":0.8577675365,"24":4.395349927e-69},"count":{"0":11,"1":727,"2":1380,"3":5,"4":5,"5":74,"6":15,"7":484,"8":151,"9":38,"10":39,"11":2,"12":110,"13":2147,"14":372,"15":133,"16":6,"17":1384,"18":3884,"19":42,"20":58,"21":183,"22":1,"23":58,"24":8},"nb_en":{"0":1,"1":174,"2":731,"3":1,"4":0,"5":69,"6":2,"7":86,"8":20,"9":7,"10":6,"11":0,"12":9,"13":874,"14":103,"15":76,"16":1,"17":731,"18":1756,"19":7,"20":21,"21":37,"22":0,"23":17,"24":2},"nb_de":{"0":10,"1":531,"2":205,"3":4,"4":0,"5":3,"6":13,"7":9,"8":131,"9":30,"10":33,"11":2,"12":101,"13":8,"14":263,"15":24,"16":5,"17":209,"18":2039,"19":35,"20":15,"21":144,"22":1,"23":34,"24":6},"nb_fr":{"0":0,"1":22,"2":444,"3":0,"4":5,"5":2,"6":0,"7":389,"8":0,"9":1,"10":0,"11":0,"12":0,"13":1265,"14":6,"15":33,"16":0,"17":444,"18":89,"19":0,"20":22,"21":2,"22":0,"23":7,"24":0}}