{"canton":{"0":"UR","1":"NW","2":"BE","3":"ZG","4":"BL","5":"TI","6":"TG","7":"VD","8":"SG","9":"JU","10":"SH","11":"AG","12":"GE","13":"BS","14":"FR","15":"SO","16":"AR","17":"GL","18":"ZH","19":"VS","20":"NE","21":"LU","22":"GR","23":"SZ"},"main_mean":{"0":0.0,"1":0.0022117163,"2":0.015769698,"3":0.0320773289,"4":0.2303233262,"5":-0.0030130791,"6":0.0229262337,"7":0.0309663245,"8":0.0272709328,"9":0.025095854,"10":0.0142800015,"11":0.0197511851,"12":0.0181390608,"13":0.0197266116,"14":0.038805618,"15":0.0069656834,"16":-0.1215457393,"17":0.0320773289,"18":0.0244109796,"19":0.0927923697,"20":-0.0419191091,"21":0.025649279,"22":0.0169299188,"23":0.0585615822},"sentiment_mean":{"0":0.0,"1":0.0,"2":0.0698869476,"3":0.1210951211,"4":0.25,"5":0.0218978102,"6":0.0,"7":0.0642857143,"8":0.1012658228,"9":-0.2222222222,"10":0.0769230769,"11":0.023255814,"12":0.0283613445,"13":0.0677419355,"14":0.0606060606,"15":0.08,"16":0.0,"17":0.1210951211,"18":0.166009738,"19":0.1914893617,"20":-0.0454545455,"21":0.1056338028,"22":0.0652173913,"23":0.3333333333},"main_std":{"0":0.0,"1":0.0600813708,"2":0.1049076267,"3":0.1850924792,"4":0.4040354126,"5":0.0346186849,"6":0.0354196644,"7":0.1439919608,"8":0.1087728859,"9":0.132611007,"10":0.0422711036,"11":0.1245094926,"12":0.1410507293,"13":0.1213315363,"14":0.1154278905,"15":0.0279063405,"16":0.0039063651,"17":0.1850924792,"18":0.1420534652,"19":0.2515680251,"20":0.2249427268,"21":0.1361129082,"22":0.0977843883,"23":0.0786474732},"sentiment_std":{"0":0.0,"1":0.0,"2":0.40476545,"3":0.4919371617,"4":0.4629100499,"5":0.4281827758,"6":0.0,"7":0.2981328727,"8":0.439888136,"9":0.4277926319,"10":0.2690691176,"11":0.3172134579,"12":0.3879377002,"13":0.3920758695,"14":0.2964825795,"15":0.2740475156,"16":0.0,"17":0.4919371617,"18":0.5273452405,"19":0.6095405593,"20":0.2107070549,"21":0.3704213336,"22":0.4872968233,"23":0.4923659639},"sentiment_pv":{"0":2.21123059e-178,"1":2.21123059e-178,"2":0.0203178103,"3":0.0429290111,"4":0.3933260296,"5":0.0328270105,"6":2.21123059e-178,"7":0.0049985378,"8":0.9967785063,"9":0.0051806144,"10":0.5212997278,"11":0.0001298961,"12":7.823714282e-24,"13":0.0389018719,"14":0.122083757,"15":0.5896765953,"16":2.21123059e-178,"17":0.0429290111,"18":0.0,"19":0.1545854131,"20":0.0000372003,"21":0.8395664872,"22":0.4825465757,"23":0.130652765},"main_pv":{"0":2.089711836e-100,"1":0.2591651014,"2":0.0087315836,"3":0.057664158,"4":0.1940226035,"5":7.91011331e-16,"6":0.7665105203,"7":0.3463204371,"8":0.8062688244,"9":0.9992468955,"10":0.0750843598,"11":0.4935911974,"12":0.0065620737,"13":0.2817513456,"14":0.1785067931,"15":0.0000452523,"16":0.0000000034,"17":0.057664158,"18":0.7714556426,"19":0.0106853512,"20":0.0545919933,"21":0.9489041704,"22":0.4265126166,"23":0.1692319457},"count":{"0":6,"1":10,"2":973,"3":2849,"4":8,"5":137,"6":24,"7":560,"8":158,"9":18,"10":52,"11":258,"12":3808,"13":620,"14":132,"15":50,"16":4,"17":2849,"18":4313,"19":94,"20":44,"21":284,"22":92,"23":12},"nb_en":{"0":0,"1":0,"2":323,"3":1317,"4":2,"5":121,"6":2,"7":110,"8":28,"9":6,"10":6,"11":38,"12":1090,"13":170,"14":50,"15":10,"16":0,"17":1317,"18":2003,"19":62,"20":4,"21":56,"22":26,"23":8},"nb_de":{"0":6,"1":10,"2":632,"3":454,"4":6,"5":6,"6":22,"7":58,"8":130,"9":0,"10":46,"11":220,"12":8,"13":446,"14":6,"15":40,"16":4,"17":454,"18":2152,"19":28,"20":2,"21":228,"22":66,"23":4},"nb_fr":{"0":0,"1":0,"2":18,"3":1078,"4":0,"5":10,"6":0,"7":392,"8":0,"9":12,"10":0,"11":0,"12":2710,"13":4,"14":76,"15":0,"16":0,"17":1078,"18":158,"19":4,"20":38,"21":0,"22":0,"23":0}}