{"canton":{"0":"VD","1":"SG","2":"TI","3":"UR","4":"VS","5":"AG","6":"TG","7":"ZH","8":"SH","9":"BE","10":"BL","11":"GE","12":"BS","13":"GL","14":"SO","15":"LU","16":"NW","17":"GR","18":"NE","19":"ZG","20":"FR"},"main_mean":{"0":0.0398814623,"1":0.0044011131,"2":-0.0083484594,"3":-0.0416663194,"4":-0.0078464561,"5":0.1079989722,"6":0.0,"7":0.0266879014,"8":-0.033333,"9":0.0082322948,"10":0.0,"11":0.0124735901,"12":0.0371318544,"13":0.0207454696,"14":0.0961942278,"15":0.0296299603,"16":0.033333,"17":-0.0477268161,"18":0.0235867138,"19":0.0207454696,"20":-0.0204078717},"sentiment_mean":{"0":0.1666666667,"1":0.1428571429,"2":0.1846153846,"3":0.5,"4":0.3333333333,"5":0.125,"6":0.0,"7":0.2128113879,"8":-0.1666666667,"9":0.1720430108,"10":0.0,"11":0.0890410959,"12":0.175,"13":0.1834061135,"14":0.3,"15":0.2571428571,"16":0.6666666667,"17":-0.25,"18":0.3888888889,"19":0.1834061135,"20":0.1428571429},"main_std":{"0":0.2160113437,"1":0.0352148233,"2":0.1717168975,"3":0.0589250741,"4":0.2881422745,"5":0.2747292467,"6":0.0,"7":0.1715824743,"8":0.0516392616,"9":0.1582739684,"10":null,"11":0.1212547634,"12":0.150622366,"13":0.206665336,"14":0.1870467022,"15":0.1476444623,"16":0.0577344496,"17":0.0552350029,"18":0.0853106669,"19":0.206665336,"20":0.0539941534},"sentiment_std":{"0":0.7222385331,"1":0.4780914437,"2":0.527147622,"3":0.7071067812,"4":0.6859943406,"5":0.7187952884,"6":0.0,"7":0.6956157959,"8":0.7527726527,"9":0.7146899674,"10":null,"11":0.7035053412,"12":0.6940624533,"13":0.6578643219,"14":0.6749485577,"15":0.6108266888,"16":0.5773502692,"17":0.9574271078,"18":0.6076849889,"19":0.6578643219,"20":0.8997354108},"sentiment_pv":{"0":0.9096260293,"1":0.7700723439,"2":0.8720742532,"3":0.6320828886,"4":0.3388419164,"5":0.7895039052,"6":1.54834001e-60,"7":0.0677916677,"8":0.3183443228,"9":0.9721156934,"10":null,"11":0.0011062182,"12":0.9865211656,"13":0.726966929,"14":0.5696118294,"15":0.4279951174,"16":0.2773510345,"17":0.4411340469,"18":0.1525591271,"19":0.726966929,"20":0.9302361092},"main_pv":{"0":0.3272469716,"1":0.0493155818,"2":0.1731797237,"3":0.3717429387,"4":0.6743708426,"5":0.2259247152,"6":0.0,"7":0.3016243383,"8":0.0487669924,"9":0.2771572915,"10":null,"11":0.0744044698,"12":0.2577968722,"13":0.955572229,"14":0.2370295815,"15":0.7392757278,"16":0.7512812418,"17":0.0873506164,"18":0.9080358732,"19":0.955572229,"20":0.0880675274},"count":{"0":132,"1":21,"2":65,"3":2,"4":18,"5":16,"6":2,"7":1405,"8":6,"9":186,"10":1,"11":876,"12":120,"13":687,"14":10,"15":35,"16":3,"17":4,"18":18,"19":687,"20":7},"nb_en":{"0":132,"1":21,"2":65,"3":2,"4":18,"5":16,"6":2,"7":1405,"8":6,"9":186,"10":1,"11":876,"12":120,"13":687,"14":10,"15":35,"16":3,"17":4,"18":18,"19":687,"20":7},"nb_de":{"0":0,"1":0,"2":0,"3":0,"4":0,"5":0,"6":0,"7":0,"8":0,"9":0,"10":0,"11":0,"12":0,"13":0,"14":0,"15":0,"16":0,"17":0,"18":0,"19":0,"20":0}}