{"canton":{"0":"UR","1":"NW","2":"BE","3":"ZG","4":"BL","5":"TI","6":"TG","7":"VD","8":"GR","9":"SG","10":"JU","11":"SH","12":"OW","13":"AG","14":"GE","15":"BS","16":"FR","17":"AR","18":"GL","19":"ZH","20":"SO","21":"NE","22":"LU","23":"VS","24":"SZ"},"main_mean":{"0":0.0,"1":0.0,"2":0.0198875919,"3":0.0206771581,"4":0.441760304,"5":-0.0212865371,"6":0.0010459416,"7":0.0251598422,"8":0.0087529875,"9":0.0460259833,"10":-0.0166376409,"11":0.0081815081,"12":0.0003499941,"13":0.0074511667,"14":0.0252626908,"15":0.0089307312,"16":0.0214122389,"17":0.0353318918,"18":0.0206726611,"19":0.0185334068,"20":0.0110778378,"21":0.0563176704,"22":0.0130141679,"23":0.0044299867,"24":-0.000184614},"sentiment_mean":{"0":0.3333333333,"1":0.0,"2":0.1145631068,"3":0.0937950938,"4":1.0,"5":-0.0178571429,"6":0.0,"7":0.0493421053,"8":0.0,"9":0.1505376344,"10":0.125,"11":0.0454545455,"12":0.0,"13":0.0704225352,"14":0.0437908497,"15":0.0797101449,"16":0.0298507463,"17":0.125,"18":0.0937274694,"19":0.1726685134,"20":0.0476190476,"21":0.1714285714,"22":0.0157480315,"23":0.0188679245,"24":0.0},"main_std":{"0":0.0,"1":null,"2":0.1203904726,"3":0.185453822,"4":0.2004835871,"5":0.1597868556,"6":0.0211099676,"7":0.1169314199,"8":0.048725618,"9":0.1409385869,"10":0.0356582329,"11":0.100161417,"12":0.000409259,"13":0.1351168979,"14":0.1622243309,"15":0.1256662401,"16":0.1257520827,"17":0.0960927403,"18":0.1853869831,"19":0.122895753,"20":0.0557229477,"21":0.1532468625,"22":0.0766039876,"23":0.1146522714,"24":0.0002610836},"sentiment_std":{"0":0.5163977795,"1":null,"2":0.4236233752,"3":0.4967814371,"4":0.0,"5":0.5219220223,"6":0.0,"7":0.3262946714,"8":0.3429971703,"9":0.3595358288,"10":0.3535533906,"11":0.3750901767,"12":0.0,"13":0.390016251,"14":0.4044115889,"15":0.4981652767,"16":0.300007538,"17":0.3535533906,"18":0.4966085769,"19":0.5217761353,"20":0.2155402687,"21":0.4528156543,"22":0.2514798098,"23":0.4595384824,"24":0.0},"sentiment_pv":{"0":0.3226002044,"1":null,"2":0.5171892832,"3":0.5666966042,"4":0.0,"5":0.0921369693,"6":1.716210306e-83,"7":0.0070388278,"8":0.224870408,"9":0.2004082171,"10":0.859353737,"11":0.4881046417,"12":1.716210306e-83,"13":0.4999430132,"14":0.0000005317,"15":0.4644593664,"16":0.0553781493,"17":0.859353737,"18":0.5632652534,"19":0.0000000119,"20":0.113509774,"21":0.3718002059,"22":0.000245077,"23":0.1950079484,"24":1.716210306e-83},"main_pv":{"0":4.49615741e-33,"1":null,"2":0.92249026,"3":0.9625122238,"4":0.2065820042,"5":0.0565154831,"6":0.0360340175,"7":0.494605969,"8":0.3280304942,"9":0.0851659235,"10":0.0216544222,"11":0.5734761881,"12":4.296527937e-31,"13":0.4235590728,"14":0.2809601567,"15":0.1390362545,"16":0.9495053207,"17":0.674459175,"18":0.9631693867,"19":0.5458302767,"20":0.2917333068,"21":0.1757614628,"22":0.2916599307,"23":0.3170227973,"24":5.750142228e-33},"count":{"0":6,"1":1,"2":515,"3":1386,"4":2,"5":56,"6":8,"7":304,"8":18,"9":93,"10":8,"11":22,"12":3,"13":71,"14":1530,"15":276,"16":67,"17":8,"18":1387,"19":2166,"20":42,"21":35,"22":127,"23":53,"24":2},"nb_en":{"0":3,"1":0,"2":158,"3":693,"4":0,"5":49,"6":1,"7":62,"8":3,"9":17,"10":1,"11":0,"12":0,"13":12,"14":490,"15":110,"16":9,"17":0,"18":693,"19":1053,"20":4,"21":6,"22":23,"23":22,"24":0},"nb_de":{"0":3,"1":1,"2":350,"3":172,"4":2,"5":3,"6":7,"7":14,"8":14,"9":75,"10":4,"11":22,"12":3,"13":59,"14":4,"15":165,"16":34,"17":8,"18":173,"19":1044,"20":38,"21":13,"22":103,"23":21,"24":2},"nb_fr":{"0":0,"1":0,"2":7,"3":521,"4":0,"5":4,"6":0,"7":228,"8":1,"9":1,"10":3,"11":0,"12":0,"13":0,"14":1036,"15":1,"16":24,"17":0,"18":521,"19":69,"20":0,"21":16,"22":1,"23":10,"24":0}}