{"canton":{"0":"UR","1":"BE","2":"ZG","3":"BL","4":"TI","5":"TG","6":"VD","7":"GR","8":"SG","9":"JU","10":"SH","11":"AG","12":"GE","13":"BS","14":"FR","15":"AR","16":"GL","17":"ZH","18":"SO","19":"NE","20":"LU","21":"VS","22":"SZ"},"main_mean":{"0":-0.0275501022,"1":0.0103236775,"2":0.0184966421,"3":0.012390942,"4":0.0116101696,"5":0.016090279,"6":0.0430563973,"7":0.0172049464,"8":0.0341001557,"9":-0.1413415207,"10":0.0073340525,"11":0.0211827934,"12":0.0272083479,"13":0.0055231486,"14":0.0223066761,"15":0.0285604158,"16":0.0184698231,"17":0.0164109638,"18":0.0162357655,"19":0.0124246,"20":0.034824002,"21":0.0908628436,"22":0.000374597},"sentiment_mean":{"0":0.0,"1":0.0523364486,"2":0.0578577013,"3":0.0,"4":0.0253164557,"5":0.05,"6":0.0641025641,"7":0.027027027,"8":0.0566037736,"9":-0.125,"10":0.0416666667,"11":0.0340136054,"12":0.0559478544,"13":0.0169491525,"14":0.037037037,"15":0.5,"16":0.0578125,"17":0.1331198536,"18":0.0238095238,"19":0.0,"20":0.0254237288,"21":0.2285714286,"22":0.0},"main_std":{"0":0.0834172629,"1":0.0788778199,"2":0.164366089,"3":0.0703432127,"4":0.0787231026,"5":0.0483845318,"6":0.1526786429,"7":0.0773451598,"8":0.135431146,"9":0.3512710618,"10":0.0343689208,"11":0.1062570356,"12":0.1472063136,"13":0.1112688842,"14":0.1016846276,"15":0.0210967515,"16":0.1643046224,"17":0.1355016495,"18":0.0487369727,"19":0.1213691235,"20":0.1117230923,"21":0.1656627282,"22":0.0007329311},"sentiment_std":{"0":0.0,"1":0.3785804835,"2":0.5334789488,"3":0.0,"4":0.4521936148,"5":0.2236067977,"6":0.324349206,"7":0.2873718542,"8":0.2701036372,"9":0.3535533906,"10":0.3586407512,"11":0.3187081369,"12":0.4046182923,"13":0.358263598,"14":0.2472066162,"15":0.7071067812,"16":0.5332728069,"17":0.5153311448,"18":0.15430335,"19":0.0,"20":0.3055572017,"21":0.5469549011,"22":0.0},"sentiment_pv":{"0":1.651338951e-47,"1":0.2271185839,"2":0.3350761192,"3":1.651338951e-47,"4":0.3534603533,"5":0.6518073968,"6":0.6392825286,"7":0.3391937732,"8":0.5397528074,"9":0.1573046264,"10":0.6729964344,"11":0.1468248896,"12":0.1097863644,"13":0.0023373605,"14":0.2008240957,"15":0.5500457295,"16":0.3333011966,"17":0.0000007331,"18":0.0490793022,"19":1.651338951e-47,"20":0.0981779674,"21":0.1020885719,"22":1.651338951e-47},"main_pv":{"0":0.1256929257,"1":0.0096513237,"2":0.7519800826,"3":0.6615790093,"4":0.3517573,"5":0.7223834031,"6":0.0091192439,"7":0.8267342363,"8":0.2903701703,"9":0.2349997136,"10":0.0892145819,"11":0.8969396925,"12":0.0562501924,"13":0.0110599696,"14":0.8421199512,"15":0.669098189,"16":0.7476164113,"17":0.2702045591,"18":0.6236577572,"19":0.7721222619,"20":0.1573474999,"21":0.0163385092,"22":3.654132533e-35},"count":{"0":9,"1":535,"2":1279,"3":17,"4":79,"5":20,"6":312,"7":37,"8":106,"9":8,"10":24,"11":147,"12":1841,"13":413,"14":81,"15":2,"16":1280,"17":2186,"18":42,"19":22,"20":118,"21":35,"22":6},"nb_en":{"0":2,"1":144,"2":627,"3":2,"4":69,"5":2,"6":74,"7":4,"8":13,"9":2,"10":5,"11":15,"12":535,"13":72,"14":19,"15":1,"16":627,"17":1008,"18":4,"19":3,"20":20,"21":16,"22":0},"nb_de":{"0":7,"1":383,"2":279,"3":15,"4":5,"5":18,"6":5,"7":33,"8":93,"9":0,"10":19,"11":132,"12":1,"13":339,"14":24,"15":1,"16":280,"17":1120,"18":38,"19":0,"20":98,"21":12,"22":6},"nb_fr":{"0":0,"1":8,"2":373,"3":0,"4":5,"5":0,"6":233,"7":0,"8":0,"9":6,"10":0,"11":0,"12":1305,"13":2,"14":38,"15":0,"16":373,"17":58,"18":0,"19":19,"20":0,"21":7,"22":0}}