{"canton":{"0":"UR","1":"NW","2":"BE","3":"ZG","4":"BL","5":"TG","6":"TI","7":"VD","8":"GR","9":"SG","10":"JU","11":"SH","12":"OW","13":"AG","14":"GE","15":"BS","16":"FR","17":"AR","18":"GL","19":"ZH","20":"VS","21":"NE","22":"LU","23":"SO","24":"SZ"},"main_mean":{"0":0.0235733506,"1":0.041748718,"2":0.0111573981,"3":0.0287377039,"4":0.0403226076,"5":0.0081143348,"6":0.0144469118,"7":0.038892743,"8":0.0221093149,"9":0.0253568806,"10":0.0534198561,"11":-0.0004638102,"12":0.0,"13":0.0189516955,"14":0.0252747609,"15":0.0189390548,"16":0.0169504341,"17":0.002642051,"18":0.0287189088,"19":0.0168409794,"20":0.0166765161,"21":0.0242294879,"22":0.0117100718,"23":0.0204063266,"24":0.0230305857},"sentiment_mean":{"0":0.3636363636,"1":0.0,"2":0.0706666667,"3":0.1308900524,"4":0.125,"5":0.0,"6":0.1009174312,"7":0.0822669104,"8":0.0,"9":0.0930232558,"10":0.1428571429,"11":0.1333333333,"12":0.0,"13":0.0071942446,"14":0.0699955417,"15":0.0453514739,"16":0.1612903226,"17":0.0,"18":0.1308044474,"19":0.1206757844,"20":0.0212765957,"21":0.0576923077,"22":0.0265957447,"23":0.0975609756,"24":0.1428571429},"main_std":{"0":0.0400526856,"1":0.0443393061,"2":0.0874289556,"3":0.1618031767,"4":0.1052369798,"5":0.0184436661,"6":0.1301990164,"7":0.1408144194,"8":0.0504378924,"9":0.0832126585,"10":0.1213599201,"11":0.0209794437,"12":null,"13":0.1554573686,"14":0.14093252,"15":0.1481642781,"16":0.1142531086,"17":0.0054010963,"18":0.1617518916,"19":0.128012698,"20":0.110969778,"21":0.0750197496,"22":0.1085107922,"23":0.0895301019,"24":0.0786035079},"sentiment_std":{"0":0.5045249791,"1":0.0,"2":0.3922729402,"3":0.5052585231,"4":0.3535533906,"5":0.0,"6":0.4896134932,"7":0.376259762,"8":0.0,"9":0.2915974447,"10":0.377964473,"11":0.3457459036,"12":null,"13":0.3900279231,"14":0.460776746,"15":0.4397648404,"16":0.4729721607,"17":0.0,"18":0.5051042545,"19":0.5168034532,"20":0.488536488,"21":0.3076451698,"22":0.2623120287,"23":0.300406229,"24":0.377964473},"sentiment_pv":{"0":0.1158620715,"1":8.583296268e-115,"2":0.0388921809,"3":0.0325333261,"4":0.8573045923,"5":8.583296268e-115,"6":0.9873020309,"7":0.245265942,"8":8.583296268e-115,"9":0.740495255,"10":0.782886418,"11":0.6205337387,"12":null,"13":0.0053143647,"14":0.0030535335,"15":0.00877542,"16":0.2290409418,"17":8.583296268e-115,"18":0.0329454035,"19":0.0465047223,"20":0.2659663728,"21":0.3099499062,"22":0.0001738771,"23":0.9309615266,"24":0.782886418},"main_pv":{"0":0.9232455658,"1":0.3843215231,"2":0.0011452338,"3":0.1420452418,"4":0.6444019179,"5":0.0019558914,"6":0.5284692324,"7":0.0074829863,"8":0.9807144191,"9":0.6890097693,"10":0.5238573919,"11":0.0000020381,"12":null,"13":0.7965187751,"14":0.3705612355,"15":0.6321162557,"16":0.6500495571,"17":0.0000036217,"18":0.1429907004,"19":0.0242745128,"20":0.7272436407,"21":0.8601819862,"22":0.184976803,"23":0.8892321035,"24":0.9831012458},"count":{"0":11,"1":5,"2":750,"3":1528,"4":8,"5":22,"6":109,"7":547,"8":22,"9":129,"10":7,"11":30,"12":1,"13":139,"14":2243,"15":441,"16":93,"17":7,"18":1529,"19":3729,"20":47,"21":52,"22":188,"23":41,"24":7},"nb_en":{"0":9,"1":0,"2":205,"3":770,"4":1,"5":3,"6":96,"7":146,"8":0,"9":18,"10":1,"11":5,"12":0,"13":28,"14":874,"15":134,"16":45,"17":0,"18":770,"19":1712,"20":14,"21":16,"22":27,"23":4,"24":2},"nb_de":{"0":2,"1":5,"2":524,"3":256,"4":7,"5":19,"6":8,"7":9,"8":22,"9":110,"10":0,"11":25,"12":1,"13":110,"14":8,"15":297,"16":11,"17":7,"18":257,"19":1914,"20":22,"21":0,"22":159,"23":37,"24":5},"nb_fr":{"0":0,"1":0,"2":21,"3":502,"4":0,"5":0,"6":5,"7":392,"8":0,"9":1,"10":6,"11":0,"12":0,"13":1,"14":1361,"15":10,"16":37,"17":0,"18":502,"19":103,"20":11,"21":36,"22":2,"23":0,"24":0}}