{"canton":{"0":"VD","1":"SG","2":"TI","3":"UR","4":"VS","5":"JU","6":"AG","7":"TG","8":"ZH","9":"SH","10":"BE","11":"BL","12":"GE","13":"BS","14":"GL","15":"SO","16":"LU","17":"GR","18":"NE","19":"ZG","20":"FR"},"main_mean":{"0":0.0399207204,"1":0.0481305757,"2":0.0192413429,"3":0.0,"4":0.0166663333,"5":0.0,"6":0.008305742,"7":0.0,"8":0.0276588327,"9":0.057546069,"10":0.0504533217,"11":0.0,"12":0.0179380153,"13":0.0109802803,"14":0.0296879863,"15":-0.04999875,"16":0.0681592846,"17":-0.1824047302,"18":-0.0156123594,"19":0.0296879863,"20":0.0376450062},"sentiment_mean":{"0":0.1923076923,"1":0.1,"2":0.1466666667,"3":0.0,"4":0.0833333333,"5":0.0,"6":0.0,"7":0.0,"8":0.2196796339,"9":0.2,"10":0.2315270936,"11":0.0,"12":0.1695979899,"13":0.220657277,"14":0.2524271845,"15":0.0,"16":0.3333333333,"17":-0.6666666667,"18":0.0666666667,"19":0.2524271845,"20":0.2068965517},"main_std":{"0":0.2123587609,"1":0.1340634397,"2":0.2135637042,"3":0.0,"4":0.1534075405,"5":null,"6":0.2512759581,"7":null,"8":0.1686413793,"9":0.1772579248,"10":0.1649599173,"11":null,"12":0.1271040338,"13":0.1985456738,"14":0.1737003827,"15":0.1118006039,"16":0.2259623918,"17":0.050941983,"18":0.0624531178,"19":0.1737003827,"20":0.1306342559},"sentiment_std":{"0":0.7642106541,"1":0.7880689257,"2":0.7295562023,"3":0.0,"4":0.6685579234,"5":null,"6":0.8366600265,"7":null,"8":0.7014756792,"9":0.8366600265,"10":0.6529378642,"11":null,"12":0.6968972307,"13":0.7223817654,"14":0.6792999172,"15":0.7071067812,"16":0.6218252702,"17":0.5773502692,"18":0.5936168397,"19":0.6792999172,"20":0.6750296472},"sentiment_pv":{"0":0.7700690856,"1":0.5243640068,"2":0.4269044356,"3":1.374953848e-87,"4":0.5113749348,"5":null,"6":0.2545607726,"7":null,"8":0.7932871878,"9":0.9709864306,"10":0.7173919667,"11":null,"12":0.0950600644,"13":0.9030169921,"14":0.2323993804,"15":0.5349576765,"16":0.1813314687,"17":0.1181079387,"18":0.3521578445,"19":0.2323993804,"20":0.952330011},"main_pv":{"0":0.5354353539,"1":0.4883723157,"2":0.7589020722,"3":6.961080056e-26,"4":0.8221296454,"5":null,"6":0.7386187816,"7":null,"8":0.8698223228,"9":0.7186474665,"10":0.0479282682,"11":null,"12":0.0840697197,"13":0.251868568,"14":0.7275871525,"15":0.1990782407,"16":0.1993148614,"17":0.0185675681,"18":0.020228749,"19":0.7275871525,"20":0.6622036591},"count":{"0":104,"1":20,"2":75,"3":3,"4":12,"5":1,"6":21,"7":1,"8":1748,"9":5,"10":203,"11":1,"12":796,"13":213,"14":515,"15":5,"16":51,"17":3,"18":15,"19":515,"20":29},"nb_en":{"0":104,"1":20,"2":75,"3":3,"4":12,"5":1,"6":21,"7":1,"8":1748,"9":5,"10":203,"11":1,"12":796,"13":213,"14":515,"15":5,"16":51,"17":3,"18":15,"19":515,"20":29},"nb_de":{"0":0,"1":0,"2":0,"3":0,"4":0,"5":0,"6":0,"7":0,"8":0,"9":0,"10":0,"11":0,"12":0,"13":0,"14":0,"15":0,"16":0,"17":0,"18":0,"19":0,"20":0}}