{"canton":{"0":"NE","1":"GE","2":"GL","3":"TI","4":"UR","5":"SZ","6":"TG","7":"FR","8":"BS","9":"BL","10":"ZH","11":"OW","12":"VD","13":"SG","14":"GR","15":"ZG","16":"AR","17":"LU","18":"BE","19":"JU","20":"AG","21":"SH","22":"VS","23":"SO","24":"NW"},"main_mean":{"0":0.0869403858,"1":0.0213793458,"2":0.0182125256,"3":0.0255584162,"4":0.067957598,"5":-0.0121417034,"6":0.0868708727,"7":0.0103143837,"8":0.0045379218,"9":0.08081322,"10":0.0161681585,"11":0.0,"12":0.0357476852,"13":0.0155153177,"14":0.0119199252,"15":0.018226027,"16":0.0621362039,"17":0.0165003282,"18":0.0169005875,"19":0.0722675933,"20":0.0104471148,"21":0.013637591,"22":0.0254436492,"23":0.0028807569,"24":0.0},"sentiment_mean":{"0":0.2,"1":0.0258103241,"2":0.1058201058,"3":0.1388888889,"4":0.2857142857,"5":0.0,"6":0.1111111111,"7":0.2132352941,"8":0.0257879656,"9":0.125,"10":0.1382352941,"11":0.0,"12":0.0727848101,"13":-0.0080645161,"14":-0.025,"15":0.1059001513,"16":0.5,"17":0.0849056604,"18":0.0875232775,"19":0.0666666667,"20":0.0731707317,"21":0.0357142857,"22":0.0892857143,"23":0.0789473684,"24":0.0},"main_std":{"0":0.1287900917,"1":0.1368868222,"2":0.1641536548,"3":0.1777045387,"4":0.1907260019,"5":0.0178137768,"6":0.1662646602,"7":0.0987395944,"8":0.0815767636,"9":0.1457529431,"10":0.1380982317,"11":null,"12":0.1443100727,"13":0.1332399428,"14":0.0592556251,"15":0.1642150405,"16":0.0818451251,"17":0.079252947,"18":0.1311588716,"19":0.2585618108,"20":0.1124145721,"21":0.1204633804,"22":0.0981204097,"23":0.082933602,"24":null},"sentiment_std":{"0":0.4140393356,"1":0.3935593762,"2":0.4959634225,"3":0.5387924829,"4":0.4879500365,"5":0.0,"6":0.3333333333,"7":0.4620099123,"8":0.3422705973,"9":0.3535533906,"10":0.5131988397,"11":null,"12":0.3793308619,"13":0.3250007565,"14":0.2761920551,"15":0.4961425606,"16":0.5477225575,"17":0.3122247215,"18":0.3884681117,"19":0.4577377082,"20":0.3777937188,"21":0.3313432658,"22":0.3943595828,"23":0.4866642634,"24":null},"sentiment_pv":{"0":0.3259248689,"1":0.0000000023,"2":0.3101432316,"3":0.4551961517,"4":0.3319671534,"5":1.170152454e-71,"6":0.8614181219,"7":0.0026620177,"8":0.0006535734,"9":0.7939763974,"10":0.0001504788,"11":null,"12":0.4050646141,"13":0.0010680186,"14":0.0117533353,"15":0.307841778,"16":0.1269760848,"17":0.8416332797,"18":0.8398363106,"19":0.83957083,"20":0.6713836922,"21":0.3859656236,"22":0.9733465129,"23":0.8791090094,"24":null},"main_pv":{"0":0.058827557,"1":0.4356733127,"2":0.9534584498,"3":0.7374800498,"4":0.5182868021,"5":0.0170187999,"6":0.2524126529,"7":0.3439300343,"8":0.0027930863,"9":0.2659011987,"10":0.4992518312,"11":null,"12":0.0376471798,"13":0.805604309,"14":0.492983054,"15":0.9557382024,"16":0.2485565091,"17":0.8003877407,"18":0.7866147068,"19":0.4341045009,"20":0.5220696236,"21":0.8331381434,"22":0.6006363506,"23":0.2563137872,"24":null},"count":{"0":15,"1":1666,"2":1323,"3":72,"4":7,"5":5,"6":9,"7":136,"8":349,"9":8,"10":2040,"11":1,"12":316,"13":124,"14":40,"15":1322,"16":6,"17":106,"18":537,"19":15,"20":82,"21":28,"22":56,"23":38,"24":1},"nb_en":{"0":2,"1":472,"2":683,"3":63,"4":4,"5":0,"6":3,"7":63,"8":83,"9":0,"10":933,"11":0,"12":72,"13":13,"14":4,"15":683,"16":3,"17":25,"18":157,"19":6,"20":16,"21":6,"22":14,"23":13,"24":0},"nb_de":{"0":0,"1":3,"2":290,"3":4,"4":3,"5":5,"6":6,"7":22,"8":263,"9":8,"10":1065,"11":1,"12":8,"13":111,"14":33,"15":289,"16":3,"17":81,"18":370,"19":0,"20":66,"21":22,"22":28,"23":25,"24":1}}