{"canton":{"0":"NE","1":"GE","2":"GL","3":"BE","4":"SZ","5":"TG","6":"UR","7":"FR","8":"BS","9":"BL","10":"ZH","11":"OW","12":"VD","13":"SG","14":"GR","15":"ZG","16":"AR","17":"LU","18":"TI","19":"JU","20":"AG","21":"SH","22":"VS","23":"AI","24":"SO"},"main_mean":{"0":0.0177551815,"1":0.0216993935,"2":0.0213159935,"3":0.0108589337,"4":-0.0033511757,"5":0.021096471,"6":0.0,"7":0.0264654813,"8":0.0223477303,"9":-0.0113240902,"10":0.0111659416,"11":-0.0004146884,"12":0.0312462445,"13":0.037719643,"14":0.0235906056,"15":0.020995396,"16":0.0,"17":0.0233719552,"18":-0.0157253436,"19":0.0191743707,"20":-0.0036790604,"21":0.0258085707,"22":0.018959432,"23":0.00089999,"24":0.0194175564},"sentiment_mean":{"0":0.0909090909,"1":0.0583058306,"2":0.0821155184,"3":0.0478170478,"4":0.0,"5":0.1,"6":0.0,"7":0.0898876404,"8":0.0872274143,"9":-0.1428571429,"10":0.1201478743,"11":0.0,"12":0.0483870968,"13":0.1127819549,"14":0.1081081081,"15":0.0822873082,"16":0.25,"17":0.0769230769,"18":0.025,"19":0.0909090909,"20":0.0,"21":0.1714285714,"22":0.0119047619,"23":0.0,"24":0.0277777778},"main_std":{"0":0.0802011574,"1":0.1522615262,"2":0.1638136509,"3":0.070357728,"4":0.0147513509,"5":0.0432928575,"6":0.0,"7":0.1436723593,"8":0.1356720858,"9":0.0172659487,"10":0.1224908623,"11":0.0044625291,"12":0.135901864,"13":0.1282129949,"14":0.083251728,"15":0.1634954798,"16":0.0,"17":0.1043124948,"18":0.1350227955,"19":0.0952047094,"20":0.0904057302,"21":0.0883355851,"22":0.0809740393,"23":0.0,"24":0.0874756562},"sentiment_std":{"0":0.3015113446,"1":0.4102562269,"2":0.4796052004,"3":0.3591082935,"4":0.0,"5":0.316227766,"6":0.0,"7":0.3884833399,"8":0.4594753543,"9":0.377964473,"10":0.5382981834,"11":0.0,"12":0.3519441774,"13":0.3405462488,"14":0.3148000939,"15":0.4800922347,"16":0.5,"17":0.2904604029,"18":0.4766709451,"19":0.3015113446,"20":0.2964997267,"21":0.3823852604,"22":0.2451479818,"23":0.0,"24":0.1666666667},"sentiment_pv":{"0":0.9240861718,"1":0.0282376288,"2":0.9940256684,"3":0.0459078491,"4":8.932207175e-62,"5":0.8613920871,"6":8.932207175e-62,"7":0.8498406644,"8":0.8418556786,"9":0.1666265233,"10":0.0024338629,"11":8.932207175e-62,"12":0.1032140639,"13":0.3057930724,"14":0.6186995007,"15":0.983955858,"16":0.5497750675,"17":0.8306539111,"18":0.2899283917,"19":0.9240861718,"20":0.0102181904,"21":0.1766715629,"22":0.0115837183,"23":8.932207175e-62,"24":0.0621906317},"main_pv":{"0":0.9832726486,"1":0.3772230347,"2":0.5066298258,"3":0.0367557726,"4":0.1221294541,"5":0.8421885353,"6":1.521490852e-33,"7":0.5938788618,"8":0.5982812132,"9":0.00348215,"10":0.0191721638,"11":1.289805097e-21,"12":0.1000487589,"13":0.0853354312,"14":0.7017280031,"15":0.5521478315,"16":1.521490852e-33,"17":0.5490126389,"18":0.0277652669,"19":0.9756766404,"20":0.0236156461,"21":0.6188866269,"22":0.9393829667,"23":1.659678513e-30,"24":0.9383490419},"count":{"0":11,"1":1818,"2":1437,"3":481,"4":3,"5":10,"6":2,"7":89,"8":321,"9":7,"10":2164,"11":22,"12":310,"13":133,"14":37,"15":1434,"16":4,"17":156,"18":80,"19":11,"20":92,"21":35,"22":84,"23":2,"24":36},"nb_en":{"0":2,"1":540,"2":623,"3":118,"4":0,"5":2,"6":0,"7":37,"8":111,"9":1,"10":1075,"11":0,"12":74,"13":13,"14":7,"15":623,"16":1,"17":37,"18":66,"19":4,"20":15,"21":17,"22":10,"23":0,"24":2},"nb_de":{"0":0,"1":2,"2":231,"3":351,"4":3,"5":8,"6":2,"7":20,"8":206,"9":6,"10":1045,"11":22,"12":10,"13":120,"14":30,"15":228,"16":3,"17":119,"18":5,"19":0,"20":77,"21":18,"22":48,"23":2,"24":34}}