{"canton":{"0":"NE","1":"GE","2":"GL","3":"TI","4":"BE","5":"SZ","6":"TG","7":"FR","8":"BS","9":"BL","10":"ZH","11":"OW","12":"VD","13":"SG","14":"GR","15":"ZG","16":"AR","17":"LU","18":"UR","19":"JU","20":"AG","21":"SH","22":"VS","23":"AI","24":"SO","25":"NW"},"main_mean":{"0":0.0178904693,"1":0.0180247075,"2":0.0183863026,"3":0.0082285943,"4":0.0101226957,"5":0.0833324074,"6":0.0409219511,"7":0.0366507428,"8":0.003277925,"9":-0.018471388,"10":0.0160428028,"11":0.0003636291,"12":0.0604674485,"13":0.0355631724,"14":0.0059103871,"15":0.0184027743,"16":0.0225849342,"17":0.0120988292,"18":0.0097919608,"19":0.0382997608,"20":0.0179950579,"21":0.0162264651,"22":-0.0148835235,"23":0.0,"24":-0.0028907981,"25":0.0},"sentiment_mean":{"0":0.0833333333,"1":0.0444078947,"2":0.1057429353,"3":0.043956044,"4":0.064171123,"5":0.25,"6":0.1428571429,"7":0.05,"8":0.0550458716,"9":0.0,"10":0.1359223301,"11":0.0,"12":0.079787234,"13":0.1165048544,"14":-0.0263157895,"15":0.1058394161,"16":0.0,"17":0.1194029851,"18":-0.0555555556,"19":0.1,"20":0.0724637681,"21":0.0,"22":0.03125,"23":0.0,"24":0.0,"25":0.0},"main_std":{"0":0.083130592,"1":0.1458086404,"2":0.1668239466,"3":0.1250037468,"4":0.1060468513,"5":0.1666648148,"6":0.0368310756,"7":0.1849199195,"8":0.0990946039,"9":0.0988119261,"10":0.1220949543,"11":0.000417778,"12":0.1836889378,"13":0.1650780071,"14":0.0461362892,"15":0.166899212,"16":0.0195591268,"17":0.0701467928,"18":0.054702609,"19":0.1125121258,"20":0.069635354,"21":0.0963397704,"22":0.0509368453,"23":null,"24":0.105893197,"25":0.0},"sentiment_std":{"0":0.2886751346,"1":0.3942837306,"2":0.4924001061,"3":0.492433592,"4":0.3957132791,"5":0.5,"6":0.377964473,"7":0.2867113354,"8":0.3277042954,"9":0.0,"10":0.5098651374,"11":0.0,"12":0.3410039412,"13":0.4034403733,"14":0.1622214211,"15":0.4926145211,"16":0.0,"17":0.3687976016,"18":0.4161761819,"19":0.5676462122,"20":0.3124307255,"21":0.3333333333,"22":0.25,"23":null,"24":0.2672612419,"25":0.0},"sentiment_pv":{"0":0.9335817995,"1":0.0000118129,"2":0.329595169,"3":0.3723253035,"4":0.1322123004,"5":0.5687628026,"6":0.7264515207,"7":0.2830353077,"8":0.0603738951,"9":3.657041383e-72,"10":0.000162473,"11":3.657041383e-72,"12":0.5599484815,"13":0.5168968495,"14":0.0000896759,"15":0.3269418758,"16":3.657041383e-72,"17":0.3708158551,"18":0.1553606474,"19":0.9587492638,"20":0.6369188134,"21":0.2531211988,"22":0.0657958254,"23":null,"24":0.0802891915,"25":3.657041383e-72},"main_pv":{"0":0.9906915908,"1":0.9675964955,"2":0.9684313479,"3":0.4528754884,"4":0.0900855127,"5":0.4913583521,"6":0.1543667425,"7":0.4430874083,"8":0.0093205579,"9":0.3646111106,"10":0.4855598444,"11":2.557661049e-29,"12":0.0000136978,"13":0.289840321,"14":0.1165198085,"15":0.9659714403,"16":0.7350787882,"17":0.33313637,"18":0.5269252993,"19":0.5858213065,"20":0.9829999239,"21":0.9308004705,"22":0.0000034126,"23":null,"24":0.2945255388,"25":1.227890191e-30},"count":{"0":12,"1":1824,"2":1097,"3":91,"4":561,"5":4,"6":7,"7":60,"8":327,"9":7,"10":2163,"11":11,"12":376,"13":103,"14":38,"15":1096,"16":3,"17":134,"18":18,"19":10,"20":69,"21":19,"22":64,"23":1,"24":29,"25":2},"nb_en":{"0":6,"1":546,"2":560,"3":77,"4":178,"5":1,"6":1,"7":6,"8":81,"9":2,"10":948,"11":0,"12":70,"13":19,"14":1,"15":560,"16":0,"17":27,"18":5,"19":2,"20":16,"21":2,"22":9,"23":0,"24":6,"25":0},"nb_de":{"0":0,"1":7,"2":191,"3":11,"4":372,"5":3,"6":6,"7":25,"8":241,"9":5,"10":1153,"11":11,"12":7,"13":84,"14":36,"15":190,"16":3,"17":107,"18":13,"19":0,"20":51,"21":17,"22":53,"23":1,"24":23,"25":2}}