{"canton":{"0":"UR","1":"NW","2":"BE","3":"ZG","4":"BL","5":"TI","6":"TG","7":"VD","8":"GR","9":"SG","10":"JU","11":"SH","12":"OW","13":"AG","14":"GE","15":"BS","16":"FR","17":"AR","18":"GL","19":"ZH","20":"SO","21":"NE","22":"LU","23":"VS","24":"SZ"},"main_mean":{"0":0.0159134577,"1":0.0005714171,"2":0.0151621933,"3":0.0295388066,"4":0.0084652686,"5":-0.0476740125,"6":0.0453229531,"7":0.0458313413,"8":0.0134827242,"9":0.0265156882,"10":0.027814567,"11":0.0115462098,"12":-0.0036666422,"13":0.0120322969,"14":0.0232987041,"15":0.01323815,"16":-0.0034613759,"17":0.005664174,"18":0.0295178868,"19":0.0164602879,"20":-0.0014489342,"21":0.0325744374,"22":0.023671368,"23":-0.0052899709,"24":0.1167215516},"sentiment_mean":{"0":0.1666666667,"1":0.0,"2":0.0719041278,"3":0.1055988661,"4":0.0,"5":-0.027027027,"6":0.1666666667,"7":0.089958159,"8":0.0888888889,"9":0.1317829457,"10":0.125,"11":0.0882352941,"12":0.0,"13":0.0606060606,"14":0.0550847458,"15":0.0378378378,"16":0.2450331126,"17":0.0,"18":0.1055240793,"19":0.1294728216,"20":-0.0625,"21":0.037037037,"22":0.0517241379,"23":-0.0606060606,"24":0.2},"main_std":{"0":0.0402649189,"1":0.0003903522,"2":0.0867945875,"3":0.1534790501,"4":0.0173144438,"5":0.1812714862,"6":0.0784268768,"7":0.1560135018,"8":0.099733594,"9":0.1245968701,"10":0.0646579848,"11":0.0464872225,"12":null,"13":0.0779263558,"14":0.1475520774,"15":0.0923601486,"16":0.1542143736,"17":0.0143567871,"18":0.1534266677,"19":0.1209213965,"20":0.1970037952,"21":0.0924690216,"22":0.1279401415,"23":0.0671964324,"24":0.2542302066},"sentiment_std":{"0":0.4082482905,"1":0.0,"2":0.3653622442,"3":0.4934074381,"4":0.0,"5":0.6615252814,"6":0.3834824944,"7":0.4174691622,"8":0.287799032,"9":0.4027220847,"10":0.3535533906,"11":0.3788057037,"12":null,"13":0.4242203369,"14":0.4616900332,"15":0.3296574237,"16":0.5769677913,"17":0.0,"18":0.4932405696,"19":0.489962049,"20":0.25,"21":0.4369018092,"22":0.3091521387,"23":0.3481553119,"24":0.4472135955},"sentiment_pv":{"0":0.6879456086,"1":3.573849704e-105,"2":0.0903536489,"3":0.4734515589,"4":3.573849704e-105,"5":0.1154350376,"6":0.4435078527,"7":0.7703441793,"8":0.8756060346,"9":0.3140169635,"10":0.8213411077,"11":0.9096795018,"12":null,"13":0.4151023198,"14":0.00010462,"15":0.0000874337,"16":0.0018579977,"17":3.573849704e-105,"18":0.4765171067,"19":0.0002381075,"20":0.0232107379,"21":0.4922656959,"22":0.0667867748,"23":0.0149025035,"24":0.6295446323},"main_pv":{"0":0.7455180711,"1":5.982600657e-61,"2":0.0604912608,"3":0.0623060782,"4":0.015442849,"5":0.0015885296,"6":0.2168071972,"7":0.0008711326,"8":0.5907115911,"9":0.6546498168,"10":0.7927145048,"11":0.2227974826,"12":null,"13":0.2321782328,"14":0.5979493271,"15":0.0434945793,"16":0.0490135195,"17":0.0258637824,"18":0.0628279113,"19":0.0305944708,"20":0.6471100407,"21":0.5424773571,"22":0.829742497,"23":0.0290762448,"24":0.4497287027},"count":{"0":6,"1":7,"2":751,"3":1411,"4":14,"5":74,"6":18,"7":478,"8":45,"9":129,"10":8,"11":34,"12":1,"13":99,"14":2360,"15":555,"16":151,"17":7,"18":1412,"19":3661,"20":16,"21":27,"22":174,"23":33,"24":5},"nb_en":{"0":1,"1":0,"2":199,"3":700,"4":0,"5":62,"6":4,"7":116,"8":4,"9":25,"10":3,"11":8,"12":0,"13":16,"14":852,"15":106,"16":87,"17":1,"18":700,"19":1587,"20":2,"21":11,"22":30,"23":8,"24":1},"nb_de":{"0":5,"1":7,"2":534,"3":243,"4":14,"5":7,"6":14,"7":9,"8":41,"9":104,"10":0,"11":26,"12":1,"13":82,"14":10,"15":433,"16":25,"17":6,"18":244,"19":1974,"20":14,"21":1,"22":144,"23":16,"24":4},"nb_fr":{"0":0,"1":0,"2":18,"3":468,"4":0,"5":5,"6":0,"7":353,"8":0,"9":0,"10":5,"11":0,"12":0,"13":1,"14":1498,"15":16,"16":39,"17":0,"18":468,"19":100,"20":0,"21":15,"22":0,"23":9,"24":0}}