{"canton":{"0":"NE","1":"GE","2":"GL","3":"BE","4":"SZ","5":"TG","6":"UR","7":"FR","8":"BS","9":"ZH","10":"SO","11":"VD","12":"OW","13":"SG","14":"GR","15":"ZG","16":"AR","17":"LU","18":"TI","19":"JU","20":"AG","21":"SH","22":"VS","23":"AI","24":"BL"},"main_mean":{"0":0.0381385932,"1":0.0266054126,"2":0.0227718367,"3":0.0116847314,"4":0.2435044885,"5":0.0006174063,"6":0.0,"7":0.0255458899,"8":0.0068819801,"9":0.019007759,"10":0.0302563109,"11":0.0216566905,"12":-0.0087999142,"13":0.0475641544,"14":0.0061635963,"15":0.0227303358,"16":0.1181403973,"17":0.0128074029,"18":0.0222416103,"19":0.0722164438,"20":0.0251464674,"21":-0.0074776399,"22":0.011880766,"23":0.2837156026,"24":-0.0063154854},"sentiment_mean":{"0":0.1666666667,"1":0.0647109577,"2":0.1373360939,"3":0.0528511822,"4":1.0,"5":0.0,"6":0.0,"7":0.1698113208,"8":0.0547263682,"9":0.127247191,"10":0.1162790698,"11":0.0280777538,"12":0.0,"13":0.0992366412,"14":0.0,"15":0.138026225,"16":0.2307692308,"17":0.0666666667,"18":0.1896551724,"19":0.0,"20":0.0609756098,"21":0.0,"22":0.0612244898,"23":1.0,"24":0.0},"main_std":{"0":0.0790666806,"1":0.1411020498,"2":0.1565327473,"3":0.0953717044,"4":0.0413237514,"5":0.0177385454,"6":null,"7":0.1445940019,"8":0.1137232675,"9":0.1200614842,"10":0.1303102944,"11":0.1253810978,"12":0.029638563,"13":0.1544526574,"14":0.0199055667,"15":0.1565307911,"16":0.2107241439,"17":0.0843403336,"18":0.1039276687,"19":0.0675832831,"20":0.1556018621,"21":0.0208395942,"22":0.0788021879,"23":null,"24":0.0141218546},"sentiment_std":{"0":0.4897319658,"1":0.4590683912,"2":0.5066342446,"3":0.3618115498,"4":0.0,"5":0.0,"6":null,"7":0.4674489657,"8":0.3696598824,"9":0.4879431466,"10":0.4477085747,"11":0.3740355251,"12":0.0,"13":0.427064431,"14":0.0,"15":0.5071278914,"16":0.4385290097,"17":0.3099828793,"18":0.6030904915,"19":0.0,"20":0.3958912738,"21":0.3922322703,"22":0.3768378998,"23":null,"24":0.0},"sentiment_pv":{"0":0.4130950979,"1":0.0001835948,"2":0.0178475996,"3":0.0003268392,"4":0.0,"5":2.737717949e-119,"6":null,"7":0.152526709,"8":0.0095520149,"9":0.0127579215,"10":0.8593282262,"11":0.0000267796,"12":2.737717949e-119,"13":0.8976461537,"14":2.737717949e-119,"15":0.0157039626,"16":0.3183668797,"17":0.1134052901,"18":0.1303432822,"19":2.737717949e-119,"20":0.3294994245,"21":0.3392552064,"22":0.4314118062,"23":null,"24":2.737717949e-119},"main_pv":{"0":0.1766560329,"1":0.0953462222,"2":0.7291596753,"3":0.0111491524,"4":0.0827374279,"5":0.0000036248,"6":null,"7":0.7629615135,"8":0.0135739063,"9":0.3382338382,"10":0.654519361,"11":0.9499530711,"12":0.1349995659,"13":0.054614379,"14":0.0013888257,"15":0.736417822,"16":0.1234125661,"17":0.1877960235,"18":0.9216397327,"19":0.2288433807,"20":0.8231020142,"21":0.0001681627,"22":0.410578191,"23":null,"24":0.0107912749},"count":{"0":42,"1":2318,"2":1449,"3":719,"4":2,"5":26,"6":1,"7":106,"8":402,"9":3560,"10":43,"11":463,"12":4,"13":131,"14":24,"15":1449,"16":13,"17":180,"18":116,"19":4,"20":82,"21":14,"22":49,"23":1,"24":5},"nb_en":{"0":18,"1":909,"2":760,"3":185,"4":2,"5":4,"6":0,"7":52,"8":105,"9":1577,"10":9,"11":118,"12":0,"13":23,"14":1,"15":761,"16":0,"17":31,"18":100,"19":1,"20":17,"21":4,"22":9,"23":0,"24":1},"nb_de":{"0":4,"1":8,"2":289,"3":506,"4":0,"5":22,"6":1,"7":18,"8":292,"9":1892,"10":34,"11":10,"12":4,"13":108,"14":23,"15":288,"16":13,"17":148,"18":5,"19":0,"20":64,"21":10,"22":29,"23":1,"24":4}}