{"canton":{"0":"NE","1":"GE","2":"GL","3":"BE","4":"SZ","5":"TG","6":"UR","7":"FR","8":"BS","9":"BL","10":"ZH","11":"OW","12":"VD","13":"SG","14":"GR","15":"ZG","16":"AR","17":"LU","18":"TI","19":"JU","20":"AG","21":"SH","22":"VS","23":"AI","24":"SO"},"main_mean":{"0":0.0338070054,"1":0.0221116189,"2":0.0225858001,"3":0.0117170604,"4":0.0871759203,"5":0.0183014627,"6":0.000799984,"7":0.0595952832,"8":0.014887891,"9":0.0064388173,"10":0.0152585453,"11":0.0,"12":0.0304371355,"13":0.0372389442,"14":0.0000538981,"15":0.0226178175,"16":0.0472208192,"17":0.00214647,"18":-0.0308407464,"19":0.079423902,"20":0.0073427435,"21":0.0032664756,"22":0.02352991,"23":0.0076999403,"24":0.0316847345},"sentiment_mean":{"0":0.1449275362,"1":0.043150398,"2":0.0817204301,"3":0.0584577114,"4":0.5,"5":0.0,"6":0.0,"7":0.0540540541,"8":0.0680851064,"9":0.0,"10":0.1109577698,"11":0.0,"12":0.0396659708,"13":0.1583333333,"14":0.0392156863,"15":0.0818377602,"16":0.1428571429,"17":0.0622009569,"18":-0.0495049505,"19":0.0,"20":0.0078125,"21":0.0540540541,"22":0.0714285714,"23":0.0,"24":0.0625},"main_std":{"0":0.1064536665,"1":0.1399566434,"2":0.1704905967,"3":0.0989283858,"4":0.2531032834,"5":0.0352297308,"6":null,"7":0.1987695896,"8":0.0992243535,"9":0.0128776347,"10":0.1161657473,"11":null,"12":0.1317977036,"13":0.1755936949,"14":0.0364465566,"15":0.1706109343,"16":0.1110119906,"17":0.1027506102,"18":0.1920819854,"19":0.1224295298,"20":0.0975219928,"21":0.0321232273,"22":0.1090252814,"23":0.0103236802,"24":0.1593387894},"sentiment_std":{"0":0.4625810682,"1":0.4364738638,"2":0.5058367154,"3":0.3637573527,"4":0.5477225575,"5":0.0,"6":null,"7":0.366093479,"8":0.3688895241,"9":0.0,"10":0.4938593036,"11":null,"12":0.3666150335,"13":0.4673514384,"14":0.2800560168,"15":0.5061904821,"16":0.377964473,"17":0.3410348192,"18":0.6062381978,"19":0.0,"20":0.2941983302,"21":0.2292434351,"22":0.4068233357,"23":0.0,"24":0.2446230274},"sentiment_pv":{"0":0.2302939516,"1":0.000575164,"2":0.7571563549,"3":0.163531094,"4":0.1173309277,"5":3.644662403e-71,"6":null,"7":0.5880347047,"8":0.5987872308,"9":3.644662403e-71,"10":0.0002861108,"11":null,"12":0.0298785608,"13":0.0612517875,"14":0.3385863006,"15":0.7511953915,"16":0.6626938244,"17":0.5288682753,"18":0.0384733898,"19":3.644662403e-71,"20":0.0093445066,"21":0.5433080812,"22":0.9257858286,"23":3.644662403e-71,"24":0.678668249},"main_pv":{"0":0.2478686772,"1":0.2909192213,"2":0.4244066177,"3":0.0569524106,"4":0.5374291721,"5":0.9548181954,"6":null,"7":0.0820753349,"8":0.4109158979,"9":0.1493818714,"10":0.1262442924,"11":null,"12":0.059229994,"13":0.2537434579,"14":0.0007540862,"15":0.4211149503,"16":0.5235430589,"17":0.0220398886,"18":0.0109759515,"19":0.4814482427,"20":0.1909074788,"21":0.006703811,"22":0.7805278813,"23":0.3644452151,"24":0.5784951869},"count":{"0":69,"1":2387,"2":1395,"3":804,"4":6,"5":17,"6":1,"7":74,"8":470,"9":4,"10":3623,"11":1,"12":479,"13":120,"14":51,"15":1393,"16":7,"17":209,"18":101,"19":3,"20":128,"21":37,"22":42,"23":2,"24":48},"nb_en":{"0":26,"1":840,"2":694,"3":183,"4":5,"5":4,"6":0,"7":11,"8":111,"9":1,"10":1548,"11":0,"12":140,"13":21,"14":4,"15":694,"16":0,"17":56,"18":80,"19":0,"20":18,"21":6,"22":13,"23":0,"24":11},"nb_de":{"0":3,"1":5,"2":228,"3":595,"4":1,"5":13,"6":1,"7":19,"8":351,"9":3,"10":1957,"11":1,"12":11,"13":99,"14":46,"15":226,"16":6,"17":152,"18":13,"19":0,"20":109,"21":31,"22":22,"23":2,"24":36}}