{"canton":{"0":"UR","1":"BE","2":"ZG","3":"BL","4":"NW","5":"TI","6":"VD","7":"GR","8":"SG","9":"JU","10":"SH","11":"AG","12":"GE","13":"BS","14":"FR","15":"AR","16":"GL","17":"ZH","18":"SO","19":"NE","20":"LU","21":"VS","22":"SZ","23":"TG"},"main_mean":{"0":-0.0396249872,"1":0.0116470856,"2":0.0271556269,"3":-0.0117621066,"4":0.0014317928,"5":-0.0142776799,"6":0.0262000744,"7":0.0019764852,"8":0.0454765782,"9":0.0632491862,"10":-0.0037953868,"11":0.0439165757,"12":0.0171328369,"13":0.0119098789,"14":0.0873887235,"15":0.0673446459,"16":0.0271556269,"17":0.0158265185,"18":-0.0089300047,"19":0.0603550133,"20":0.0216632951,"21":0.0554190148,"22":0.0065458724,"23":-0.0011908712},"sentiment_mean":{"0":0.2,"1":0.0567465322,"2":0.1179162267,"3":0.0,"4":0.125,"5":0.0444444444,"6":0.0670157068,"7":0.0277777778,"8":0.1578947368,"9":0.25,"10":-0.0204081633,"11":0.1467889908,"12":0.0386100386,"13":0.0592417062,"14":0.1505376344,"15":0.1428571429,"16":0.1179162267,"17":0.1094645603,"18":0.0,"19":0.2,"20":0.0464135021,"21":0.2235294118,"22":0.0,"23":0.0055452865},"main_std":{"0":0.0518136749,"1":0.0983497122,"2":0.1830980647,"3":0.0263581118,"4":0.0679242591,"5":0.1510313049,"6":0.1245512293,"7":0.0942176402,"8":0.132152139,"9":0.1338378017,"10":0.0491086284,"11":0.1484880306,"12":0.1511046366,"13":0.1268585651,"14":0.1688759341,"15":0.146013523,"16":0.1830980647,"17":0.117936533,"18":0.034486626,"19":0.1225466895,"20":0.1160019434,"21":0.1406200538,"22":0.0097519719,"23":0.0255173963},"sentiment_std":{"0":0.4216370214,"1":0.3264306653,"2":0.527917135,"3":0.0,"4":0.3415650255,"5":0.4706137942,"6":0.3771666893,"7":0.2893519823,"8":0.4315183594,"9":0.4472135955,"10":0.1421188581,"11":0.4255803968,"12":0.4357570269,"13":0.4556719319,"14":0.4398092107,"15":0.5245305283,"16":0.527917135,"17":0.4880119421,"18":0.0,"19":0.4018306732,"20":0.3083712342,"21":0.5204501391,"22":0.0,"23":0.0742942638},"sentiment_pv":{"0":0.4117787667,"1":0.0010992515,"2":0.0015766189,"3":8.741594232e-180,"4":0.6482385108,"5":0.2481798109,"6":0.1473142124,"7":0.0976043454,"8":0.0038087046,"9":0.1613235352,"10":0.0000000001,"11":0.0347197943,"12":0.0,"13":0.1038755371,"14":0.0451357943,"15":0.5659640032,"16":0.0015766189,"17":0.0001857958,"18":8.741594232e-180,"19":0.0034740143,"20":0.0075433385,"21":0.0164935208,"22":8.741594232e-180,"23":1.144726588e-98},"main_pv":{"0":0.0057899684,"1":0.0038264612,"2":0.0265995207,"3":0.0047150209,"4":0.3106936104,"5":0.003376825,"6":0.0938753521,"7":0.1249825762,"8":0.0006783304,"9":0.2085932967,"10":0.0000133548,"11":0.0154506846,"12":0.3719027529,"13":0.0992869212,"14":0.0000001321,"15":0.0930016063,"16":0.0265995207,"17":0.0388159291,"18":0.0000000004,"19":0.0006599092,"20":0.6582384737,"21":0.0202780118,"22":0.0000952208,"23":8.351536448e-64},"count":{"0":10,"1":1586,"2":2841,"3":10,"4":16,"5":180,"6":955,"7":72,"8":304,"9":16,"10":98,"11":218,"12":4662,"13":844,"14":186,"15":28,"16":2841,"17":7153,"18":79,"19":110,"20":474,"21":85,"22":16,"23":1082},"nb_en":{"0":2,"1":334,"2":1528,"3":0,"4":8,"5":154,"6":242,"7":6,"8":52,"9":12,"10":18,"11":42,"12":1760,"13":310,"14":62,"15":12,"16":1528,"17":2898,"18":2,"19":36,"20":82,"21":33,"22":0,"23":32},"nb_de":{"0":8,"1":1218,"2":402,"3":10,"4":8,"5":12,"6":58,"7":62,"8":252,"9":0,"10":80,"11":176,"12":26,"13":518,"14":20,"15":16,"16":402,"17":4145,"18":77,"19":6,"20":392,"21":34,"22":16,"23":1050},"nb_fr":{"0":0,"1":34,"2":911,"3":0,"4":0,"5":14,"6":655,"7":4,"8":0,"9":4,"10":0,"11":0,"12":2876,"13":16,"14":104,"15":0,"16":911,"17":110,"18":0,"19":68,"20":0,"21":18,"22":0,"23":0}}