{"canton":{"0":"TI","1":"UR","2":"BE","3":"ZG","4":"BL","5":"TG","6":"NW","7":"VD","8":"SG","9":"JU","10":"SH","11":"OW","12":"AG","13":"GE","14":"BS","15":"FR","16":"SO","17":"AR","18":"GL","19":"ZH","20":"VS","21":"NE","22":"LU","23":"AI","24":"GR","25":"SZ"},"main_mean":{"0":0.0026783722,"1":-0.0049389539,"2":0.0072144791,"3":0.0215852242,"4":0.0011040464,"5":0.0109574558,"6":0.0199838002,"7":0.0343269264,"8":0.039217557,"9":0.0288250671,"10":-0.0165099505,"11":0.0,"12":0.039243988,"13":0.022288852,"14":0.0137525366,"15":0.0223845943,"16":0.0325269583,"17":0.0211318783,"18":0.0215704195,"19":0.0188346356,"20":-0.0057221531,"21":0.0371036924,"22":0.0202146429,"23":0.0366327228,"24":-0.0032603404,"25":0.008212057},"sentiment_mean":{"0":0.1609195402,"1":0.1111111111,"2":0.0628140704,"3":0.0926561428,"4":0.0,"5":0.0,"6":0.4,"7":0.0587002096,"8":0.1120689655,"9":0.0,"10":-0.0384615385,"11":0.0,"12":0.0760869565,"13":0.0439130435,"14":0.0576036866,"15":0.0412371134,"16":0.075,"17":0.0,"18":0.0925925926,"19":0.1117917305,"20":0.0952380952,"21":0.2571428571,"22":0.0581395349,"23":0.0,"24":-0.027027027,"25":0.0},"main_std":{"0":0.1556305648,"1":0.0321234207,"2":0.094315311,"3":0.175873216,"4":0.0419848571,"5":0.034948057,"6":0.0447298699,"7":0.1424743372,"8":0.1515465158,"9":0.0303132714,"10":0.0484822595,"11":null,"12":0.1759279253,"13":0.1350156134,"14":0.1017887605,"15":0.0737467273,"16":0.1013989224,"17":0.0184727266,"18":0.1758137598,"19":0.1290331597,"20":0.1544901186,"21":0.101608328,"22":0.1003488648,"23":null,"24":0.0283206969,"25":0.0178328652},"sentiment_std":{"0":0.4791844627,"1":0.3333333333,"2":0.3899029011,"3":0.4749865677,"4":0.0,"5":0.0,"6":0.5477225575,"7":0.4005154088,"8":0.3676376222,"9":0.0,"10":0.3441824203,"11":null,"12":0.3987258733,"13":0.452418364,"14":0.3891125327,"15":0.2856836017,"16":0.3499084129,"17":0.0,"18":0.4748297387,"19":0.4901592936,"20":0.3899663225,"21":0.505432671,"22":0.3002786683,"23":null,"24":0.2873718542,"25":0.0},"sentiment_pv":{"0":0.1307042669,"1":0.8018043737,"2":0.1798258537,"3":0.4303077413,"4":1.058588403e-78,"5":1.058588403e-78,"6":0.2643546748,"7":0.2118250937,"8":0.388057804,"9":1.058588403e-78,"10":0.0863404893,"11":null,"12":0.8829247024,"13":0.000225954,"14":0.1991684594,"15":0.1650112845,"16":0.8965962223,"17":1.058588403e-78,"18":0.4328546786,"19":0.0021423823,"20":0.7932964968,"21":0.0486819426,"22":0.302047275,"23":null,"24":0.0270317438,"25":1.058588403e-78},"main_pv":{"0":0.3041704547,"1":0.0487963326,"2":0.0004140672,"3":0.738281299,"4":0.1901927051,"5":0.2354337177,"6":0.9998939088,"7":0.0317267503,"8":0.1761554645,"9":0.6012909953,"10":0.0007855955,"11":null,"12":0.2976569613,"13":0.4596855023,"14":0.2196949894,"15":0.7526993013,"16":0.4401604007,"17":0.9093651018,"18":0.7404521267,"19":0.6629033728,"20":0.1925068859,"21":0.3272048905,"22":0.9760385137,"23":null,"24":0.0000203902,"25":0.2155677503},"count":{"0":87,"1":9,"2":796,"3":1457,"4":10,"5":23,"6":5,"7":477,"8":116,"9":4,"10":26,"11":1,"12":92,"13":2300,"14":434,"15":97,"16":40,"17":4,"18":1458,"19":3265,"20":63,"21":35,"22":172,"23":1,"24":37,"25":5},"nb_en":{"0":67,"1":2,"2":189,"3":687,"4":1,"5":2,"6":3,"7":134,"8":21,"9":0,"10":6,"11":0,"12":16,"13":877,"14":120,"15":7,"16":10,"17":0,"18":687,"19":1434,"20":18,"21":18,"22":35,"23":0,"24":4,"25":0},"nb_de":{"0":13,"1":7,"2":583,"3":231,"4":9,"5":21,"6":2,"7":3,"8":94,"9":0,"10":20,"11":1,"12":76,"13":12,"14":293,"15":17,"16":29,"17":4,"18":232,"19":1760,"20":32,"21":0,"22":135,"23":1,"24":33,"25":5},"nb_fr":{"0":7,"1":0,"2":24,"3":539,"4":0,"5":0,"6":0,"7":340,"8":1,"9":4,"10":0,"11":0,"12":0,"13":1411,"14":21,"15":73,"16":1,"17":0,"18":539,"19":71,"20":13,"21":17,"22":2,"23":0,"24":0,"25":0}}