{"canton":{"0":"UR","1":"NW","2":"BE","3":"ZG","4":"BL","5":"TI","6":"TG","7":"VD","8":"GR","9":"SG","10":"JU","11":"SH","12":"OW","13":"AG","14":"GE","15":"BS","16":"FR","17":"AR","18":"GL","19":"ZH","20":"SO","21":"NE","22":"LU","23":"VS","24":"SZ"},"main_mean":{"0":-0.0000799992,"1":-0.0251091648,"2":0.0157855519,"3":0.0164660312,"4":0.0182260314,"5":0.0234997705,"6":-0.0164952147,"7":0.0222551062,"8":0.0112000168,"9":0.0254388058,"10":0.2349086444,"11":0.0152814874,"12":-0.0021666486,"13":0.0046418754,"14":0.024269411,"15":0.0208538011,"16":0.0150685425,"17":-0.2999940001,"18":0.0164438299,"19":0.0153620928,"20":0.0842281609,"21":0.0257298621,"22":0.0229840642,"23":0.0413495769,"24":0.0099841756},"sentiment_mean":{"0":0.0,"1":0.0,"2":0.0528634361,"3":0.0982698962,"4":0.0,"5":0.1625,"6":0.0,"7":0.0596491228,"8":-0.05,"9":0.0952380952,"10":0.3333333333,"11":0.0714285714,"12":0.0,"13":0.037037037,"14":0.0495642702,"15":0.0833333333,"16":0.0909090909,"17":-0.5,"18":0.0981340705,"19":0.1595959596,"20":0.0384615385,"21":0.0625,"22":0.1195652174,"23":0.1052631579,"24":0.0},"main_std":{"0":0.0001959572,"1":0.0439240679,"2":0.1292600578,"3":0.1585754218,"4":0.0153245671,"5":0.1198710503,"6":0.0721470022,"7":0.1613991525,"8":0.0550608346,"9":0.1258032448,"10":0.3779746618,"11":0.02550338,"12":0.0030641039,"13":0.1504209426,"14":0.1537656501,"15":0.1256607766,"16":0.0849933686,"17":0.4242555836,"18":0.1584668441,"19":0.118052073,"20":0.3036657317,"21":0.0486768831,"22":0.111992296,"23":0.1304478456,"24":0.0169096638},"sentiment_std":{"0":0.0,"1":0.0,"2":0.4061646311,"3":0.4979498653,"4":0.0,"5":0.5382519762,"6":0.4082482905,"7":0.3559650883,"8":0.2236067977,"9":0.3899663225,"10":0.5163977795,"11":0.2672612419,"12":0.0,"13":0.3333333333,"14":0.4307585676,"15":0.419161776,"16":0.3905894054,"17":0.7071067812,"18":0.4976187849,"19":0.5279302004,"20":0.4454902226,"21":0.25,"22":0.3583353241,"23":0.4525885718,"24":0.0},"sentiment_pv":{"0":6.689502904e-76,"1":6.689502904e-76,"2":0.0261789001,"3":0.9240108586,"4":6.689502904e-76,"5":0.2808997574,"6":0.4091651069,"7":0.0870647229,"8":0.0085961423,"9":0.9728650433,"10":0.3131474538,"11":0.7274840203,"12":6.689502904e-76,"13":0.1131109142,"14":0.0000295084,"15":0.5692882517,"16":0.8863142664,"17":0.4438775438,"18":0.931587152,"19":0.0000013866,"20":0.5102210972,"21":0.5910384905,"22":0.5497985734,"23":0.9104145523,"24":6.689502904e-76},"main_pv":{"0":6.58195608e-32,"1":0.2261718696,"2":0.6474175557,"3":0.6238416434,"4":0.9748814201,"5":0.7205238187,"6":0.1051006146,"7":0.7105242694,"8":0.5550149551,"9":0.6716326966,"10":0.2200060198,"11":0.6369887385,"12":0.0099516164,"13":0.4063381227,"14":0.1524981513,"15":0.7588980294,"16":0.6975020952,"17":0.4808055259,"18":0.6199062356,"19":0.2867275854,"20":0.2815035246,"21":0.5725382574,"22":0.7141380398,"23":0.2917133881,"24":0.4690606215},"count":{"0":6,"1":3,"2":454,"3":1445,"4":2,"5":80,"6":13,"7":285,"8":20,"9":63,"10":6,"11":14,"12":2,"13":81,"14":1836,"15":324,"16":88,"17":2,"18":1447,"19":1980,"20":26,"21":16,"22":92,"23":38,"24":3},"nb_en":{"0":2,"1":0,"2":145,"3":709,"4":0,"5":69,"6":4,"7":78,"8":2,"9":12,"10":2,"11":1,"12":0,"13":10,"14":624,"15":110,"16":30,"17":1,"18":709,"19":921,"20":6,"21":7,"22":25,"23":10,"24":0},"nb_de":{"0":4,"1":3,"2":302,"3":231,"4":2,"5":4,"6":9,"7":7,"8":18,"9":51,"10":0,"11":13,"12":2,"13":69,"14":10,"15":211,"16":22,"17":1,"18":233,"19":965,"20":19,"21":1,"22":66,"23":19,"24":3},"nb_fr":{"0":0,"1":0,"2":7,"3":505,"4":0,"5":7,"6":0,"7":200,"8":0,"9":0,"10":4,"11":0,"12":0,"13":2,"14":1202,"15":3,"16":36,"17":0,"18":505,"19":94,"20":1,"21":8,"22":1,"23":9,"24":0}}