{"canton":{"0":"UR","1":"NW","2":"BE","3":"ZG","4":"BL","5":"TI","6":"TG","7":"VD","8":"GR","9":"SG","10":"JU","11":"SH","12":"OW","13":"AG","14":"GE","15":"BS","16":"FR","17":"AR","18":"GL","19":"ZH","20":"SO","21":"NE","22":"LU","23":"AI","24":"VS","25":"SZ"},"main_mean":{"0":0.0097919608,"1":0.0,"2":0.0101226957,"3":0.0184027743,"4":-0.018471388,"5":0.0082285943,"6":0.0409219511,"7":0.0604674485,"8":0.0059103871,"9":0.0355631724,"10":0.0382997608,"11":0.0162264651,"12":0.0003636291,"13":0.0179950579,"14":0.0180247075,"15":0.003277925,"16":0.0366507428,"17":0.0225849342,"18":0.0183863026,"19":0.0160428028,"20":-0.0028907981,"21":0.0178904693,"22":0.0120988292,"23":0.0,"24":-0.0148835235,"25":0.0833324074},"sentiment_mean":{"0":-0.0555555556,"1":0.0,"2":0.064171123,"3":0.1058394161,"4":0.0,"5":0.043956044,"6":0.1428571429,"7":0.079787234,"8":-0.0263157895,"9":0.1165048544,"10":0.1,"11":0.0,"12":0.0,"13":0.0724637681,"14":0.0444078947,"15":0.0550458716,"16":0.05,"17":0.0,"18":0.1057429353,"19":0.1359223301,"20":0.0,"21":0.0833333333,"22":0.1194029851,"23":0.0,"24":0.03125,"25":0.25},"main_std":{"0":0.054702609,"1":0.0,"2":0.1060468513,"3":0.166899212,"4":0.0988119261,"5":0.1250037468,"6":0.0368310756,"7":0.1836889378,"8":0.0461362892,"9":0.1650780071,"10":0.1125121258,"11":0.0963397704,"12":0.000417778,"13":0.069635354,"14":0.1458086404,"15":0.0990946039,"16":0.1849199195,"17":0.0195591268,"18":0.1668239466,"19":0.1220949543,"20":0.105893197,"21":0.083130592,"22":0.0701467928,"23":null,"24":0.0509368453,"25":0.1666648148},"sentiment_std":{"0":0.4161761819,"1":0.0,"2":0.3957132791,"3":0.4926145211,"4":0.0,"5":0.492433592,"6":0.377964473,"7":0.3410039412,"8":0.1622214211,"9":0.4034403733,"10":0.5676462122,"11":0.3333333333,"12":0.0,"13":0.3124307255,"14":0.3942837306,"15":0.3277042954,"16":0.2867113354,"17":0.0,"18":0.4924001061,"19":0.5098651374,"20":0.2672612419,"21":0.2886751346,"22":0.3687976016,"23":null,"24":0.25,"25":0.5},"sentiment_pv":{"0":0.1553606474,"1":3.657041383e-72,"2":0.1322123004,"3":0.3269418758,"4":3.657041383e-72,"5":0.3723253035,"6":0.7264515207,"7":0.5599484815,"8":0.0000896759,"9":0.5168968495,"10":0.9587492638,"11":0.2531211988,"12":3.657041383e-72,"13":0.6369188134,"14":0.0000118129,"15":0.0603738951,"16":0.2830353077,"17":3.657041383e-72,"18":0.329595169,"19":0.000162473,"20":0.0802891915,"21":0.9335817995,"22":0.3708158551,"23":null,"24":0.0657958254,"25":0.5687628026},"main_pv":{"0":0.5269252993,"1":1.227890191e-30,"2":0.0900855127,"3":0.9659714403,"4":0.3646111106,"5":0.4528754884,"6":0.1543667425,"7":0.0000136978,"8":0.1165198085,"9":0.289840321,"10":0.5858213065,"11":0.9308004705,"12":2.557661049e-29,"13":0.9829999239,"14":0.9675964955,"15":0.0093205579,"16":0.4430874083,"17":0.7350787882,"18":0.9684313479,"19":0.4855598444,"20":0.2945255388,"21":0.9906915908,"22":0.33313637,"23":null,"24":0.0000034126,"25":0.4913583521},"count":{"0":18,"1":2,"2":561,"3":1096,"4":7,"5":91,"6":7,"7":376,"8":38,"9":103,"10":10,"11":19,"12":11,"13":69,"14":1824,"15":327,"16":60,"17":3,"18":1097,"19":2163,"20":29,"21":12,"22":134,"23":1,"24":64,"25":4},"nb_en":{"0":5,"1":0,"2":178,"3":560,"4":2,"5":77,"6":1,"7":70,"8":1,"9":19,"10":2,"11":2,"12":0,"13":16,"14":546,"15":81,"16":6,"17":0,"18":560,"19":948,"20":6,"21":6,"22":27,"23":0,"24":9,"25":1},"nb_de":{"0":13,"1":2,"2":372,"3":190,"4":5,"5":11,"6":6,"7":7,"8":36,"9":84,"10":0,"11":17,"12":11,"13":51,"14":7,"15":241,"16":25,"17":3,"18":191,"19":1153,"20":23,"21":0,"22":107,"23":1,"24":53,"25":3},"nb_fr":{"0":0,"1":0,"2":11,"3":346,"4":0,"5":3,"6":0,"7":299,"8":1,"9":0,"10":8,"11":0,"12":0,"13":2,"14":1271,"15":5,"16":29,"17":0,"18":346,"19":62,"20":0,"21":6,"22":0,"23":0,"24":2,"25":0}}