{"canton":{"0":"VD","1":"SG","2":"GL","3":"JU","4":"VS","5":"SO","6":"AG","7":"TG","8":"ZH","9":"SH","10":"UR","11":"BE","12":"GE","13":"BS","14":"TI","15":"SZ","16":"LU","17":"GR","18":"NE","19":"ZG","20":"FR"},"main_mean":{"0":0.0048901117,"1":-0.0028198653,"2":0.0249208196,"3":0.0,"4":0.0100646993,"5":-0.1428551021,"6":0.0432412699,"7":-0.02499975,"8":0.0193742865,"9":-0.0165287754,"10":0.0,"11":0.0249218706,"12":0.0080334011,"13":-0.0015356358,"14":-0.0071324475,"15":0.0416663194,"16":0.0574080752,"17":0.0159088611,"18":0.0364577908,"19":0.0249208196,"20":-0.0180951366},"sentiment_mean":{"0":0.1546391753,"1":0.1111111111,"2":0.2,"3":1.0,"4":0.1764705882,"5":-1.0,"6":0.0666666667,"7":-0.25,"8":0.2038167939,"9":0.0,"10":0.0,"11":0.1223404255,"12":0.1097708082,"13":0.1071428571,"14":0.0898876404,"15":0.5,"16":0.5641025641,"17":0.2,"18":0.375,"19":0.2,"20":0.175},"main_std":{"0":0.1643055863,"1":0.0738727547,"2":0.1882502881,"3":null,"4":0.1023998752,"5":null,"6":0.2782375532,"7":0.0499995,"8":0.1575453714,"9":0.0367742036,"10":null,"11":0.1876563296,"12":0.1232054903,"13":0.1008931811,"14":0.1177524005,"15":0.0589250741,"16":0.1269653882,"17":0.0870707448,"18":0.0684189794,"19":0.1882502881,"20":0.0678863019},"sentiment_std":{"0":0.6509641277,"1":0.6763995416,"2":0.6678151028,"3":null,"4":0.7276068751,"5":null,"6":0.8837151017,"7":0.5,"8":0.6807294632,"9":0.632455532,"10":null,"11":0.6466126059,"12":0.7147605731,"13":0.6759330269,"14":0.5768340205,"15":0.7071067812,"16":0.5522619418,"17":0.632455532,"18":0.5175491695,"19":0.6678151028,"20":0.6359930656},"sentiment_pv":{"0":0.7676451519,"1":0.6965851755,"2":0.3805550799,"3":null,"4":0.9911395949,"5":null,"6":0.6441901677,"7":0.1880538241,"8":0.1755886283,"9":0.3823355965,"10":null,"11":0.2823023043,"12":0.0168942488,"13":0.3006360505,"14":0.1762824335,"15":0.632585859,"16":0.0000877471,"17":0.9013831628,"18":0.3099323781,"19":0.3805550799,"20":0.9958961366},"main_pv":{"0":0.4656946663,"1":0.2692629519,"2":0.3394100024,"3":null,"4":0.7772248253,"5":null,"6":0.7230168289,"7":0.189465446,"8":0.6722860947,"9":0.0126701243,"10":null,"11":0.5818580764,"12":0.0638752391,"13":0.0591111684,"14":0.0585703273,"15":0.6624382723,"16":0.0570861796,"17":0.9624764482,"18":0.4549489233,"19":0.3394100024,"20":0.0025322769},"count":{"0":97,"1":18,"2":610,"3":1,"4":17,"5":1,"6":15,"7":4,"8":1310,"9":11,"10":1,"11":188,"12":829,"13":112,"14":89,"15":2,"16":39,"17":10,"18":8,"19":610,"20":40},"nb_en":{"0":97,"1":18,"2":610,"3":1,"4":17,"5":1,"6":15,"7":4,"8":1310,"9":11,"10":1,"11":188,"12":829,"13":112,"14":89,"15":2,"16":39,"17":10,"18":8,"19":610,"20":40},"nb_de":{"0":0,"1":0,"2":0,"3":0,"4":0,"5":0,"6":0,"7":0,"8":0,"9":0,"10":0,"11":0,"12":0,"13":0,"14":0,"15":0,"16":0,"17":0,"18":0,"19":0,"20":0}}