{"canton":{"0":"UR","1":"BE","2":"ZG","3":"BL","4":"TG","5":"TI","6":"VD","7":"GR","8":"SG","9":"JU","10":"SH","11":"OW","12":"AG","13":"GE","14":"BS","15":"FR","16":"AR","17":"GL","18":"ZH","19":"SO","20":"NE","21":"LU","22":"AI","23":"VS","24":"SZ"},"main_mean":{"0":0.0,"1":0.0116847314,"2":0.0227303358,"3":-0.0063154854,"4":0.0006174063,"5":0.0222416103,"6":0.0216566905,"7":0.0061635963,"8":0.0475641544,"9":0.0722164438,"10":-0.0074776399,"11":-0.0087999142,"12":0.0251464674,"13":0.0266054126,"14":0.0068819801,"15":0.0255458899,"16":0.1181403973,"17":0.0227718367,"18":0.019007759,"19":0.0302563109,"20":0.0381385932,"21":0.0128074029,"22":0.2837156026,"23":0.011880766,"24":0.2435044885},"sentiment_mean":{"0":0.0,"1":0.0528511822,"2":0.138026225,"3":0.0,"4":0.0,"5":0.1896551724,"6":0.0280777538,"7":0.0,"8":0.0992366412,"9":0.0,"10":0.0,"11":0.0,"12":0.0609756098,"13":0.0647109577,"14":0.0547263682,"15":0.1698113208,"16":0.2307692308,"17":0.1373360939,"18":0.127247191,"19":0.1162790698,"20":0.1666666667,"21":0.0666666667,"22":1.0,"23":0.0612244898,"24":1.0},"main_std":{"0":null,"1":0.0953717044,"2":0.1565307911,"3":0.0141218546,"4":0.0177385454,"5":0.1039276687,"6":0.1253810978,"7":0.0199055667,"8":0.1544526574,"9":0.0675832831,"10":0.0208395942,"11":0.029638563,"12":0.1556018621,"13":0.1411020498,"14":0.1137232675,"15":0.1445940019,"16":0.2107241439,"17":0.1565327473,"18":0.1200614842,"19":0.1303102944,"20":0.0790666806,"21":0.0843403336,"22":null,"23":0.0788021879,"24":0.0413237514},"sentiment_std":{"0":null,"1":0.3618115498,"2":0.5071278914,"3":0.0,"4":0.0,"5":0.6030904915,"6":0.3740355251,"7":0.0,"8":0.427064431,"9":0.0,"10":0.3922322703,"11":0.0,"12":0.3958912738,"13":0.4590683912,"14":0.3696598824,"15":0.4674489657,"16":0.4385290097,"17":0.5066342446,"18":0.4879431466,"19":0.4477085747,"20":0.4897319658,"21":0.3099828793,"22":null,"23":0.3768378998,"24":0.0},"sentiment_pv":{"0":null,"1":0.0003268392,"2":0.0157039626,"3":2.737717949e-119,"4":2.737717949e-119,"5":0.1303432822,"6":0.0000267796,"7":2.737717949e-119,"8":0.8976461537,"9":2.737717949e-119,"10":0.3392552064,"11":2.737717949e-119,"12":0.3294994245,"13":0.0001835948,"14":0.0095520149,"15":0.152526709,"16":0.3183668797,"17":0.0178475996,"18":0.0127579215,"19":0.8593282262,"20":0.4130950979,"21":0.1134052901,"22":null,"23":0.4314118062,"24":0.0},"main_pv":{"0":null,"1":0.0111491524,"2":0.736417822,"3":0.0107912749,"4":0.0000036248,"5":0.9216397327,"6":0.9499530711,"7":0.0013888257,"8":0.054614379,"9":0.2288433807,"10":0.0001681627,"11":0.1349995659,"12":0.8231020142,"13":0.0953462222,"14":0.0135739063,"15":0.7629615135,"16":0.1234125661,"17":0.7291596753,"18":0.3382338382,"19":0.654519361,"20":0.1766560329,"21":0.1877960235,"22":null,"23":0.410578191,"24":0.0827374279},"count":{"0":1,"1":719,"2":1449,"3":5,"4":26,"5":116,"6":463,"7":24,"8":131,"9":4,"10":14,"11":4,"12":82,"13":2318,"14":402,"15":106,"16":13,"17":1449,"18":3560,"19":43,"20":42,"21":180,"22":1,"23":49,"24":2},"nb_en":{"0":0,"1":185,"2":761,"3":1,"4":4,"5":100,"6":118,"7":1,"8":23,"9":1,"10":4,"11":0,"12":17,"13":909,"14":105,"15":52,"16":0,"17":760,"18":1577,"19":9,"20":18,"21":31,"22":0,"23":9,"24":2},"nb_de":{"0":1,"1":506,"2":288,"3":4,"4":22,"5":5,"6":10,"7":23,"8":108,"9":0,"10":10,"11":4,"12":64,"13":8,"14":292,"15":18,"16":13,"17":289,"18":1892,"19":34,"20":4,"21":148,"22":1,"23":29,"24":0},"nb_fr":{"0":0,"1":28,"2":400,"3":0,"4":0,"5":11,"6":335,"7":0,"8":0,"9":3,"10":0,"11":0,"12":1,"13":1401,"14":5,"15":36,"16":0,"17":400,"18":91,"19":0,"20":20,"21":1,"22":0,"23":11,"24":0}}