{"canton":{"0":"UR","1":"BE","2":"ZG","3":"BL","4":"JU","5":"TI","6":"TG","7":"VD","8":"SG","9":"GR","10":"SH","11":"OW","12":"AG","13":"GE","14":"BS","15":"FR","16":"AR","17":"GL","18":"ZH","19":"SO","20":"NE","21":"LU","22":"AI","23":"VS","24":"SZ"},"main_mean":{"0":-0.0097038885,"1":0.0173846934,"2":0.0210510165,"3":0.0001038952,"4":-0.0044837568,"5":0.0045341044,"6":0.0033112601,"7":0.0385089854,"8":0.0480306214,"9":0.0045497169,"10":-0.0095144969,"11":0.0,"12":0.0316779353,"13":0.0196186975,"14":0.0085944436,"15":0.030576607,"16":0.0885868891,"17":0.021037908,"18":0.0158982982,"19":0.0003263781,"20":0.0169209417,"21":0.0112250827,"22":-0.0518904374,"23":0.0050991354,"24":0.0078814048},"sentiment_mean":{"0":0.0,"1":0.0603864734,"2":0.0712921706,"3":0.0,"4":-0.25,"5":-0.0096153846,"6":0.0208333333,"7":0.0840517241,"8":0.1208053691,"9":0.0740740741,"10":0.0,"11":0.0,"12":0.0833333333,"13":0.0557317626,"14":0.0604288499,"15":0.056,"16":0.1923076923,"17":0.0712468193,"18":0.1102381537,"19":0.0263157895,"20":0.1228070175,"21":0.0853658537,"22":0.0,"23":0.1086956522,"24":0.2142857143},"main_std":{"0":0.0197434521,"1":0.115248663,"2":0.1838492589,"3":0.0002748808,"4":0.1183388713,"5":0.1701122206,"6":0.0455692938,"7":0.1212920393,"8":0.1758778702,"9":0.0364447371,"10":0.0807077418,"11":null,"12":0.1370211827,"13":0.1404219657,"14":0.1195370536,"15":0.1431352104,"16":0.2286610715,"17":0.183791471,"18":0.1196807343,"19":0.0308989844,"20":0.0945599306,"21":0.1349343953,"22":null,"23":0.209283338,"24":0.0268205042},"sentiment_std":{"0":0.0,"1":0.3663286865,"2":0.5085356002,"3":0.0,"4":0.7071067812,"5":0.4925698868,"6":0.1433246596,"7":0.3651148012,"8":0.3840177304,"9":0.2643505286,"10":0.3244428423,"11":null,"12":0.3204499525,"13":0.4426005903,"14":0.4444244559,"15":0.3873816156,"16":0.6336706254,"17":0.5083769034,"18":0.477258633,"19":0.1622214211,"20":0.3812655354,"21":0.3207600481,"22":null,"23":0.4820447591,"24":0.4258153136},"sentiment_pv":{"0":4.0440535e-84,"1":0.1366742993,"2":0.5033412768,"3":4.0440535e-84,"4":0.2280059524,"5":0.0664034458,"6":0.0000049647,"7":0.8301231173,"8":0.203728083,"9":0.8639294601,"10":0.1314991836,"11":null,"12":0.9074600476,"13":0.0168237578,"14":0.3217719071,"15":0.4872537139,"16":0.3763008555,"17":0.5009521247,"18":0.0004524113,"19":0.0495432056,"20":0.4051026016,"21":0.8086030554,"22":null,"23":0.6919558222,"24":0.2604354725},"main_pv":{"0":0.0023698332,"1":0.7405420658,"2":0.6367771472,"3":3.60569919e-47,"4":0.5956795819,"5":0.3965115923,"6":0.0001596931,"7":0.0006850955,"8":0.0449261391,"9":0.0072937643,"10":0.0355185469,"11":null,"12":0.2445881046,"13":0.7960792135,"14":0.0613284247,"15":0.3608879795,"16":0.1322419876,"17":0.638524587,"18":0.2052490966,"19":0.0009209075,"20":0.8832664467,"21":0.386049105,"22":null,"23":0.6599463215,"24":0.1570148408},"count":{"0":9,"1":828,"2":1571,"3":7,"4":8,"5":104,"6":144,"7":464,"8":149,"9":54,"10":39,"11":1,"12":156,"13":2207,"14":513,"15":125,"16":26,"17":1572,"18":4073,"19":38,"20":57,"21":246,"22":1,"23":46,"24":14},"nb_en":{"0":0,"1":212,"2":760,"3":2,"4":4,"5":86,"6":5,"7":110,"8":20,"9":2,"10":4,"11":0,"12":21,"13":802,"14":170,"15":46,"16":9,"17":760,"18":1683,"19":6,"20":20,"21":45,"22":0,"23":18,"24":6},"nb_de":{"0":9,"1":596,"2":209,"3":5,"4":0,"5":7,"6":139,"7":10,"8":129,"9":52,"10":35,"11":1,"12":134,"13":10,"14":334,"15":45,"16":17,"17":210,"18":2287,"19":31,"20":2,"21":201,"22":1,"23":19,"24":8},"nb_fr":{"0":0,"1":20,"2":602,"3":0,"4":4,"5":11,"6":0,"7":344,"8":0,"9":0,"10":0,"11":0,"12":1,"13":1395,"14":9,"15":34,"16":0,"17":602,"18":103,"19":1,"20":35,"21":0,"22":0,"23":9,"24":0}}