{"canton":{"0":"VD","1":"SG","2":"TI","3":"JU","4":"VS","5":"SO","6":"AG","7":"TG","8":"ZH","9":"SH","10":"BE","11":"BL","12":"GE","13":"BS","14":"GL","15":"SZ","16":"LU","17":"GR","18":"NE","19":"ZG","20":"FR"},"main_mean":{"0":0.0140923901,"1":-0.0263387985,"2":0.0173793661,"3":-0.1666583337,"4":0.0336010619,"5":0.0,"6":-0.0188009887,"7":0.0193922384,"8":0.017405384,"9":-0.0101009183,"10":0.0352016797,"11":0.0,"12":0.0145207403,"13":0.000509717,"14":0.0195265086,"15":0.0,"16":0.0589392523,"17":0.0010100817,"18":-0.0141607152,"19":0.0195265086,"20":0.0182679126},"sentiment_mean":{"0":0.2077922078,"1":-0.2666666667,"2":0.2023809524,"3":-0.3333333333,"4":0.3333333333,"5":-1.0,"6":0.2121212121,"7":0.0,"8":0.213740458,"9":0.0,"10":0.1557788945,"11":0.0,"12":0.139957265,"13":0.1271186441,"14":0.1841763943,"15":0.0,"16":0.34375,"17":0.3333333333,"18":0.1538461538,"19":0.1841763943,"20":0.5},"main_std":{"0":0.1535138845,"1":0.144574802,"2":0.1905801874,"3":0.2886607016,"4":0.0580870093,"5":null,"6":0.2162475175,"7":0.0335281555,"8":0.1516984829,"9":0.0303027548,"10":0.1573003339,"11":null,"12":0.1413640986,"13":0.1295366105,"14":0.2040477877,"15":null,"16":0.1179326554,"17":0.0477688839,"18":0.1229088029,"19":0.2040477877,"20":0.1125344816},"sentiment_std":{"0":0.6142531267,"1":0.7037315505,"2":0.4854450673,"3":0.5773502692,"4":0.5,"5":null,"6":0.6963106238,"7":0.5773502692,"8":0.6992892915,"9":0.7071067812,"10":0.6673135281,"11":null,"12":0.7019191403,"13":0.6862085872,"14":0.6855152125,"15":null,"16":0.7006621292,"17":0.5,"18":0.5547001962,"19":0.6855152125,"20":0.6065678266},"sentiment_pv":{"0":0.7503663391,"1":0.0262238551,"2":0.7509300941,"3":0.2599927987,"4":0.4007226608,"5":null,"6":0.8262866412,"7":0.4289224909,"8":0.1751450672,"9":0.4549615892,"10":0.5436369199,"11":null,"12":0.0715342615,"13":0.365693014,"14":0.9691404624,"15":null,"16":0.2114104388,"17":0.4007226608,"18":0.8421875505,"19":0.9691404624,"20":0.000383851},"main_pv":{"0":0.8504639882,"1":0.2613530487,"2":0.9978871367,"3":0.3844376684,"4":0.4308905054,"5":null,"6":0.3439505051,"7":0.884169603,"8":0.9949891622,"9":0.0266154152,"10":0.1214575361,"11":null,"12":0.5791607729,"13":0.1672117309,"14":0.7876401195,"15":null,"16":0.0567787346,"17":0.3366356216,"18":0.3733113551,"19":0.7876401195,"20":0.9573822546},"count":{"0":77,"1":15,"2":84,"3":3,"4":9,"5":1,"6":33,"7":7,"8":1441,"9":9,"10":199,"11":1,"12":936,"13":118,"14":771,"15":1,"16":32,"17":9,"18":13,"19":771,"20":54},"nb_en":{"0":77,"1":15,"2":84,"3":3,"4":9,"5":1,"6":33,"7":7,"8":1441,"9":9,"10":199,"11":1,"12":936,"13":118,"14":771,"15":1,"16":32,"17":9,"18":13,"19":771,"20":54},"nb_de":{"0":0,"1":0,"2":0,"3":0,"4":0,"5":0,"6":0,"7":0,"8":0,"9":0,"10":0,"11":0,"12":0,"13":0,"14":0,"15":0,"16":0,"17":0,"18":0,"19":0,"20":0}}