{"canton":{"0":"NE","1":"GE","2":"GL","3":"BE","4":"SZ","5":"TG","6":"UR","7":"FR","8":"BS","9":"ZH","10":"SO","11":"VD","12":"SG","13":"GR","14":"ZG","15":"AR","16":"LU","17":"TI","18":"JU","19":"AG","20":"SH","21":"VS","22":"BL","23":"NW"},"main_mean":{"0":0.0172070835,"1":0.0209271845,"2":0.0308838371,"3":0.012394911,"4":0.0,"5":0.005735473,"6":-0.0094761274,"7":0.0179271092,"8":0.0221776064,"9":0.0115945179,"10":-0.0008862096,"11":0.0244225975,"12":0.0432521808,"13":0.0052562433,"14":0.0309153557,"15":0.1015406508,"16":0.0098903996,"17":0.0075715163,"18":0.0758208155,"19":0.0180924739,"20":0.0025971239,"21":0.0096013342,"22":-0.0337055431,"23":0.0003076899},"sentiment_mean":{"0":0.1176470588,"1":0.0428832117,"2":0.1356932153,"3":0.0769230769,"4":0.0,"5":0.0,"6":0.2857142857,"7":0.188034188,"8":0.0698254364,"9":0.1020291512,"10":0.1071428571,"11":0.0408163265,"12":0.1196581197,"13":0.0,"14":0.1358936484,"15":0.1666666667,"16":0.0710900474,"17":0.1782178218,"18":0.125,"19":0.0,"20":-0.075,"21":0.0892857143,"22":0.0,"23":0.0},"main_std":{"0":0.0631942719,"1":0.1387220423,"2":0.1575853788,"3":0.1132914217,"4":0.0,"5":0.0176345043,"6":0.0252187674,"7":0.0957871802,"8":0.1142340709,"9":0.1122855098,"10":0.046352131,"11":0.1167017262,"12":0.1293452386,"13":0.0230377593,"14":0.1576992428,"15":0.2482332132,"16":0.0786118659,"17":0.1066463985,"18":0.2188485197,"19":0.08985702,"20":0.066262105,"21":0.055286844,"22":0.0753678857,"23":null},"sentiment_std":{"0":0.3270349701,"1":0.4601752777,"2":0.4957624479,"3":0.4213643818,"4":0.0,"5":0.0,"6":0.4879500365,"7":0.5073872209,"8":0.367576141,"9":0.5251196039,"10":0.3149703942,"11":0.376138146,"12":0.4185853261,"13":0.0,"14":0.4961012586,"15":0.4082482905,"16":0.3080943678,"17":0.4979164509,"18":0.3535533906,"19":0.2786932057,"20":0.3499084129,"21":0.3943595828,"22":0.0,"23":null},"sentiment_pv":{"0":0.6541853611,"1":0.0000055909,"2":0.0022666456,"3":0.3517937442,"4":1.633066967e-88,"5":1.633066967e-88,"6":0.3345853333,"7":0.044281244,"8":0.2373234079,"9":0.3257621375,"10":0.8043769559,"11":0.0036361942,"12":0.4826019657,"13":1.633066967e-88,"14":0.0021913044,"15":0.6738414261,"16":0.3313854292,"17":0.0869213391,"18":0.8007470611,"19":0.0011946228,"20":0.0045088593,"21":0.9560867136,"22":1.633066967e-88,"23":null},"main_pv":{"0":0.8224466625,"1":0.6965358401,"2":0.0119807139,"3":0.0995947781,"4":7.305694728e-56,"5":0.0043303786,"6":0.0220768859,"7":0.8454415835,"8":0.6682662583,"9":0.0003714114,"10":0.0275855152,"11":0.3810403333,"12":0.0522015118,"13":0.0053755558,"14":0.0118569871,"15":0.4559049151,"16":0.079384617,"17":0.2599546291,"18":0.4916385297,"19":0.8592646515,"20":0.1133699285,"21":0.1840047609,"22":0.1884804373,"23":null},"count":{"0":34,"1":2192,"2":1356,"3":715,"4":3,"5":18,"6":7,"7":117,"8":401,"9":3499,"10":28,"11":490,"12":117,"13":25,"14":1354,"15":6,"16":211,"17":101,"18":8,"19":104,"20":40,"21":56,"22":5,"23":1},"nb_en":{"0":11,"1":902,"2":694,"3":206,"4":1,"5":3,"6":4,"7":64,"8":112,"9":1680,"10":5,"11":129,"12":18,"13":0,"14":694,"15":0,"16":38,"17":84,"18":0,"19":21,"20":11,"21":18,"22":1,"23":0},"nb_de":{"0":4,"1":14,"2":219,"3":493,"4":2,"5":15,"6":3,"7":18,"8":279,"9":1748,"10":23,"11":10,"12":97,"13":25,"14":217,"15":6,"16":172,"17":9,"18":0,"19":81,"20":29,"21":32,"22":4,"23":1}}