{"canton":{"0":"VD","1":"SG","2":"TI","3":"VS","4":"SO","5":"AG","6":"TG","7":"ZH","8":"SH","9":"BE","10":"BL","11":"GE","12":"BS","13":"GL","14":"SZ","15":"LU","16":"GR","17":"NE","18":"ZG","19":"FR"},"main_mean":{"0":0.0241546472,"1":-0.0387047808,"2":-0.0507627258,"3":0.0635811584,"4":0.1363530313,"5":0.0427868278,"6":0.0,"7":0.0280849271,"8":0.0157074725,"9":0.0128890016,"10":0.0,"11":0.0166872289,"12":0.0223303862,"13":0.0198738956,"14":0.1199976,"15":-0.0061495205,"16":-0.0166662222,"17":0.0493500383,"18":0.0198738956,"19":0.0029241137},"sentiment_mean":{"0":0.0656934307,"1":0.4285714286,"2":-0.0886075949,"3":0.2307692308,"4":0.2727272727,"5":0.0,"6":0.0,"7":0.2438682551,"8":0.3333333333,"9":0.1584699454,"10":0.0,"11":0.1107142857,"12":0.1801801802,"13":0.1585014409,"14":0.6,"15":0.2321428571,"16":0.25,"17":0.3846153846,"18":0.1585014409,"19":0.0},"main_std":{"0":0.1523902586,"1":0.1431953566,"2":0.2072408781,"3":0.15068454,"4":0.3123829857,"5":0.232760636,"6":0.0,"7":0.1518296749,"8":0.0838794824,"9":0.1449609135,"10":null,"11":0.1581967406,"12":0.1522677675,"13":0.2061731652,"14":0.2683227908,"15":0.1750573568,"16":0.1105525516,"17":0.1336902116,"18":0.2061731652,"19":0.0735429986},"sentiment_std":{"0":0.608812484,"1":0.7464200273,"2":0.66390209,"3":0.7250110521,"4":0.4670993665,"5":0.7669649888,"6":0.0,"7":0.6971862137,"8":0.5163977795,"9":0.6890205327,"10":null,"11":0.7131520887,"12":0.6768670905,"13":0.6968956536,"14":0.5477225575,"15":0.6321988015,"16":0.9574271078,"17":0.697247335,"18":0.6968956536,"19":0.7745966692},"sentiment_pv":{"0":0.0427303041,"1":0.1346828312,"2":0.000800394,"3":0.7834953426,"4":0.5011104983,"5":0.3494722186,"6":5.186502934e-59,"7":0.0010738916,"8":0.4847059758,"9":0.7627852931,"10":null,"11":0.0179670079,"12":0.9269019389,"13":0.5819758964,"14":0.1571724617,"15":0.4988823095,"16":0.8842554692,"17":0.1373831302,"18":0.5819758964,"19":0.4732985796},"main_pv":{"0":0.7933319041,"1":0.07267207,"2":0.0031585649,"3":0.3255270584,"4":0.2476068884,"5":0.6921590791,"6":0.0,"7":0.1232670769,"8":0.8907436441,"9":0.4817540298,"10":null,"11":0.5117532665,"12":0.910094665,"13":0.923466387,"14":0.4543895925,"15":0.2594654931,"16":0.5480419279,"17":0.2865782332,"18":0.923466387,"19":0.4448102624},"count":{"0":137,"1":21,"2":79,"3":13,"4":11,"5":18,"6":3,"7":1427,"8":6,"9":183,"10":1,"11":840,"12":111,"13":694,"14":5,"15":56,"16":4,"17":26,"18":694,"19":11},"nb_en":{"0":137,"1":21,"2":79,"3":13,"4":11,"5":18,"6":3,"7":1427,"8":6,"9":183,"10":1,"11":840,"12":111,"13":694,"14":5,"15":56,"16":4,"17":26,"18":694,"19":11},"nb_de":{"0":0,"1":0,"2":0,"3":0,"4":0,"5":0,"6":0,"7":0,"8":0,"9":0,"10":0,"11":0,"12":0,"13":0,"14":0,"15":0,"16":0,"17":0,"18":0,"19":0}}