{"canton":{"0":"SG","1":"GL","2":"JU","3":"VS","4":"SZ","5":"AG","6":"TG","7":"ZH","8":"BE","9":"GE","10":"BS","11":"AR","12":"LU","13":"GR","14":"ZG","15":"VD","16":"SH","17":"BL","18":"NW","19":"TI","20":"SO","21":"NE","22":"FR"},"main_mean":{"0":0.012804289,"1":0.0339008847,"2":0.0,"3":0.0486928389,"4":0.7999840003,"5":0.0181060282,"6":0.0075756944,"7":0.030588136,"8":0.0081171876,"9":0.0186475122,"10":0.0191097156,"11":0.3333222226,"12":0.0775108001,"13":0.199980002,"14":0.0339008847,"15":0.0507350426,"16":0.0491066247,"17":0.0,"18":0.03999984,"19":-0.0281831521,"20":-0.033527131,"21":0.0339186944,"22":0.0207270445},"sentiment_mean":{"0":0.1923076923,"1":0.197461213,"2":0.0,"3":0.2307692308,"4":1.0,"5":0.25,"6":0.0909090909,"7":0.2320730117,"8":0.1641025641,"9":0.1781140861,"10":0.1728395062,"11":1.0,"12":0.4871794872,"13":0.6,"14":0.197461213,"15":0.2333333333,"16":0.75,"17":1.0,"18":1.0,"19":0.0384615385,"20":0.0,"21":0.2857142857,"22":0.0},"main_std":{"0":0.1837642182,"1":0.2017203631,"2":0.0,"3":0.0947493532,"4":0.0,"5":0.1583656772,"6":0.0245202076,"7":0.1699758258,"8":0.1573373593,"9":0.1574720944,"10":0.1732585433,"11":0.0,"12":0.1120524624,"13":0.4215948619,"14":0.2017203631,"15":0.1749917862,"16":0.0562665467,"17":0.0,"18":0.0,"19":0.1641827177,"20":0.1559453976,"21":0.0697631276,"22":0.1089764692},"sentiment_std":{"0":0.6274274128,"1":0.7092049583,"2":0.0,"3":0.7103628542,"4":0.0,"5":0.6666666667,"6":0.2942449432,"7":0.6762938223,"8":0.7125345541,"9":0.6857808212,"10":0.7346383193,"11":0.0,"12":0.6394719767,"13":0.5163977795,"14":0.7092049583,"15":0.6693614067,"16":0.4629100499,"17":0.0,"18":0.0,"19":0.5434016561,"20":0.6488856845,"21":0.5537329763,"22":0.5410017808},"sentiment_pv":{"0":0.8893905636,"1":0.7268720481,"2":3.383928094e-168,"3":0.8522047978,"4":0.0,"5":0.5884515614,"6":0.0860453495,"7":0.0522419102,"8":0.2728201857,"9":0.1440060563,"10":0.4453580008,"11":0.0,"12":0.0002125734,"13":0.038542077,"14":0.7268720481,"15":0.5681961388,"16":0.0125238866,"17":0.0,"18":0.0,"19":0.0002320171,"20":0.1752807625,"21":0.349111799,"22":0.0189981175},"main_pv":{"0":0.5589726722,"1":0.2850426507,"2":1.415099238e-49,"3":0.2744400846,"4":0.0,"5":0.6263496456,"6":0.0011250151,"7":0.443353134,"8":0.0163977755,"9":0.0301251813,"10":0.374227185,"11":0.0,"12":0.0002174975,"13":0.228831698,"14":0.2850426507,"15":0.0838504366,"16":0.3217757218,"17":1.415099238e-49,"18":0.0000000001,"19":0.0000408212,"20":0.0949018346,"21":0.5804210552,"22":0.6765957975},"count":{"0":52,"1":1418,"2":2,"3":26,"4":2,"5":64,"6":22,"7":3068,"8":390,"9":1718,"10":324,"11":2,"12":78,"13":10,"14":1418,"15":180,"16":8,"17":2,"18":2,"19":156,"20":20,"21":42,"22":42},"nb_en":{"0":52,"1":1418,"2":2,"3":26,"4":2,"5":64,"6":22,"7":3068,"8":390,"9":1718,"10":324,"11":2,"12":78,"13":10,"14":1418,"15":180,"16":8,"17":2,"18":2,"19":156,"20":20,"21":42,"22":42},"nb_de":{"0":0,"1":0,"2":0,"3":0,"4":0,"5":0,"6":0,"7":0,"8":0,"9":0,"10":0,"11":0,"12":0,"13":0,"14":0,"15":0,"16":0,"17":0,"18":0,"19":0,"20":0,"21":0,"22":0}}