{"canton":{"0":"NE","1":"GE","2":"GL","3":"UR","4":"SZ","5":"BE","6":"TG","7":"FR","8":"BS","9":"ZH","10":"SO","11":"VD","12":"OW","13":"SG","14":"GR","15":"ZG","16":"AR","17":"LU","18":"TI","19":"JU","20":"AG","21":"SH","22":"VS","23":"AI","24":"BL","25":"NW"},"main_mean":{"0":0.0223100446,"1":0.0218510136,"2":0.0251111407,"3":-0.005659301,"4":0.0576086108,"5":0.0276018611,"6":-0.0000203485,"7":0.031462647,"8":0.0108613769,"9":0.0206368452,"10":0.0077007897,"11":0.0251434235,"12":0.0625829422,"13":0.0453805892,"14":-0.0023455997,"15":0.0251564943,"16":0.0138454441,"17":0.0271259059,"18":0.0150210272,"19":0.0085561918,"20":0.0192459249,"21":0.0213453405,"22":0.0049445223,"23":0.1163376732,"24":0.0210319728,"25":0.0137886598},"sentiment_mean":{"0":0.0322580645,"1":0.0723069356,"2":0.1270417423,"3":0.0,"4":0.0,"5":0.0909090909,"6":0.0322580645,"7":0.095890411,"8":0.1106719368,"9":0.1239863981,"10":0.0357142857,"11":0.0613207547,"12":0.3333333333,"13":0.0945945946,"14":-0.0377358491,"15":0.1272727273,"16":0.0476190476,"17":0.0861244019,"18":0.1276595745,"19":0.0,"20":0.052173913,"21":0.0322580645,"22":0.0384615385,"23":0.0,"24":0.0,"25":0.0},"main_std":{"0":0.0935333952,"1":0.1305981233,"2":0.1454489007,"3":0.0145541891,"4":0.0067753687,"5":0.1246068323,"6":0.0347265033,"7":0.1460571547,"8":0.134610953,"9":0.1347595978,"10":0.1064506192,"11":0.1363743603,"12":0.1083968356,"13":0.146146966,"14":0.0546154382,"15":0.1455772908,"16":0.1233018518,"17":0.1330220542,"18":0.1910793822,"19":0.05062282,"20":0.1559454174,"21":0.1082529653,"22":0.0765959185,"23":0.0,"24":0.0558292667,"25":0.0234509846},"sentiment_std":{"0":0.4069292295,"1":0.450486876,"2":0.4898739908,"3":0.0,"4":0.0,"5":0.3922829889,"6":0.179605302,"7":0.4461061023,"8":0.4951294891,"9":0.507203589,"10":0.3313432658,"11":0.4021386691,"12":0.5773502692,"13":0.4097093351,"14":0.1923802476,"15":0.4902895267,"16":0.2182178902,"17":0.3428511729,"18":0.6596519537,"19":0.0,"20":0.4558292667,"21":0.3145230217,"22":0.3407913778,"23":0.0,"24":0.0,"25":0.0},"sentiment_pv":{"0":0.3308774855,"1":0.0033240393,"2":0.1472869201,"3":7.774546066e-112,"4":7.774546066e-112,"5":0.375859778,"6":0.03373335,"7":0.868064044,"8":0.7882071732,"9":0.0396047595,"10":0.2819750299,"11":0.0313972733,"12":0.5635119226,"13":0.7682535999,"14":0.0000020344,"15":0.1438064633,"16":0.247097306,"17":0.4445071131,"18":0.7363151878,"19":7.774546066e-112,"20":0.222341346,"21":0.2113103552,"22":0.1694026652,"23":7.774546066e-112,"24":7.774546066e-112,"25":7.774546066e-112},"main_pv":{"0":0.9937809514,"1":0.9182503884,"2":0.5215111868,"3":0.0019339813,"4":0.0675541251,"5":0.2664206621,"6":0.0014325349,"7":0.5897822451,"8":0.0653042082,"9":0.5451639092,"10":0.4788210223,"11":0.6607171553,"12":0.5847276795,"13":0.0567548839,"14":0.0021508274,"15":0.5157839344,"16":0.760278059,"17":0.5950261002,"18":0.7179299145,"19":0.4723669519,"20":0.841222438,"21":0.9662143168,"22":0.1133691301,"23":0.0,"24":0.9619086266,"25":0.5992596598},"count":{"0":31,"1":2033,"2":1102,"3":7,"4":2,"5":704,"6":31,"7":73,"8":506,"9":3823,"10":28,"11":424,"12":3,"13":148,"14":53,"15":1100,"16":21,"17":209,"18":94,"19":8,"20":115,"21":31,"22":52,"23":2,"24":6,"25":3},"nb_en":{"0":15,"1":797,"2":515,"3":3,"4":0,"5":203,"6":1,"7":29,"8":213,"9":1748,"10":5,"11":106,"12":0,"13":23,"14":3,"15":515,"16":0,"17":51,"18":77,"19":1,"20":21,"21":5,"22":12,"23":0,"24":1,"25":0},"nb_de":{"0":2,"1":10,"2":198,"3":4,"4":2,"5":482,"6":30,"7":16,"8":282,"9":1978,"10":23,"11":12,"12":3,"13":125,"14":49,"15":196,"16":21,"17":158,"18":11,"19":1,"20":93,"21":26,"22":34,"23":2,"24":5,"25":3}}