{"canton":{"0":"VD","1":"SG","2":"TI","3":"UR","4":"VS","5":"SO","6":"AG","7":"TG","8":"ZH","9":"SH","10":"BE","11":"GE","12":"BS","13":"GL","14":"SZ","15":"LU","16":"GR","17":"NE","18":"ZG","19":"FR"},"main_mean":{"0":0.0381068347,"1":0.022691559,"2":-0.0796278913,"3":0.0,"4":-0.0035271787,"5":-0.0010222647,"6":0.087706696,"7":0.0,"8":0.0304686249,"9":-0.0416664063,"10":0.0273256106,"11":0.014253286,"12":0.0112426562,"13":0.0168876718,"14":0.0375001146,"15":0.0355986865,"16":-0.0199998,"17":0.0374901187,"18":0.0168876718,"19":0.0204757029},"sentiment_mean":{"0":0.2941176471,"1":0.0344827586,"2":0.0,"3":0.0,"4":0.1111111111,"5":-0.25,"6":0.4347826087,"7":0.0,"8":0.2279069767,"9":0.0,"10":0.2373737374,"11":0.1305732484,"12":0.0952380952,"13":0.2,"14":0.0,"15":0.3653846154,"16":-0.2,"17":0.4285714286,"18":0.2,"19":0.4571428571},"main_std":{"0":0.1409290135,"1":0.0738949922,"2":0.2126694746,"3":0.0,"4":0.063876006,"5":0.3371249811,"6":0.1881197149,"7":0.0,"8":0.1488370639,"9":0.0721683326,"10":0.1531153149,"11":0.1312150644,"12":0.1827335633,"13":0.1789999753,"14":0.2298076562,"15":0.184573671,"16":0.0447209123,"17":0.0638083237,"18":0.1789999753,"19":0.0875570567},"sentiment_std":{"0":0.6385043677,"1":0.6257999806,"2":0.6528625492,"3":0.0,"4":0.78173596,"5":0.6215815605,"6":0.6623708764,"7":0.0,"8":0.6799122489,"9":1.0,"10":0.7190074742,"11":0.7059331751,"12":0.6977514908,"13":0.7004894096,"14":1.4142135624,"15":0.6271268488,"16":0.4472135955,"17":0.5070925528,"18":0.7004894096,"19":0.6108266888},"sentiment_pv":{"0":0.1328707655,"1":0.1741493336,"2":0.0214451139,"3":4.159004509e-78,"4":0.7500395306,"5":0.0300358828,"6":0.1000360322,"7":4.159004509e-78,"8":0.1119787127,"9":0.7653584681,"10":0.4406627117,"11":0.0084210982,"12":0.1083642506,"13":0.9257828764,"14":0.8761105452,"15":0.0601075174,"16":0.1180373636,"17":0.0500935605,"18":0.9257828764,"19":0.0170532502},"main_pv":{"0":0.2448005364,"1":0.9357716197,"2":0.0004143257,"3":4.042265946e-20,"4":0.2744369331,"5":0.820808939,"6":0.1063522175,"7":4.042265946e-20,"8":0.0375617145,"9":0.2682321173,"10":0.6049683912,"11":0.1338407032,"12":0.53151618,"13":0.5520257474,"14":0.9377532055,"15":0.5872739349,"16":0.1060955698,"17":0.2718429691,"18":0.5520257474,"19":0.9426964685},"count":{"0":102,"1":29,"2":62,"3":2,"4":9,"5":12,"6":23,"7":2,"8":1720,"9":3,"10":198,"11":942,"12":126,"13":570,"14":2,"15":52,"16":5,"17":21,"18":570,"19":35},"nb_en":{"0":102,"1":29,"2":62,"3":2,"4":9,"5":12,"6":23,"7":2,"8":1720,"9":3,"10":198,"11":942,"12":126,"13":570,"14":2,"15":52,"16":5,"17":21,"18":570,"19":35},"nb_de":{"0":0,"1":0,"2":0,"3":0,"4":0,"5":0,"6":0,"7":0,"8":0,"9":0,"10":0,"11":0,"12":0,"13":0,"14":0,"15":0,"16":0,"17":0,"18":0,"19":0}}