{"canton":{"0":"VD","1":"SG","2":"GL","3":"JU","4":"VS","5":"AG","6":"TG","7":"ZH","8":"SH","9":"BE","10":"BL","11":"GE","12":"BS","13":"AR","14":"SO","15":"LU","16":"TI","17":"GR","18":"NE","19":"ZG","20":"FR"},"main_mean":{"0":0.0079436599,"1":0.0256740282,"2":0.0268212119,"3":0.0000005,"4":0.0291662674,"5":-0.0630930861,"6":0.0,"7":0.0188222911,"8":0.0230883165,"9":0.0355386806,"10":-0.0434780718,"11":0.00436945,"12":0.0339526891,"13":0.0,"14":0.2499875006,"15":0.0510423573,"16":-0.0261897024,"17":0.1047594604,"18":0.0,"19":0.0268212119,"20":0.0066264484},"sentiment_mean":{"0":0.1408450704,"1":0.3076923077,"2":0.1861958266,"3":0.25,"4":0.1,"5":-0.0666666667,"6":0.0,"7":0.2427807487,"8":0.3529411765,"9":0.1637931034,"10":-1.0,"11":0.1576994434,"12":0.1531531532,"13":1.0,"14":0.5,"15":0.2702702703,"16":0.0,"17":0.5714285714,"18":0.5,"19":0.1861958266,"20":0.2162162162},"main_std":{"0":0.1251371451,"1":0.0675730948,"2":0.1957328167,"3":0.1632968667,"4":0.1413719531,"5":0.1920814624,"6":null,"7":0.164001068,"8":0.100510903,"9":0.1158739936,"10":null,"11":0.1937407184,"12":0.183397057,"13":null,"14":0.3535357138,"15":0.1436476627,"16":0.1478969482,"17":0.138009355,"18":0.0,"19":0.1957328167,"20":0.1141757147},"sentiment_std":{"0":0.6610764954,"1":0.630425172,"2":0.6995649591,"3":0.5,"4":0.7378647874,"5":0.7037315505,"6":null,"7":0.7138045142,"8":0.4925921831,"9":0.6845368541,"10":null,"11":0.7131212446,"12":0.7160268938,"13":null,"14":0.7071067812,"15":0.5081911631,"16":0.508000508,"17":0.5345224838,"18":0.7071067812,"19":0.6995649591,"20":0.5838157593},"sentiment_pv":{"0":0.5084146953,"1":0.5273151995,"2":0.8084074049,"3":0.8361883136,"4":0.6979598959,"5":0.1746799151,"6":null,"7":0.0625603586,"8":0.202892653,"9":0.6457969956,"10":null,"11":0.2779471934,"12":0.559060301,"13":null,"14":0.6500032875,"15":0.3698113418,"16":0.0041253548,"17":0.1108392901,"18":0.6500032875,"19":0.8084074049,"20":0.8166216893},"main_pv":{"0":0.4413474319,"1":0.7581580746,"2":0.3994336833,"3":0.8250272071,"4":0.8372806259,"5":0.1177660074,"6":null,"7":0.8885709023,"8":0.8918520743,"9":0.1599101003,"10":null,"11":0.0863058002,"12":0.4219006594,"13":null,"14":0.5260766077,"15":0.1962965961,"16":0.0179384234,"17":0.1543336318,"18":0.0000000005,"19":0.3994336833,"20":0.4965214685},"count":{"0":71,"1":13,"2":623,"3":4,"4":10,"5":15,"6":1,"7":935,"8":17,"9":116,"10":1,"11":539,"12":111,"13":1,"14":2,"15":37,"16":63,"17":7,"18":2,"19":623,"20":37},"nb_en":{"0":71,"1":13,"2":623,"3":4,"4":10,"5":15,"6":1,"7":935,"8":17,"9":116,"10":1,"11":539,"12":111,"13":1,"14":2,"15":37,"16":63,"17":7,"18":2,"19":623,"20":37},"nb_de":{"0":0,"1":0,"2":0,"3":0,"4":0,"5":0,"6":0,"7":0,"8":0,"9":0,"10":0,"11":0,"12":0,"13":0,"14":0,"15":0,"16":0,"17":0,"18":0,"19":0,"20":0}}