{"canton":{"0":"VD","1":"SG","2":"TI","3":"JU","4":"VS","5":"SO","6":"AG","7":"TG","8":"ZH","9":"SH","10":"BE","11":"BL","12":"GE","13":"BS","14":"GL","15":"SZ","16":"LU","17":"GR","18":"NE","19":"ZG","20":"FR"},"main_mean":{"0":0.0046844047,"1":-0.0086584017,"2":0.0266200529,"3":0.1666638889,"4":0.0606563185,"5":0.0497467757,"6":-0.0467079315,"7":0.0,"8":0.0279616085,"9":-0.0147057958,"10":0.0183201613,"11":0.0,"12":0.0226719654,"13":0.0131575543,"14":0.0231900066,"15":0.2435044885,"16":0.0079695452,"17":0.0,"18":0.0484184879,"19":0.0231900066,"20":0.0041280388},"sentiment_mean":{"0":0.1196581197,"1":-0.0869565217,"2":0.2210526316,"3":0.0,"4":0.5,"5":0.3333333333,"6":0.0588235294,"7":0.0,"8":0.2537313433,"9":0.0,"10":0.1351351351,"11":0.0,"12":0.1411245865,"13":0.1523809524,"14":0.25,"15":1.0,"16":0.3548387097,"17":0.0,"18":0.3333333333,"19":0.25,"20":0.3076923077},"main_std":{"0":0.1416659255,"1":0.0420407897,"2":0.1127838877,"3":null,"4":0.1030451125,"5":0.1309431041,"6":0.2019012386,"7":0.0,"8":0.1539593613,"9":0.0294115917,"10":0.1466191708,"11":null,"12":0.1618686878,"13":0.1934422776,"14":0.187091865,"15":0.0413237514,"16":0.1267449393,"17":null,"18":0.0959927687,"19":0.187091865,"20":0.0885719588},"sentiment_std":{"0":0.7090838329,"1":0.6683115413,"2":0.6387978632,"3":null,"4":0.755928946,"5":0.8660254038,"6":0.7475450016,"7":0.0,"8":0.6719602181,"9":0.8164965809,"10":0.6495049186,"11":null,"12":0.7047114019,"13":0.6618876325,"14":0.6678185043,"15":0.0,"16":0.6607262215,"17":null,"18":0.6859943406,"19":0.6678185043,"20":0.6116022525},"sentiment_pv":{"0":0.1390586491,"1":0.0396550349,"2":0.96826777,"3":null,"4":0.3272832648,"5":0.701106221,"6":0.3924105885,"7":2.892992168e-100,"8":0.0799996844,"9":0.6298283501,"10":0.0894313685,"11":null,"12":0.0024461593,"13":0.3146772305,"14":0.2284505856,"15":0.0,"16":0.2608971986,"17":null,"18":0.4876139923,"19":0.2284505856,"20":0.3006200062},"main_pv":{"0":0.1640307655,"1":0.0016599826,"2":0.7818982162,"3":null,"4":0.3404801104,"5":0.5623993903,"6":0.1722477768,"7":2.526655834e-21,"8":0.3251154332,"9":0.0793845044,"10":0.6504354712,"11":null,"12":0.9103734881,"13":0.5939346515,"14":0.9837522264,"15":0.0821430419,"16":0.5071123762,"17":null,"18":0.2854284814,"19":0.9837522264,"20":0.1308214084},"count":{"0":117,"1":23,"2":95,"3":1,"4":8,"5":9,"6":17,"7":4,"8":1474,"9":4,"10":185,"11":1,"12":907,"13":105,"14":760,"15":2,"16":31,"17":1,"18":18,"19":760,"20":52},"nb_en":{"0":117,"1":23,"2":95,"3":1,"4":8,"5":9,"6":17,"7":4,"8":1474,"9":4,"10":185,"11":1,"12":907,"13":105,"14":760,"15":2,"16":31,"17":1,"18":18,"19":760,"20":52},"nb_de":{"0":0,"1":0,"2":0,"3":0,"4":0,"5":0,"6":0,"7":0,"8":0,"9":0,"10":0,"11":0,"12":0,"13":0,"14":0,"15":0,"16":0,"17":0,"18":0,"19":0,"20":0}}