{"canton":{"0":"NE","1":"GE","2":"GL","3":"BE","4":"SZ","5":"TG","6":"UR","7":"FR","8":"BS","9":"BL","10":"ZH","11":"OW","12":"VD","13":"SG","14":"GR","15":"ZG","16":"AR","17":"LU","18":"TI","19":"JU","20":"AG","21":"SH","22":"VS","23":"SO"},"main_mean":{"0":0.0266703718,"1":0.0235900341,"2":0.0245929611,"3":0.0069495508,"4":0.0,"5":0.0130895629,"6":0.0003571381,"7":0.019579701,"8":0.0186174654,"9":0.0,"10":0.0188832095,"11":-0.0331906074,"12":0.0243479236,"13":0.0189032054,"14":-0.0098471692,"15":0.0245929611,"16":0.0004444395,"17":0.0121872898,"18":-0.0022949081,"19":-0.0042795453,"20":0.0342635733,"21":0.0214704518,"22":0.0097762515,"23":-0.0110378725},"sentiment_mean":{"0":0.1142857143,"1":0.060807601,"2":0.0752908966,"3":0.0031496063,"4":0.0,"5":0.0,"6":0.0,"7":0.1602564103,"8":0.1044303797,"9":0.0,"10":0.123030303,"11":0.0,"12":0.0750988142,"13":0.0588235294,"14":0.0294117647,"15":0.0752908966,"16":0.0,"17":0.0679012346,"18":0.0481927711,"19":0.0,"20":0.1066666667,"21":0.2352941176,"22":0.1304347826,"23":0.0},"main_std":{"0":0.1934619206,"1":0.1582049169,"2":0.1600819719,"3":0.0666530551,"4":0.0,"5":0.0288710153,"6":0.0003113457,"7":0.1737213705,"8":0.1015999601,"9":null,"10":0.1236141741,"11":null,"12":0.1408836608,"13":0.1155672678,"14":0.0326827483,"15":0.1600819719,"16":null,"17":0.0643519416,"18":0.150001157,"19":0.0506499386,"20":0.1456055609,"21":0.1181653823,"22":0.0898248658,"23":0.1420951968},"sentiment_std":{"0":0.471008216,"1":0.4615525065,"2":0.5166528215,"3":0.3322651937,"4":0.0,"5":0.0,"6":0.0,"7":0.4751474457,"8":0.4123251817,"9":null,"10":0.5070134657,"11":null,"12":0.4106171281,"13":0.3844903345,"14":0.3000297074,"15":0.5166528215,"16":null,"17":0.3177276307,"18":0.6608127748,"19":0.0,"20":0.4214945523,"21":0.5622957145,"22":0.4004828004,"23":0.4662524041},"sentiment_pv":{"0":0.7113891903,"1":0.0324242675,"2":0.5181035247,"3":0.0000000085,"4":1.57223471e-72,"5":1.57223471e-72,"6":1.57223471e-72,"7":0.0499030197,"8":0.4008958546,"9":null,"10":0.0001157959,"11":null,"12":0.616746661,"13":0.4146185874,"14":0.2936443524,"15":0.5181035247,"16":null,"17":0.5133900537,"18":0.6184231614,"19":1.57223471e-72,"20":0.6520520468,"21":0.2855308882,"22":0.4423604161,"23":0.2211924951},"main_pv":{"0":0.8513855837,"1":0.4031447091,"2":0.3516677227,"3":0.0000058548,"4":4.730583656e-51,"5":0.2057248174,"6":7.732018615e-48,"7":0.9480413222,"8":0.7498486492,"9":null,"10":0.5271289666,"11":null,"12":0.5475922003,"13":0.8665852849,"14":0.0000062926,"15":0.3516677227,"16":null,"17":0.1143468587,"18":0.17150259,"19":0.2097769902,"20":0.4168261404,"21":0.9732109052,"22":0.4250320512,"23":0.1358085576},"count":{"0":35,"1":2105,"2":1461,"3":635,"4":2,"5":27,"6":3,"7":156,"8":316,"9":1,"10":3300,"11":1,"12":506,"13":153,"14":34,"15":1461,"16":1,"17":162,"18":83,"19":8,"20":75,"21":17,"22":46,"23":47},"nb_en":{"0":14,"1":845,"2":761,"3":172,"4":0,"5":11,"6":1,"7":61,"8":84,"9":0,"10":1476,"11":0,"12":135,"13":23,"14":3,"15":761,"16":0,"17":35,"18":68,"19":2,"20":13,"21":6,"22":11,"23":16},"nb_de":{"0":8,"1":17,"2":300,"3":447,"4":2,"5":16,"6":2,"7":53,"8":222,"9":1,"10":1754,"11":1,"12":3,"13":128,"14":29,"15":300,"16":1,"17":125,"18":7,"19":0,"20":61,"21":11,"22":20,"23":31}}