{"canton":{"0":"VD","1":"SG","2":"AI","3":"TI","4":"VS","5":"SO","6":"AG","7":"TG","8":"ZH","9":"SH","10":"BE","11":"GE","12":"BS","13":"GL","14":"SZ","15":"LU","16":"GR","17":"NE","18":"ZG","19":"FR"},"main_mean":{"0":0.0228593893,"1":0.0247546385,"2":0.0384612426,"3":0.0219552322,"4":0.0286306746,"5":0.0,"6":0.0812629115,"7":0.0803554528,"8":0.0264912458,"9":0.040039096,"10":0.0159274784,"11":0.0270326744,"12":0.0233964757,"13":0.0209715682,"14":-0.1111098766,"15":0.0452518284,"16":0.0207068404,"17":0.0064240057,"18":0.0209715682,"19":0.0238983602},"sentiment_mean":{"0":0.214953271,"1":0.2692307692,"2":0.5,"3":0.125,"4":0.16,"5":0.0,"6":0.1,"7":0.0,"8":0.2292517007,"9":0.1538461538,"10":0.1968085106,"11":0.1417425228,"12":0.0841584158,"13":0.219346049,"14":-0.5,"15":0.3414634146,"16":0.3333333333,"17":0.375,"18":0.219346049,"19":0.3055555556},"main_std":{"0":0.1170918548,"1":0.0790568764,"2":0.0543924109,"3":0.1840998217,"4":0.2212415342,"5":0.0485925113,"6":0.2849973028,"7":0.1179983726,"8":0.1566924879,"9":0.0941193072,"10":0.1490522805,"11":0.1471423971,"12":0.1998724891,"13":0.1834495323,"14":0.1571330943,"15":0.1414366405,"16":0.0634600005,"17":0.102766088,"18":0.1834495323,"19":0.0829227689},"sentiment_std":{"0":0.6147255467,"1":0.6667948595,"2":0.7071067812,"3":0.5597241635,"4":0.6244997998,"5":0.5345224838,"6":0.8522416262,"7":0.8164965809,"8":0.6921430974,"9":0.6887372317,"10":0.7003363787,"11":0.7066923993,"12":0.7777032998,"13":0.7024467918,"14":0.7071067812,"15":0.6931722765,"16":0.5163977795,"17":0.6191391874,"18":0.7024467918,"19":0.5766625378},"sentiment_pv":{"0":0.823026544,"1":0.6097429088,"2":0.6572875515,"3":0.2317251555,"4":0.7438229638,"5":0.3223433502,"6":0.6012315688,"7":0.6556538529,"8":0.1820746134,"9":0.8077586934,"10":0.9294813516,"11":0.0304044988,"12":0.0364251371,"13":0.5215338374,"14":0.3941693295,"15":0.2051459397,"16":0.5593039452,"17":0.2806485672,"18":0.5215338374,"19":0.2886331584},"main_pv":{"0":0.8993424799,"1":0.9785361862,"2":0.7758504146,"3":0.909151442,"4":0.9234614049,"5":0.2021192493,"6":0.383131494,"7":0.4124995536,"8":0.6506942547,"9":0.5600033305,"10":0.4519834368,"11":0.6441697222,"12":0.9480336993,"13":0.6415748813,"14":0.4373090106,"15":0.3520245986,"16":0.8946697586,"17":0.4982901236,"18":0.6415748813,"19":0.9757394414},"count":{"0":107,"1":26,"2":2,"3":80,"4":25,"5":8,"6":20,"7":4,"8":1470,"9":13,"10":188,"11":769,"12":202,"13":734,"14":2,"15":41,"16":6,"17":16,"18":734,"19":36},"nb_en":{"0":107,"1":26,"2":2,"3":80,"4":25,"5":8,"6":20,"7":4,"8":1470,"9":13,"10":188,"11":769,"12":202,"13":734,"14":2,"15":41,"16":6,"17":16,"18":734,"19":36},"nb_de":{"0":0,"1":0,"2":0,"3":0,"4":0,"5":0,"6":0,"7":0,"8":0,"9":0,"10":0,"11":0,"12":0,"13":0,"14":0,"15":0,"16":0,"17":0,"18":0,"19":0}}