{"canton":{"0":"UR","1":"BE","2":"ZG","3":"BL","4":"TG","5":"TI","6":"VD","7":"SG","8":"JU","9":"SH","10":"AG","11":"GE","12":"BS","13":"FR","14":"SO","15":"AR","16":"GL","17":"ZH","18":"VS","19":"NE","20":"LU","21":"AI","22":"GR","23":"SZ"},"main_mean":{"0":-0.1234719132,"1":0.0096814349,"2":0.0232099517,"3":-0.0002399976,"4":0.047638211,"5":0.0280529258,"6":0.0411963305,"7":0.0192731473,"8":0.0707132755,"9":0.0123007987,"10":0.030542304,"11":0.0330491038,"12":0.0175648515,"13":0.0172279371,"14":0.0088413679,"15":0.0062573192,"16":0.0232099517,"17":0.0179652064,"18":0.0094958408,"19":0.0357360406,"20":0.019064327,"21":0.0384612426,"22":-0.0002366183,"23":-0.0542111346},"sentiment_mean":{"0":0.0,"1":0.0655339806,"2":0.1216596343,"3":0.0,"4":0.0555555556,"5":0.112244898,"6":0.0913242009,"7":0.0709219858,"8":0.0,"9":0.0476190476,"10":0.0737704918,"11":0.0609929078,"12":0.0502008032,"13":0.1293103448,"14":0.0476190476,"15":0.0,"16":0.1216596343,"17":0.1127463863,"18":0.0555555556,"19":0.1818181818,"20":0.0792079208,"21":0.5,"22":0.0512820513,"23":-0.2},"main_std":{"0":null,"1":0.0965156846,"2":0.158649107,"3":0.0004799952,"4":0.1518175408,"5":0.1937542193,"6":0.1465440383,"7":0.1078809395,"8":null,"9":0.0555476283,"10":0.1454579458,"11":0.1410359605,"12":0.1441841661,"13":0.077274301,"14":0.0752330647,"15":0.0309270787,"16":0.158649107,"17":0.1253991955,"18":0.1315056334,"19":0.1127098191,"20":0.0939282647,"21":0.0543924109,"22":0.0327428162,"23":0.0962708811},"sentiment_std":{"0":null,"1":0.3696590742,"2":0.5238525098,"3":0.0,"4":0.4161761819,"5":0.5153850139,"6":0.3654001035,"7":0.3712024875,"8":null,"9":0.3794978037,"10":0.4099593366,"11":0.4473891013,"12":0.5109366865,"13":0.3851633739,"14":0.3086066999,"15":0.0,"16":0.5238525098,"17":0.4689720172,"18":0.3710999595,"19":0.4646601886,"20":0.3507821628,"21":0.7071067812,"22":0.223455865,"23":0.4472135955},"sentiment_pv":{"0":null,"1":0.0252274283,"2":0.0781071248,"3":1.037299811e-105,"4":0.6855554154,"5":0.7564681098,"6":0.7951677665,"7":0.4282024476,"8":null,"9":0.414710313,"10":0.5530633093,"11":0.0010321251,"12":0.0499215175,"13":0.3570028345,"14":0.3174977119,"15":1.037299811e-105,"16":0.0781071248,"17":0.0559139964,"18":0.3605331348,"19":0.2972772811,"20":0.5036109734,"21":0.5673468307,"22":0.2221572333,"23":0.2129999855},"main_pv":{"0":null,"1":0.0004016146,"2":0.8626751056,"3":5.76134142e-64,"4":0.4912615727,"5":0.7757151427,"6":0.0087212389,"7":0.7296897842,"8":null,"9":0.2480243351,"10":0.5418817566,"11":0.0014330035,"12":0.4586179205,"13":0.4750466584,"14":0.2505134931,"15":0.2165770387,"16":0.8626751056,"17":0.0617933567,"18":0.4076040083,"19":0.5040053956,"20":0.6155391853,"21":0.7488650517,"22":0.0001315799,"23":0.149593501},"count":{"0":1,"1":824,"2":1422,"3":4,"4":18,"5":98,"6":438,"7":141,"8":1,"9":42,"10":122,"11":2115,"12":498,"13":116,"14":42,"15":7,"16":1422,"17":3805,"18":72,"19":33,"20":202,"21":2,"22":39,"23":5},"nb_en":{"0":0,"1":188,"2":734,"3":0,"4":4,"5":81,"6":110,"7":27,"8":0,"9":13,"10":20,"11":775,"12":202,"13":36,"14":8,"15":0,"16":734,"17":1470,"18":25,"19":16,"20":41,"21":2,"22":6,"23":2},"nb_de":{"0":1,"1":615,"2":249,"3":4,"4":14,"5":8,"6":18,"7":114,"8":0,"9":29,"10":102,"11":10,"12":285,"13":30,"14":34,"15":7,"16":249,"17":2203,"18":38,"19":1,"20":159,"21":0,"22":33,"23":3},"nb_fr":{"0":0,"1":21,"2":439,"3":0,"4":0,"5":9,"6":310,"7":0,"8":1,"9":0,"10":0,"11":1330,"12":11,"13":50,"14":0,"15":0,"16":439,"17":132,"18":9,"19":16,"20":2,"21":0,"22":0,"23":0}}