{"canton":{"0":"NE","1":"GE","2":"GL","3":"BE","4":"SZ","5":"TG","6":"UR","7":"FR","8":"BS","9":"ZH","10":"SO","11":"VD","12":"OW","13":"SG","14":"GR","15":"ZG","16":"AR","17":"LU","18":"TI","19":"JU","20":"AG","21":"SH","22":"VS","23":"AI","24":"BL"},"main_mean":{"0":0.0169209417,"1":0.0196186975,"2":0.021037908,"3":0.0173846934,"4":0.0078814048,"5":0.0033112601,"6":-0.0097038885,"7":0.030576607,"8":0.0085944436,"9":0.0158982982,"10":0.0003263781,"11":0.0385089854,"12":0.0,"13":0.0480306214,"14":0.0045497169,"15":0.0210510165,"16":0.0885868891,"17":0.0112250827,"18":0.0045341044,"19":-0.0044837568,"20":0.0316779353,"21":-0.0095144969,"22":0.0050991354,"23":-0.0518904374,"24":0.0001038952},"sentiment_mean":{"0":0.1228070175,"1":0.0557317626,"2":0.0712468193,"3":0.0603864734,"4":0.2142857143,"5":0.0208333333,"6":0.0,"7":0.056,"8":0.0604288499,"9":0.1102381537,"10":0.0263157895,"11":0.0840517241,"12":0.0,"13":0.1208053691,"14":0.0740740741,"15":0.0712921706,"16":0.1923076923,"17":0.0853658537,"18":-0.0096153846,"19":-0.25,"20":0.0833333333,"21":0.0,"22":0.1086956522,"23":0.0,"24":0.0},"main_std":{"0":0.0945599306,"1":0.1404219657,"2":0.183791471,"3":0.115248663,"4":0.0268205042,"5":0.0455692938,"6":0.0197434521,"7":0.1431352104,"8":0.1195370536,"9":0.1196807343,"10":0.0308989844,"11":0.1212920393,"12":null,"13":0.1758778702,"14":0.0364447371,"15":0.1838492589,"16":0.2286610715,"17":0.1349343953,"18":0.1701122206,"19":0.1183388713,"20":0.1370211827,"21":0.0807077418,"22":0.209283338,"23":null,"24":0.0002748808},"sentiment_std":{"0":0.3812655354,"1":0.4426005903,"2":0.5083769034,"3":0.3663286865,"4":0.4258153136,"5":0.1433246596,"6":0.0,"7":0.3873816156,"8":0.4444244559,"9":0.477258633,"10":0.1622214211,"11":0.3651148012,"12":null,"13":0.3840177304,"14":0.2643505286,"15":0.5085356002,"16":0.6336706254,"17":0.3207600481,"18":0.4925698868,"19":0.7071067812,"20":0.3204499525,"21":0.3244428423,"22":0.4820447591,"23":null,"24":0.0},"sentiment_pv":{"0":0.4051026016,"1":0.0168237578,"2":0.5009521247,"3":0.1366742993,"4":0.2604354725,"5":0.0000049647,"6":4.0440535e-84,"7":0.4872537139,"8":0.3217719071,"9":0.0004524113,"10":0.0495432056,"11":0.8301231173,"12":null,"13":0.203728083,"14":0.8639294601,"15":0.5033412768,"16":0.3763008555,"17":0.8086030554,"18":0.0664034458,"19":0.2280059524,"20":0.9074600476,"21":0.1314991836,"22":0.6919558222,"23":null,"24":4.0440535e-84},"main_pv":{"0":0.8832664467,"1":0.7960792135,"2":0.638524587,"3":0.7405420658,"4":0.1570148408,"5":0.0001596931,"6":0.0023698332,"7":0.3608879795,"8":0.0613284247,"9":0.2052490966,"10":0.0009209075,"11":0.0006850955,"12":null,"13":0.0449261391,"14":0.0072937643,"15":0.6367771472,"16":0.1322419876,"17":0.386049105,"18":0.3965115923,"19":0.5956795819,"20":0.2445881046,"21":0.0355185469,"22":0.6599463215,"23":null,"24":3.60569919e-47},"count":{"0":57,"1":2207,"2":1572,"3":828,"4":14,"5":144,"6":9,"7":125,"8":513,"9":4073,"10":38,"11":464,"12":1,"13":149,"14":54,"15":1571,"16":26,"17":246,"18":104,"19":8,"20":156,"21":39,"22":46,"23":1,"24":7},"nb_en":{"0":20,"1":802,"2":760,"3":212,"4":6,"5":5,"6":0,"7":46,"8":170,"9":1683,"10":6,"11":110,"12":0,"13":20,"14":2,"15":760,"16":9,"17":45,"18":86,"19":4,"20":21,"21":4,"22":18,"23":0,"24":2},"nb_de":{"0":2,"1":10,"2":210,"3":596,"4":8,"5":139,"6":9,"7":45,"8":334,"9":2287,"10":31,"11":10,"12":1,"13":129,"14":52,"15":209,"16":17,"17":201,"18":7,"19":0,"20":134,"21":35,"22":19,"23":1,"24":5}}