{"canton":{"0":"UR","1":"BE","2":"ZG","3":"BL","4":"JU","5":"TI","6":"TG","7":"VD","8":"SG","9":"GR","10":"SH","11":"OW","12":"AG","13":"GE","14":"BS","15":"FR","16":"AR","17":"GL","18":"ZH","19":"SO","20":"NE","21":"LU","22":"AI","23":"VS","24":"SZ"},"main_mean":{"0":0.000799984,"1":0.0117170604,"2":0.0226178175,"3":0.0064388173,"4":0.079423902,"5":-0.0308407464,"6":0.0183014627,"7":0.0304371355,"8":0.0372389442,"9":0.0000538981,"10":0.0032664756,"11":0.0,"12":0.0073427435,"13":0.0221116189,"14":0.014887891,"15":0.0595952832,"16":0.0472208192,"17":0.0225858001,"18":0.0152585453,"19":0.0316847345,"20":0.0338070054,"21":0.00214647,"22":0.0076999403,"23":0.02352991,"24":0.0871759203},"sentiment_mean":{"0":0.0,"1":0.0584577114,"2":0.0818377602,"3":0.0,"4":0.0,"5":-0.0495049505,"6":0.0,"7":0.0396659708,"8":0.1583333333,"9":0.0392156863,"10":0.0540540541,"11":0.0,"12":0.0078125,"13":0.043150398,"14":0.0680851064,"15":0.0540540541,"16":0.1428571429,"17":0.0817204301,"18":0.1109577698,"19":0.0625,"20":0.1449275362,"21":0.0622009569,"22":0.0,"23":0.0714285714,"24":0.5},"main_std":{"0":null,"1":0.0989283858,"2":0.1706109343,"3":0.0128776347,"4":0.1224295298,"5":0.1920819854,"6":0.0352297308,"7":0.1317977036,"8":0.1755936949,"9":0.0364465566,"10":0.0321232273,"11":null,"12":0.0975219928,"13":0.1399566434,"14":0.0992243535,"15":0.1987695896,"16":0.1110119906,"17":0.1704905967,"18":0.1161657473,"19":0.1593387894,"20":0.1064536665,"21":0.1027506102,"22":0.0103236802,"23":0.1090252814,"24":0.2531032834},"sentiment_std":{"0":null,"1":0.3637573527,"2":0.5061904821,"3":0.0,"4":0.0,"5":0.6062381978,"6":0.0,"7":0.3666150335,"8":0.4673514384,"9":0.2800560168,"10":0.2292434351,"11":null,"12":0.2941983302,"13":0.4364738638,"14":0.3688895241,"15":0.366093479,"16":0.377964473,"17":0.5058367154,"18":0.4938593036,"19":0.2446230274,"20":0.4625810682,"21":0.3410348192,"22":0.0,"23":0.4068233357,"24":0.5477225575},"sentiment_pv":{"0":null,"1":0.163531094,"2":0.7511953915,"3":3.644662403e-71,"4":3.644662403e-71,"5":0.0384733898,"6":3.644662403e-71,"7":0.0298785608,"8":0.0612517875,"9":0.3385863006,"10":0.5433080812,"11":null,"12":0.0093445066,"13":0.000575164,"14":0.5987872308,"15":0.5880347047,"16":0.6626938244,"17":0.7571563549,"18":0.0002861108,"19":0.678668249,"20":0.2302939516,"21":0.5288682753,"22":3.644662403e-71,"23":0.9257858286,"24":0.1173309277},"main_pv":{"0":null,"1":0.0569524106,"2":0.4211149503,"3":0.1493818714,"4":0.4814482427,"5":0.0109759515,"6":0.9548181954,"7":0.059229994,"8":0.2537434579,"9":0.0007540862,"10":0.006703811,"11":null,"12":0.1909074788,"13":0.2909192213,"14":0.4109158979,"15":0.0820753349,"16":0.5235430589,"17":0.4244066177,"18":0.1262442924,"19":0.5784951869,"20":0.2478686772,"21":0.0220398886,"22":0.3644452151,"23":0.7805278813,"24":0.5374291721},"count":{"0":1,"1":804,"2":1393,"3":4,"4":3,"5":101,"6":17,"7":479,"8":120,"9":51,"10":37,"11":1,"12":128,"13":2387,"14":470,"15":74,"16":7,"17":1395,"18":3623,"19":48,"20":69,"21":209,"22":2,"23":42,"24":6},"nb_en":{"0":0,"1":183,"2":694,"3":1,"4":0,"5":80,"6":4,"7":140,"8":21,"9":4,"10":6,"11":0,"12":18,"13":840,"14":111,"15":11,"16":0,"17":694,"18":1548,"19":11,"20":26,"21":56,"22":0,"23":13,"24":5},"nb_de":{"0":1,"1":595,"2":226,"3":3,"4":0,"5":13,"6":13,"7":11,"8":99,"9":46,"10":31,"11":1,"12":109,"13":5,"14":351,"15":19,"16":6,"17":228,"18":1957,"19":36,"20":3,"21":152,"22":2,"23":22,"24":1},"nb_fr":{"0":0,"1":26,"2":473,"3":0,"4":3,"5":8,"6":0,"7":328,"8":0,"9":1,"10":0,"11":0,"12":1,"13":1542,"14":8,"15":44,"16":1,"17":473,"18":118,"19":1,"20":40,"21":1,"22":0,"23":7,"24":0}}