{"canton":{"0":"SG","1":"AR","2":"JU","3":"VS","4":"SZ","5":"AG","6":"TG","7":"ZH","8":"BE","9":"GE","10":"BS","11":"GL","12":"LU","13":"OW","14":"GR","15":"ZG","16":"UR","17":"VD","18":"SH","19":"BL","20":"NW","21":"TI","22":"SO","23":"AI","24":"NE","25":"FR"},"main_mean":{"0":0.0194099814,"1":0.017539313,"2":0.0232500774,"3":0.0340977131,"4":0.1100371925,"5":0.0298257072,"6":0.0142488502,"7":0.0239292295,"8":0.0205130891,"9":0.0142207258,"10":0.019973972,"11":0.0207696425,"12":0.0344139127,"13":0.011363391,"14":-0.0019356328,"15":0.0208113738,"16":-0.0113479302,"17":0.0314343032,"18":0.0043794025,"19":-0.0169642104,"20":0.0083220164,"21":-0.0081021615,"22":0.006779338,"23":0.0384612426,"24":0.0194705792,"25":0.0140754569},"sentiment_mean":{"0":0.1524475524,"1":0.1142857143,"2":0.2045454545,"3":0.257518797,"4":0.3846153846,"5":0.1196698762,"6":0.0920245399,"7":0.2334728033,"8":0.1698230363,"9":0.1298939718,"10":0.1552490063,"11":0.1874674466,"12":0.3188284519,"13":0.3333333333,"14":0.1,"15":0.1875626077,"16":0.22,"17":0.2028776978,"18":0.1639344262,"19":0.1333333333,"20":0.4285714286,"21":0.0549408623,"22":0.0972222222,"23":0.5,"24":0.2995780591,"25":0.2942084942},"main_std":{"0":0.1351716941,"1":0.1317161572,"2":0.2592029543,"3":0.1935574864,"4":0.2933542538,"5":0.2307012576,"6":0.0657363821,"7":0.1562117476,"8":0.1543063479,"9":0.1520938259,"10":0.1749412609,"11":0.1945299831,"12":0.1627822652,"13":0.1084009732,"14":0.1586670217,"15":0.1944819092,"16":0.1693506047,"17":0.1715144471,"18":0.0861466473,"19":0.1210322136,"20":0.0773285502,"21":0.1602211448,"22":0.2314329283,"23":0.0543924109,"24":0.1116503866,"25":0.1420054181},"sentiment_std":{"0":0.6781743667,"1":0.6311254453,"2":0.5937482614,"3":0.7020549938,"4":0.7002746714,"5":0.7297200497,"6":0.3976755913,"7":0.6969588641,"8":0.6705615457,"9":0.7051344533,"10":0.7059341315,"11":0.6887601679,"12":0.6324067716,"13":0.5773502692,"14":0.7456372059,"15":0.6887057229,"16":0.6480740698,"17":0.665796328,"18":0.6832584209,"19":0.5713464637,"20":0.513552591,"21":0.5782602612,"22":0.6432415487,"23":0.7071067812,"24":0.573295646,"25":0.6209297534},"sentiment_pv":{"0":0.1388036447,"1":0.4820399697,"2":0.8728075374,"3":0.0275136643,"4":0.0286596069,"5":0.0095762397,"6":0.0019788869,"7":2.723004576e-32,"8":0.0175497996,"9":7.330672069e-38,"10":0.0014474974,"11":0.5729763624,"12":0.0,"13":0.7093312938,"14":0.1284434801,"15":0.5867709461,"16":0.7459013484,"17":0.2649919739,"18":0.5501981003,"19":0.590345813,"20":0.1059759716,"21":1.771332449e-31,"22":0.0350712714,"23":0.646795038,"24":0.0000399011,"25":0.0000000026},"main_pv":{"0":0.8465216981,"1":0.8988002689,"2":0.9420486715,"3":0.1035081187,"4":0.0164560576,"5":0.2712617345,"6":0.2362392074,"7":0.0000266208,"8":0.9513104428,"9":0.0000000022,"10":0.8773271269,"11":0.7733722521,"12":0.0030921234,"13":0.8985136873,"14":0.0771604404,"15":0.7490469317,"16":0.1912913752,"17":0.0001786354,"18":0.0041427237,"19":0.1017020676,"20":0.5692608563,"21":3.643419208e-19,"22":0.3884661988,"23":0.7204041218,"24":0.8579230711,"25":0.1119038372},"count":{"0":715,"1":35,"2":44,"3":532,"4":65,"5":727,"6":163,"7":47800,"8":6442,"9":26691,"10":4277,"11":24959,"12":1195,"13":3,"14":160,"15":24957,"16":50,"17":3475,"18":244,"19":30,"20":14,"21":2621,"22":216,"23":2,"24":474,"25":1295},"nb_en":{"0":715,"1":35,"2":44,"3":532,"4":65,"5":727,"6":163,"7":47800,"8":6442,"9":26691,"10":4277,"11":24959,"12":1195,"13":3,"14":160,"15":24957,"16":50,"17":3475,"18":244,"19":30,"20":14,"21":2621,"22":216,"23":2,"24":474,"25":1295},"nb_de":{"0":0,"1":0,"2":0,"3":0,"4":0,"5":0,"6":0,"7":0,"8":0,"9":0,"10":0,"11":0,"12":0,"13":0,"14":0,"15":0,"16":0,"17":0,"18":0,"19":0,"20":0,"21":0,"22":0,"23":0,"24":0,"25":0},"nb_fr":{"0":0,"1":0,"2":0,"3":0,"4":0,"5":0,"6":0,"7":0,"8":0,"9":0,"10":0,"11":0,"12":0,"13":0,"14":0,"15":0,"16":0,"17":0,"18":0,"19":0,"20":0,"21":0,"22":0,"23":0,"24":0,"25":0}}