{"canton":{"0":"NE","1":"GE","2":"GL","3":"UR","4":"SZ","5":"BE","6":"TG","7":"FR","8":"BS","9":"BL","10":"ZH","11":"VD","12":"SG","13":"GR","14":"ZG","15":"AR","16":"LU","17":"TI","18":"JU","19":"AG","20":"SH","21":"VS","22":"SO"},"main_mean":{"0":0.0124246,"1":0.0272083479,"2":0.0184698231,"3":-0.0275501022,"4":0.000374597,"5":0.0103236775,"6":0.016090279,"7":0.0223066761,"8":0.0055231486,"9":0.012390942,"10":0.0164109638,"11":0.0430563973,"12":0.0341001557,"13":0.0172049464,"14":0.0184966421,"15":0.0285604158,"16":0.034824002,"17":0.0116101696,"18":-0.1413415207,"19":0.0211827934,"20":0.0073340525,"21":0.0908628436,"22":0.0162357655},"sentiment_mean":{"0":0.0,"1":0.0559478544,"2":0.0578125,"3":0.0,"4":0.0,"5":0.0523364486,"6":0.05,"7":0.037037037,"8":0.0169491525,"9":0.0,"10":0.1331198536,"11":0.0641025641,"12":0.0566037736,"13":0.027027027,"14":0.0578577013,"15":0.5,"16":0.0254237288,"17":0.0253164557,"18":-0.125,"19":0.0340136054,"20":0.0416666667,"21":0.2285714286,"22":0.0238095238},"main_std":{"0":0.1213691235,"1":0.1472063136,"2":0.1643046224,"3":0.0834172629,"4":0.0007329311,"5":0.0788778199,"6":0.0483845318,"7":0.1016846276,"8":0.1112688842,"9":0.0703432127,"10":0.1355016495,"11":0.1526786429,"12":0.135431146,"13":0.0773451598,"14":0.164366089,"15":0.0210967515,"16":0.1117230923,"17":0.0787231026,"18":0.3512710618,"19":0.1062570356,"20":0.0343689208,"21":0.1656627282,"22":0.0487369727},"sentiment_std":{"0":0.0,"1":0.4046182923,"2":0.5332728069,"3":0.0,"4":0.0,"5":0.3785804835,"6":0.2236067977,"7":0.2472066162,"8":0.358263598,"9":0.0,"10":0.5153311448,"11":0.324349206,"12":0.2701036372,"13":0.2873718542,"14":0.5334789488,"15":0.7071067812,"16":0.3055572017,"17":0.4521936148,"18":0.3535533906,"19":0.3187081369,"20":0.3586407512,"21":0.5469549011,"22":0.15430335},"sentiment_pv":{"0":1.651338951e-47,"1":0.1097863644,"2":0.3333011966,"3":1.651338951e-47,"4":1.651338951e-47,"5":0.2271185839,"6":0.6518073968,"7":0.2008240957,"8":0.0023373605,"9":1.651338951e-47,"10":0.0000007331,"11":0.6392825286,"12":0.5397528074,"13":0.3391937732,"14":0.3350761192,"15":0.5500457295,"16":0.0981779674,"17":0.3534603533,"18":0.1573046264,"19":0.1468248896,"20":0.6729964344,"21":0.1020885719,"22":0.0490793022},"main_pv":{"0":0.7721222619,"1":0.0562501924,"2":0.7476164113,"3":0.1256929257,"4":3.654132533e-35,"5":0.0096513237,"6":0.7223834031,"7":0.8421199512,"8":0.0110599696,"9":0.6615790093,"10":0.2702045591,"11":0.0091192439,"12":0.2903701703,"13":0.8267342363,"14":0.7519800826,"15":0.669098189,"16":0.1573474999,"17":0.3517573,"18":0.2349997136,"19":0.8969396925,"20":0.0892145819,"21":0.0163385092,"22":0.6236577572},"count":{"0":22,"1":1841,"2":1280,"3":9,"4":6,"5":535,"6":20,"7":81,"8":413,"9":17,"10":2186,"11":312,"12":106,"13":37,"14":1279,"15":2,"16":118,"17":79,"18":8,"19":147,"20":24,"21":35,"22":42},"nb_en":{"0":3,"1":535,"2":627,"3":2,"4":0,"5":144,"6":2,"7":19,"8":72,"9":2,"10":1008,"11":74,"12":13,"13":4,"14":627,"15":1,"16":20,"17":69,"18":2,"19":15,"20":5,"21":16,"22":4},"nb_de":{"0":0,"1":1,"2":280,"3":7,"4":6,"5":383,"6":18,"7":24,"8":339,"9":15,"10":1120,"11":5,"12":93,"13":33,"14":279,"15":1,"16":98,"17":5,"18":0,"19":132,"20":19,"21":12,"22":38}}