{"canton":{"0":"NE","1":"GE","2":"GL","3":"UR","4":"SZ","5":"BE","6":"TG","7":"FR","8":"BS","9":"BL","10":"ZH","11":"OW","12":"VD","13":"SG","14":"GR","15":"ZG","16":"AR","17":"LU","18":"TI","19":"JU","20":"AG","21":"SH","22":"VS","23":"SO","24":"NW"},"main_mean":{"0":0.0257298621,"1":0.024269411,"2":0.0164438299,"3":-0.0000799992,"4":0.0099841756,"5":0.0157855519,"6":-0.0164952147,"7":0.0150685425,"8":0.0208538011,"9":0.0182260314,"10":0.0153620928,"11":-0.0021666486,"12":0.0222551062,"13":0.0254388058,"14":0.0112000168,"15":0.0164660312,"16":-0.2999940001,"17":0.0229840642,"18":0.0234997705,"19":0.2349086444,"20":0.0046418754,"21":0.0152814874,"22":0.0413495769,"23":0.0842281609,"24":-0.0251091648},"sentiment_mean":{"0":0.0625,"1":0.0495642702,"2":0.0981340705,"3":0.0,"4":0.0,"5":0.0528634361,"6":0.0,"7":0.0909090909,"8":0.0833333333,"9":0.0,"10":0.1595959596,"11":0.0,"12":0.0596491228,"13":0.0952380952,"14":-0.05,"15":0.0982698962,"16":-0.5,"17":0.1195652174,"18":0.1625,"19":0.3333333333,"20":0.037037037,"21":0.0714285714,"22":0.1052631579,"23":0.0384615385,"24":0.0},"main_std":{"0":0.0486768831,"1":0.1537656501,"2":0.1584668441,"3":0.0001959572,"4":0.0169096638,"5":0.1292600578,"6":0.0721470022,"7":0.0849933686,"8":0.1256607766,"9":0.0153245671,"10":0.118052073,"11":0.0030641039,"12":0.1613991525,"13":0.1258032448,"14":0.0550608346,"15":0.1585754218,"16":0.4242555836,"17":0.111992296,"18":0.1198710503,"19":0.3779746618,"20":0.1504209426,"21":0.02550338,"22":0.1304478456,"23":0.3036657317,"24":0.0439240679},"sentiment_std":{"0":0.25,"1":0.4307585676,"2":0.4976187849,"3":0.0,"4":0.0,"5":0.4061646311,"6":0.4082482905,"7":0.3905894054,"8":0.419161776,"9":0.0,"10":0.5279302004,"11":0.0,"12":0.3559650883,"13":0.3899663225,"14":0.2236067977,"15":0.4979498653,"16":0.7071067812,"17":0.3583353241,"18":0.5382519762,"19":0.5163977795,"20":0.3333333333,"21":0.2672612419,"22":0.4525885718,"23":0.4454902226,"24":0.0},"sentiment_pv":{"0":0.5910384905,"1":0.0000295084,"2":0.931587152,"3":6.689502904e-76,"4":6.689502904e-76,"5":0.0261789001,"6":0.4091651069,"7":0.8863142664,"8":0.5692882517,"9":6.689502904e-76,"10":0.0000013866,"11":6.689502904e-76,"12":0.0870647229,"13":0.9728650433,"14":0.0085961423,"15":0.9240108586,"16":0.4438775438,"17":0.5497985734,"18":0.2808997574,"19":0.3131474538,"20":0.1131109142,"21":0.7274840203,"22":0.9104145523,"23":0.5102210972,"24":6.689502904e-76},"main_pv":{"0":0.5725382574,"1":0.1524981513,"2":0.6199062356,"3":6.58195608e-32,"4":0.4690606215,"5":0.6474175557,"6":0.1051006146,"7":0.6975020952,"8":0.7588980294,"9":0.9748814201,"10":0.2867275854,"11":0.0099516164,"12":0.7105242694,"13":0.6716326966,"14":0.5550149551,"15":0.6238416434,"16":0.4808055259,"17":0.7141380398,"18":0.7205238187,"19":0.2200060198,"20":0.4063381227,"21":0.6369887385,"22":0.2917133881,"23":0.2815035246,"24":0.2261718696},"count":{"0":16,"1":1836,"2":1447,"3":6,"4":3,"5":454,"6":13,"7":88,"8":324,"9":2,"10":1980,"11":2,"12":285,"13":63,"14":20,"15":1445,"16":2,"17":92,"18":80,"19":6,"20":81,"21":14,"22":38,"23":26,"24":3},"nb_en":{"0":7,"1":624,"2":709,"3":2,"4":0,"5":145,"6":4,"7":30,"8":110,"9":0,"10":921,"11":0,"12":78,"13":12,"14":2,"15":709,"16":1,"17":25,"18":69,"19":2,"20":10,"21":1,"22":10,"23":6,"24":0},"nb_de":{"0":1,"1":10,"2":233,"3":4,"4":3,"5":302,"6":9,"7":22,"8":211,"9":2,"10":965,"11":2,"12":7,"13":51,"14":18,"15":231,"16":1,"17":66,"18":4,"19":0,"20":69,"21":13,"22":19,"23":19,"24":3}}