{"canton":{"0":"SG","1":"GL","2":"JU","3":"VS","4":"AG","5":"TG","6":"ZH","7":"BE","8":"GE","9":"BS","10":"AR","11":"LU","12":"GR","13":"ZG","14":"UR","15":"VD","16":"SH","17":"BL","18":"TI","19":"SO","20":"NE","21":"FR"},"main_mean":{"0":0.0,"1":0.0078337361,"2":0.0,"3":-0.0584930491,"4":-0.0264706628,"5":0.0,"6":0.0253138086,"7":0.0342549183,"8":0.0151076265,"9":0.038238216,"10":0.0,"11":-0.0273244304,"12":0.0,"13":0.0078337361,"14":0.0,"15":0.0438759125,"16":0.0357140306,"17":-0.4999750012,"18":-0.00940388,"19":-0.0555537038,"20":-0.0399996333,"21":-0.0154018922},"sentiment_mean":{"0":0.0,"1":0.1460992908,"2":0.0,"3":-0.0833333333,"4":-0.1176470588,"5":0.0,"6":0.2604284104,"7":0.2418300654,"8":0.0967153285,"9":0.1369863014,"10":0.0,"11":0.0,"12":0.0,"13":0.1460992908,"14":0.0,"15":0.2307692308,"16":1.0,"17":-1.0,"18":0.0606060606,"19":-0.1666666667,"20":-0.2,"21":0.2954545455},"main_std":{"0":0.0,"1":0.1808567888,"2":null,"3":0.167897785,"4":0.2158368756,"5":0.0,"6":0.1575937667,"7":0.156158644,"8":0.189374723,"9":0.2231026759,"10":null,"11":0.0988507623,"12":0.0,"13":0.1808567888,"14":null,"15":0.246649414,"16":0.0505072665,"17":null,"18":0.0797550458,"19":0.1360782275,"20":0.1193724005,"21":0.1573066502},"sentiment_std":{"0":0.5,"1":0.6783500339,"2":null,"3":0.6685579234,"4":0.696630546,"5":0.0,"6":0.7117531825,"7":0.7073499822,"8":0.6892675385,"9":0.7132684646,"10":null,"11":0.8164965809,"12":0.0,"13":0.6783500339,"14":null,"15":0.6431068446,"16":0.0,"17":null,"18":0.5513281273,"19":0.7527726527,"20":0.4472135955,"21":0.5937482614},"sentiment_pv":{"0":0.3393742802,"1":0.4034618588,"2":null,"3":0.2172338304,"4":0.109019031,"5":7.577935203e-45,"6":0.0006923516,"7":0.2183261625,"8":0.0219086386,"9":0.6995604725,"10":null,"11":0.4196190219,"12":7.577935203e-45,"13":0.4034618588,"14":null,"15":0.4099185099,"16":0.0,"17":null,"18":0.1180532832,"19":0.3238740014,"20":0.1382865136,"21":0.1704816608},"main_pv":{"0":0.0000012441,"1":0.3539359708,"2":null,"3":0.1594577812,"4":0.4432125228,"5":0.0000012441,"6":0.0835648908,"7":0.1349170078,"8":0.9670063928,"9":0.3744948003,"10":null,"11":0.11112307,"12":0.0000012441,"13":0.3539359708,"14":null,"15":0.3030009663,"16":0.6619523124,"17":null,"18":0.0212751842,"19":0.261764634,"20":0.363411867,"21":0.2138413754},"count":{"0":9,"1":705,"2":1,"3":12,"4":17,"5":16,"6":887,"7":153,"8":548,"9":73,"10":1,"11":16,"12":2,"13":705,"14":1,"15":78,"16":2,"17":1,"18":66,"19":6,"20":5,"21":44},"nb_en":{"0":9,"1":705,"2":1,"3":12,"4":17,"5":16,"6":887,"7":153,"8":548,"9":73,"10":1,"11":16,"12":2,"13":705,"14":1,"15":78,"16":2,"17":1,"18":66,"19":6,"20":5,"21":44},"nb_de":{"0":0,"1":0,"2":0,"3":0,"4":0,"5":0,"6":0,"7":0,"8":0,"9":0,"10":0,"11":0,"12":0,"13":0,"14":0,"15":0,"16":0,"17":0,"18":0,"19":0,"20":0,"21":0}}