{"canton":{"0":"NE","1":"GE","2":"GL","3":"UR","4":"SZ","5":"BE","6":"TG","7":"FR","8":"BS","9":"BL","10":"ZH","11":"OW","12":"VD","13":"SG","14":"GR","15":"ZG","16":"AR","17":"LU","18":"TI","19":"JU","20":"AG","21":"SH","22":"VS","23":"AI","24":"SO","25":"NW"},"main_mean":{"0":0.0371036924,"1":0.022288852,"2":0.0215704195,"3":-0.0049389539,"4":0.008212057,"5":0.0072144791,"6":0.0109574558,"7":0.0223845943,"8":0.0137525366,"9":0.0011040464,"10":0.0188346356,"11":0.0,"12":0.0343269264,"13":0.039217557,"14":-0.0032603404,"15":0.0215852242,"16":0.0211318783,"17":0.0202146429,"18":0.0026783722,"19":0.0288250671,"20":0.039243988,"21":-0.0165099505,"22":-0.0057221531,"23":0.0366327228,"24":0.0325269583,"25":0.0199838002},"sentiment_mean":{"0":0.2571428571,"1":0.0439130435,"2":0.0925925926,"3":0.1111111111,"4":0.0,"5":0.0628140704,"6":0.0,"7":0.0412371134,"8":0.0576036866,"9":0.0,"10":0.1117917305,"11":0.0,"12":0.0587002096,"13":0.1120689655,"14":-0.027027027,"15":0.0926561428,"16":0.0,"17":0.0581395349,"18":0.1609195402,"19":0.0,"20":0.0760869565,"21":-0.0384615385,"22":0.0952380952,"23":0.0,"24":0.075,"25":0.4},"main_std":{"0":0.101608328,"1":0.1350156134,"2":0.1758137598,"3":0.0321234207,"4":0.0178328652,"5":0.094315311,"6":0.034948057,"7":0.0737467273,"8":0.1017887605,"9":0.0419848571,"10":0.1290331597,"11":null,"12":0.1424743372,"13":0.1515465158,"14":0.0283206969,"15":0.175873216,"16":0.0184727266,"17":0.1003488648,"18":0.1556305648,"19":0.0303132714,"20":0.1759279253,"21":0.0484822595,"22":0.1544901186,"23":null,"24":0.1013989224,"25":0.0447298699},"sentiment_std":{"0":0.505432671,"1":0.452418364,"2":0.4748297387,"3":0.3333333333,"4":0.0,"5":0.3899029011,"6":0.0,"7":0.2856836017,"8":0.3891125327,"9":0.0,"10":0.4901592936,"11":null,"12":0.4005154088,"13":0.3676376222,"14":0.2873718542,"15":0.4749865677,"16":0.0,"17":0.3002786683,"18":0.4791844627,"19":0.0,"20":0.3987258733,"21":0.3441824203,"22":0.3899663225,"23":null,"24":0.3499084129,"25":0.5477225575},"sentiment_pv":{"0":0.0486819426,"1":0.000225954,"2":0.4328546786,"3":0.8018043737,"4":1.058588403e-78,"5":0.1798258537,"6":1.058588403e-78,"7":0.1650112845,"8":0.1991684594,"9":1.058588403e-78,"10":0.0021423823,"11":null,"12":0.2118250937,"13":0.388057804,"14":0.0270317438,"15":0.4303077413,"16":1.058588403e-78,"17":0.302047275,"18":0.1307042669,"19":1.058588403e-78,"20":0.8829247024,"21":0.0863404893,"22":0.7932964968,"23":null,"24":0.8965962223,"25":0.2643546748},"main_pv":{"0":0.3272048905,"1":0.4596855023,"2":0.7404521267,"3":0.0487963326,"4":0.2155677503,"5":0.0004140672,"6":0.2354337177,"7":0.7526993013,"8":0.2196949894,"9":0.1901927051,"10":0.6629033728,"11":null,"12":0.0317267503,"13":0.1761554645,"14":0.0000203902,"15":0.738281299,"16":0.9093651018,"17":0.9760385137,"18":0.3041704547,"19":0.6012909953,"20":0.2976569613,"21":0.0007855955,"22":0.1925068859,"23":null,"24":0.4401604007,"25":0.9998939088},"count":{"0":35,"1":2300,"2":1458,"3":9,"4":5,"5":796,"6":23,"7":97,"8":434,"9":10,"10":3265,"11":1,"12":477,"13":116,"14":37,"15":1457,"16":4,"17":172,"18":87,"19":4,"20":92,"21":26,"22":63,"23":1,"24":40,"25":5},"nb_en":{"0":18,"1":877,"2":687,"3":2,"4":0,"5":189,"6":2,"7":7,"8":120,"9":1,"10":1434,"11":0,"12":134,"13":21,"14":4,"15":687,"16":0,"17":35,"18":67,"19":0,"20":16,"21":6,"22":18,"23":0,"24":10,"25":3},"nb_de":{"0":0,"1":12,"2":232,"3":7,"4":5,"5":583,"6":21,"7":17,"8":293,"9":9,"10":1760,"11":1,"12":3,"13":94,"14":33,"15":231,"16":4,"17":135,"18":13,"19":0,"20":76,"21":20,"22":32,"23":1,"24":29,"25":2}}