{"canton":{"0":"UR","1":"BE","2":"ZG","3":"BL","4":"TI","5":"TG","6":"VD","7":"GR","8":"SG","9":"JU","10":"SH","11":"AG","12":"GE","13":"BS","14":"FR","15":"AR","16":"GL","17":"ZH","18":"SO","19":"NE","20":"LU","21":"VS","22":"SZ"},"main_mean":{"0":0.0,"1":0.0144583598,"2":0.0243818821,"3":0.0101556094,"4":0.0156076883,"5":0.0066281339,"6":0.0301309078,"7":0.0108936142,"8":0.009671994,"9":-0.0560976145,"10":0.0083902511,"11":0.0068691567,"12":0.0191538882,"13":0.0102417842,"14":0.012619461,"15":0.1883050673,"16":0.0243391545,"17":0.014554524,"18":0.0185573352,"19":0.044651021,"20":0.0062884304,"21":0.0015920764,"22":0.0},"sentiment_mean":{"0":0.0,"1":0.0537897311,"2":0.0961659334,"3":0.0,"4":0.1782178218,"5":0.0,"6":0.1034482759,"7":0.0869565217,"8":0.015037594,"9":-0.0833333333,"10":0.025,"11":0.0797101449,"12":0.0560821485,"13":0.0488372093,"14":0.1958041958,"15":0.3636363636,"16":0.0960451977,"17":0.1093302805,"18":0.0434782609,"19":0.1212121212,"20":0.0579710145,"21":0.0491803279,"22":0.0},"main_std":{"0":null,"1":0.0970478831,"2":0.167679227,"3":0.0299464661,"4":0.1740048729,"5":0.031292198,"6":0.1448858477,"7":0.0433628226,"8":0.1137648342,"9":0.1653817784,"10":0.0888146045,"11":0.1424905075,"12":0.1308290032,"13":0.1085977365,"14":0.1072205308,"15":0.2722544309,"16":0.1675785484,"17":0.1208304042,"18":0.0692716917,"19":0.2440577198,"20":0.0776275811,"21":0.0420270563,"22":0.0},"sentiment_std":{"0":null,"1":0.3595748405,"2":0.4967103177,"3":0.0,"4":0.4559833243,"5":0.2886751346,"6":0.3639806412,"7":0.2848849246,"8":0.3253194795,"9":0.2886751346,"10":0.3571611717,"11":0.3832552503,"12":0.440912605,"13":0.3800822467,"14":0.4635858591,"15":0.5045249791,"16":0.4964099031,"17":0.4804318105,"18":0.2948839123,"19":0.4846116846,"20":0.3061215875,"21":0.2180389497,"22":0.0},"sentiment_pv":{"0":null,"1":0.0141236248,"2":0.4549647086,"3":1.171470759e-93,"4":0.0464130839,"5":0.1486521734,"6":0.3569308392,"7":0.9886382429,"8":0.013557724,"9":0.0666994303,"10":0.2851832345,"11":0.840249583,"12":0.0018253463,"13":0.0465310603,"14":0.0056848726,"15":0.0983913111,"16":0.4600334579,"17":0.0119140197,"18":0.3314517404,"19":0.6825473038,"20":0.1918858571,"21":0.1926618747,"22":1.171470759e-93},"main_pv":{"0":null,"1":0.2886883806,"2":0.1654312252,"3":0.5364127956,"4":0.8772055108,"5":0.0790091606,"6":0.1056413359,"7":0.2613643392,"8":0.387260534,"9":0.1475446012,"10":0.4863690721,"11":0.3502890022,"12":0.7663521809,"13":0.1352874272,"14":0.5315475877,"15":0.0651817556,"16":0.1679391053,"17":0.118315529,"18":0.9799005002,"19":0.5396062704,"20":0.0311708007,"21":0.0035405178,"22":3.683904381e-48},"count":{"0":1,"1":818,"2":1591,"3":6,"4":101,"5":25,"6":406,"7":46,"8":133,"9":12,"10":40,"11":138,"12":2532,"13":430,"14":143,"15":11,"16":1593,"17":3494,"18":46,"19":33,"20":207,"21":61,"22":3},"nb_en":{"0":0,"1":200,"2":771,"3":1,"4":88,"5":7,"6":86,"7":10,"8":16,"9":3,"10":9,"11":33,"12":938,"13":118,"14":58,"15":0,"16":771,"17":1441,"18":1,"19":13,"20":32,"21":9,"22":1},"nb_de":{"0":1,"1":595,"2":244,"3":5,"4":5,"5":18,"6":13,"7":35,"8":117,"9":0,"10":31,"11":104,"12":11,"13":296,"14":35,"15":11,"16":246,"17":1963,"18":45,"19":3,"20":174,"21":42,"22":2},"nb_fr":{"0":0,"1":23,"2":576,"3":0,"4":8,"5":0,"6":307,"7":1,"8":0,"9":9,"10":0,"11":1,"12":1583,"13":16,"14":50,"15":0,"16":576,"17":90,"18":0,"19":17,"20":1,"21":10,"22":0}}