{"canton":{"0":"NE","1":"GE","2":"GL","3":"BE","4":"SZ","5":"TG","6":"UR","7":"FR","8":"BS","9":"ZH","10":"SO","11":"VD","12":"SG","13":"GR","14":"ZG","15":"AR","16":"LU","17":"TI","18":"JU","19":"AG","20":"SH","21":"VS","22":"BL","23":"NW"},"main_mean":{"0":-0.0419191091,"1":0.0181390608,"2":0.0320773289,"3":0.015769698,"4":0.0585615822,"5":0.0229262337,"6":0.0,"7":0.038805618,"8":0.0197266116,"9":0.0244109796,"10":0.0069656834,"11":0.0309663245,"12":0.0272709328,"13":0.0169299188,"14":0.0320773289,"15":-0.1215457393,"16":0.025649279,"17":-0.0030130791,"18":0.025095854,"19":0.0197511851,"20":0.0142800015,"21":0.0927923697,"22":0.2303233262,"23":0.0022117163},"sentiment_mean":{"0":-0.0454545455,"1":0.0283613445,"2":0.1210951211,"3":0.0698869476,"4":0.3333333333,"5":0.0,"6":0.0,"7":0.0606060606,"8":0.0677419355,"9":0.166009738,"10":0.08,"11":0.0642857143,"12":0.1012658228,"13":0.0652173913,"14":0.1210951211,"15":0.0,"16":0.1056338028,"17":0.0218978102,"18":-0.2222222222,"19":0.023255814,"20":0.0769230769,"21":0.1914893617,"22":0.25,"23":0.0},"main_std":{"0":0.2249427268,"1":0.1410507293,"2":0.1850924792,"3":0.1049076267,"4":0.0786474732,"5":0.0354196644,"6":0.0,"7":0.1154278905,"8":0.1213315363,"9":0.1420534652,"10":0.0279063405,"11":0.1439919608,"12":0.1087728859,"13":0.0977843883,"14":0.1850924792,"15":0.0039063651,"16":0.1361129082,"17":0.0346186849,"18":0.132611007,"19":0.1245094926,"20":0.0422711036,"21":0.2515680251,"22":0.4040354126,"23":0.0600813708},"sentiment_std":{"0":0.2107070549,"1":0.3879377002,"2":0.4919371617,"3":0.40476545,"4":0.4923659639,"5":0.0,"6":0.0,"7":0.2964825795,"8":0.3920758695,"9":0.5273452405,"10":0.2740475156,"11":0.2981328727,"12":0.439888136,"13":0.4872968233,"14":0.4919371617,"15":0.0,"16":0.3704213336,"17":0.4281827758,"18":0.4277926319,"19":0.3172134579,"20":0.2690691176,"21":0.6095405593,"22":0.4629100499,"23":0.0},"sentiment_pv":{"0":0.0000372003,"1":7.823714282e-24,"2":0.0429290111,"3":0.0203178103,"4":0.130652765,"5":2.21123059e-178,"6":2.21123059e-178,"7":0.122083757,"8":0.0389018719,"9":0.0,"10":0.5896765953,"11":0.0049985378,"12":0.9967785063,"13":0.4825465757,"14":0.0429290111,"15":2.21123059e-178,"16":0.8395664872,"17":0.0328270105,"18":0.0051806144,"19":0.0001298961,"20":0.5212997278,"21":0.1545854131,"22":0.3933260296,"23":2.21123059e-178},"main_pv":{"0":0.0545919933,"1":0.0065620737,"2":0.057664158,"3":0.0087315836,"4":0.1692319457,"5":0.7665105203,"6":2.089711836e-100,"7":0.1785067931,"8":0.2817513456,"9":0.7714556426,"10":0.0000452523,"11":0.3463204371,"12":0.8062688244,"13":0.4265126166,"14":0.057664158,"15":0.0000000034,"16":0.9489041704,"17":7.91011331e-16,"18":0.9992468955,"19":0.4935911974,"20":0.0750843598,"21":0.0106853512,"22":0.1940226035,"23":0.2591651014},"count":{"0":44,"1":3808,"2":2849,"3":973,"4":12,"5":24,"6":6,"7":132,"8":620,"9":4313,"10":50,"11":560,"12":158,"13":92,"14":2849,"15":4,"16":284,"17":137,"18":18,"19":258,"20":52,"21":94,"22":8,"23":10},"nb_en":{"0":4,"1":1090,"2":1317,"3":323,"4":8,"5":2,"6":0,"7":50,"8":170,"9":2003,"10":10,"11":110,"12":28,"13":26,"14":1317,"15":0,"16":56,"17":121,"18":6,"19":38,"20":6,"21":62,"22":2,"23":0},"nb_de":{"0":2,"1":8,"2":454,"3":632,"4":4,"5":22,"6":6,"7":6,"8":446,"9":2152,"10":40,"11":58,"12":130,"13":66,"14":454,"15":4,"16":228,"17":6,"18":0,"19":220,"20":46,"21":28,"22":6,"23":10}}