{"canton":{"0":"UR","1":"NW","2":"BE","3":"ZG","4":"BL","5":"TG","6":"TI","7":"VD","8":"SG","9":"JU","10":"SH","11":"OW","12":"AG","13":"GE","14":"BS","15":"FR","16":"SO","17":"AR","18":"GL","19":"ZH","20":"VS","21":"NE","22":"LU","23":"AI","24":"GR","25":"SZ"},"main_mean":{"0":-0.005659301,"1":0.0137886598,"2":0.0276018611,"3":0.0251564943,"4":0.0210319728,"5":-0.0000203485,"6":0.0150210272,"7":0.0251434235,"8":0.0453805892,"9":0.0085561918,"10":0.0213453405,"11":0.0625829422,"12":0.0192459249,"13":0.0218510136,"14":0.0108613769,"15":0.031462647,"16":0.0077007897,"17":0.0138454441,"18":0.0251111407,"19":0.0206368452,"20":0.0049445223,"21":0.0223100446,"22":0.0271259059,"23":0.1163376732,"24":-0.0023455997,"25":0.0576086108},"sentiment_mean":{"0":0.0,"1":0.0,"2":0.0909090909,"3":0.1272727273,"4":0.0,"5":0.0322580645,"6":0.1276595745,"7":0.0613207547,"8":0.0945945946,"9":0.0,"10":0.0322580645,"11":0.3333333333,"12":0.052173913,"13":0.0723069356,"14":0.1106719368,"15":0.095890411,"16":0.0357142857,"17":0.0476190476,"18":0.1270417423,"19":0.1239863981,"20":0.0384615385,"21":0.0322580645,"22":0.0861244019,"23":0.0,"24":-0.0377358491,"25":0.0},"main_std":{"0":0.0145541891,"1":0.0234509846,"2":0.1246068323,"3":0.1455772908,"4":0.0558292667,"5":0.0347265033,"6":0.1910793822,"7":0.1363743603,"8":0.146146966,"9":0.05062282,"10":0.1082529653,"11":0.1083968356,"12":0.1559454174,"13":0.1305981233,"14":0.134610953,"15":0.1460571547,"16":0.1064506192,"17":0.1233018518,"18":0.1454489007,"19":0.1347595978,"20":0.0765959185,"21":0.0935333952,"22":0.1330220542,"23":0.0,"24":0.0546154382,"25":0.0067753687},"sentiment_std":{"0":0.0,"1":0.0,"2":0.3922829889,"3":0.4902895267,"4":0.0,"5":0.179605302,"6":0.6596519537,"7":0.4021386691,"8":0.4097093351,"9":0.0,"10":0.3145230217,"11":0.5773502692,"12":0.4558292667,"13":0.450486876,"14":0.4951294891,"15":0.4461061023,"16":0.3313432658,"17":0.2182178902,"18":0.4898739908,"19":0.507203589,"20":0.3407913778,"21":0.4069292295,"22":0.3428511729,"23":0.0,"24":0.1923802476,"25":0.0},"sentiment_pv":{"0":7.774546066e-112,"1":7.774546066e-112,"2":0.375859778,"3":0.1438064633,"4":7.774546066e-112,"5":0.03373335,"6":0.7363151878,"7":0.0313972733,"8":0.7682535999,"9":7.774546066e-112,"10":0.2113103552,"11":0.5635119226,"12":0.222341346,"13":0.0033240393,"14":0.7882071732,"15":0.868064044,"16":0.2819750299,"17":0.247097306,"18":0.1472869201,"19":0.0396047595,"20":0.1694026652,"21":0.3308774855,"22":0.4445071131,"23":7.774546066e-112,"24":0.0000020344,"25":7.774546066e-112},"main_pv":{"0":0.0019339813,"1":0.5992596598,"2":0.2664206621,"3":0.5157839344,"4":0.9619086266,"5":0.0014325349,"6":0.7179299145,"7":0.6607171553,"8":0.0567548839,"9":0.4723669519,"10":0.9662143168,"11":0.5847276795,"12":0.841222438,"13":0.9182503884,"14":0.0653042082,"15":0.5897822451,"16":0.4788210223,"17":0.760278059,"18":0.5215111868,"19":0.5451639092,"20":0.1133691301,"21":0.9937809514,"22":0.5950261002,"23":0.0,"24":0.0021508274,"25":0.0675541251},"count":{"0":7,"1":3,"2":704,"3":1100,"4":6,"5":31,"6":94,"7":424,"8":148,"9":8,"10":31,"11":3,"12":115,"13":2033,"14":506,"15":73,"16":28,"17":21,"18":1102,"19":3823,"20":52,"21":31,"22":209,"23":2,"24":53,"25":2},"nb_en":{"0":3,"1":0,"2":203,"3":515,"4":1,"5":1,"6":77,"7":106,"8":23,"9":1,"10":5,"11":0,"12":21,"13":797,"14":213,"15":29,"16":5,"17":0,"18":515,"19":1748,"20":12,"21":15,"22":51,"23":0,"24":3,"25":0},"nb_de":{"0":4,"1":3,"2":482,"3":196,"4":5,"5":30,"6":11,"7":12,"8":125,"9":1,"10":26,"11":3,"12":93,"13":10,"14":282,"15":16,"16":23,"17":21,"18":198,"19":1978,"20":34,"21":2,"22":158,"23":2,"24":49,"25":2},"nb_fr":{"0":0,"1":0,"2":19,"3":389,"4":0,"5":0,"6":6,"7":306,"8":0,"9":6,"10":0,"11":0,"12":1,"13":1226,"14":11,"15":28,"16":0,"17":0,"18":389,"19":97,"20":6,"21":14,"22":0,"23":0,"24":1,"25":0}}