{"canton":{"0":"UR","1":"NW","2":"BE","3":"ZG","4":"BL","5":"TG","6":"TI","7":"VD","8":"GR","9":"SG","10":"JU","11":"SH","12":"AG","13":"GE","14":"BS","15":"FR","16":"AR","17":"GL","18":"ZH","19":"SO","20":"NE","21":"LU","22":"VS","23":"SZ"},"main_mean":{"0":-0.0003999933,"1":-0.0013356952,"2":0.0153536447,"3":0.0231642475,"4":0.0049746485,"5":0.0081897768,"6":-0.0031014122,"7":0.0382633903,"8":0.0029271994,"9":0.0370328931,"10":-0.0005828374,"11":0.0245799522,"12":0.0102523017,"13":0.0207750081,"14":0.0057075287,"15":0.0180289848,"16":0.0613618625,"17":0.0231642475,"18":0.0151970773,"19":0.016105997,"20":0.0444258922,"21":0.014717754,"22":0.006594185,"23":0.0156750372},"sentiment_mean":{"0":0.0,"1":0.0,"2":0.054916986,"3":0.1006097561,"4":0.0,"5":0.0,"6":0.0882352941,"7":0.0634920635,"8":0.04,"9":0.1104651163,"10":0.25,"11":0.0,"12":0.0294117647,"13":0.046875,"14":0.0458937198,"15":0.088,"16":0.2222222222,"17":0.1006097561,"18":0.1079528273,"19":0.0454545455,"20":0.1304347826,"21":0.1004366812,"22":0.0545454545,"23":0.1666666667},"main_std":{"0":0.000565676,"1":0.0018889583,"2":0.1198892679,"3":0.1517708678,"4":0.0155205685,"5":0.0402903017,"6":0.1122911019,"7":0.1382638226,"8":0.0543472347,"9":0.1445215692,"10":0.0261695469,"11":0.1275966793,"12":0.115309826,"13":0.1305967544,"14":0.0745626586,"15":0.103182345,"16":0.1204008033,"17":0.1517708678,"18":0.1217991433,"19":0.0997268195,"20":0.0938756072,"21":0.0724207481,"22":0.0703855055,"23":0.0333725598},"sentiment_std":{"0":0.0,"1":0.0,"2":0.3551566954,"3":0.4725246733,"4":0.0,"5":0.3086066999,"6":0.5468712299,"7":0.3659085943,"8":0.2828427125,"9":0.3659575503,"10":0.5,"11":0.4714045208,"12":0.3575461572,"13":0.4554743643,"14":0.3751610448,"15":0.4019308238,"16":0.4409585518,"17":0.4725246733,"18":0.4648767117,"19":0.3750901767,"20":0.3443502216,"21":0.31546371,"22":0.4045199175,"23":0.4082482905},"sentiment_pv":{"0":6.141688455e-82,"1":6.141688455e-82,"2":0.0340175574,"3":0.2098030622,"4":6.141688455e-82,"5":0.2198089866,"6":0.9288422094,"7":0.3037630957,"8":0.2861612397,"9":0.3385790632,"10":0.5527908882,"11":0.4510817787,"12":0.133302391,"13":0.0006355235,"14":0.0483786818,"15":0.8985038988,"16":0.3726411896,"17":0.2098030622,"18":0.0073183493,"19":0.6407362654,"20":0.5196729603,"21":0.4235475457,"22":0.6004266867,"23":0.6385353982},"main_pv":{"0":3.459211779e-28,"1":0.0007254106,"2":0.4274187816,"3":0.3294652122,"4":0.0076801554,"5":0.2304495909,"6":0.0519541474,"7":0.0076257134,"8":0.0453716095,"9":0.1038103706,"10":0.2333529883,"11":0.848395393,"12":0.4533315102,"13":0.5406123044,"14":0.0007112381,"15":0.9258115368,"16":0.3210885299,"17":0.3294652122,"18":0.1326875573,"19":0.8969475492,"20":0.2064491591,"21":0.3988975923,"22":0.2040105258,"23":0.8229674881},"count":{"0":2,"1":2,"2":783,"3":1312,"4":13,"5":22,"6":102,"7":378,"8":50,"9":172,"10":4,"11":19,"12":102,"13":2176,"14":414,"15":125,"16":9,"17":1312,"18":3307,"19":22,"20":23,"21":229,"22":55,"23":6},"nb_en":{"0":1,"1":0,"2":189,"3":610,"4":0,"5":4,"6":91,"7":97,"8":10,"9":21,"10":1,"11":11,"12":15,"13":830,"14":112,"15":40,"16":0,"17":610,"18":1310,"19":1,"20":8,"21":39,"22":17,"23":2},"nb_de":{"0":1,"1":2,"2":578,"3":250,"4":13,"5":18,"6":5,"7":7,"8":38,"9":150,"10":0,"11":8,"12":85,"13":7,"14":291,"15":42,"16":9,"17":250,"18":1901,"19":21,"20":2,"21":189,"22":31,"23":4},"nb_fr":{"0":0,"1":0,"2":16,"3":452,"4":0,"5":0,"6":6,"7":274,"8":2,"9":1,"10":3,"11":0,"12":2,"13":1339,"14":11,"15":43,"16":0,"17":452,"18":96,"19":0,"20":13,"21":1,"22":7,"23":0}}