{"canton":{"0":"SG","1":"JU","2":"VS","3":"SZ","4":"AG","5":"TG","6":"ZH","7":"BE","8":"GE","9":"BS","10":"GL","11":"LU","12":"OW","13":"GR","14":"ZG","15":"UR","16":"VD","17":"SH","18":"BL","19":"TI","20":"SO","21":"NE","22":"FR"},"main_mean":{"0":0.0229288683,"1":-0.0809513674,"2":0.0216143905,"3":0.2886306299,"4":-0.0260428245,"5":0.0,"6":0.0171453676,"7":-0.0007558908,"8":0.0193563621,"9":0.0229168108,"10":0.0058511536,"11":-0.0190837242,"12":-0.0909082645,"13":0.0,"14":0.0058511536,"15":0.0,"16":0.0353827074,"17":0.0395600693,"18":0.0335713079,"19":-0.0106769563,"20":0.0119031888,"21":0.04703226,"22":0.0271962997},"sentiment_mean":{"0":0.5882352941,"1":0.3333333333,"2":0.3125,"3":0.8333333333,"4":-0.0555555556,"5":0.0,"6":0.2322623829,"7":0.1602209945,"8":0.177852349,"9":0.234375,"10":0.1015169195,"11":0.3170731707,"12":0.0,"13":0.0,"14":0.1015169195,"15":0.0,"16":0.1958041958,"17":0.5714285714,"18":0.4,"19":0.0789473684,"20":0.6666666667,"21":0.5,"22":0.3620689655},"main_std":{"0":0.0683538955,"1":0.0733076004,"2":0.0749177239,"3":0.3148549137,"4":0.1049055449,"5":0.0,"6":0.1457719499,"7":0.1269015963,"8":0.1302609873,"9":0.1818572975,"10":0.1836728882,"11":0.2149890606,"12":null,"13":null,"14":0.1836728882,"15":0.0,"16":0.1574550875,"17":0.0499360844,"18":0.1417702596,"19":0.1614731105,"20":0.2323677353,"21":0.0727252752,"22":0.1490012023},"sentiment_std":{"0":0.5072996562,"1":0.5773502692,"2":0.7041543391,"3":0.4082482905,"4":0.802365783,"5":0.0,"6":0.6965636413,"7":0.6597709668,"8":0.6896462541,"9":0.6697558022,"10":0.6905300923,"11":0.7224619156,"12":null,"13":null,"14":0.6905300923,"15":1.4142135624,"16":0.6419462184,"17":0.5345224838,"18":0.894427191,"19":0.5102458988,"20":0.5773502692,"21":0.5222329679,"22":0.5833441361},"sentiment_pv":{"0":0.0039858932,"1":0.6805901469,"2":0.4456262944,"3":0.0107365213,"4":0.241139754,"5":2.904379437e-67,"6":0.0049453138,"7":0.777032071,"8":0.8909200812,"9":0.319560583,"10":0.0044612308,"11":0.2150125812,"12":null,"13":null,"14":0.0044612308,"15":0.8900745226,"16":0.6956572698,"17":0.0970880248,"18":0.6029614315,"19":0.1117789732,"20":0.2777050351,"21":0.0539601006,"22":0.0181765942},"main_pv":{"0":0.5675945543,"1":0.155794326,"2":0.6606518808,"3":0.0849931336,"4":0.1324474081,"5":0.00000001,"6":0.3677111599,"7":0.1530083164,"8":0.209041697,"9":0.5492788399,"10":0.2736109085,"11":0.3435917005,"12":null,"13":null,"14":0.2736109085,"15":0.00000001,"16":0.098576365,"17":0.2130944342,"18":0.7638244839,"19":0.2052028458,"20":0.9933319645,"21":0.1364784428,"22":0.4792196338},"count":{"0":17,"1":3,"2":16,"3":6,"4":18,"5":2,"6":1494,"7":181,"8":894,"9":128,"10":857,"11":41,"12":1,"13":1,"14":857,"15":2,"16":143,"17":7,"18":5,"19":76,"20":3,"21":12,"22":58},"nb_en":{"0":17,"1":3,"2":16,"3":6,"4":18,"5":2,"6":1494,"7":181,"8":894,"9":128,"10":857,"11":41,"12":1,"13":1,"14":857,"15":2,"16":143,"17":7,"18":5,"19":76,"20":3,"21":12,"22":58},"nb_de":{"0":0,"1":0,"2":0,"3":0,"4":0,"5":0,"6":0,"7":0,"8":0,"9":0,"10":0,"11":0,"12":0,"13":0,"14":0,"15":0,"16":0,"17":0,"18":0,"19":0,"20":0,"21":0,"22":0}}