{"canton":{"0":"NE","1":"GE","2":"GL","3":"UR","4":"SZ","5":"BE","6":"TG","7":"FR","8":"BS","9":"BL","10":"ZH","11":"VD","12":"SG","13":"GR","14":"ZG","15":"AR","16":"LU","17":"TI","18":"JU","19":"AG","20":"SH","21":"VS","22":"SO","23":"NW"},"main_mean":{"0":0.0603550133,"1":0.0171328369,"2":0.0271556269,"3":-0.0396249872,"4":0.0065458724,"5":0.0116470856,"6":-0.0011908712,"7":0.0873887235,"8":0.0119098789,"9":-0.0117621066,"10":0.0158265185,"11":0.0262000744,"12":0.0454765782,"13":0.0019764852,"14":0.0271556269,"15":0.0673446459,"16":0.0216632951,"17":-0.0142776799,"18":0.0632491862,"19":0.0439165757,"20":-0.0037953868,"21":0.0554190148,"22":-0.0089300047,"23":0.0014317928},"sentiment_mean":{"0":0.2,"1":0.0386100386,"2":0.1179162267,"3":0.2,"4":0.0,"5":0.0567465322,"6":0.0055452865,"7":0.1505376344,"8":0.0592417062,"9":0.0,"10":0.1094645603,"11":0.0670157068,"12":0.1578947368,"13":0.0277777778,"14":0.1179162267,"15":0.1428571429,"16":0.0464135021,"17":0.0444444444,"18":0.25,"19":0.1467889908,"20":-0.0204081633,"21":0.2235294118,"22":0.0,"23":0.125},"main_std":{"0":0.1225466895,"1":0.1511046366,"2":0.1830980647,"3":0.0518136749,"4":0.0097519719,"5":0.0983497122,"6":0.0255173963,"7":0.1688759341,"8":0.1268585651,"9":0.0263581118,"10":0.117936533,"11":0.1245512293,"12":0.132152139,"13":0.0942176402,"14":0.1830980647,"15":0.146013523,"16":0.1160019434,"17":0.1510313049,"18":0.1338378017,"19":0.1484880306,"20":0.0491086284,"21":0.1406200538,"22":0.034486626,"23":0.0679242591},"sentiment_std":{"0":0.4018306732,"1":0.4357570269,"2":0.527917135,"3":0.4216370214,"4":0.0,"5":0.3264306653,"6":0.0742942638,"7":0.4398092107,"8":0.4556719319,"9":0.0,"10":0.4880119421,"11":0.3771666893,"12":0.4315183594,"13":0.2893519823,"14":0.527917135,"15":0.5245305283,"16":0.3083712342,"17":0.4706137942,"18":0.4472135955,"19":0.4255803968,"20":0.1421188581,"21":0.5204501391,"22":0.0,"23":0.3415650255},"sentiment_pv":{"0":0.0034740143,"1":0.0,"2":0.0015766189,"3":0.4117787667,"4":8.741594232e-180,"5":0.0010992515,"6":1.144726588e-98,"7":0.0451357943,"8":0.1038755371,"9":8.741594232e-180,"10":0.0001857958,"11":0.1473142124,"12":0.0038087046,"13":0.0976043454,"14":0.0015766189,"15":0.5659640032,"16":0.0075433385,"17":0.2481798109,"18":0.1613235352,"19":0.0347197943,"20":0.0000000001,"21":0.0164935208,"22":8.741594232e-180,"23":0.6482385108},"main_pv":{"0":0.0006599092,"1":0.3719027529,"2":0.0265995207,"3":0.0057899684,"4":0.0000952208,"5":0.0038264612,"6":8.351536448e-64,"7":0.0000001321,"8":0.0992869212,"9":0.0047150209,"10":0.0388159291,"11":0.0938753521,"12":0.0006783304,"13":0.1249825762,"14":0.0265995207,"15":0.0930016063,"16":0.6582384737,"17":0.003376825,"18":0.2085932967,"19":0.0154506846,"20":0.0000133548,"21":0.0202780118,"22":0.0000000004,"23":0.3106936104},"count":{"0":110,"1":4662,"2":2841,"3":10,"4":16,"5":1586,"6":1082,"7":186,"8":844,"9":10,"10":7153,"11":955,"12":304,"13":72,"14":2841,"15":28,"16":474,"17":180,"18":16,"19":218,"20":98,"21":85,"22":79,"23":16},"nb_en":{"0":36,"1":1760,"2":1528,"3":2,"4":0,"5":334,"6":32,"7":62,"8":310,"9":0,"10":2898,"11":242,"12":52,"13":6,"14":1528,"15":12,"16":82,"17":154,"18":12,"19":42,"20":18,"21":33,"22":2,"23":8},"nb_de":{"0":6,"1":26,"2":402,"3":8,"4":16,"5":1218,"6":1050,"7":20,"8":518,"9":10,"10":4145,"11":58,"12":252,"13":62,"14":402,"15":16,"16":392,"17":12,"18":0,"19":176,"20":80,"21":34,"22":77,"23":8}}