{"canton":{"0":"UR","1":"BE","2":"ZG","3":"BL","4":"TG","5":"TI","6":"VD","7":"SG","8":"JU","9":"SH","10":"OW","11":"AG","12":"GE","13":"BS","14":"FR","15":"SO","16":"AR","17":"GL","18":"ZH","19":"VS","20":"NE","21":"LU","22":"AI","23":"GR","24":"SZ"},"main_mean":{"0":0.0,"1":0.0108589337,"2":0.020995396,"3":-0.0113240902,"4":0.021096471,"5":-0.0157253436,"6":0.0312462445,"7":0.037719643,"8":0.0191743707,"9":0.0258085707,"10":-0.0004146884,"11":-0.0036790604,"12":0.0216993935,"13":0.0223477303,"14":0.0264654813,"15":0.0194175564,"16":0.0,"17":0.0213159935,"18":0.0111659416,"19":0.018959432,"20":0.0177551815,"21":0.0233719552,"22":0.00089999,"23":0.0235906056,"24":-0.0033511757},"sentiment_mean":{"0":0.0,"1":0.0478170478,"2":0.0822873082,"3":-0.1428571429,"4":0.1,"5":0.025,"6":0.0483870968,"7":0.1127819549,"8":0.0909090909,"9":0.1714285714,"10":0.0,"11":0.0,"12":0.0583058306,"13":0.0872274143,"14":0.0898876404,"15":0.0277777778,"16":0.25,"17":0.0821155184,"18":0.1201478743,"19":0.0119047619,"20":0.0909090909,"21":0.0769230769,"22":0.0,"23":0.1081081081,"24":0.0},"main_std":{"0":0.0,"1":0.070357728,"2":0.1634954798,"3":0.0172659487,"4":0.0432928575,"5":0.1350227955,"6":0.135901864,"7":0.1282129949,"8":0.0952047094,"9":0.0883355851,"10":0.0044625291,"11":0.0904057302,"12":0.1522615262,"13":0.1356720858,"14":0.1436723593,"15":0.0874756562,"16":0.0,"17":0.1638136509,"18":0.1224908623,"19":0.0809740393,"20":0.0802011574,"21":0.1043124948,"22":0.0,"23":0.083251728,"24":0.0147513509},"sentiment_std":{"0":0.0,"1":0.3591082935,"2":0.4800922347,"3":0.377964473,"4":0.316227766,"5":0.4766709451,"6":0.3519441774,"7":0.3405462488,"8":0.3015113446,"9":0.3823852604,"10":0.0,"11":0.2964997267,"12":0.4102562269,"13":0.4594753543,"14":0.3884833399,"15":0.1666666667,"16":0.5,"17":0.4796052004,"18":0.5382981834,"19":0.2451479818,"20":0.3015113446,"21":0.2904604029,"22":0.0,"23":0.3148000939,"24":0.0},"sentiment_pv":{"0":8.932207175e-62,"1":0.0459078491,"2":0.983955858,"3":0.1666265233,"4":0.8613920871,"5":0.2899283917,"6":0.1032140639,"7":0.3057930724,"8":0.9240861718,"9":0.1766715629,"10":8.932207175e-62,"11":0.0102181904,"12":0.0282376288,"13":0.8418556786,"14":0.8498406644,"15":0.0621906317,"16":0.5497750675,"17":0.9940256684,"18":0.0024338629,"19":0.0115837183,"20":0.9240861718,"21":0.8306539111,"22":8.932207175e-62,"23":0.6186995007,"24":8.932207175e-62},"main_pv":{"0":1.521490852e-33,"1":0.0367557726,"2":0.5521478315,"3":0.00348215,"4":0.8421885353,"5":0.0277652669,"6":0.1000487589,"7":0.0853354312,"8":0.9756766404,"9":0.6188866269,"10":1.289805097e-21,"11":0.0236156461,"12":0.3772230347,"13":0.5982812132,"14":0.5938788618,"15":0.9383490419,"16":1.521490852e-33,"17":0.5066298258,"18":0.0191721638,"19":0.9393829667,"20":0.9832726486,"21":0.5490126389,"22":1.659678513e-30,"23":0.7017280031,"24":0.1221294541},"count":{"0":2,"1":481,"2":1434,"3":7,"4":10,"5":80,"6":310,"7":133,"8":11,"9":35,"10":22,"11":92,"12":1818,"13":321,"14":89,"15":36,"16":4,"17":1437,"18":2164,"19":84,"20":11,"21":156,"22":2,"23":37,"24":3},"nb_en":{"0":0,"1":118,"2":623,"3":1,"4":2,"5":66,"6":74,"7":13,"8":4,"9":17,"10":0,"11":15,"12":540,"13":111,"14":37,"15":2,"16":1,"17":623,"18":1075,"19":10,"20":2,"21":37,"22":0,"23":7,"24":0},"nb_de":{"0":2,"1":351,"2":228,"3":6,"4":8,"5":5,"6":10,"7":120,"8":0,"9":18,"10":22,"11":77,"12":2,"13":206,"14":20,"15":34,"16":3,"17":231,"18":1045,"19":48,"20":0,"21":119,"22":2,"23":30,"24":3},"nb_fr":{"0":0,"1":12,"2":583,"3":0,"4":0,"5":9,"6":226,"7":0,"8":7,"9":0,"10":0,"11":0,"12":1276,"13":4,"14":32,"15":0,"16":0,"17":583,"18":44,"19":26,"20":9,"21":0,"22":0,"23":0,"24":0}}