{"canton":{"0":"NE","1":"GE","2":"GL","3":"BE","4":"SZ","5":"TG","6":"UR","7":"FR","8":"BS","9":"BL","10":"ZH","11":"OW","12":"VD","13":"SG","14":"GR","15":"ZG","16":"AR","17":"LU","18":"TI","19":"JU","20":"AG","21":"SH","22":"VS","23":"SO","24":"NW"},"main_mean":{"0":0.0207756139,"1":0.0260798677,"2":0.0133787211,"3":0.011112668,"4":0.2253747599,"5":0.0023221369,"6":0.0000833326,"7":0.0259234842,"8":0.0114524534,"9":0.0279760899,"10":0.0110773034,"11":-0.0909082645,"12":0.0305730751,"13":0.0352908103,"14":0.0016786259,"15":0.0134311024,"16":0.0281977471,"17":0.008258395,"18":-0.006573066,"19":0.0247109771,"20":0.0057062259,"21":0.0127905739,"22":0.0159126459,"23":0.0364932517,"24":0.0002666613},"sentiment_mean":{"0":0.2,"1":0.0844738084,"2":0.0610128127,"3":0.0724431818,"4":0.625,"5":0.0,"6":0.0,"7":0.1724137931,"8":0.0798122066,"9":0.3333333333,"10":0.1187892633,"11":0.0,"12":0.0708955224,"13":0.179245283,"14":0.0,"15":0.0610873549,"16":0.0,"17":0.0727272727,"18":0.0736842105,"19":0.1818181818,"20":0.0425531915,"21":0.1290322581,"22":0.1162790698,"23":0.0967741935,"24":0.0},"main_std":{"0":0.0540587657,"1":0.1433335396,"2":0.1552335954,"3":0.1031061561,"4":0.2911659529,"5":0.0233275772,"6":0.0001666653,"7":0.1393165907,"8":0.1088649593,"9":0.1275416951,"10":0.1083590579,"11":null,"12":0.1340810127,"13":0.0986401727,"14":0.0113437054,"15":0.1553177195,"16":0.0334149737,"17":0.1148711475,"18":0.1451767066,"19":0.1655188174,"20":0.0853460408,"21":0.0307308449,"22":0.0821831242,"23":0.192238435,"24":0.000461871},"sentiment_std":{"0":0.4068381022,"1":0.4710099993,"2":0.5087144843,"3":0.3833397405,"4":0.5175491695,"5":0.0,"6":0.8164965809,"7":0.4305169307,"8":0.391937525,"9":0.8164965809,"10":0.4969440075,"11":null,"12":0.3751783878,"13":0.3853797091,"14":0.0,"15":0.5090208639,"16":0.0,"17":0.3500578141,"18":0.4668159522,"19":0.4045199175,"20":0.4125684985,"21":0.3407771005,"22":0.4477085747,"23":0.3005371535,"24":0.0},"sentiment_pv":{"0":0.1459687207,"1":0.6947774517,"2":0.0368258928,"3":0.2779636531,"4":0.0220195586,"5":8.892759081e-88,"6":0.8416802401,"7":0.0217308117,"8":0.6432432428,"9":0.4962360586,"10":0.0016268107,"11":null,"12":0.2856463977,"13":0.018192028,"14":8.892759081e-88,"15":0.0375383396,"16":8.892759081e-88,"17":0.5026323056,"18":0.7532189194,"19":0.4637590519,"20":0.2819400065,"21":0.5175355312,"22":0.6905096221,"23":0.8846419839,"24":8.892759081e-88},"main_pv":{"0":0.6259140646,"1":0.002332492,"2":0.5352324748,"3":0.242917088,"4":0.0813049043,"5":0.0367579864,"6":3.567646532e-37,"7":0.3892538636,"8":0.4144876722,"9":0.8254927403,"10":0.0297065321,"11":null,"12":0.0133401702,"13":0.0469295558,"14":0.0000144347,"15":0.5442477436,"16":0.3683841129,"17":0.3323540016,"18":0.1363866001,"19":0.863059185,"20":0.2553744722,"21":0.5889716446,"22":0.9977142265,"23":0.5551445362,"24":1.08242346e-32},"count":{"0":30,"1":2119,"2":1639,"3":704,"4":8,"5":16,"6":4,"7":145,"8":426,"9":6,"10":3502,"11":1,"12":536,"13":106,"14":21,"15":1637,"16":7,"17":220,"18":95,"19":11,"20":94,"21":31,"22":43,"23":31,"24":3},"nb_en":{"0":12,"1":907,"2":857,"3":183,"4":6,"5":2,"6":2,"7":59,"8":128,"9":5,"10":1552,"11":1,"12":145,"13":18,"14":1,"15":857,"16":0,"17":41,"18":80,"19":3,"20":18,"21":7,"22":16,"23":3,"24":0},"nb_de":{"0":5,"1":10,"2":213,"3":501,"4":2,"5":14,"6":2,"7":33,"8":290,"9":1,"10":1879,"11":0,"12":11,"13":87,"14":20,"15":211,"16":7,"17":179,"18":5,"19":0,"20":75,"21":23,"22":20,"23":27,"24":3}}