{"canton":{"0":"UR","1":"BE","2":"ZG","3":"BL","4":"TG","5":"TI","6":"VD","7":"SG","8":"JU","9":"SH","10":"OW","11":"AG","12":"GE","13":"BS","14":"FR","15":"SO","16":"AR","17":"GL","18":"ZH","19":"VS","20":"NE","21":"LU","22":"GR","23":"SZ"},"main_mean":{"0":0.0295242639,"1":0.0094626966,"2":0.0246361591,"3":-0.0033840204,"4":0.0163068773,"5":0.0047333783,"6":0.035574671,"7":0.0215505768,"8":-0.0066729493,"9":0.0077559615,"10":0.0442444013,"11":0.0599609108,"12":0.0248461772,"13":0.0110540065,"14":0.0566477341,"15":-0.0027214867,"16":0.2591247317,"17":0.0246361591,"18":0.0136861236,"19":0.0182333349,"20":-0.0091200142,"21":0.020357863,"22":0.0016358201,"23":0.0068377018},"sentiment_mean":{"0":0.0,"1":0.0575980392,"2":0.1257022472,"3":0.0,"4":0.0555555556,"5":0.0853658537,"6":0.0545851528,"7":0.1274509804,"8":0.0,"9":0.125,"10":0.5,"11":0.085106383,"12":0.0695029486,"13":0.04,"14":0.0131578947,"15":0.0,"16":0.4444444444,"17":0.1257022472,"18":0.1267565242,"19":0.1,"20":0.1666666667,"21":0.0520833333,"22":-0.0227272727,"23":0.0},"main_std":{"0":0.0490441911,"1":0.0942452146,"2":0.1714278453,"3":0.0290338896,"4":0.0313456133,"5":0.1261418477,"6":0.1563571629,"7":0.1004914221,"8":0.0384287015,"9":0.096433058,"10":0.1142034532,"11":0.235305583,"12":0.15845242,"13":0.1043049801,"14":0.1372892702,"15":0.1630951544,"16":0.3516243274,"17":0.1714278453,"18":0.1080749424,"19":0.092738411,"20":0.1309643106,"21":0.1074881298,"22":0.0769745149,"23":0.015289566},"sentiment_std":{"0":0.0,"1":0.343730691,"2":0.5500267021,"3":0.0,"4":0.2357022604,"5":0.5018784347,"6":0.3672458593,"7":0.3634697647,"8":0.0,"9":0.4212117696,"10":0.7071067812,"11":0.3482478941,"12":0.43909842,"13":0.3833811838,"14":0.1147078669,"15":0.2208630521,"16":0.5270462767,"17":0.5500267021,"18":0.4808357183,"19":0.4025778999,"20":0.4233736919,"21":0.2451537253,"22":0.2631328574,"23":0.0},"sentiment_pv":{"0":1.840712604e-110,"1":0.0011947057,"2":0.0821075378,"3":1.840712604e-110,"4":0.4439835348,"5":0.8038515815,"6":0.0120442392,"7":0.4379350049,"8":1.840712604e-110,"9":0.7319347988,"10":0.5698359635,"11":0.6348602827,"12":0.0030578982,"13":0.0020571753,"14":0.0000000153,"15":0.006091083,"16":0.0850265131,"17":0.0821075378,"18":0.0029308878,"19":0.9916095172,"20":0.248256466,"21":0.010379834,"22":0.0038076624,"23":1.840712604e-110},"main_pv":{"0":0.77376872,"1":0.0025653476,"2":0.3509640444,"3":0.0008471706,"4":0.6086346483,"5":0.2716855066,"6":0.0392038664,"7":0.8947198348,"8":0.1929176396,"9":0.4714955291,"10":0.8159078681,"11":0.0473086887,"12":0.1881187794,"13":0.0804862865,"14":0.023896831,"15":0.3679676509,"16":0.075879545,"17":0.3509640444,"18":0.003932057,"19":0.9077334299,"20":0.1065239764,"21":0.98592335,"22":0.118767878,"23":0.1220238632},"count":{"0":3,"1":816,"2":1424,"3":23,"4":18,"5":82,"6":458,"7":102,"8":5,"9":32,"10":2,"11":141,"12":2374,"13":425,"14":76,"15":42,"16":9,"17":1424,"18":3487,"19":30,"20":54,"21":192,"22":44,"23":5},"nb_en":{"0":0,"1":184,"2":827,"3":1,"4":1,"5":70,"6":112,"7":18,"8":0,"9":11,"10":1,"11":21,"12":782,"13":134,"14":8,"15":5,"16":1,"17":827,"18":1435,"19":12,"20":18,"21":32,"22":4,"23":1},"nb_de":{"0":3,"1":610,"2":211,"3":22,"4":16,"5":7,"6":15,"7":84,"8":1,"9":21,"10":1,"11":118,"12":8,"13":281,"14":14,"15":37,"16":8,"17":211,"18":1954,"19":8,"20":6,"21":159,"22":40,"23":4},"nb_fr":{"0":0,"1":22,"2":386,"3":0,"4":1,"5":5,"6":331,"7":0,"8":4,"9":0,"10":0,"11":2,"12":1584,"13":10,"14":54,"15":0,"16":0,"17":386,"18":98,"19":10,"20":30,"21":1,"22":0,"23":0}}