{"canton":{"0":"SG","1":"AR","2":"JU","3":"VS","4":"AG","5":"TG","6":"ZH","7":"BE","8":"GE","9":"BS","10":"GL","11":"LU","12":"OW","13":"GR","14":"ZG","15":"UR","16":"VD","17":"SH","18":"BL","19":"TI","20":"SO","21":"NE","22":"FR"},"main_mean":{"0":0.0258121071,"1":0.0,"2":0.0861530911,"3":-0.0066324696,"4":0.1824032619,"5":-0.0303027548,"6":0.0343925954,"7":0.0299640542,"8":-0.0033347137,"9":0.0215344774,"10":0.0255155119,"11":0.0420358932,"12":0.0,"13":0.0,"14":0.0255155119,"15":-0.28123711,"16":0.0198565936,"17":0.0448409128,"18":-0.1666638889,"19":-0.0060084531,"20":0.0,"21":0.0,"22":0.0191351086},"sentiment_mean":{"0":-0.1176470588,"1":0.0,"2":0.2,"3":-0.1428571429,"4":0.4166666667,"5":0.0,"6":0.2598499062,"7":0.2121212121,"8":0.0941883768,"9":0.2542372881,"10":0.2211838006,"11":0.4666666667,"12":0.0,"13":0.0,"14":0.2211838006,"15":-0.25,"16":0.1717171717,"17":0.25,"18":0.0,"19":0.1090909091,"20":0.2,"21":0.2,"22":0.5217391304},"main_std":{"0":0.169835462,"1":0.0,"2":0.1703964811,"3":0.085264884,"4":0.3093748864,"5":0.052485911,"6":0.1769988335,"7":0.172992625,"8":0.1747361534,"9":0.1782636208,"10":0.1853851776,"11":0.1122949023,"12":null,"13":null,"14":0.1853851776,"15":0.4827516162,"16":0.176022843,"17":0.1546460141,"18":null,"19":0.1492230106,"20":0.0,"21":0.0,"22":0.0911746593},"sentiment_std":{"0":0.696630546,"1":0.0,"2":0.8366600265,"3":0.5345224838,"4":0.7929614611,"5":1.0,"6":0.6913425572,"7":0.678842979,"8":0.6979216799,"9":0.7644498684,"10":0.718153183,"11":0.5713464637,"12":null,"13":null,"14":0.718153183,"15":0.9574271078,"16":0.6395215693,"17":0.9574271078,"18":null,"19":0.4160095829,"20":0.4472135955,"21":0.4472135955,"22":0.5864821844},"sentiment_pv":{"0":0.0671399912,"1":3.519092591e-69,"2":0.9703858463,"3":0.0266319351,"4":0.397195744,"5":0.7456224222,"6":0.0639405244,"7":0.9608473368,"8":0.0003353756,"9":0.5814538864,"10":0.8352319991,"11":0.0229117118,"12":null,"13":null,"14":0.8352319991,"15":0.4032573281,"16":0.5114803461,"17":0.9460001516,"18":null,"19":0.0703694443,"20":0.9446949867,"21":0.9446949867,"22":0.0009848326},"main_pv":{"0":0.9562584247,"1":0.0,"2":0.4574297644,"3":0.2117439412,"4":0.1029433835,"5":0.2167577135,"6":0.0804885281,"7":0.6408599941,"8":0.0014549353,"9":0.9059218303,"10":0.8004788941,"11":0.3785317842,"12":null,"13":null,"14":0.8004788941,"15":0.2959749779,"16":0.8390864733,"17":0.8006709425,"18":null,"19":0.1524516057,"20":0.0,"21":0.0,"22":0.7522341523},"count":{"0":17,"1":2,"2":5,"3":14,"4":12,"5":3,"6":1066,"7":165,"8":499,"9":118,"10":642,"11":30,"12":1,"13":1,"14":642,"15":4,"16":99,"17":4,"18":1,"19":55,"20":5,"21":5,"22":46},"nb_en":{"0":17,"1":2,"2":5,"3":14,"4":12,"5":3,"6":1066,"7":165,"8":499,"9":118,"10":642,"11":30,"12":1,"13":1,"14":642,"15":4,"16":99,"17":4,"18":1,"19":55,"20":5,"21":5,"22":46},"nb_de":{"0":0,"1":0,"2":0,"3":0,"4":0,"5":0,"6":0,"7":0,"8":0,"9":0,"10":0,"11":0,"12":0,"13":0,"14":0,"15":0,"16":0,"17":0,"18":0,"19":0,"20":0,"21":0,"22":0}}