{"canton":{"0":"SG","1":"TI","2":"VS","3":"SO","4":"AG","5":"VD","6":"ZH","7":"TG","8":"BE","9":"BL","10":"NW","11":"SH","12":"GL","13":"SZ","14":"LU","15":"GE","16":"GR","17":"NE","18":"ZG","19":"FR","20":"BS"},"main_mean":{"0":0.025885664,"1":-0.0535746511,"2":-0.013582345,"3":0.0659265314,"4":0.035882877,"5":0.0676631551,"6":0.0166531843,"7":0.0285712245,"8":0.0155751775,"9":0.099999,"10":0.0,"11":-0.0581812529,"12":0.0166219998,"13":0.071427551,"14":-0.0076592769,"15":0.011072032,"16":0.0023309632,"17":0.0119046769,"18":0.0166219998,"19":-0.010998006,"20":0.0319160764},"sentiment_mean":{"0":0.3125,"1":-0.1382978723,"2":0.3333333333,"3":0.0769230769,"4":0.1081081081,"5":0.24,"6":0.2170106316,"7":0.0,"8":0.1340206186,"9":0.5,"10":0.0,"11":-0.2,"12":0.2018489985,"13":0.5,"14":0.3243243243,"15":0.1355191257,"16":-0.1666666667,"17":0.1666666667,"18":0.2018489985,"19":0.40625,"20":0.1056910569},"main_std":{"0":0.110708498,"1":0.1854829179,"2":0.2621842307,"3":0.2833880749,"4":0.22463346,"5":0.2144649546,"6":0.1385927726,"7":0.0638872002,"8":0.159486928,"9":0.141419942,"10":null,"11":0.0885130239,"12":0.199567977,"13":0.1010138114,"14":0.1438805496,"15":0.1582155915,"16":0.0531954527,"17":0.0291603839,"18":0.199567977,"19":0.1402257984,"20":0.2041332816},"sentiment_std":{"0":0.6444552588,"1":0.6324736185,"2":0.7669649888,"3":0.6405126152,"4":0.6985613702,"5":0.6647822831,"6":0.6831135516,"7":0.7071067812,"8":0.6129663876,"9":0.7071067812,"10":null,"11":0.8366600265,"12":0.69228306,"13":0.7071067812,"14":0.6689151272,"15":0.7240746214,"16":0.9831920803,"17":0.4082482905,"18":0.69228306,"19":0.5833333333,"20":0.710725883},"sentiment_pv":{"0":0.2753934684,"1":0.0000037431,"2":0.4255572907,"3":0.5529247006,"4":0.5061051002,"5":0.3682995282,"6":0.1139983511,"7":0.5890398474,"8":0.2555010395,"9":0.6425760726,"10":null,"11":0.3611344847,"12":0.5743110556,"13":0.6425760726,"14":0.2168287501,"15":0.0549066759,"16":0.4204845362,"17":0.914405538,"18":0.5743110556,"19":0.0038414905,"20":0.2208243264},"main_pv":{"0":0.6010179462,"1":0.0005439869,"2":0.6445559361,"3":0.5331077867,"4":0.5845767385,"5":0.0079088002,"6":0.7810915507,"7":0.6710564419,"8":0.9924724832,"9":0.5531816165,"10":null,"11":0.1363424347,"12":0.8881149579,"13":0.5768348791,"14":0.3373218472,"15":0.4489903689,"16":0.5735306238,"17":0.7806318296,"18":0.8881149579,"19":0.1398388045,"20":0.3774907911},"count":{"0":32,"1":94,"2":18,"3":13,"4":37,"5":125,"6":1599,"7":5,"8":194,"9":2,"10":1,"11":5,"12":649,"13":2,"14":37,"15":915,"16":6,"17":6,"18":649,"19":64,"20":123},"nb_en":{"0":32,"1":94,"2":18,"3":13,"4":37,"5":125,"6":1599,"7":5,"8":194,"9":2,"10":1,"11":5,"12":649,"13":2,"14":37,"15":915,"16":6,"17":6,"18":649,"19":64,"20":123},"nb_de":{"0":0,"1":0,"2":0,"3":0,"4":0,"5":0,"6":0,"7":0,"8":0,"9":0,"10":0,"11":0,"12":0,"13":0,"14":0,"15":0,"16":0,"17":0,"18":0,"19":0,"20":0}}