{"canton":{"0":"UR","1":"NW","2":"BE","3":"ZG","4":"BL","5":"TG","6":"TI","7":"VD","8":"SG","9":"JU","10":"SH","11":"OW","12":"AG","13":"GE","14":"BS","15":"FR","16":"SO","17":"AR","18":"GL","19":"ZH","20":"VS","21":"NE","22":"LU","23":"GR","24":"SZ"},"main_mean":{"0":0.0000833326,"1":0.0002666613,"2":0.011112668,"3":0.0134311024,"4":0.0279760899,"5":0.0023221369,"6":-0.006573066,"7":0.0305730751,"8":0.0352908103,"9":0.0247109771,"10":0.0127905739,"11":-0.0909082645,"12":0.0057062259,"13":0.0260798677,"14":0.0114524534,"15":0.0259234842,"16":0.0364932517,"17":0.0281977471,"18":0.0133787211,"19":0.0110773034,"20":0.0159126459,"21":0.0207756139,"22":0.008258395,"23":0.0016786259,"24":0.2253747599},"sentiment_mean":{"0":0.0,"1":0.0,"2":0.0724431818,"3":0.0610873549,"4":0.3333333333,"5":0.0,"6":0.0736842105,"7":0.0708955224,"8":0.179245283,"9":0.1818181818,"10":0.1290322581,"11":0.0,"12":0.0425531915,"13":0.0844738084,"14":0.0798122066,"15":0.1724137931,"16":0.0967741935,"17":0.0,"18":0.0610128127,"19":0.1187892633,"20":0.1162790698,"21":0.2,"22":0.0727272727,"23":0.0,"24":0.625},"main_std":{"0":0.0001666653,"1":0.000461871,"2":0.1031061561,"3":0.1553177195,"4":0.1275416951,"5":0.0233275772,"6":0.1451767066,"7":0.1340810127,"8":0.0986401727,"9":0.1655188174,"10":0.0307308449,"11":null,"12":0.0853460408,"13":0.1433335396,"14":0.1088649593,"15":0.1393165907,"16":0.192238435,"17":0.0334149737,"18":0.1552335954,"19":0.1083590579,"20":0.0821831242,"21":0.0540587657,"22":0.1148711475,"23":0.0113437054,"24":0.2911659529},"sentiment_std":{"0":0.8164965809,"1":0.0,"2":0.3833397405,"3":0.5090208639,"4":0.8164965809,"5":0.0,"6":0.4668159522,"7":0.3751783878,"8":0.3853797091,"9":0.4045199175,"10":0.3407771005,"11":null,"12":0.4125684985,"13":0.4710099993,"14":0.391937525,"15":0.4305169307,"16":0.3005371535,"17":0.0,"18":0.5087144843,"19":0.4969440075,"20":0.4477085747,"21":0.4068381022,"22":0.3500578141,"23":0.0,"24":0.5175491695},"sentiment_pv":{"0":0.8416802401,"1":8.892759081e-88,"2":0.2779636531,"3":0.0375383396,"4":0.4962360586,"5":8.892759081e-88,"6":0.7532189194,"7":0.2856463977,"8":0.018192028,"9":0.4637590519,"10":0.5175355312,"11":null,"12":0.2819400065,"13":0.6947774517,"14":0.6432432428,"15":0.0217308117,"16":0.8846419839,"17":8.892759081e-88,"18":0.0368258928,"19":0.0016268107,"20":0.6905096221,"21":0.1459687207,"22":0.5026323056,"23":8.892759081e-88,"24":0.0220195586},"main_pv":{"0":3.567646532e-37,"1":1.08242346e-32,"2":0.242917088,"3":0.5442477436,"4":0.8254927403,"5":0.0367579864,"6":0.1363866001,"7":0.0133401702,"8":0.0469295558,"9":0.863059185,"10":0.5889716446,"11":null,"12":0.2553744722,"13":0.002332492,"14":0.4144876722,"15":0.3892538636,"16":0.5551445362,"17":0.3683841129,"18":0.5352324748,"19":0.0297065321,"20":0.9977142265,"21":0.6259140646,"22":0.3323540016,"23":0.0000144347,"24":0.0813049043},"count":{"0":4,"1":3,"2":704,"3":1637,"4":6,"5":16,"6":95,"7":536,"8":106,"9":11,"10":31,"11":1,"12":94,"13":2119,"14":426,"15":145,"16":31,"17":7,"18":1639,"19":3502,"20":43,"21":30,"22":220,"23":21,"24":8},"nb_en":{"0":2,"1":0,"2":183,"3":857,"4":5,"5":2,"6":80,"7":145,"8":18,"9":3,"10":7,"11":1,"12":18,"13":907,"14":128,"15":59,"16":3,"17":0,"18":857,"19":1552,"20":16,"21":12,"22":41,"23":1,"24":6},"nb_de":{"0":2,"1":3,"2":501,"3":211,"4":1,"5":14,"6":5,"7":11,"8":87,"9":0,"10":23,"11":0,"12":75,"13":10,"14":290,"15":33,"16":27,"17":7,"18":213,"19":1879,"20":20,"21":5,"22":179,"23":20,"24":2},"nb_fr":{"0":0,"1":0,"2":20,"3":569,"4":0,"5":0,"6":10,"7":380,"8":1,"9":8,"10":1,"11":0,"12":1,"13":1202,"14":8,"15":53,"16":1,"17":0,"18":569,"19":71,"20":7,"21":13,"22":0,"23":0,"24":0}}