{"canton":{"0":"UR","1":"BE","2":"ZG","3":"BL","4":"JU","5":"TG","6":"TI","7":"VD","8":"SG","9":"GR","10":"SH","11":"AG","12":"GE","13":"BS","14":"FR","15":"AR","16":"GL","17":"ZH","18":"SO","19":"NE","20":"LU","21":"VS","22":"SZ"},"main_mean":{"0":0.0005333227,"1":0.0083251412,"2":0.0359079316,"3":0.0002999966,"4":-0.0072908223,"5":-0.0029890545,"6":0.0102209145,"7":0.0387782629,"8":0.0212974189,"9":0.0081815468,"10":0.0098452606,"11":0.0419920487,"12":0.0257051369,"13":0.0158080128,"14":0.0562618442,"15":0.1090354918,"16":0.0354922047,"17":0.0239764946,"18":0.0011812175,"19":0.0157795638,"20":0.0128619323,"21":0.0178294415,"22":0.0063979406},"sentiment_mean":{"0":0.0,"1":0.0596205962,"2":0.1250482439,"3":0.0,"4":0.0,"5":0.0384615385,"6":-0.024291498,"7":0.0729653882,"8":0.056,"9":0.0576923077,"10":0.0810810811,"11":0.074829932,"12":0.0752432946,"13":0.075794621,"14":0.0710059172,"15":0.25,"16":0.1240847784,"17":0.1209213052,"18":0.02,"19":0.0625,"20":0.07,"21":0.1,"22":0.0},"main_std":{"0":0.0008262199,"1":0.0963705749,"2":0.1835251719,"3":0.0002366404,"4":0.1256473106,"5":0.0271693942,"6":0.1285057313,"7":0.1463200622,"8":0.1137883026,"9":0.0478564992,"10":0.0609913068,"11":0.1810639605,"12":0.1340224967,"13":0.1270035652,"14":0.2635705683,"15":0.1887981468,"16":0.1839858669,"17":0.1327377573,"18":0.0473578831,"19":0.1034761501,"20":0.0715724744,"21":0.0723453375,"22":0.0237349612},"sentiment_std":{"0":0.0,"1":0.3670804535,"2":0.5408003396,"3":0.0,"4":0.0,"5":0.1941839093,"6":0.5907630831,"7":0.362457152,"8":0.3425395354,"9":0.3640901168,"10":0.3610015276,"11":0.3711146456,"12":0.4676495235,"13":0.3789128517,"14":0.4305860416,"15":0.4472135955,"16":0.541295706,"17":0.494799513,"18":0.1407052941,"19":0.3493526071,"20":0.2743869905,"21":0.3623715377,"22":0.0},"sentiment_pv":{"0":4.839674238e-199,"1":0.0001195357,"2":0.0169645481,"3":4.839674238e-199,"4":4.839674238e-199,"5":0.0311816531,"6":0.0012906333,"7":0.0271215072,"8":0.0533437234,"9":0.2573904543,"10":0.6799052299,"11":0.2799630986,"12":0.0032290341,"13":0.0960558329,"14":0.4095957082,"15":0.1956451944,"16":0.0214169649,"17":0.0010380914,"18":0.0000003296,"19":0.2481718688,"20":0.0436768953,"21":0.9675488566,"22":4.839674238e-199},"main_pv":{"0":1.589694135e-85,"1":0.0,"2":0.0098989855,"3":3.315135657e-146,"4":0.5420488262,"5":0.0000000004,"6":0.0526662049,"7":0.0063945069,"8":0.4955070586,"9":0.0002636069,"10":0.0246654289,"11":0.1389606258,"12":0.8100245361,"13":0.0218965848,"14":0.1412175874,"15":0.0999143035,"16":0.0137249317,"17":0.2287921208,"18":0.0000010299,"19":0.2568978815,"20":0.0003440304,"21":0.2511998987,"22":0.0147199534},"count":{"0":6,"1":1476,"2":2591,"3":6,"4":6,"5":52,"6":247,"7":1069,"8":250,"9":104,"10":74,"11":294,"12":4213,"13":818,"14":169,"15":16,"16":2595,"17":6773,"18":100,"19":128,"20":400,"21":100,"22":12},"nb_en":{"0":0,"1":374,"2":1418,"3":0,"4":0,"5":10,"6":217,"7":207,"8":38,"9":16,"10":22,"11":62,"12":1569,"13":218,"14":42,"15":0,"16":1420,"17":2775,"18":8,"19":56,"20":56,"21":28,"22":0},"nb_de":{"0":6,"1":1072,"2":493,"3":6,"4":0,"5":42,"6":10,"7":18,"8":212,"9":88,"10":52,"11":227,"12":12,"13":586,"14":34,"15":16,"16":495,"17":3784,"18":90,"19":8,"20":342,"21":52,"22":12},"nb_fr":{"0":0,"1":30,"2":680,"3":0,"4":6,"5":0,"6":20,"7":844,"8":0,"9":0,"10":0,"11":5,"12":2632,"13":14,"14":93,"15":0,"16":680,"17":214,"18":2,"19":64,"20":2,"21":20,"22":0}}