{"canton":{"0":"NE","1":"GE","2":"GL","3":"TI","4":"BE","5":"SZ","6":"TG","7":"FR","8":"BS","9":"BL","10":"ZH","11":"OW","12":"VD","13":"SG","14":"GR","15":"ZG","16":"AR","17":"LU","18":"UR","19":"JU","20":"AG","21":"SH","22":"VS","23":"AI","24":"SO","25":"NW"},"main_mean":{"0":0.0278363783,"1":0.0224548312,"2":0.0249725215,"3":-0.0042324513,"4":0.0132815473,"5":0.0371851693,"6":0.0025122193,"7":0.0306418605,"8":0.012991513,"9":0.0154657457,"10":0.0174794654,"11":0.0019650132,"12":0.0342866167,"13":0.0314577235,"14":0.009504722,"15":0.0250011889,"16":0.0606777636,"17":0.015933936,"18":-0.0087681643,"19":0.02897385,"20":0.0242022211,"21":0.0057472499,"22":0.0196342011,"23":0.0399967428,"24":0.010504942,"25":0.0032389148},"sentiment_mean":{"0":0.1251908397,"1":0.0543408274,"2":0.1067411168,"3":0.0550660793,"4":0.0645846091,"5":0.1225490196,"6":0.0116801438,"7":0.1296813862,"8":0.0621909604,"9":0.044534413,"10":0.1243654141,"11":0.0327868852,"12":0.0661239079,"13":0.0955442252,"14":0.0281888654,"15":0.1068953604,"16":0.1558441558,"17":0.0721017908,"18":0.0594594595,"19":0.04743083,"20":0.0609636185,"21":0.0406719717,"22":0.0852173913,"23":0.125,"24":0.0396578538,"25":0.0714285714},"main_std":{"0":0.1307670396,"1":0.142886196,"2":0.1694675488,"3":0.1518730222,"4":0.1040489653,"5":0.1733893923,"6":0.0338306009,"7":0.1425762452,"8":0.1174867872,"9":0.1101974048,"10":0.1242910477,"11":0.0329053603,"12":0.1399293358,"13":0.1307693957,"14":0.073459948,"15":0.1694931054,"16":0.168148507,"17":0.0990002842,"18":0.0919511162,"19":0.151803148,"20":0.1417938739,"21":0.0648437723,"22":0.1256394555,"23":0.0788650275,"24":0.120434495,"25":0.0420445195},"sentiment_std":{"0":0.3981131033,"1":0.4393984749,"2":0.511435196,"3":0.5379414464,"4":0.3789722335,"5":0.4322941123,"6":0.1301620706,"7":0.4216094132,"8":0.4125303935,"9":0.2590643064,"10":0.4973342292,"11":0.1795562228,"12":0.3630280753,"13":0.3795844498,"14":0.2895359419,"15":0.5116162795,"16":0.4136099932,"17":0.3190483882,"18":0.3484901123,"19":0.3749647075,"20":0.3713627052,"21":0.3340937939,"22":0.4174785124,"23":0.3415650255,"24":0.3042851538,"25":0.2590861738},"sentiment_pv":{"0":0.0030825467,"1":1.628400854e-101,"2":0.0000000045,"3":0.0000940601,"4":4.705854138e-28,"5":0.3221406214,"6":5.134608279e-153,"7":0.0000001658,"8":9.162017904e-18,"9":0.0039840446,"10":9.346661261e-81,"11":0.0118382761,"12":5.850783141e-18,"13":0.5935476098,"14":1.915360888e-16,"15":0.0000000032,"16":0.0076164454,"17":0.0000005573,"18":0.1990148573,"19":0.0571584652,"20":0.0000000829,"21":0.0000002339,"22":0.4701187144,"23":0.7088471306,"24":0.0000000007,"25":0.4582924468},"main_pv":{"0":0.0510518736,"1":0.0031601385,"2":0.0000001352,"3":4.139018762e-20,"4":2.249093238e-26,"5":0.1778047516,"6":1.371034495e-117,"7":0.000038098,"8":0.0,"9":0.4506197346,"10":0.0,"11":0.0000368404,"12":3.450408403e-31,"13":0.0000000521,"14":0.0000000118,"15":0.0000001128,"16":0.0000405974,"17":0.0001297848,"18":0.0000210357,"19":0.3907635698,"20":0.1243310916,"21":0.0,"22":0.7090173598,"23":0.3448839568,"24":0.0023477565,"25":0.0002594643},"count":{"0":1310,"1":74548,"2":49250,"3":3178,"4":24495,"5":204,"6":2226,"7":3578,"8":14359,"9":247,"10":111687,"11":61,"12":15108,"13":4511,"14":1419,"15":49207,"16":308,"17":6366,"18":185,"19":253,"20":4068,"21":1131,"22":1725,"23":16,"24":1286,"25":84},"nb_en":{"0":474,"1":26755,"2":24959,"3":2701,"4":6471,"5":65,"6":167,"7":1300,"8":4277,"9":30,"10":48740,"11":3,"12":3576,"13":739,"14":163,"15":24958,"16":35,"17":1195,"18":50,"19":65,"20":727,"21":244,"22":533,"23":2,"24":217,"25":14},"nb_de":{"0":114,"1":303,"2":8529,"3":239,"4":17424,"5":139,"6":2058,"7":749,"8":9802,"9":216,"10":60113,"11":58,"12":469,"13":3760,"14":1239,"15":8487,"16":272,"17":5139,"18":135,"19":6,"20":3313,"21":886,"22":864,"23":14,"24":1062,"25":70},"nb_fr":{"0":722,"1":47490,"2":15762,"3":238,"4":600,"5":0,"6":1,"7":1529,"8":280,"9":1,"10":2834,"11":0,"12":11063,"13":12,"14":17,"15":15762,"16":1,"17":32,"18":0,"19":182,"20":28,"21":1,"22":328,"23":0,"24":7,"25":0}}