{"canton":{"0":"NE","1":"GE","2":"GL","3":"BE","4":"SZ","5":"TG","6":"UR","7":"FR","8":"BS","9":"BL","10":"ZH","11":"VD","12":"SG","13":"GR","14":"ZG","15":"AR","16":"LU","17":"TI","18":"JU","19":"AG","20":"SH","21":"VS","22":"SO","23":"NW"},"main_mean":{"0":0.0208841983,"1":0.0214462594,"2":0.0237330898,"3":0.0208901701,"4":0.0086864147,"5":0.0017944142,"6":0.0217369576,"7":0.0408829873,"8":0.0092666425,"9":0.0036944137,"10":0.019929514,"11":0.0385901979,"12":0.0168385244,"13":0.0096011868,"14":0.0237647983,"15":0.1645299234,"16":0.0213431875,"17":-0.0597248856,"18":-0.0074526927,"19":0.0240729936,"20":-0.0069789423,"21":0.0040663694,"22":0.0032294085,"23":0.0000799992},"sentiment_mean":{"0":0.2222222222,"1":0.0644144144,"2":0.1026058632,"3":0.0976933514,"4":0.0,"5":0.0,"6":0.0,"7":0.1868131868,"8":0.0426540284,"9":0.0,"10":0.1239327296,"11":0.0774193548,"12":0.037037037,"13":-0.0285714286,"14":0.1027732463,"15":0.4,"16":0.1176470588,"17":0.0243902439,"18":0.0,"19":0.0961538462,"20":0.03125,"21":0.0227272727,"22":-0.1,"23":0.0},"main_std":{"0":0.08623905,"1":0.1269180786,"2":0.1651795323,"3":0.1197941016,"4":0.0960217675,"5":0.0137075557,"6":0.0429422484,"7":0.0981888545,"8":0.1071814735,"9":0.0063989122,"10":0.1190764411,"11":0.1239006779,"12":0.0789784532,"13":0.0410361532,"14":0.1653123841,"15":0.1957160661,"16":0.1125876856,"17":0.1880169172,"18":0.038703516,"19":0.1069194819,"20":0.0310565476,"21":0.0480671036,"22":0.2081309819,"23":0.0001788836},"sentiment_std":{"0":0.4204374826,"1":0.4745856278,"2":0.5002620839,"3":0.4282263704,"4":0.5773502692,"5":0.0,"6":0.0,"7":0.4450240421,"8":0.3996204479,"9":0.0,"10":0.4873227826,"11":0.3386487577,"12":0.332503112,"13":0.1690308509,"14":0.5006531008,"15":0.5070925528,"16":0.3791127222,"17":0.5874323656,"18":0.0,"19":0.382105327,"20":0.3094610299,"21":0.3402212935,"22":0.4025778999,"23":0.0},"sentiment_pv":{"0":0.0529227667,"1":0.0028961009,"2":0.7213384818,"3":0.9793510556,"4":0.6714681716,"5":1.264658554e-102,"6":1.264658554e-102,"7":0.0591719076,"8":0.006455276,"9":1.264658554e-102,"10":0.0031464497,"11":0.2246810965,"12":0.0393902666,"13":0.0001083046,"14":0.7133791001,"15":0.0365536651,"16":0.4498466167,"17":0.2656644383,"18":1.264658554e-102,"19":0.9764827451,"20":0.2380451779,"21":0.154808971,"22":0.0120021179,"23":1.264658554e-102},"main_pv":{"0":0.989320733,"1":0.8961019539,"2":0.5835403754,"3":0.9708193679,"4":0.7449296718,"5":0.0000127301,"6":0.9767888524,"7":0.0589825397,"8":0.0284984258,"9":0.0309241557,"10":0.6223034266,"11":0.0030121066,"12":0.5425566489,"13":0.1127708115,"14":0.5796608106,"15":0.0131380078,"16":0.9715388348,"17":0.0002081413,"18":0.2371290628,"19":0.775801777,"20":0.0000179244,"21":0.0254442549,"22":0.6426206395,"23":1.634166427e-61},"count":{"0":45,"1":2220,"2":1228,"3":737,"4":7,"5":18,"6":4,"7":91,"8":422,"9":3,"10":3865,"11":465,"12":135,"13":35,"14":1226,"15":15,"16":204,"17":82,"18":4,"19":104,"20":32,"21":44,"22":30,"23":5},"nb_en":{"0":21,"1":942,"2":570,"3":198,"4":2,"5":2,"6":2,"7":35,"8":126,"9":0,"10":1733,"11":103,"12":29,"13":5,"14":570,"15":0,"16":52,"17":65,"18":0,"19":23,"20":3,"21":9,"22":12,"23":0},"nb_de":{"0":4,"1":14,"2":220,"3":516,"4":5,"5":16,"6":2,"7":19,"8":278,"9":3,"10":2050,"11":12,"12":106,"13":30,"14":218,"15":15,"16":151,"17":10,"18":0,"19":80,"20":29,"21":30,"22":18,"23":5}}