{"canton":{"0":"UR","1":"BE","2":"ZG","3":"BL","4":"JU","5":"NW","6":"TI","7":"VD","8":"SG","9":"GR","10":"SH","11":"AG","12":"GE","13":"BS","14":"FR","15":"AR","16":"GL","17":"ZH","18":"VS","19":"NE","20":"LU","21":"SO","22":"SZ","23":"TG"},"main_mean":{"0":-0.0094761274,"1":0.012394911,"2":0.0309153557,"3":-0.0337055431,"4":0.0758208155,"5":0.0003076899,"6":0.0075715163,"7":0.0244225975,"8":0.0432521808,"9":0.0052562433,"10":0.0025971239,"11":0.0180924739,"12":0.0209271845,"13":0.0221776064,"14":0.0179271092,"15":0.1015406508,"16":0.0308838371,"17":0.0115945179,"18":0.0096013342,"19":0.0172070835,"20":0.0098903996,"21":-0.0008862096,"22":0.0,"23":0.005735473},"sentiment_mean":{"0":0.2857142857,"1":0.0769230769,"2":0.1358936484,"3":0.0,"4":0.125,"5":0.0,"6":0.1782178218,"7":0.0408163265,"8":0.1196581197,"9":0.0,"10":-0.075,"11":0.0,"12":0.0428832117,"13":0.0698254364,"14":0.188034188,"15":0.1666666667,"16":0.1356932153,"17":0.1020291512,"18":0.0892857143,"19":0.1176470588,"20":0.0710900474,"21":0.1071428571,"22":0.0,"23":0.0},"main_std":{"0":0.0252187674,"1":0.1132914217,"2":0.1576992428,"3":0.0753678857,"4":0.2188485197,"5":null,"6":0.1066463985,"7":0.1167017262,"8":0.1293452386,"9":0.0230377593,"10":0.066262105,"11":0.08985702,"12":0.1387220423,"13":0.1142340709,"14":0.0957871802,"15":0.2482332132,"16":0.1575853788,"17":0.1122855098,"18":0.055286844,"19":0.0631942719,"20":0.0786118659,"21":0.046352131,"22":0.0,"23":0.0176345043},"sentiment_std":{"0":0.4879500365,"1":0.4213643818,"2":0.4961012586,"3":0.0,"4":0.3535533906,"5":null,"6":0.4979164509,"7":0.376138146,"8":0.4185853261,"9":0.0,"10":0.3499084129,"11":0.2786932057,"12":0.4601752777,"13":0.367576141,"14":0.5073872209,"15":0.4082482905,"16":0.4957624479,"17":0.5251196039,"18":0.3943595828,"19":0.3270349701,"20":0.3080943678,"21":0.3149703942,"22":0.0,"23":0.0},"sentiment_pv":{"0":0.3345853333,"1":0.3517937442,"2":0.0021913044,"3":1.633066967e-88,"4":0.8007470611,"5":null,"6":0.0869213391,"7":0.0036361942,"8":0.4826019657,"9":1.633066967e-88,"10":0.0045088593,"11":0.0011946228,"12":0.0000055909,"13":0.2373234079,"14":0.044281244,"15":0.6738414261,"16":0.0022666456,"17":0.3257621375,"18":0.9560867136,"19":0.6541853611,"20":0.3313854292,"21":0.8043769559,"22":1.633066967e-88,"23":1.633066967e-88},"main_pv":{"0":0.0220768859,"1":0.0995947781,"2":0.0118569871,"3":0.1884804373,"4":0.4916385297,"5":null,"6":0.2599546291,"7":0.3810403333,"8":0.0522015118,"9":0.0053755558,"10":0.1133699285,"11":0.8592646515,"12":0.6965358401,"13":0.6682662583,"14":0.8454415835,"15":0.4559049151,"16":0.0119807139,"17":0.0003714114,"18":0.1840047609,"19":0.8224466625,"20":0.079384617,"21":0.0275855152,"22":7.305694728e-56,"23":0.0043303786},"count":{"0":7,"1":715,"2":1354,"3":5,"4":8,"5":1,"6":101,"7":490,"8":117,"9":25,"10":40,"11":104,"12":2192,"13":401,"14":117,"15":6,"16":1356,"17":3499,"18":56,"19":34,"20":211,"21":28,"22":3,"23":18},"nb_en":{"0":4,"1":206,"2":694,"3":1,"4":0,"5":0,"6":84,"7":129,"8":18,"9":0,"10":11,"11":21,"12":902,"13":112,"14":64,"15":0,"16":694,"17":1680,"18":18,"19":11,"20":38,"21":5,"22":1,"23":3},"nb_de":{"0":3,"1":493,"2":217,"3":4,"4":0,"5":1,"6":9,"7":10,"8":97,"9":25,"10":29,"11":81,"12":14,"13":279,"14":18,"15":6,"16":219,"17":1748,"18":32,"19":4,"20":172,"21":23,"22":2,"23":15},"nb_fr":{"0":0,"1":16,"2":443,"3":0,"4":8,"5":0,"6":8,"7":351,"8":2,"9":0,"10":0,"11":2,"12":1276,"13":10,"14":35,"15":0,"16":443,"17":71,"18":6,"19":19,"20":1,"21":0,"22":0,"23":0}}