{"canton":{"0":"NE","1":"GE","2":"GL","3":"BE","4":"SZ","5":"TG","6":"UR","7":"FR","8":"BS","9":"BL","10":"ZH","11":"VD","12":"SG","13":"GR","14":"ZG","15":"AR","16":"LU","17":"TI","18":"JU","19":"AG","20":"SH","21":"VS","22":"SO","23":"NW"},"main_mean":{"0":0.0444258922,"1":0.0207750081,"2":0.0231642475,"3":0.0153536447,"4":0.0156750372,"5":0.0081897768,"6":-0.0003999933,"7":0.0180289848,"8":0.0057075287,"9":0.0049746485,"10":0.0151970773,"11":0.0382633903,"12":0.0370328931,"13":0.0029271994,"14":0.0231642475,"15":0.0613618625,"16":0.014717754,"17":-0.0031014122,"18":-0.0005828374,"19":0.0102523017,"20":0.0245799522,"21":0.006594185,"22":0.016105997,"23":-0.0013356952},"sentiment_mean":{"0":0.1304347826,"1":0.046875,"2":0.1006097561,"3":0.054916986,"4":0.1666666667,"5":0.0,"6":0.0,"7":0.088,"8":0.0458937198,"9":0.0,"10":0.1079528273,"11":0.0634920635,"12":0.1104651163,"13":0.04,"14":0.1006097561,"15":0.2222222222,"16":0.1004366812,"17":0.0882352941,"18":0.25,"19":0.0294117647,"20":0.0,"21":0.0545454545,"22":0.0454545455,"23":0.0},"main_std":{"0":0.0938756072,"1":0.1305967544,"2":0.1517708678,"3":0.1198892679,"4":0.0333725598,"5":0.0402903017,"6":0.000565676,"7":0.103182345,"8":0.0745626586,"9":0.0155205685,"10":0.1217991433,"11":0.1382638226,"12":0.1445215692,"13":0.0543472347,"14":0.1517708678,"15":0.1204008033,"16":0.0724207481,"17":0.1122911019,"18":0.0261695469,"19":0.115309826,"20":0.1275966793,"21":0.0703855055,"22":0.0997268195,"23":0.0018889583},"sentiment_std":{"0":0.3443502216,"1":0.4554743643,"2":0.4725246733,"3":0.3551566954,"4":0.4082482905,"5":0.3086066999,"6":0.0,"7":0.4019308238,"8":0.3751610448,"9":0.0,"10":0.4648767117,"11":0.3659085943,"12":0.3659575503,"13":0.2828427125,"14":0.4725246733,"15":0.4409585518,"16":0.31546371,"17":0.5468712299,"18":0.5,"19":0.3575461572,"20":0.4714045208,"21":0.4045199175,"22":0.3750901767,"23":0.0},"sentiment_pv":{"0":0.5196729603,"1":0.0006355235,"2":0.2098030622,"3":0.0340175574,"4":0.6385353982,"5":0.2198089866,"6":6.141688455e-82,"7":0.8985038988,"8":0.0483786818,"9":6.141688455e-82,"10":0.0073183493,"11":0.3037630957,"12":0.3385790632,"13":0.2861612397,"14":0.2098030622,"15":0.3726411896,"16":0.4235475457,"17":0.9288422094,"18":0.5527908882,"19":0.133302391,"20":0.4510817787,"21":0.6004266867,"22":0.6407362654,"23":6.141688455e-82},"main_pv":{"0":0.2064491591,"1":0.5406123044,"2":0.3294652122,"3":0.4274187816,"4":0.8229674881,"5":0.2304495909,"6":3.459211779e-28,"7":0.9258115368,"8":0.0007112381,"9":0.0076801554,"10":0.1326875573,"11":0.0076257134,"12":0.1038103706,"13":0.0453716095,"14":0.3294652122,"15":0.3210885299,"16":0.3988975923,"17":0.0519541474,"18":0.2333529883,"19":0.4533315102,"20":0.848395393,"21":0.2040105258,"22":0.8969475492,"23":0.0007254106},"count":{"0":23,"1":2176,"2":1312,"3":783,"4":6,"5":22,"6":2,"7":125,"8":414,"9":13,"10":3307,"11":378,"12":172,"13":50,"14":1312,"15":9,"16":229,"17":102,"18":4,"19":102,"20":19,"21":55,"22":22,"23":2},"nb_en":{"0":8,"1":830,"2":610,"3":189,"4":2,"5":4,"6":1,"7":40,"8":112,"9":0,"10":1310,"11":97,"12":21,"13":10,"14":610,"15":0,"16":39,"17":91,"18":1,"19":15,"20":11,"21":17,"22":1,"23":0},"nb_de":{"0":2,"1":7,"2":250,"3":578,"4":4,"5":18,"6":1,"7":42,"8":291,"9":13,"10":1901,"11":7,"12":150,"13":38,"14":250,"15":9,"16":189,"17":5,"18":0,"19":85,"20":8,"21":31,"22":21,"23":2}}