{"canton":{"0":"NE","1":"GE","2":"GL","3":"BE","4":"SZ","5":"TG","6":"UR","7":"FR","8":"BS","9":"ZH","10":"SO","11":"VD","12":"SG","13":"GR","14":"ZG","15":"AR","16":"LU","17":"TI","18":"JU","19":"AG","20":"SH","21":"VS","22":"BL","23":"NW"},"main_mean":{"0":0.0648635357,"1":0.0280863974,"2":0.0282733821,"3":0.0158411243,"4":0.048995202,"5":0.0115211644,"6":-0.0438698827,"7":0.0669291078,"8":0.011116115,"9":0.018749342,"10":-0.0062891329,"11":0.0352624752,"12":0.041227711,"13":0.0111183321,"14":0.0283156514,"15":0.0003040024,"16":0.0154974905,"17":-0.000566047,"18":0.0373199491,"19":0.028023122,"20":-0.0054518699,"21":-0.0086488809,"22":0.0077740262,"23":-0.0213685719},"sentiment_mean":{"0":0.1538461538,"1":0.0562315028,"2":0.1125377644,"3":0.0586080586,"4":0.0,"5":0.1428571429,"6":0.0,"7":0.0769230769,"8":0.078125,"9":0.1444545869,"10":0.04,"11":0.0482954545,"12":0.1171171171,"13":0.0,"14":0.1127080182,"15":0.0,"16":0.0588235294,"17":0.0303030303,"18":0.0,"19":0.052173913,"20":-0.0263157895,"21":0.0227272727,"22":0.0,"23":0.0},"main_std":{"0":0.2128259044,"1":0.1446926759,"2":0.1893790851,"3":0.1075998421,"4":0.3645624192,"5":0.0161685073,"6":0.0443876629,"7":0.1434899482,"8":0.1076346903,"9":0.1381343544,"10":0.0468041438,"11":0.116601542,"12":0.1397240739,"13":0.0697450331,"14":0.1895192146,"15":0.0390808023,"16":0.0875781771,"17":0.2060001463,"18":0.0652260714,"19":0.1803142676,"20":0.0455773829,"21":0.1659378334,"22":0.0244728359,"23":0.0250287496},"sentiment_std":{"0":0.4595230001,"1":0.396275594,"2":0.5345853942,"3":0.4064659387,"4":0.755928946,"5":0.3631365196,"6":0.0,"7":0.2675001881,"8":0.3837337162,"9":0.5232682761,"10":0.1979486637,"11":0.2930148253,"12":0.4408699491,"13":0.2786932057,"14":0.5349718295,"15":0.0,"16":0.2989183778,"17":0.5517410879,"18":0.0,"19":0.4146546574,"20":0.3641861872,"21":0.3382603475,"22":0.0,"23":0.0},"sentiment_pv":{"0":0.3863442229,"1":0.0000002335,"2":0.1897732084,"3":0.0021640405,"4":0.5494499874,"5":0.6523391934,"6":6.61614756e-152,"7":0.3747152166,"8":0.2017040453,"9":0.0000001105,"10":0.0448748687,"11":0.0000212724,"12":0.5237542727,"13":0.0005618527,"14":0.1851901103,"15":6.61614756e-152,"16":0.0476689707,"17":0.1617388013,"18":6.61614756e-152,"19":0.0974920529,"20":0.004027022,"21":0.040527375,"22":6.61614756e-152,"23":6.61614756e-152},"main_pv":{"0":0.1731387481,"1":0.1629027425,"2":0.2763351596,"3":0.0180756467,"4":0.7515265536,"5":0.0135400891,"6":0.0009063751,"7":0.0009198681,"8":0.0035283762,"9":0.027590959,"10":0.0000368504,"11":0.0141352138,"12":0.0706725622,"13":0.0650972673,"14":0.2721971163,"15":0.0035914829,"16":0.1414021046,"17":0.1729364254,"18":0.40160006,"19":0.740311152,"20":0.0000004086,"21":0.0684524371,"22":0.1649020364,"23":0.0012710807},"count":{"0":52,"1":3041,"2":2648,"3":1092,"4":22,"5":14,"6":10,"7":130,"8":640,"9":4382,"10":50,"11":704,"12":222,"13":104,"14":2644,"15":28,"16":238,"17":132,"18":18,"19":230,"20":76,"21":88,"22":6,"23":8},"nb_en":{"0":22,"1":907,"2":1352,"3":358,"4":18,"5":2,"6":0,"7":8,"8":164,"9":2041,"10":2,"11":130,"12":60,"13":10,"14":1352,"15":0,"16":38,"17":110,"18":0,"19":42,"20":22,"21":22,"22":0,"23":0},"nb_de":{"0":6,"1":12,"2":520,"3":704,"4":4,"5":12,"6":10,"7":10,"8":474,"9":2235,"10":48,"11":42,"12":162,"13":94,"14":516,"15":28,"16":200,"17":18,"18":0,"19":188,"20":54,"21":48,"22":6,"23":8}}