{"canton":{"0":"UR","1":"NW","2":"BE","3":"ZG","4":"BL","5":"TI","6":"TG","7":"VD","8":"GR","9":"SG","10":"JU","11":"SH","12":"OW","13":"AG","14":"GE","15":"BS","16":"FR","17":"AR","18":"GL","19":"ZH","20":"SO","21":"NE","22":"LU","23":"AI","24":"VS","25":"SZ"},"main_mean":{"0":-0.0087681643,"1":0.0032389148,"2":0.0132815473,"3":0.0250011889,"4":0.0154657457,"5":-0.0042324513,"6":0.0025122193,"7":0.0342866167,"8":0.009504722,"9":0.0314577235,"10":0.02897385,"11":0.0057472499,"12":0.0019650132,"13":0.0242022211,"14":0.0224548312,"15":0.012991513,"16":0.0306418605,"17":0.0606777636,"18":0.0249725215,"19":0.0174794654,"20":0.010504942,"21":0.0278363783,"22":0.015933936,"23":0.0399967428,"24":0.0196342011,"25":0.0371851693},"sentiment_mean":{"0":0.0594594595,"1":0.0714285714,"2":0.0645846091,"3":0.1068953604,"4":0.044534413,"5":0.0550660793,"6":0.0116801438,"7":0.0661239079,"8":0.0281888654,"9":0.0955442252,"10":0.04743083,"11":0.0406719717,"12":0.0327868852,"13":0.0609636185,"14":0.0543408274,"15":0.0621909604,"16":0.1296813862,"17":0.1558441558,"18":0.1067411168,"19":0.1243654141,"20":0.0396578538,"21":0.1251908397,"22":0.0721017908,"23":0.125,"24":0.0852173913,"25":0.1225490196},"main_std":{"0":0.0919511162,"1":0.0420445195,"2":0.1040489653,"3":0.1694931054,"4":0.1101974048,"5":0.1518730222,"6":0.0338306009,"7":0.1399293358,"8":0.073459948,"9":0.1307693957,"10":0.151803148,"11":0.0648437723,"12":0.0329053603,"13":0.1417938739,"14":0.142886196,"15":0.1174867872,"16":0.1425762452,"17":0.168148507,"18":0.1694675488,"19":0.1242910477,"20":0.120434495,"21":0.1307670396,"22":0.0990002842,"23":0.0788650275,"24":0.1256394555,"25":0.1733893923},"sentiment_std":{"0":0.3484901123,"1":0.2590861738,"2":0.3789722335,"3":0.5116162795,"4":0.2590643064,"5":0.5379414464,"6":0.1301620706,"7":0.3630280753,"8":0.2895359419,"9":0.3795844498,"10":0.3749647075,"11":0.3340937939,"12":0.1795562228,"13":0.3713627052,"14":0.4393984749,"15":0.4125303935,"16":0.4216094132,"17":0.4136099932,"18":0.511435196,"19":0.4973342292,"20":0.3042851538,"21":0.3981131033,"22":0.3190483882,"23":0.3415650255,"24":0.4174785124,"25":0.4322941123},"sentiment_pv":{"0":0.1990148573,"1":0.4582924468,"2":4.705854138e-28,"3":0.0000000032,"4":0.0039840446,"5":0.0000940601,"6":5.134608279e-153,"7":5.850783141e-18,"8":1.915360888e-16,"9":0.5935476098,"10":0.0571584652,"11":0.0000002339,"12":0.0118382761,"13":0.0000000829,"14":1.628400854e-101,"15":9.162017904e-18,"16":0.0000001658,"17":0.0076164454,"18":0.0000000045,"19":9.346661261e-81,"20":0.0000000007,"21":0.0030825467,"22":0.0000005573,"23":0.7088471306,"24":0.4701187144,"25":0.3221406214},"main_pv":{"0":0.0000210357,"1":0.0002594643,"2":2.249093238e-26,"3":0.0000001128,"4":0.4506197346,"5":4.139018762e-20,"6":1.371034495e-117,"7":3.450408403e-31,"8":0.0000000118,"9":0.0000000521,"10":0.3907635698,"11":0.0,"12":0.0000368404,"13":0.1243310916,"14":0.0031601385,"15":0.0,"16":0.000038098,"17":0.0000405974,"18":0.0000001352,"19":0.0,"20":0.0023477565,"21":0.0510518736,"22":0.0001297848,"23":0.3448839568,"24":0.7090173598,"25":0.1778047516},"count":{"0":185,"1":84,"2":24495,"3":49207,"4":247,"5":3178,"6":2226,"7":15108,"8":1419,"9":4511,"10":253,"11":1131,"12":61,"13":4068,"14":74548,"15":14359,"16":3578,"17":308,"18":49250,"19":111687,"20":1286,"21":1310,"22":6366,"23":16,"24":1725,"25":204},"nb_en":{"0":50,"1":14,"2":6471,"3":24958,"4":30,"5":2701,"6":167,"7":3576,"8":163,"9":739,"10":65,"11":244,"12":3,"13":727,"14":26755,"15":4277,"16":1300,"17":35,"18":24959,"19":48740,"20":217,"21":474,"22":1195,"23":2,"24":533,"25":65},"nb_de":{"0":135,"1":70,"2":17424,"3":8487,"4":216,"5":239,"6":2058,"7":469,"8":1239,"9":3760,"10":6,"11":886,"12":58,"13":3313,"14":303,"15":9802,"16":749,"17":272,"18":8529,"19":60113,"20":1062,"21":114,"22":5139,"23":14,"24":864,"25":139},"nb_fr":{"0":0,"1":0,"2":600,"3":15762,"4":1,"5":238,"6":1,"7":11063,"8":17,"9":12,"10":182,"11":1,"12":0,"13":28,"14":47490,"15":280,"16":1529,"17":1,"18":15762,"19":2834,"20":7,"21":722,"22":32,"23":0,"24":328,"25":0}}