{"canton":{"0":"SG","1":"TI","2":"UR","3":"VS","4":"JU","5":"AG","6":"TG","7":"ZH","8":"VD","9":"BE","10":"GE","11":"BS","12":"GL","13":"SO","14":"LU","15":"GR","16":"NE","17":"ZG","18":"FR"},"main_mean":{"0":0.0839308049,"1":-0.0350629454,"2":0.0,"3":0.0129928041,"4":0.0,"5":0.0619030981,"6":0.0,"7":0.0262850186,"8":0.0173310469,"9":0.0271520362,"10":0.0082814338,"11":0.0072150518,"12":0.0138405328,"13":0.0,"14":0.0471424025,"15":0.0654754996,"16":-0.033333,"17":0.0138405328,"18":0.0727493371},"sentiment_mean":{"0":0.3125,"1":-0.0416666667,"2":0.6666666667,"3":0.0454545455,"4":1.0,"5":0.4166666667,"6":0.0,"7":0.2924976258,"8":0.0677966102,"9":0.2866242038,"10":0.1047227926,"11":0.1545454545,"12":0.1659451659,"13":0.25,"14":0.0434782609,"15":0.0,"16":0.5,"17":0.1659451659,"18":0.1111111111},"main_std":{"0":0.2514569559,"1":0.1544074471,"2":0.0,"3":0.1756150393,"4":null,"5":0.1877465671,"6":null,"7":0.1509428057,"8":0.1167746899,"9":0.1705427889,"10":0.193210963,"11":0.191075269,"12":0.2267520683,"13":0.0,"14":0.1183390947,"15":0.062711459,"16":0.0816488416,"17":0.2267520683,"18":0.1279991956},"sentiment_std":{"0":0.4787135539,"1":0.5441500627,"2":0.5773502692,"3":0.7222499717,"4":null,"5":0.6685579234,"6":null,"7":0.6879674223,"8":0.6120741103,"9":0.6703515669,"10":0.6814097249,"11":0.7564567772,"12":0.6756674135,"13":0.5,"14":0.5623215571,"15":1.0,"16":0.8366600265,"17":0.6756674135,"18":0.78173596},"sentiment_pv":{"0":0.355577311,"1":0.0040332043,"2":0.2948457854,"3":0.3345498481,"4":null,"5":0.2818447238,"6":null,"7":0.0000983131,"8":0.1113236996,"9":0.1072288247,"10":0.0049119639,"11":0.55375436,"12":0.2570334233,"13":0.8484900485,"14":0.2031712571,"15":0.7644190554,"16":0.4171702698,"17":0.2570334233,"18":0.74774388},"main_pv":{"0":0.3076990293,"1":0.0238721682,"2":0.0000001391,"3":0.9063041093,"4":null,"5":0.4304232504,"6":null,"7":0.1227183036,"8":0.992914107,"9":0.4903446117,"10":0.326647668,"11":0.5807705131,"12":0.6941936785,"13":0.0000001391,"14":0.2455822591,"15":0.3157173094,"16":0.1886858585,"17":0.6941936785,"18":0.2320980453},"count":{"0":16,"1":48,"2":3,"3":22,"4":1,"5":12,"6":1,"7":1053,"8":59,"9":157,"10":487,"11":110,"12":693,"13":4,"14":23,"15":3,"16":6,"17":693,"18":9},"nb_en":{"0":16,"1":48,"2":3,"3":22,"4":1,"5":12,"6":1,"7":1053,"8":59,"9":157,"10":487,"11":110,"12":693,"13":4,"14":23,"15":3,"16":6,"17":693,"18":9},"nb_de":{"0":0,"1":0,"2":0,"3":0,"4":0,"5":0,"6":0,"7":0,"8":0,"9":0,"10":0,"11":0,"12":0,"13":0,"14":0,"15":0,"16":0,"17":0,"18":0}}