{"canton":{"0":"TI","1":"UR","2":"BE","3":"ZG","4":"BL","5":"NW","6":"TG","7":"VD","8":"SG","9":"JU","10":"SH","11":"AG","12":"GE","13":"BS","14":"FR","15":"SO","16":"AR","17":"GL","18":"ZH","19":"VS","20":"NE","21":"LU","22":"GR","23":"SZ"},"main_mean":{"0":-0.000566047,"1":-0.0438698827,"2":0.0158411243,"3":0.0283156514,"4":0.0077740262,"5":-0.0213685719,"6":0.0115211644,"7":0.0352624752,"8":0.041227711,"9":0.0373199491,"10":-0.0054518699,"11":0.028023122,"12":0.0280863974,"13":0.011116115,"14":0.0669291078,"15":-0.0062891329,"16":0.0003040024,"17":0.0282733821,"18":0.018749342,"19":-0.0086488809,"20":0.0648635357,"21":0.0154974905,"22":0.0111183321,"23":0.048995202},"sentiment_mean":{"0":0.0303030303,"1":0.0,"2":0.0586080586,"3":0.1127080182,"4":0.0,"5":0.0,"6":0.1428571429,"7":0.0482954545,"8":0.1171171171,"9":0.0,"10":-0.0263157895,"11":0.052173913,"12":0.0562315028,"13":0.078125,"14":0.0769230769,"15":0.04,"16":0.0,"17":0.1125377644,"18":0.1444545869,"19":0.0227272727,"20":0.1538461538,"21":0.0588235294,"22":0.0,"23":0.0},"main_std":{"0":0.2060001463,"1":0.0443876629,"2":0.1075998421,"3":0.1895192146,"4":0.0244728359,"5":0.0250287496,"6":0.0161685073,"7":0.116601542,"8":0.1397240739,"9":0.0652260714,"10":0.0455773829,"11":0.1803142676,"12":0.1446926759,"13":0.1076346903,"14":0.1434899482,"15":0.0468041438,"16":0.0390808023,"17":0.1893790851,"18":0.1381343544,"19":0.1659378334,"20":0.2128259044,"21":0.0875781771,"22":0.0697450331,"23":0.3645624192},"sentiment_std":{"0":0.5517410879,"1":0.0,"2":0.4064659387,"3":0.5349718295,"4":0.0,"5":0.0,"6":0.3631365196,"7":0.2930148253,"8":0.4408699491,"9":0.0,"10":0.3641861872,"11":0.4146546574,"12":0.396275594,"13":0.3837337162,"14":0.2675001881,"15":0.1979486637,"16":0.0,"17":0.5345853942,"18":0.5232682761,"19":0.3382603475,"20":0.4595230001,"21":0.2989183778,"22":0.2786932057,"23":0.755928946},"sentiment_pv":{"0":0.1617388013,"1":6.61614756e-152,"2":0.0021640405,"3":0.1851901103,"4":6.61614756e-152,"5":6.61614756e-152,"6":0.6523391934,"7":0.0000212724,"8":0.5237542727,"9":6.61614756e-152,"10":0.004027022,"11":0.0974920529,"12":0.0000002335,"13":0.2017040453,"14":0.3747152166,"15":0.0448748687,"16":6.61614756e-152,"17":0.1897732084,"18":0.0000001105,"19":0.040527375,"20":0.3863442229,"21":0.0476689707,"22":0.0005618527,"23":0.5494499874},"main_pv":{"0":0.1729364254,"1":0.0009063751,"2":0.0180756467,"3":0.2721971163,"4":0.1649020364,"5":0.0012710807,"6":0.0135400891,"7":0.0141352138,"8":0.0706725622,"9":0.40160006,"10":0.0000004086,"11":0.740311152,"12":0.1629027425,"13":0.0035283762,"14":0.0009198681,"15":0.0000368504,"16":0.0035914829,"17":0.2763351596,"18":0.027590959,"19":0.0684524371,"20":0.1731387481,"21":0.1414021046,"22":0.0650972673,"23":0.7515265536},"count":{"0":132,"1":10,"2":1092,"3":2644,"4":6,"5":8,"6":14,"7":704,"8":222,"9":18,"10":76,"11":230,"12":3041,"13":640,"14":130,"15":50,"16":28,"17":2648,"18":4382,"19":88,"20":52,"21":238,"22":104,"23":22},"nb_en":{"0":110,"1":0,"2":358,"3":1352,"4":0,"5":0,"6":2,"7":130,"8":60,"9":0,"10":22,"11":42,"12":907,"13":164,"14":8,"15":2,"16":0,"17":1352,"18":2041,"19":22,"20":22,"21":38,"22":10,"23":18},"nb_de":{"0":18,"1":10,"2":704,"3":516,"4":6,"5":8,"6":12,"7":42,"8":162,"9":0,"10":54,"11":188,"12":12,"13":474,"14":10,"15":48,"16":28,"17":520,"18":2235,"19":48,"20":6,"21":200,"22":94,"23":4},"nb_fr":{"0":4,"1":0,"2":30,"3":776,"4":0,"5":0,"6":0,"7":532,"8":0,"9":18,"10":0,"11":0,"12":2122,"13":2,"14":112,"15":0,"16":0,"17":776,"18":106,"19":18,"20":24,"21":0,"22":0,"23":0}}