{"canton":{"0":"SG","1":"GL","2":"VS","3":"SZ","4":"AG","5":"TG","6":"ZH","7":"BE","8":"GE","9":"BS","10":"AR","11":"LU","12":"OW","13":"GR","14":"ZG","15":"VD","16":"SH","17":"BL","18":"TI","19":"SO","20":"NE","21":"FR"},"main_mean":{"0":-0.0005952809,"1":0.0258860168,"2":-0.0024302993,"3":0.0,"4":0.0204081551,"5":0.0,"6":0.0203454578,"7":0.0172743356,"8":0.024077603,"9":0.0058823878,"10":0.0,"11":0.0351830301,"12":0.1249984375,"13":-0.1041644098,"14":0.0258860168,"15":0.050554785,"16":-0.0217743211,"17":0.0,"18":0.0032237253,"19":-0.199980002,"20":0.0440710492,"21":0.0888854847},"sentiment_mean":{"0":0.2222222222,"1":0.192261185,"2":0.25,"3":0.0,"4":0.0476190476,"5":0.0,"6":0.2459930314,"7":0.1739130435,"8":0.1805377721,"9":0.0820895522,"10":0.0,"11":0.28125,"12":1.0,"13":-0.5,"14":0.192261185,"15":0.1775700935,"16":0.2727272727,"17":0.0,"18":0.1029411765,"19":-0.2,"20":0.5555555556,"21":0.0},"main_std":{"0":0.0778237495,"1":0.1920424558,"2":0.1166705,"3":null,"4":0.2876135396,"5":null,"6":0.138970441,"7":0.1426083353,"8":0.181655919,"9":0.1535166913,"10":null,"11":0.1703615721,"12":null,"13":0.1249971066,"14":0.1920424558,"15":0.2020322997,"16":0.0541298317,"17":null,"18":0.1361320925,"19":0.4471688786,"20":0.0671332619,"21":0.1728397984},"sentiment_std":{"0":0.5483188806,"1":0.6979999719,"2":0.6215815605,"3":null,"4":0.5895922724,"5":null,"6":0.6887036616,"7":0.654679593,"8":0.7157067281,"9":0.6494475091,"10":null,"11":0.5226714875,"12":null,"13":0.5773502692,"14":0.6979999719,"15":0.6703010322,"16":0.6466697907,"17":null,"18":0.5223284802,"19":0.4472135955,"20":0.5113099926,"21":0.0},"sentiment_pv":{"0":0.878671455,"1":0.708008931,"2":0.7948877713,"3":null,"4":0.2450689434,"5":null,"6":0.0358032017,"7":0.5680109037,"8":0.4339842098,"9":0.0370767901,"10":null,"11":0.4011277887,"12":null,"13":0.0930528259,"14":0.708008931,"15":0.7088132994,"16":0.7251684465,"17":null,"18":0.126622136,"19":0.1146875085,"20":0.0094036383,"21":9.146181599e-83},"main_pv":{"0":0.2255881622,"1":0.6517747203,"2":0.4729830624,"3":null,"4":0.971765327,"5":null,"6":0.6045094399,"7":0.6191651645,"8":0.8390694957,"9":0.2161522629,"10":null,"11":0.6814173519,"12":null,"13":0.1353621345,"14":0.6517747203,"15":0.159538959,"16":0.021833015,"17":null,"18":0.2485537456,"19":0.3279805374,"20":0.198311322,"21":0.3146548718},"count":{"0":18,"1":827,"2":12,"3":1,"4":21,"5":1,"6":1435,"7":184,"8":781,"9":134,"10":1,"11":32,"12":1,"13":4,"14":827,"15":107,"16":11,"17":1,"18":68,"19":5,"20":18,"21":8},"nb_en":{"0":18,"1":827,"2":12,"3":1,"4":21,"5":1,"6":1435,"7":184,"8":781,"9":134,"10":1,"11":32,"12":1,"13":4,"14":827,"15":107,"16":11,"17":1,"18":68,"19":5,"20":18,"21":8},"nb_de":{"0":0,"1":0,"2":0,"3":0,"4":0,"5":0,"6":0,"7":0,"8":0,"9":0,"10":0,"11":0,"12":0,"13":0,"14":0,"15":0,"16":0,"17":0,"18":0,"19":0,"20":0,"21":0}}