{"canton":{"0":"NE","1":"GE","2":"GL","3":"BE","4":"SZ","5":"TG","6":"UR","7":"FR","8":"BS","9":"BL","10":"ZH","11":"VD","12":"SG","13":"GR","14":"ZG","15":"AR","16":"LU","17":"TI","18":"JU","19":"AG","20":"SH","21":"VS","22":"AI","23":"SO","24":"NW"},"main_mean":{"0":0.0253676879,"1":0.0181597389,"2":0.0256219986,"3":0.0125415538,"4":-0.039028807,"5":0.0131840471,"6":-0.0078017856,"7":0.027818626,"8":0.0129725008,"9":-0.0246215997,"10":0.0172150756,"11":0.0299325828,"12":0.0234103337,"13":0.0140729807,"14":0.0256449053,"15":0.0382582062,"16":0.0144022459,"17":-0.054534832,"18":0.0085831629,"19":0.0166905385,"20":-0.0013113778,"21":0.0440655531,"22":-0.0030570992,"23":0.000556904,"24":0.0197248356},"sentiment_mean":{"0":0.1621621622,"1":0.0228353949,"2":0.1134564644,"3":0.0732292917,"4":0.25,"5":0.0625,"6":-0.125,"7":0.1212121212,"8":0.0502645503,"9":0.1666666667,"10":0.1181873852,"11":0.0473815461,"12":0.052238806,"13":0.1111111111,"14":0.113556338,"15":0.1428571429,"16":0.0210526316,"17":0.0303030303,"18":0.0,"19":0.0094339623,"20":0.0,"21":0.2916666667,"22":0.0,"23":0.0526315789,"24":0.0},"main_std":{"0":0.0842144356,"1":0.1326880315,"2":0.1552398354,"3":0.1021635462,"4":0.0276325273,"5":0.020496722,"6":0.0398415049,"7":0.1396830879,"8":0.1169064609,"9":0.0344607938,"10":0.1199838752,"11":0.1238472393,"12":0.1209241495,"13":0.069074088,"14":0.1553062855,"15":0.1149170089,"16":0.0886160949,"17":0.1987548309,"18":0.0838857152,"19":0.1232476819,"20":0.0511961936,"21":0.1112575428,"22":null,"23":0.2609902432,"24":null},"sentiment_std":{"0":0.3736838766,"1":0.4422390679,"2":0.5073093516,"3":0.3930480819,"4":0.5,"5":0.25,"6":0.3535533906,"7":0.4285659209,"8":0.4491222608,"9":0.4082482905,"10":0.4723210647,"11":0.3811159621,"12":0.3536525668,"13":0.3202563076,"14":0.5075216038,"15":0.377964473,"16":0.2510906314,"17":0.580972579,"18":0.0,"19":0.3778455976,"20":0.4140393356,"21":0.4643056215,"22":null,"23":0.3991456024,"24":null},"sentiment_pv":{"0":0.209519898,"1":0.0000000146,"2":0.0566778101,"3":0.4762411013,"4":0.5530019984,"5":0.7425440032,"6":0.1394164543,"7":0.3169746215,"8":0.1593206707,"9":0.6389115742,"10":0.0002384052,"11":0.0659038714,"12":0.3138301335,"13":0.6583067609,"14":0.0560530089,"15":0.6921773241,"16":0.0010465531,"17":0.4608071876,"18":2.168614954e-73,"19":0.0478090911,"20":0.2354991481,"21":0.0385347061,"22":null,"23":0.6375380796,"24":null},"main_pv":{"0":0.6424054031,"1":0.8262143096,"2":0.1576280998,"3":0.0943929771,"4":0.0242292697,"5":0.2983216616,"6":0.1007842125,"7":0.4648818018,"8":0.3394481439,"9":0.0269429772,"10":0.5065310588,"11":0.0804133417,"12":0.6660176849,"13":0.7230738862,"14":0.1565601158,"15":0.6708839333,"16":0.4978639035,"17":0.0038664828,"18":0.8908256603,"19":0.8575773598,"20":0.0250427561,"21":0.2791595026,"22":null,"23":0.668226298,"24":null},"count":{"0":37,"1":2102,"2":1137,"3":833,"4":4,"5":16,"6":8,"7":132,"8":378,"9":6,"10":3266,"11":401,"12":134,"13":27,"14":1136,"15":7,"16":190,"17":66,"18":2,"19":106,"20":36,"21":24,"22":1,"23":38,"24":1},"nb_en":{"0":14,"1":781,"2":592,"3":205,"4":1,"5":3,"6":1,"7":64,"8":132,"9":1,"10":1317,"11":93,"12":22,"13":1,"14":592,"15":0,"16":23,"17":55,"18":0,"19":19,"20":11,"21":11,"22":0,"23":11,"24":0},"nb_de":{"0":0,"1":11,"2":254,"3":603,"4":3,"5":13,"6":7,"7":32,"8":240,"9":4,"10":1881,"11":20,"12":111,"13":26,"14":253,"15":7,"16":167,"17":5,"18":0,"19":87,"20":25,"21":6,"22":1,"23":27,"24":1}}