{"canton":{"0":"TI","1":"UR","2":"BE","3":"ZG","4":"BL","5":"NW","6":"GR","7":"VD","8":"SG","9":"JU","10":"SH","11":"AG","12":"GE","13":"BS","14":"FR","15":"AR","16":"GL","17":"ZH","18":"SO","19":"NE","20":"LU","21":"AI","22":"VS","23":"SZ","24":"TG"},"main_mean":{"0":-0.0228143808,"1":0.0,"2":0.0084917165,"3":0.0329747373,"4":0.0033687339,"5":0.01999992,"6":0.0218025253,"7":0.0312588289,"8":0.0245269126,"9":0.0687687266,"10":0.0175608221,"11":0.0230248879,"12":0.0201416484,"13":0.0069838913,"14":0.0439687371,"15":0.0849811546,"16":0.0329747373,"17":0.0189892968,"18":-0.0030685607,"19":0.0548514529,"20":0.0137678804,"21":0.0238747016,"22":0.0226119612,"23":0.2668094799,"24":0.0005750655},"sentiment_mean":{"0":0.0306122449,"1":0.0,"2":0.064516129,"3":0.1264852434,"4":0.1,"5":0.5,"6":0.0491803279,"7":0.0588235294,"8":0.0724637681,"9":0.1666666667,"10":0.0731707317,"11":0.0872483221,"12":0.0773381295,"13":0.0747252747,"14":0.0595238095,"15":0.25,"16":0.1264852434,"17":0.1238695533,"18":0.0238095238,"19":0.170212766,"20":0.1061946903,"21":0.0,"22":0.0625,"23":0.3333333333,"24":0.0043859649},"main_std":{"0":0.1469355184,"1":0.0,"2":0.1006647615,"3":0.1807450242,"4":0.0150019566,"5":0.0230939184,"6":0.1313624331,"7":0.1371092018,"8":0.1420078327,"9":0.1243640028,"10":0.0535452939,"11":0.1251213433,"12":0.1436013114,"13":0.1254525284,"14":0.1308751414,"15":0.1655003068,"16":0.1807450242,"17":0.1248142518,"18":0.0834962917,"19":0.1941292068,"20":0.0669608981,"21":0.0,"22":0.0789738489,"23":0.4129952554,"24":0.0184733864},"sentiment_std":{"0":0.5054387611,"1":0.0,"2":0.3902046468,"3":0.5497698451,"4":0.3077935056,"5":0.5773502692,"6":0.2171360931,"7":0.3493071937,"8":0.3333069818,"9":0.3892494721,"10":0.2620191212,"11":0.3657543454,"12":0.4451966574,"13":0.4677952893,"14":0.35801149,"15":0.4472135955,"16":0.5497698451,"17":0.4763880599,"18":0.3462776404,"19":0.4310102629,"20":0.3489059711,"21":0.0,"22":0.4307276585,"23":0.5163977795,"24":0.0661538013},"sentiment_pv":{"0":0.0538023129,"1":7.429449775e-227,"2":0.0003693679,"3":0.0224830368,"4":0.9896061791,"5":0.2607651322,"6":0.0104490294,"7":0.0011176568,"8":0.1622363075,"9":0.570347816,"10":0.3432691828,"11":0.5239694776,"12":0.0013704961,"13":0.0981029847,"14":0.1383366042,"15":0.2023971224,"16":0.0224830368,"17":0.000321938,"18":0.0451225892,"19":0.1232709555,"20":0.7517944638,"21":7.429449775e-227,"22":0.3856311361,"23":0.3204945113,"24":2.975468495e-95},"main_pv":{"0":0.0000423138,"1":4.72886576e-113,"2":0.0000017778,"3":0.00146452,"4":0.0000360075,"5":0.9166057448,"6":0.9675743065,"7":0.0467320271,"8":0.7091830555,"9":0.2131874974,"10":0.5321323538,"11":0.8153405732,"12":0.6169092217,"13":0.0008031182,"14":0.0268023015,"15":0.1447739643,"16":0.00146452,"17":0.1801373891,"18":0.0092764299,"19":0.0976750666,"20":0.0220034086,"21":0.0063948804,"22":0.8734976451,"23":0.2051600518,"24":4.813674587e-56},"count":{"0":196,"1":2,"2":1612,"3":2609,"4":20,"5":4,"6":122,"7":782,"8":276,"9":12,"10":82,"11":298,"12":4448,"13":910,"14":168,"15":16,"16":2609,"17":7298,"18":84,"19":94,"20":452,"21":2,"22":96,"23":6,"24":456},"nb_en":{"0":162,"1":0,"2":390,"3":1418,"4":2,"5":2,"6":10,"7":186,"8":52,"9":4,"10":8,"11":64,"12":1722,"13":324,"14":42,"15":2,"16":1418,"17":3068,"18":20,"19":42,"20":78,"21":0,"22":26,"23":2,"24":22},"nb_de":{"0":18,"1":2,"2":1190,"3":516,"4":18,"5":2,"6":112,"7":28,"8":222,"9":0,"10":74,"11":232,"12":20,"13":570,"14":28,"15":14,"16":516,"17":4116,"18":64,"19":2,"20":366,"21":2,"22":46,"23":4,"24":434},"nb_fr":{"0":16,"1":0,"2":32,"3":675,"4":0,"5":0,"6":0,"7":568,"8":2,"9":8,"10":0,"11":2,"12":2706,"13":16,"14":98,"15":0,"16":675,"17":114,"18":0,"19":50,"20":8,"21":0,"22":24,"23":0,"24":0}}