{"canton":{"0":"SG","1":"TI","2":"JU","3":"SH","4":"VS","5":"UR","6":"AG","7":"TG","8":"ZH","9":"VD","10":"BE","11":"GE","12":"BS","13":"GL","14":"SO","15":"LU","16":"GR","17":"NE","18":"ZG","19":"FR"},"main_mean":{"0":0.0334503196,"1":-0.0076237413,"2":0.0,"3":0.0652373248,"4":0.0035812741,"5":0.0,"6":0.0812551909,"7":0.0,"8":0.0299324175,"9":0.0266396631,"10":0.0008252945,"11":0.0145389342,"12":0.0249982288,"13":0.0144261819,"14":0.0009214649,"15":0.022052887,"16":-0.0636357548,"17":0.0025893882,"18":0.0144261819,"19":0.0067483424},"sentiment_mean":{"0":0.0869565217,"1":0.0447761194,"2":0.0,"3":0.6666666667,"4":0.5454545455,"5":0.0,"6":0.2307692308,"7":0.0,"8":0.2512708787,"9":0.2148760331,"10":-0.0176470588,"11":0.1255924171,"12":0.2857142857,"13":0.1024967148,"14":0.0,"15":0.2285714286,"16":-0.3333333333,"17":0.2142857143,"18":0.1024967148,"19":0.3606557377},"main_std":{"0":0.1258087523,"1":0.1645353049,"2":0.0,"3":0.2006531366,"4":0.1422273144,"5":null,"6":0.3086240636,"7":0.0,"8":0.1590179469,"9":0.1913071343,"10":0.0903532779,"11":0.1618882297,"12":0.1570979714,"13":0.1685266751,"14":0.1457089842,"15":0.0723248894,"16":0.0552973086,"17":0.089150632,"18":0.1685266751,"19":0.2256242913},"sentiment_std":{"0":0.7927537436,"1":0.7268203025,"2":0.0,"3":0.8164965809,"4":0.687551651,"5":null,"6":0.8320502943,"7":0.0,"8":0.7035315173,"9":0.743937851,"10":0.6199210621,"11":0.6979781033,"12":0.7040575786,"13":0.6844179781,"14":0.8164965809,"15":0.5469549011,"16":0.5773502692,"17":0.6992932068,"18":0.6844179781,"19":0.6839295014},"sentiment_pv":{"0":0.6595257366,"1":0.1983698104,"2":2.299095146e-51,"3":0.1897277212,"4":0.0935036111,"5":null,"6":0.7675362894,"7":2.299095146e-51,"8":0.0000322065,"9":0.432022935,"10":0.0003204318,"11":0.1783205731,"12":0.1111802364,"13":0.0304132052,"14":0.4433013427,"15":0.472066229,"16":0.2762992174,"17":0.7800489449,"18":0.0304132052,"19":0.0270606603},"main_pv":{"0":0.5914943268,"1":0.1913017137,"2":0.0,"3":0.5977543941,"4":0.725271373,"5":null,"6":0.4818634758,"7":0.0,"8":0.0284467231,"9":0.6686584446,"10":0.013670653,"11":0.453530182,"12":0.7344094506,"13":0.4775069031,"14":0.6256184272,"15":0.8143990477,"16":0.1213458092,"17":0.5023852854,"18":0.4775069031,"19":0.6714725695},"count":{"0":23,"1":67,"2":2,"3":6,"4":11,"5":1,"6":13,"7":11,"8":1377,"9":121,"10":170,"11":844,"12":84,"13":761,"14":16,"15":35,"16":3,"17":14,"18":761,"19":61},"nb_en":{"0":23,"1":67,"2":2,"3":6,"4":11,"5":1,"6":13,"7":11,"8":1377,"9":121,"10":170,"11":844,"12":84,"13":761,"14":16,"15":35,"16":3,"17":14,"18":761,"19":61},"nb_de":{"0":0,"1":0,"2":0,"3":0,"4":0,"5":0,"6":0,"7":0,"8":0,"9":0,"10":0,"11":0,"12":0,"13":0,"14":0,"15":0,"16":0,"17":0,"18":0,"19":0}}