{"canton":{"0":"SG","1":"TI","2":"UR","3":"VS","4":"AG","5":"VD","6":"ZH","7":"TG","8":"BE","9":"BL","10":"GE","11":"SH","12":"AR","13":"SO","14":"LU","15":"GR","16":"NE","17":"FR","18":"BS"},"main_mean":{"0":0.2369088957,"1":0.0100217776,"2":-0.0769224852,"3":0.0730868844,"4":-0.0688644236,"5":0.0391473115,"6":0.0257226741,"7":0.0,"8":0.0427636642,"9":0.0,"10":0.0163183919,"11":0.0,"12":0.01333328,"13":0.0771341697,"14":-0.0050452207,"15":0.0516658639,"16":0.0101008979,"17":-0.0120984428,"18":-0.002965674},"sentiment_mean":{"0":0.0588235294,"1":0.0,"2":0.0,"3":0.0,"4":0.0322580645,"5":0.0305343511,"6":0.0170575693,"7":0.0,"8":0.029787234,"9":0.0,"10":0.0087124879,"11":0.0,"12":0.0,"13":0.0,"14":0.027027027,"15":0.1,"16":0.0,"17":0.0689655172,"18":0.0213903743},"main_std":{"0":0.3988346027,"1":0.1432294768,"2":null,"3":0.0930001293,"4":0.2437954968,"5":0.1508247015,"6":0.1530655936,"7":0.0,"8":0.2121031704,"9":null,"10":0.1338118226,"11":0.0,"12":0.0230939184,"13":0.2718000948,"14":0.1474741341,"15":0.1148658931,"16":0.0335008883,"17":0.0706428251,"18":0.1211419661},"sentiment_std":{"0":0.242535625,"1":0.1386750491,"2":null,"3":0.0,"4":0.179605302,"5":0.1727128029,"6":0.1591018049,"7":0.0,"8":0.1703627272,"9":null,"10":0.1354063208,"11":0.0,"12":0.0,"13":0.0,"14":0.1643989873,"15":0.316227766,"16":0.0,"17":0.2578807148,"18":0.1450702185},"sentiment_pv":{"0":0.482447959,"1":0.2346899082,"2":null,"3":0.0000000009,"4":0.6295178651,"5":0.3608532179,"6":0.9089267261,"7":0.0000000009,"8":0.2455948667,"9":null,"10":0.1198261656,"11":0.0000000009,"12":0.0000000009,"13":0.0000000009,"14":0.7001066058,"15":0.4253693613,"16":0.0000000009,"17":0.2831181327,"18":0.6542976729},"main_pv":{"0":0.0413227595,"1":0.392516871,"2":null,"3":0.1006830006,"4":0.0464228199,"5":0.2108720878,"6":0.4766785006,"7":2.316852967e-16,"8":0.1466773369,"9":null,"10":0.2326117837,"11":2.316852967e-16,"12":0.5752414175,"13":0.4038136991,"14":0.2705537212,"15":0.4397895993,"16":0.2691287607,"17":0.0155156652,"18":0.0070021262},"count":{"0":17,"1":105,"2":1,"3":11,"4":31,"5":131,"6":1407,"7":4,"8":235,"9":1,"10":1033,"11":5,"12":3,"13":18,"14":37,"15":10,"16":11,"17":29,"18":187},"nb_en":{"0":17,"1":105,"2":1,"3":11,"4":31,"5":131,"6":1407,"7":4,"8":235,"9":1,"10":1033,"11":5,"12":3,"13":18,"14":37,"15":10,"16":11,"17":29,"18":187},"nb_de":{"0":0,"1":0,"2":0,"3":0,"4":0,"5":0,"6":0,"7":0,"8":0,"9":0,"10":0,"11":0,"12":0,"13":0,"14":0,"15":0,"16":0,"17":0,"18":0}}