{"canton":{"0":"UR","1":"NW","2":"BE","3":"BL","4":"TI","5":"GR","6":"VD","7":"SG","8":"JU","9":"SH","10":"OW","11":"AG","12":"GE","13":"BS","14":"FR","15":"AR","16":"GL","17":"ZH","18":"SO","19":"NE","20":"LU","21":"AI","22":"VS","23":"SZ","24":"TG"},"main_mean":{"0":-0.0070805548,"1":-0.0049456436,"2":0.0097075102,"3":0.0004057119,"4":0.0053819696,"5":0.0057632532,"6":0.0184716812,"7":0.0318295725,"8":0.0117475701,"9":0.0033936945,"10":0.0282132528,"11":0.0322670527,"12":0.0264953346,"13":0.0076679939,"14":0.029206441,"15":0.0114801122,"16":0.0156498696,"17":0.0105087359,"18":-0.0059925617,"19":0.0039313854,"20":0.0094060086,"21":0.0,"22":0.0220982077,"23":0.0145751603,"24":-0.0069907136},"sentiment_mean":{"0":0.0,"1":0.0,"2":0.0160891089,"3":0.0,"4":0.0105820106,"5":0.0185185185,"6":0.0201900238,"7":0.0648648649,"8":0.0,"9":0.0,"10":0.2857142857,"11":0.067114094,"12":0.0097541943,"13":0.0241187384,"14":0.0267857143,"15":0.0,"16":0.0,"17":0.017654809,"18":0.1052631579,"19":0.0,"20":0.0181818182,"21":0.0,"22":0.0,"23":0.0,"24":0.0},"main_std":{"0":0.0261143002,"1":0.0110587954,"2":0.1054208311,"3":0.001386147,"4":0.1240743804,"5":0.0333586345,"6":0.1398485037,"7":0.1439799034,"8":0.0426912987,"9":0.0205140987,"10":0.0573449431,"11":0.143616178,"12":0.1546231355,"13":0.0913633703,"14":0.1412227359,"15":0.0725334218,"16":0.0221322578,"17":0.1120441778,"18":0.1631717637,"19":0.0996901776,"20":0.0458466078,"21":null,"22":0.099226384,"23":0.0213955564,"24":0.0354596884},"sentiment_std":{"0":0.0,"1":0.0,"2":0.160508955,"3":0.0,"4":0.1025949477,"5":0.1360827635,"6":0.1567231691,"7":0.3232109758,"8":0.0,"9":0.0,"10":0.4879500365,"11":0.2510634013,"12":0.1197775474,"13":0.1652218088,"14":0.1621822703,"15":0.0,"16":0.0,"17":0.1555654639,"18":0.3110117478,"19":0.0,"20":0.1340152554,"21":null,"22":0.0,"23":0.0,"24":0.0},"sentiment_pv":{"0":9.47216639e-30,"1":9.47216639e-30,"2":0.7962576501,"3":9.47216639e-30,"4":0.3581526064,"5":0.9608177727,"6":0.645090051,"7":0.0486457671,"8":9.47216639e-30,"9":9.47216639e-30,"10":0.1962468513,"11":0.0176013426,"12":0.0055385979,"13":0.3712241656,"14":0.5521775903,"15":9.47216639e-30,"16":9.47216639e-30,"17":0.9855913789,"18":0.0907474497,"19":9.47216639e-30,"20":0.9561721783,"21":null,"22":9.47216639e-30,"23":9.47216639e-30,"24":9.47216639e-30},"main_pv":{"0":0.0007434374,"1":0.0118823518,"2":0.1225523316,"3":1.706027101e-32,"4":0.2559515804,"5":0.0378691678,"6":0.5873623906,"7":0.1335612834,"8":0.7623010809,"9":0.0000018036,"10":0.5871333642,"11":0.1652435459,"12":0.0011917515,"13":0.0506202939,"14":0.3181638836,"15":0.8810010835,"16":0.9952768114,"17":0.0178273801,"18":0.4168430583,"19":0.3802794013,"20":0.0946974333,"21":null,"22":0.6274817533,"23":0.8596234214,"24":0.0084992588},"count":{"0":21,"1":5,"2":808,"3":41,"4":189,"5":54,"6":842,"7":185,"8":11,"9":91,"10":7,"11":149,"12":2563,"13":539,"14":112,"15":7,"16":2,"17":3795,"18":38,"19":56,"20":165,"21":1,"22":59,"23":11,"24":21},"nb_en":{"0":2,"1":0,"2":214,"3":0,"4":100,"5":7,"6":117,"7":19,"8":1,"9":5,"10":2,"11":19,"12":987,"13":117,"14":12,"15":2,"16":0,"17":1710,"18":6,"19":16,"20":35,"21":0,"22":15,"23":1,"24":1},"nb_de":{"0":19,"1":5,"2":553,"3":41,"4":1,"5":47,"6":26,"7":166,"8":0,"9":86,"10":5,"11":130,"12":12,"13":413,"14":33,"15":5,"16":2,"17":2027,"18":32,"19":0,"20":130,"21":1,"22":33,"23":10,"24":20},"nb_fr":{"0":0,"1":0,"2":41,"3":0,"4":88,"5":0,"6":699,"7":0,"8":10,"9":0,"10":0,"11":0,"12":1564,"13":9,"14":67,"15":0,"16":0,"17":58,"18":0,"19":40,"20":0,"21":0,"22":11,"23":0,"24":0}}