{"canton":{"0":"VD","1":"SG","2":"TI","3":"VS","4":"SO","5":"AG","6":"TG","7":"ZH","8":"SH","9":"BE","10":"BL","11":"GE","12":"BS","13":"AR","14":"SZ","15":"LU","16":"GR","17":"NE","18":"FR"},"main_mean":{"0":0.0230213523,"1":0.0420678927,"2":-0.0070136854,"3":0.0309115759,"4":0.03841374,"5":0.0621903809,"6":-0.0227270661,"7":0.0183584138,"8":-0.0039681768,"9":-0.005470771,"10":0.0,"11":0.0137027192,"12":0.0109370751,"13":0.0588231834,"14":0.0095235556,"15":0.0337503571,"16":0.0,"17":0.0045350322,"18":0.0190169768},"sentiment_mean":{"0":0.0098039216,"1":0.1363636364,"2":-0.012195122,"3":0.0,"4":0.0,"5":0.037037037,"6":0.0,"7":0.0140161725,"8":0.0,"9":0.0,"10":0.0,"11":0.0023310023,"12":0.0072463768,"13":0.0,"14":0.0,"15":0.0169491525,"16":0.0,"17":0.0,"18":0.0526315789},"main_std":{"0":0.1627994732,"1":0.11662543,"2":0.0860674972,"3":0.1072234071,"4":0.3659472739,"5":0.2336885659,"6":0.0454541322,"7":0.1253186524,"8":0.0565383474,"9":0.1130181057,"10":null,"11":0.1325863201,"12":0.1263147658,"13":null,"14":0.0786784226,"15":0.157422147,"16":0.0,"17":0.0737213439,"18":0.1780054983},"sentiment_std":{"0":0.1720636561,"1":0.3512500867,"2":0.1104315261,"3":0.0,"4":0.0,"5":0.1924500897,"6":0.0,"7":0.1346928655,"8":0.0,"9":0.0964485644,"10":null,"11":0.0682788742,"12":0.0851256531,"13":null,"14":0.0,"15":0.130188911,"16":0.0,"17":0.0,"18":0.2294157339},"sentiment_pv":{"0":0.9832286792,"1":0.1068601327,"2":0.074147283,"3":0.0000009178,"4":0.0000009178,"5":0.4752475322,"6":0.0000009178,"7":0.3044186229,"8":0.0000009178,"9":0.1407625085,"10":null,"11":0.0119821758,"12":0.6989811278,"13":null,"14":0.0000009178,"15":0.6925708955,"16":0.0000009178,"17":0.0000009178,"18":0.4306002301},"main_pv":{"0":0.6542989088,"1":0.3029169854,"2":0.0221306826,"3":0.5353235305,"4":0.8136704699,"5":0.3114559974,"6":0.1891686761,"7":0.4702092964,"8":0.3942275286,"9":0.0086449415,"10":null,"11":0.6901088312,"12":0.6641642166,"13":null,"14":0.8423468225,"15":0.3851380741,"16":0.0,"17":0.7028951634,"18":0.9365139145},"count":{"0":102,"1":22,"2":82,"3":20,"4":15,"5":27,"6":4,"7":1855,"8":7,"9":216,"10":1,"11":858,"12":138,"13":1,"14":7,"15":59,"16":3,"17":7,"18":19},"nb_en":{"0":102,"1":22,"2":82,"3":20,"4":15,"5":27,"6":4,"7":1855,"8":7,"9":216,"10":1,"11":858,"12":138,"13":1,"14":7,"15":59,"16":3,"17":7,"18":19},"nb_de":{"0":0,"1":0,"2":0,"3":0,"4":0,"5":0,"6":0,"7":0,"8":0,"9":0,"10":0,"11":0,"12":0,"13":0,"14":0,"15":0,"16":0,"17":0,"18":0}}