{"canton":{"0":"UR","1":"AG","2":"GR","3":"BE","4":"BL","5":"GE","6":"BS","7":"FR","8":"TG","9":"TI","10":"AR","11":"GL","12":"ZH","13":"VS","14":"NE","15":"LU","16":"JU","17":"VD","18":"SO","19":"SH","20":"SG"},"main_mean":{"0":0.000799984,"1":0.0281144297,"2":-0.0390479381,"3":0.006995425,"4":0.0087149809,"5":0.015016224,"6":0.0109284703,"7":0.0150265302,"8":0.0480347884,"9":0.0361907814,"10":0.0154637177,"11":0.0,"12":0.0149115239,"13":-0.0079526913,"14":0.0417258327,"15":0.0277401255,"16":0.0298192297,"17":0.0054669345,"18":-0.0325979345,"19":0.0117753545,"20":0.0321074917},"sentiment_mean":{"0":0.0,"1":0.0408163265,"2":-0.1428571429,"3":0.0273972603,"4":0.0,"5":0.0062992126,"6":0.0314136126,"7":0.0,"8":0.1,"9":0.0119047619,"10":0.0,"11":0.0,"12":0.0249343832,"13":0.0,"14":0.0,"15":0.0476190476,"16":0.0,"17":-0.003021148,"18":0.0,"19":0.0833333333,"20":0.0675675676},"main_std":{"0":0.0011313482,"1":0.098888867,"2":0.093185211,"3":0.0887770278,"4":0.024676236,"5":0.1449454908,"6":0.0750640235,"7":0.0779792186,"8":0.1252293581,"9":0.0994155146,"10":0.0152423549,"11":null,"12":0.1181162236,"13":0.1522602329,"14":0.1866248691,"15":0.0724052568,"16":0.0948128016,"17":0.1587553488,"18":0.1255145063,"19":0.060028781,"20":0.1427404131},"sentiment_std":{"0":0.0,"1":0.1999149479,"2":0.377964473,"3":0.1635182548,"4":0.0,"5":0.1121099536,"6":0.1748912192,"7":0.0,"8":0.316227766,"9":0.1091089451,"10":0.0,"11":null,"12":0.1559763553,"13":0.0,"14":0.0,"15":0.2146693954,"16":0.0,"17":0.0952982376,"18":0.0,"19":0.2793101939,"20":0.3444702536},"sentiment_pv":{"0":0.0,"1":0.4340583093,"2":0.3026316794,"3":0.3519171413,"4":0.0,"5":0.0024114778,"6":0.3062582903,"7":0.0,"8":0.4346492438,"9":0.6043990817,"10":0.0,"11":null,"12":0.1468959474,"13":0.0,"14":0.0,"15":0.2828506028,"16":0.0,"17":0.0002405842,"18":0.0,"19":0.1134899613,"20":0.2224692282},"main_pv":{"0":0.0000000719,"1":0.3363304097,"2":0.1811541589,"3":0.1918375695,"4":0.4171221719,"5":0.8682627863,"6":0.5643410796,"7":0.9517122878,"8":0.4163764483,"9":0.0498566269,"10":0.9054716152,"11":null,"12":0.8582948564,"13":0.5685716128,"14":0.5297651309,"15":0.1534916296,"16":0.764534867,"17":0.3261152379,"18":0.1120298059,"19":0.7804485927,"20":0.2890951403},"count":{"0":2,"1":49,"2":7,"3":292,"4":15,"5":1270,"6":191,"7":40,"8":10,"9":84,"10":3,"11":1,"12":1524,"13":16,"14":19,"15":63,"16":4,"17":331,"18":20,"19":48,"20":74},"nb_en":{"0":0,"1":7,"2":0,"3":81,"4":1,"5":449,"6":43,"7":9,"8":2,"9":31,"10":1,"11":0,"12":725,"13":8,"14":5,"15":16,"16":1,"17":48,"18":5,"19":5,"20":11},"nb_de":{"0":2,"1":42,"2":7,"3":195,"4":14,"5":10,"6":144,"7":8,"8":8,"9":2,"10":2,"11":1,"12":764,"13":6,"14":1,"15":47,"16":1,"17":5,"18":15,"19":43,"20":63},"nb_fr":{"0":0,"1":0,"2":0,"3":16,"4":0,"5":811,"6":4,"7":23,"8":0,"9":51,"10":0,"11":0,"12":35,"13":2,"14":13,"15":0,"16":2,"17":278,"18":0,"19":0,"20":0}}