{"canton":{"0":"NE","1":"GE","2":"TG","3":"BE","4":"SZ","5":"JU","6":"SO","7":"UR","8":"FR","9":"BS","10":"ZH","11":"OW","12":"VD","13":"SG","14":"GR","15":"AR","16":"LU","17":"TI","18":"GL","19":"AG","20":"SH","21":"VS","22":"AI","23":"BL","24":"NW"},"main_mean":{"0":0.0049755699,"1":0.0226060275,"2":0.005512198,"3":0.0022437532,"4":0.0061412516,"5":0.0987398204,"6":0.0218866031,"7":0.0067187944,"8":0.0234215603,"9":0.0122650223,"10":0.0159981969,"11":-0.0083655531,"12":0.0169446306,"13":0.0466205453,"14":0.0158778206,"15":0.0688283318,"16":0.0094588102,"17":-0.0026385608,"18":0.0306891402,"19":0.0217050995,"20":0.0109900551,"21":0.0194699861,"22":0.0002499969,"23":0.0023900227,"24":-0.0064730271},"sentiment_mean":{"0":0.0,"1":0.0097747556,"2":0.0,"3":0.0091984231,"4":0.0,"5":0.25,"6":0.0,"7":0.0,"8":0.0296296296,"9":0.0295420975,"10":0.0223599138,"11":0.0,"12":0.0149006623,"13":0.1142857143,"14":0.1351351351,"15":0.0,"16":0.0199004975,"17":-0.0067567568,"18":0.0,"19":0.0142857143,"20":0.0481927711,"21":0.0,"22":0.0,"23":-0.0256410256,"24":0.0},"main_std":{"0":0.0725639192,"1":0.1377349304,"2":0.0446266978,"3":0.0835032604,"4":0.0611246123,"5":0.1467440288,"6":0.2091254202,"7":0.0226160678,"8":0.1313107435,"9":0.083358178,"10":0.1099898846,"11":0.0103885885,"12":0.1140170138,"13":0.1343861922,"14":0.1185392145,"15":0.1232770788,"16":0.091469801,"17":0.0684512274,"18":0.0202139816,"19":0.1181417295,"20":0.0580861979,"21":0.0860471909,"22":0.000353549,"23":0.0668327792,"24":0.0091542428},"sentiment_std":{"0":0.0,"1":0.1316677118,"2":0.0,"3":0.1084314666,"4":0.0,"5":0.4629100499,"6":0.0,"7":0.0,"8":0.1701948287,"9":0.1694454846,"10":0.1601199759,"11":0.0,"12":0.1342375684,"13":0.3410882771,"14":0.3465834966,"15":0.0,"16":0.1400071071,"17":0.0821994937,"18":0.0,"19":0.1690308509,"20":0.2154753372,"21":0.0,"22":0.0,"23":0.1601281538,"24":0.0},"sentiment_pv":{"0":6.373932626e-33,"1":0.0027542156,"2":6.373932626e-33,"3":0.0184493962,"4":6.373932626e-33,"5":0.2013698403,"6":6.373932626e-33,"7":6.373932626e-33,"8":0.4809505826,"9":0.1240440802,"10":0.3070638529,"11":6.373932626e-33,"12":0.4486026306,"13":0.0012561062,"14":0.0493963666,"15":6.373932626e-33,"16":0.9455285872,"17":0.0002536809,"18":6.373932626e-33,"19":0.7321172727,"20":0.2250452685,"21":6.373932626e-33,"22":6.373932626e-33,"23":0.0888245313,"24":6.373932626e-33},"main_pv":{"0":0.4639094714,"1":0.0493166455,"2":0.2515848883,"3":0.0000121476,"4":0.5853710401,"5":0.1572179199,"6":0.8649379248,"7":0.3876935971,"8":0.5463517344,"9":0.210479394,"10":0.799028753,"11":0.0146565242,"12":0.9342261754,"13":0.0093954556,"14":0.9727589825,"15":0.1900284263,"16":0.2810679561,"17":0.001056039,"18":0.5027293186,"19":0.608929549,"20":0.3937588892,"21":0.8197247356,"22":2.179842192e-35,"23":0.1962282053,"24":0.1643701316},"count":{"0":22,"1":2353,"2":23,"3":761,"4":11,"5":8,"6":45,"7":5,"8":135,"9":677,"10":3712,"11":4,"12":604,"13":140,"14":37,"15":11,"16":201,"17":148,"18":2,"19":140,"20":83,"21":46,"22":2,"23":39,"24":2},"nb_en":{"0":7,"1":858,"2":4,"3":216,"4":7,"5":0,"6":15,"7":0,"8":19,"9":138,"10":1855,"11":0,"12":102,"13":22,"14":3,"15":1,"16":59,"17":82,"18":0,"19":27,"20":7,"21":20,"22":0,"23":1,"24":0},"nb_de":{"0":4,"1":16,"2":19,"3":514,"4":4,"5":0,"6":30,"7":5,"8":56,"9":520,"10":1789,"11":4,"12":7,"13":116,"14":33,"15":10,"16":141,"17":5,"18":2,"19":113,"20":76,"21":19,"22":2,"23":38,"24":2}}