{"canton":{"0":"TI","1":"UR","2":"BE","3":"BL","4":"NW","5":"TG","6":"VD","7":"SG","8":"GR","9":"SH","10":"OW","11":"AG","12":"GE","13":"BS","14":"FR","15":"AR","16":"GL","17":"ZH","18":"SO","19":"NE","20":"LU","21":"VS","22":"SZ"},"main_mean":{"0":0.00571726,"1":0.000199998,"2":0.0106986412,"3":-0.0005413912,"4":-0.0001428542,"5":-0.0006132774,"6":0.0056561318,"7":0.0757079389,"8":0.0192068402,"9":0.0100373199,"10":-0.005731619,"11":0.0007058784,"12":0.023570462,"13":0.0104372911,"14":0.0358012752,"15":-0.142840818,"16":0.0049813388,"17":0.021761907,"18":0.006418966,"19":0.04870199,"20":0.0213842494,"21":0.0184058335,"22":0.0},"sentiment_mean":{"0":0.0081967213,"1":0.0,"2":0.0165975104,"3":0.0,"4":0.0,"5":0.0,"6":0.0038610039,"7":0.16,"8":0.0344827586,"9":0.0317460317,"10":0.0,"11":0.0149253731,"12":0.0067385445,"13":0.0212765957,"14":0.0256410256,"15":0.0,"16":0.0,"17":0.0335097002,"18":-0.03125,"19":0.0,"20":0.0347826087,"21":0.0147058824,"22":0.0},"main_std":{"0":0.1943803956,"1":0.0002828399,"2":0.1340527556,"3":0.007987069,"4":0.0007677062,"5":0.0496054373,"6":0.1232497229,"7":0.2112214794,"8":0.1147965511,"9":0.033974342,"10":0.0130410446,"11":0.0797282069,"12":0.1477233883,"13":0.1044741825,"14":0.1469894891,"15":0.4237420476,"16":0.0109342363,"17":0.1202009294,"18":0.1270157247,"19":0.1167849292,"20":0.1161043272,"21":0.0835749442,"22":null},"sentiment_std":{"0":0.157243909,"1":0.0,"2":0.1697939311,"3":0.0,"4":0.0,"5":0.0,"6":0.087874955,"7":0.4026756151,"8":0.1856953382,"9":0.1767314318,"10":0.0,"11":0.1221694444,"12":0.1322220159,"13":0.1444971717,"14":0.1587417368,"15":0.0,"16":0.0,"17":0.1848392079,"18":0.1767766953,"19":0.0,"20":0.1840306412,"21":0.1212678125,"22":null},"sentiment_pv":{"0":0.3544597541,"1":3.314859722e-26,"2":0.5349569585,"3":3.314859722e-26,"4":3.314859722e-26,"5":3.314859722e-26,"6":0.0000539437,"7":0.0000451099,"8":0.7111469877,"9":0.6502975118,"10":3.314859722e-26,"11":0.6609170508,"12":0.0000186085,"13":0.9706051998,"14":0.783500454,"15":3.314859722e-26,"16":3.314859722e-26,"17":0.0063909073,"18":0.1016720334,"19":3.314859722e-26,"20":0.4457458581,"21":0.6456634862,"22":null},"main_pv":{"0":0.4136586635,"1":5.045041507e-33,"2":0.1328261448,"3":0.0,"4":1.057632465e-20,"5":0.1579216397,"6":0.0103071136,"7":0.0016559587,"8":0.9627308091,"9":0.0291521868,"10":0.0091907371,"11":0.0522074157,"12":0.3423566987,"13":0.0832084326,"14":0.2570923121,"15":0.3891949777,"16":0.1290452315,"17":0.6071478611,"18":0.5444387579,"19":0.1719818004,"20":0.9151233577,"21":0.8606454649,"22":null},"count":{"0":122,"1":2,"2":482,"3":27,"4":2,"5":13,"6":518,"7":150,"8":29,"9":63,"10":5,"11":67,"12":2226,"13":376,"14":117,"15":6,"16":3,"17":2268,"18":32,"19":33,"20":115,"21":68,"22":1},"nb_en":{"0":51,"1":1,"2":160,"3":0,"4":0,"5":1,"6":76,"7":16,"8":4,"9":3,"10":0,"11":16,"12":683,"13":95,"14":16,"15":3,"16":0,"17":942,"18":5,"19":7,"20":25,"21":32,"22":1},"nb_de":{"0":3,"1":1,"2":296,"3":27,"4":2,"5":12,"6":12,"7":134,"8":25,"9":60,"10":5,"11":51,"12":7,"13":273,"14":23,"15":3,"16":3,"17":1295,"18":27,"19":0,"20":90,"21":20,"22":0},"nb_fr":{"0":68,"1":0,"2":26,"3":0,"4":0,"5":0,"6":430,"7":0,"8":0,"9":0,"10":0,"11":0,"12":1536,"13":8,"14":78,"15":0,"16":0,"17":31,"18":0,"19":26,"20":0,"21":16,"22":0}}