{"canton":{"0":"UR","1":"AG","2":"BE","3":"BL","4":"GE","5":"BS","6":"FR","7":"TG","8":"TI","9":"AR","10":"VD","11":"VS","12":"ZH","13":"LU","14":"GR","15":"SG","16":"SO","17":"SH","18":"SZ","19":"JU","20":"NE"},"main_mean":{"0":-0.0041221076,"1":-0.0094022361,"2":0.0137742542,"3":0.0328185294,"4":0.0354869541,"5":0.0182736389,"6":0.0030822233,"7":0.0210556102,"8":0.001552686,"9":0.0714280612,"10":0.0114197088,"11":-0.0078823735,"12":0.0178921824,"13":0.0130542207,"14":0.0252406658,"15":0.0267622808,"16":0.0905105135,"17":0.0270846252,"18":0.0,"19":0.0348997673,"20":-0.0242808172},"sentiment_mean":{"0":0.0,"1":0.0,"2":0.0262172285,"3":0.0526315789,"4":0.0103448276,"5":0.043902439,"6":0.0363636364,"7":0.0,"8":0.0,"9":0.0,"10":0.0051282051,"11":0.0,"12":0.0149875104,"13":0.0363636364,"14":0.0,"15":0.0,"16":0.1111111111,"17":0.0588235294,"18":0.0,"19":0.0,"20":0.0},"main_std":{"0":0.0239965271,"1":0.0969660812,"2":0.1170428311,"3":0.1309160677,"4":0.1504507894,"5":0.1204729799,"6":0.1080832791,"7":0.0414607427,"8":0.1356992609,"9":null,"10":0.1529772477,"11":0.2533666569,"12":0.1313283905,"13":0.1023018609,"14":0.0350878908,"15":0.1117931097,"16":0.2556723367,"17":0.0884821119,"18":null,"19":0.0493557243,"20":0.1441029998},"sentiment_std":{"0":0.0,"1":0.0,"2":0.1600807996,"3":0.2294157339,"4":0.1241914734,"5":0.205379587,"6":0.1889185954,"7":0.0,"8":0.0,"9":null,"10":0.0716114874,"11":0.0,"12":0.1406242772,"13":0.1889185954,"14":0.0,"15":0.0,"16":0.3233808334,"17":0.2388325736,"18":null,"19":0.0,"20":0.0},"sentiment_pv":{"0":0.0,"1":0.0,"2":0.3284187049,"3":0.499743234,"4":0.1689007279,"5":0.0594376776,"6":0.4373434716,"7":0.0,"8":0.0,"9":null,"10":0.0483786604,"11":0.0,"12":0.7731079756,"13":0.4373434716,"14":0.0,"15":0.0,"16":0.2308221367,"17":0.3080008884,"18":null,"19":0.0,"20":0.0},"main_pv":{"0":0.0162158133,"1":0.0345580751,"2":0.2485605989,"3":0.7356382862,"4":0.0094937335,"5":0.6298636463,"6":0.1939164081,"7":0.9362533721,"8":0.1962077462,"9":null,"10":0.3242995145,"11":0.6178307811,"12":0.3028768894,"13":0.5028575238,"14":0.7957840528,"15":0.8213219251,"16":0.2749918435,"17":0.7665663758,"18":null,"19":0.782542951,"20":0.2300326884},"count":{"0":8,"1":45,"2":267,"3":19,"4":1160,"5":205,"6":55,"7":6,"8":73,"9":1,"10":195,"11":18,"12":1201,"13":55,"14":12,"15":36,"16":18,"17":34,"18":1,"19":2,"20":15},"nb_en":{"0":1,"1":10,"2":96,"3":1,"4":385,"5":75,"6":11,"7":1,"8":23,"9":1,"10":35,"11":9,"12":677,"13":18,"14":2,"15":6,"16":3,"17":1,"18":0,"19":0,"20":4},"nb_de":{"0":7,"1":35,"2":159,"3":18,"4":1,"5":120,"6":7,"7":5,"8":4,"9":0,"10":6,"11":4,"12":500,"13":37,"14":10,"15":30,"16":15,"17":33,"18":1,"19":0,"20":3},"nb_fr":{"0":0,"1":0,"2":12,"3":0,"4":774,"5":10,"6":37,"7":0,"8":46,"9":0,"10":154,"11":5,"12":24,"13":0,"14":0,"15":0,"16":0,"17":0,"18":0,"19":2,"20":8}}