{"canton":{"0":"VD","1":"SG","2":"TI","3":"JU","4":"VS","5":"AG","6":"TG","7":"ZH","8":"SH","9":"BE","10":"BL","11":"GE","12":"BS","13":"AR","14":"SO","15":"LU","16":"NE","17":"FR"},"main_mean":{"0":0.005040318,"1":0.039719695,"2":0.018557272,"3":0.0,"4":-0.0104142797,"5":0.0367960219,"6":0.0,"7":0.0205540146,"8":0.0047617574,"9":0.0048537666,"10":0.0909082645,"11":-0.0020125415,"12":0.0042643734,"13":0.0,"14":-0.1799956223,"15":0.0756397665,"16":0.0,"17":0.0073259597},"sentiment_mean":{"0":0.0208333333,"1":0.0,"2":0.0,"3":0.0,"4":0.0,"5":0.0,"6":0.0,"7":0.0206896552,"8":0.0,"9":0.0,"10":0.0,"11":0.0022271715,"12":0.023255814,"13":0.0,"14":0.0,"15":0.0625,"16":0.0,"17":0.0},"main_std":{"0":0.2199036392,"1":0.070824332,"2":0.1256863624,"3":null,"4":0.2201890855,"5":0.0665376257,"6":0.0,"7":0.1452681603,"8":0.1096255677,"9":0.1043384155,"10":null,"11":0.1449656992,"12":0.0753666978,"13":null,"14":0.1849878617,"15":0.1005282551,"16":0.1010138114,"17":0.056835193},"sentiment_std":{"0":0.1443375673,"1":0.0,"2":0.0,"3":null,"4":0.0,"5":0.0,"6":0.0,"7":0.1424414931,"8":0.0,"9":0.0,"10":null,"11":0.0818013277,"12":0.1524985703,"13":null,"14":0.0,"15":0.25,"16":0.0,"17":0.0},"sentiment_pv":{"0":0.7159251981,"1":0.0000323342,"2":0.0000323342,"3":null,"4":0.0000323342,"5":0.0000323342,"6":0.0000323342,"7":0.2191153257,"8":0.0000323342,"9":0.0000323342,"10":null,"11":0.0289285731,"12":0.6679899466,"13":null,"14":0.0000323342,"15":0.4423122572,"16":0.0000323342,"17":0.0000323342},"main_pv":{"0":0.8433479154,"1":0.2189675035,"2":0.7562339382,"3":null,"4":0.7877053184,"5":0.3547475805,"6":0.0025659647,"7":0.164108566,"8":0.8991963022,"9":0.5930276235,"10":null,"11":0.086619538,"12":0.5583366478,"13":null,"14":0.0816681852,"15":0.022613632,"16":0.8138196073,"17":0.838206909},"count":{"0":48,"1":11,"2":31,"3":1,"4":8,"5":7,"6":2,"7":725,"8":5,"9":81,"10":1,"11":449,"12":43,"13":1,"14":5,"15":16,"16":5,"17":9},"nb_en":{"0":48,"1":11,"2":31,"3":1,"4":8,"5":7,"6":2,"7":725,"8":5,"9":81,"10":1,"11":449,"12":43,"13":1,"14":5,"15":16,"16":5,"17":9},"nb_de":{"0":0,"1":0,"2":0,"3":0,"4":0,"5":0,"6":0,"7":0,"8":0,"9":0,"10":0,"11":0,"12":0,"13":0,"14":0,"15":0,"16":0,"17":0}}