{"canton":{"0":"SG","1":"JU","2":"VS","3":"UR","4":"AG","5":"VD","6":"ZH","7":"TG","8":"BE","9":"BL","10":"GE","11":"BS","12":"TI","13":"SO","14":"LU","15":"GR","16":"NE","17":"FR"},"main_mean":{"0":0.0797690188,"1":0.0769224852,"2":0.0249437978,"3":-0.1999960001,"4":-0.0384282793,"5":0.0504420314,"6":0.0304638262,"7":0.0,"8":0.0072192425,"9":-0.0357140306,"10":0.020679949,"11":0.0167062712,"12":-0.0058454655,"13":0.0,"14":0.0846981926,"15":0.0833316469,"16":-0.1428551021,"17":-0.0362224918},"sentiment_mean":{"0":0.1111111111,"1":0.0,"2":0.0454545455,"3":0.0,"4":0.0204081633,"5":0.0344827586,"6":0.0362225097,"7":0.0,"8":0.0,"9":0.0,"10":0.008,"11":0.0096153846,"12":0.0,"13":0.0,"14":0.0666666667,"15":0.1428571429,"16":0.0,"17":0.0},"main_std":{"0":0.3565377763,"1":null,"2":0.2114802813,"3":null,"4":0.0916757473,"5":0.2252533923,"6":0.1807157636,"7":null,"8":0.1082560159,"9":0.0505072665,"10":0.1456634031,"11":0.1186842054,"12":0.0821753255,"13":0.0,"14":0.2808201787,"15":0.1443347608,"16":null,"17":0.1410737792},"sentiment_std":{"0":0.3333333333,"1":null,"2":0.2132007164,"3":null,"4":0.1428571429,"5":0.184059224,"6":0.2003422258,"7":null,"8":0.0,"9":0.0,"10":0.0891734479,"11":0.0980580676,"12":0.0,"13":0.0,"14":0.2581988897,"15":0.377964473,"16":null,"17":0.0},"sentiment_pv":{"0":0.4456768303,"1":null,"2":0.6115932439,"3":null,"4":0.9408355635,"5":0.6100360904,"6":0.0768387222,"7":null,"8":0.0000000014,"9":0.0000000014,"10":0.0095412423,"11":0.2316677054,"12":0.0000000014,"13":0.0000000014,"14":0.5138729086,"15":0.4299274125,"16":null,"17":0.0000000014},"main_pv":{"0":0.6383081058,"1":null,"2":0.9433190123,"3":null,"4":0.0000469862,"5":0.3388286344,"6":0.2432341419,"7":null,"8":0.1157153995,"9":0.3519395716,"10":0.8934429311,"11":0.6845258613,"12":0.004045689,"13":0.0000000107,"14":0.4000404034,"15":0.3022949734,"16":null,"17":0.1114514501},"count":{"0":9,"1":1,"2":22,"3":1,"4":49,"5":58,"6":773,"7":1,"8":168,"9":2,"10":500,"11":104,"12":91,"13":3,"14":15,"15":7,"16":1,"17":17},"nb_en":{"0":9,"1":1,"2":22,"3":1,"4":49,"5":58,"6":773,"7":1,"8":168,"9":2,"10":500,"11":104,"12":91,"13":3,"14":15,"15":7,"16":1,"17":17},"nb_de":{"0":0,"1":0,"2":0,"3":0,"4":0,"5":0,"6":0,"7":0,"8":0,"9":0,"10":0,"11":0,"12":0,"13":0,"14":0,"15":0,"16":0,"17":0}}