{"canton":{"0":"OW","1":"AG","2":"BE","3":"UR","4":"BL","5":"GE","6":"SO","7":"BS","8":"FR","9":"TI","10":"TG","11":"ZH","12":"VS","13":"SG","14":"LU","15":"JU","16":"VD","17":"GR","18":"SZ","19":"SH","20":"NE"},"main_mean":{"0":-0.0719689007,"1":-0.0059836853,"2":0.0264894662,"3":-0.2034011649,"4":0.0011308787,"5":0.0244594914,"6":0.001097669,"7":0.0081340023,"8":0.0349071054,"9":0.0143315379,"10":0.0101142277,"11":0.0175157203,"12":0.0318336675,"13":0.0355809159,"14":0.0073387227,"15":0.094399056,"16":0.006538943,"17":0.0082363299,"18":0.099999,"19":-0.0087133753,"20":0.1210400638},"sentiment_mean":{"0":0.0,"1":0.0,"2":0.0335195531,"3":-0.3333333333,"4":0.0,"5":0.0128571429,"6":0.0,"7":0.0436893204,"8":0.0,"9":0.0,"10":0.0,"11":0.0120320856,"12":0.0,"13":0.04,"14":0.0,"15":0.5,"16":0.0062111801,"17":0.0,"18":0.0,"19":0.05,"20":0.2},"main_std":{"0":0.0646156093,"1":0.0774919686,"2":0.1090804831,"3":0.2627011955,"4":0.0206732213,"5":0.1577553458,"6":0.0233840142,"7":0.114280103,"8":0.0840972102,"9":0.0777292673,"10":0.0137737352,"11":0.1186559472,"12":0.0591153886,"13":0.1114557882,"14":0.0442284495,"15":0.1335004253,"16":0.1275576968,"17":0.0223081914,"18":null,"19":0.0450700144,"20":0.1650650573},"sentiment_std":{"0":0.0,"1":0.0,"2":0.1804937467,"3":0.5773502692,"4":0.0,"5":0.1357661759,"6":0.0,"7":0.2274653135,"8":0.0,"9":0.0,"10":0.0,"11":0.1313696321,"12":0.0,"13":0.1972787848,"14":0.0,"15":0.7071067812,"16":0.1367888158,"17":0.0,"18":null,"19":0.2236067977,"20":0.4472135955},"sentiment_pv":{"0":0.0000000778,"1":0.0000000778,"2":0.2304633393,"3":0.4036672188,"4":0.0000000778,"5":0.5053815799,"6":0.0000000778,"7":0.0981780003,"8":0.0000000778,"9":0.0000000778,"10":0.0000000778,"11":0.3996868207,"12":0.0000000778,"13":0.3174245136,"14":0.0000000778,"15":0.510913367,"16":0.3439624041,"17":0.0000000778,"18":null,"19":0.5161844968,"20":0.411665525},"main_pv":{"0":0.135376856,"1":0.1569777325,"2":0.3544593629,"3":0.2809260595,"4":0.0039479633,"5":0.3640865339,"6":0.0475014834,"7":0.2165459757,"8":0.2936639456,"9":0.7170489561,"10":0.2153234925,"11":0.8416086484,"12":0.4380302505,"13":0.1982208218,"14":0.1041052194,"15":0.5689718507,"16":0.250226708,"17":0.1600050691,"18":null,"19":0.0159322314,"20":0.2373474264},"count":{"0":3,"1":22,"2":179,"3":3,"4":18,"5":700,"6":10,"7":206,"8":31,"9":48,"10":6,"11":748,"12":13,"13":75,"14":50,"15":2,"16":161,"17":12,"18":1,"19":20,"20":5},"nb_en":{"0":2,"1":4,"2":64,"3":2,"4":0,"5":186,"6":0,"7":88,"8":2,"9":26,"10":0,"11":387,"12":3,"13":9,"14":1,"15":1,"16":19,"17":0,"18":1,"19":1,"20":0},"nb_de":{"0":1,"1":18,"2":109,"3":1,"4":18,"5":1,"6":10,"7":117,"8":12,"9":2,"10":6,"11":349,"12":5,"13":66,"14":49,"15":0,"16":9,"17":12,"18":0,"19":19,"20":0},"nb_fr":{"0":0,"1":0,"2":6,"3":0,"4":0,"5":513,"6":0,"7":1,"8":17,"9":20,"10":0,"11":12,"12":5,"13":0,"14":0,"15":1,"16":133,"17":0,"18":0,"19":0,"20":5}}