{"canton":{"0":"VD","1":"SG","2":"JU","3":"VS","4":"SO","5":"AG","6":"TG","7":"ZH","8":"SH","9":"BE","10":"BL","11":"GE","12":"BS","13":"TI","14":"SZ","15":"LU","16":"GR","17":"NE","18":"FR"},"main_mean":{"0":0.0187820276,"1":-0.041824965,"2":0.0198818273,"3":0.0357132937,"4":0.0,"5":0.1111000011,"6":0.0,"7":0.0242317953,"8":0.0,"9":0.0066648801,"10":0.0,"11":0.0031519467,"12":-0.0020434144,"13":0.0034693475,"14":-0.1333286669,"15":0.0183632994,"16":0.0,"17":0.0833312501,"18":0.0323545788},"sentiment_mean":{"0":0.0,"1":0.0,"2":0.0,"3":0.0,"4":0.0,"5":0.0,"6":0.0,"7":0.0249252243,"8":0.0,"9":0.0119760479,"10":0.0,"11":0.0048701299,"12":0.0,"13":0.0,"14":0.0,"15":0.0,"16":0.0,"17":0.0,"18":0.0},"main_std":{"0":0.1132626873,"1":0.1042207835,"2":0.0411282975,"3":0.096486111,"4":0.0,"5":0.3333000033,"6":null,"7":0.1645329415,"8":0.0,"9":0.1373246953,"10":null,"11":0.1374206972,"12":0.1233661888,"13":0.1542069949,"14":0.2160157408,"15":0.068413546,"16":0.0,"17":0.2499937502,"18":0.2336866944},"sentiment_std":{"0":0.0,"1":0.0,"2":0.0,"3":0.0,"4":0.0,"5":0.0,"6":null,"7":0.1741155849,"8":0.0,"9":0.1091050092,"10":null,"11":0.1208734446,"12":0.0,"13":0.0,"14":0.0,"15":0.0,"16":0.0,"17":0.0,"18":0.0},"sentiment_pv":{"0":0.0000034993,"1":0.0000034993,"2":0.0000034993,"3":0.0000034993,"4":0.0000034993,"5":0.0000034993,"6":null,"7":0.0810504763,"8":0.0000034993,"9":0.8227649154,"10":null,"11":0.1115117167,"12":0.0000034993,"13":0.0000034993,"14":0.0000034993,"15":0.0000034993,"16":0.0000034993,"17":0.0000034993,"18":0.0000034993},"main_pv":{"0":0.7754165008,"1":0.123042806,"2":0.5989851216,"3":0.4269730332,"4":0.0000112996,"5":0.4096828763,"6":null,"7":0.1102714431,"8":0.0000112996,"9":0.4864495823,"10":null,"11":0.0801869776,"12":0.1710502975,"13":0.580290395,"14":0.1547823906,"15":0.7813380354,"16":0.0000112996,"17":0.4324945317,"18":0.7356497045},"count":{"0":58,"1":10,"2":18,"3":14,"4":2,"5":9,"6":1,"7":1003,"8":5,"9":167,"10":1,"11":616,"12":115,"13":63,"14":6,"15":25,"16":3,"17":9,"18":20},"nb_en":{"0":58,"1":10,"2":18,"3":14,"4":2,"5":9,"6":1,"7":1003,"8":5,"9":167,"10":1,"11":616,"12":115,"13":63,"14":6,"15":25,"16":3,"17":9,"18":20},"nb_de":{"0":0,"1":0,"2":0,"3":0,"4":0,"5":0,"6":0,"7":0,"8":0,"9":0,"10":0,"11":0,"12":0,"13":0,"14":0,"15":0,"16":0,"17":0,"18":0}}