{"canton":{"0":"NE","1":"VD","2":"TG","3":"TI","4":"SG","5":"GR","6":"BE","7":"AR","8":"SO","9":"UR","10":"GE","11":"SH","12":"AG","13":"SZ","14":"FR","15":"BS","16":"VS","17":"LU","18":"ZH","19":"JU","20":"BL"},"main_mean":{"0":-0.0242808172,"1":0.0114197088,"2":0.0210556102,"3":0.001552686,"4":0.0267622808,"5":0.0252406658,"6":0.0137742542,"7":0.0714280612,"8":0.0905105135,"9":-0.0041221076,"10":0.0354869541,"11":0.0270846252,"12":-0.0094022361,"13":0.0,"14":0.0030822233,"15":0.0182736389,"16":-0.0078823735,"17":0.0130542207,"18":0.0178921824,"19":0.0348997673,"20":0.0328185294},"sentiment_mean":{"0":0.0,"1":0.0051282051,"2":0.0,"3":0.0,"4":0.0,"5":0.0,"6":0.0262172285,"7":0.0,"8":0.1111111111,"9":0.0,"10":0.0103448276,"11":0.0588235294,"12":0.0,"13":0.0,"14":0.0363636364,"15":0.043902439,"16":0.0,"17":0.0363636364,"18":0.0149875104,"19":0.0,"20":0.0526315789},"main_std":{"0":0.1441029998,"1":0.1529772477,"2":0.0414607427,"3":0.1356992609,"4":0.1117931097,"5":0.0350878908,"6":0.1170428311,"7":null,"8":0.2556723367,"9":0.0239965271,"10":0.1504507894,"11":0.0884821119,"12":0.0969660812,"13":null,"14":0.1080832791,"15":0.1204729799,"16":0.2533666569,"17":0.1023018609,"18":0.1313283905,"19":0.0493557243,"20":0.1309160677},"sentiment_std":{"0":0.0,"1":0.0716114874,"2":0.0,"3":0.0,"4":0.0,"5":0.0,"6":0.1600807996,"7":null,"8":0.3233808334,"9":0.0,"10":0.1241914734,"11":0.2388325736,"12":0.0,"13":null,"14":0.1889185954,"15":0.205379587,"16":0.0,"17":0.1889185954,"18":0.1406242772,"19":0.0,"20":0.2294157339},"sentiment_pv":{"0":0.0,"1":0.0483786604,"2":0.0,"3":0.0,"4":0.0,"5":0.0,"6":0.3284187049,"7":null,"8":0.2308221367,"9":0.0,"10":0.1689007279,"11":0.3080008884,"12":0.0,"13":null,"14":0.4373434716,"15":0.0594376776,"16":0.0,"17":0.4373434716,"18":0.7731079756,"19":0.0,"20":0.499743234},"main_pv":{"0":0.2300326884,"1":0.3242995145,"2":0.9362533721,"3":0.1962077462,"4":0.8213219251,"5":0.7957840528,"6":0.2485605989,"7":null,"8":0.2749918435,"9":0.0162158133,"10":0.0094937335,"11":0.7665663758,"12":0.0345580751,"13":null,"14":0.1939164081,"15":0.6298636463,"16":0.6178307811,"17":0.5028575238,"18":0.3028768894,"19":0.782542951,"20":0.7356382862},"count":{"0":15,"1":195,"2":6,"3":73,"4":36,"5":12,"6":267,"7":1,"8":18,"9":8,"10":1160,"11":34,"12":45,"13":1,"14":55,"15":205,"16":18,"17":55,"18":1201,"19":2,"20":19},"nb_en":{"0":4,"1":35,"2":1,"3":23,"4":6,"5":2,"6":96,"7":1,"8":3,"9":1,"10":385,"11":1,"12":10,"13":0,"14":11,"15":75,"16":9,"17":18,"18":677,"19":0,"20":1},"nb_de":{"0":3,"1":6,"2":5,"3":4,"4":30,"5":10,"6":159,"7":0,"8":15,"9":7,"10":1,"11":33,"12":35,"13":1,"14":7,"15":120,"16":4,"17":37,"18":500,"19":0,"20":18}}