{"canton":{"0":"NE","1":"GE","2":"TG","3":"SO","4":"UR","5":"BE","6":"GL","7":"FR","8":"BS","9":"ZH","10":"OW","11":"VD","12":"SG","13":"GR","14":"AR","15":"LU","16":"TI","17":"JU","18":"AG","19":"SH","20":"VS","21":"BL","22":"NW"},"main_mean":{"0":-0.0064279358,"1":0.019595339,"2":0.0110929978,"3":-0.0030163835,"4":0.0236355221,"5":0.0116978363,"6":0.0,"7":0.0071845927,"8":0.0125088033,"9":0.0170732357,"10":0.0001111102,"11":0.0182660745,"12":0.0359492825,"13":0.0185533166,"14":0.0238093537,"15":-0.0007650458,"16":0.0170257284,"17":-0.0182665449,"18":0.0141503728,"19":0.0061963357,"20":-0.0205954918,"21":0.0050562201,"22":0.0003333306},"sentiment_mean":{"0":0.0434782609,"1":0.0108271979,"2":0.0,"3":0.0,"4":0.0,"5":0.0188034188,"6":0.0,"7":0.011627907,"8":0.029296875,"9":0.0297188755,"10":0.0,"11":0.0116666667,"12":0.112,"13":0.0476190476,"14":0.0,"15":0.0,"16":0.0,"17":0.0,"18":0.0081967213,"19":0.0615384615,"20":0.0,"21":0.0,"22":0.0},"main_std":{"0":0.2392455576,"1":0.1375014074,"2":0.0257847642,"3":0.0277714673,"4":0.040649594,"5":0.1300834233,"6":0.0,"7":0.0839310121,"8":0.105210309,"9":0.1259459148,"10":0.0001924485,"11":0.1130055614,"12":0.1537893716,"13":0.1063647572,"14":0.0412390104,"15":0.0777696759,"16":0.0947271587,"17":null,"18":0.0927351893,"19":0.0511502224,"20":0.1299918278,"21":0.0241633622,"22":null},"sentiment_std":{"0":0.2085144141,"1":0.1295394456,"2":0.0,"3":0.0,"4":0.0,"5":0.1480070944,"6":0.0,"7":0.1078327732,"8":0.168802313,"9":0.1812868637,"10":0.0,"11":0.1074700201,"12":0.3411555316,"13":0.2182178902,"14":0.0,"15":0.0,"16":0.146647115,"17":null,"18":0.090535746,"19":0.2421855614,"20":0.1942571725,"21":0.0,"22":null},"sentiment_pv":{"0":0.6120866878,"1":0.0017064835,"2":8.273160313e-30,"3":8.273160313e-30,"4":8.273160313e-30,"5":0.7203637218,"6":8.273160313e-30,"7":0.4236059538,"8":0.2862770112,"9":0.0344618733,"10":8.273160313e-30,"11":0.0481006644,"12":0.0035316936,"13":0.5839396821,"14":8.273160313e-30,"15":8.273160313e-30,"16":0.1695134956,"17":null,"18":0.1272282127,"19":0.1837023216,"20":0.4295673083,"21":8.273160313e-30,"22":null},"main_pv":{"0":0.6510061296,"1":0.3299079379,"2":0.4752818125,"3":0.0003551064,"4":0.7888900699,"5":0.3933438378,"6":7.749122759e-29,"7":0.3144550875,"8":0.4181091374,"9":0.8337948236,"10":2.669531739e-28,"11":0.7093008122,"12":0.1613390626,"13":0.9291767817,"14":0.7869515304,"15":0.0180388889,"16":0.9544742907,"17":null,"18":0.7868340791,"19":0.1194709975,"20":0.0415936181,"21":0.0143470031,"22":null},"count":{"0":23,"1":2309,"2":13,"3":34,"4":3,"5":585,"6":2,"7":86,"8":512,"9":2490,"10":3,"11":600,"12":125,"13":21,"14":3,"15":122,"16":94,"17":1,"18":122,"19":65,"20":54,"21":33,"22":1},"nb_en":{"0":4,"1":818,"2":1,"3":6,"4":1,"5":169,"6":0,"7":11,"8":159,"9":1093,"10":2,"11":72,"12":15,"13":6,"14":1,"15":29,"16":40,"17":0,"18":19,"19":0,"20":14,"21":0,"22":0},"nb_de":{"0":3,"1":11,"2":12,"3":28,"4":2,"5":384,"6":2,"7":12,"8":344,"9":1359,"10":1,"11":10,"12":110,"13":15,"14":2,"15":93,"16":3,"17":0,"18":102,"19":65,"20":26,"21":33,"22":1}}