{"canton":{"0":"NE","1":"GE","2":"TG","3":"BE","4":"SZ","5":"SO","6":"UR","7":"FR","8":"BS","9":"ZH","10":"OW","11":"VD","12":"SG","13":"GR","14":"AR","15":"LU","16":"TI","17":"JU","18":"AG","19":"SH","20":"VS","21":"BL","22":"NW"},"main_mean":{"0":0.0118073544,"1":0.0235878965,"2":0.0025043793,"3":0.0011295965,"4":-0.0036927218,"5":0.0297176943,"6":-0.0325854694,"7":0.0303771087,"8":0.0257035972,"9":0.0177688574,"10":0.1428551021,"11":0.0231797377,"12":0.0420214856,"13":0.0132768839,"14":0.0600212707,"15":0.0059050985,"16":0.0126531239,"17":0.0065270358,"18":0.0098772135,"19":0.0094533759,"20":0.0387858213,"21":0.0075022573,"22":0.0},"sentiment_mean":{"0":0.0,"1":0.0087268994,"2":0.0,"3":0.0077760498,"4":0.0,"5":0.0357142857,"6":0.0,"7":0.0551181102,"8":0.0248667851,"9":0.0169724771,"10":0.0,"11":0.0325443787,"12":0.1123595506,"13":0.0,"14":0.125,"15":0.0,"16":0.0,"17":0.0,"18":0.0322580645,"19":0.0281690141,"20":0.0,"21":0.02,"22":0.0},"main_std":{"0":0.0476965316,"1":0.1592752137,"2":0.0067519435,"3":0.1141112357,"4":0.0318904314,"5":0.1725475654,"6":0.0274783948,"7":0.094571042,"8":0.1278079167,"9":0.1271207015,"10":null,"11":0.1178969301,"12":0.1780911318,"13":0.065548348,"14":0.1130431631,"15":0.0473758947,"16":0.1121243539,"17":0.0467065029,"18":0.1021346263,"19":0.0469123317,"20":0.0943556156,"21":0.0463287545,"22":null},"sentiment_std":{"0":0.0,"1":0.1217313104,"2":0.0,"3":0.1041290817,"4":0.0,"5":0.1889822365,"6":0.0,"7":0.2291144655,"8":0.1558575463,"9":0.1394475732,"10":null,"11":0.1777038833,"12":0.3175975959,"13":0.0,"14":0.3535533906,"15":0.0,"16":0.1190982668,"17":0.0,"18":0.1774014725,"19":0.1666331288,"20":0.0,"21":0.1414213562,"22":null},"sentiment_pv":{"0":7.492875903e-22,"1":0.014768688,"2":7.492875903e-22,"3":0.0463026574,"4":7.492875903e-22,"5":0.5985718233,"6":7.492875903e-22,"7":0.0617673584,"8":0.227773793,"9":0.9293904859,"10":null,"11":0.1067554236,"12":0.0056173443,"13":7.492875903e-22,"14":0.4148732704,"15":7.492875903e-22,"16":0.1024458516,"17":7.492875903e-22,"18":0.3324368665,"19":0.5641310377,"20":7.492875903e-22,"21":0.8687927589,"22":null},"main_pv":{"0":0.5442417293,"1":0.2300247582,"2":0.0000000001,"3":0.0002324644,"4":0.0534498108,"5":0.7413746655,"6":0.0055904716,"7":0.1791268985,"8":0.2225878045,"9":0.7379406252,"10":null,"11":0.511549204,"12":0.2242249372,"13":0.5861748979,"14":0.3372833488,"15":0.0077477759,"16":0.5186661843,"17":0.188945871,"18":0.3382646865,"19":0.1098644582,"20":0.1362050153,"21":0.0990478969,"22":null},"count":{"0":18,"1":1948,"2":20,"3":643,"4":10,"5":28,"6":6,"7":127,"8":563,"9":2180,"10":1,"11":338,"12":89,"13":43,"14":8,"15":111,"16":142,"17":27,"18":124,"19":71,"20":52,"21":50,"22":1},"nb_en":{"0":9,"1":679,"2":1,"3":162,"4":5,"5":4,"6":0,"7":10,"8":131,"9":970,"10":1,"11":73,"12":15,"13":9,"14":3,"15":18,"16":67,"17":18,"18":18,"19":6,"20":14,"21":0,"22":0},"nb_de":{"0":0,"1":8,"2":19,"3":461,"4":5,"5":24,"6":6,"7":44,"8":413,"9":1170,"10":0,"11":14,"12":74,"13":34,"14":5,"15":93,"16":4,"17":0,"18":105,"19":65,"20":23,"21":50,"22":1}}