{"canton":{"0":"UR","1":"NW","2":"BE","3":"BL","4":"TI","5":"GR","6":"VD","7":"SG","8":"JU","9":"SH","10":"OW","11":"AG","12":"GE","13":"BS","14":"FR","15":"AR","16":"GL","17":"ZH","18":"SO","19":"NE","20":"LU","21":"AI","22":"VS","23":"SZ","24":"TG"},"main_mean":{"0":0.0006666547,"1":0.0002222198,"2":0.0108013199,"3":0.0024928105,"4":-0.0242683934,"5":0.0240237722,"6":0.01278332,"7":0.0339607338,"8":0.0113964948,"9":0.0088146006,"10":0.0,"11":0.0282567796,"12":0.0245246081,"13":0.0006695918,"14":0.0102895432,"15":0.0085559684,"16":0.0132157888,"17":0.0124051955,"18":0.0164338142,"19":0.0478333574,"20":-0.0021103053,"21":0.0,"22":-0.0084189451,"23":-0.0392497789,"24":0.0188456895},"sentiment_mean":{"0":0.0,"1":0.0,"2":0.0115532734,"3":0.0,"4":0.0,"5":0.0263157895,"6":0.0185185185,"7":0.0637254902,"8":0.0,"9":0.0229885057,"10":0.0,"11":0.0089285714,"12":0.0051890289,"13":0.0234833659,"14":0.0,"15":0.0,"16":0.0,"17":0.0168975069,"18":0.0512820513,"19":0.0,"20":0.0,"21":0.0,"22":0.0,"23":0.1666666667,"24":0.0740740741},"main_std":{"0":0.0008326491,"1":0.0003142662,"2":0.1193362847,"3":0.0163533304,"4":0.1327793617,"5":0.1508551898,"6":0.1110060318,"7":0.1669431655,"8":0.0115908251,"9":0.0417629622,"10":null,"11":0.1237856989,"12":0.1327489837,"13":0.1008516079,"14":0.184101413,"15":0.0113875795,"16":0.0181242679,"17":0.1124862436,"18":0.2110256708,"19":0.124419733,"20":0.0961519044,"21":null,"22":0.0824801254,"23":0.0518662839,"24":0.0722554572},"sentiment_std":{"0":0.0,"1":0.0,"2":0.1558458987,"3":0.0,"4":0.0,"5":0.1622214211,"6":0.1349209957,"7":0.2642171132,"8":0.0,"9":0.1507355218,"10":null,"11":0.1641541637,"12":0.1088030295,"13":0.1966294395,"14":0.1393466029,"15":0.0,"16":0.0,"17":0.1543398711,"18":0.223455865,"19":0.0,"20":0.1154700538,"21":null,"22":0.0,"23":0.4082482905,"24":0.2668802563},"sentiment_pv":{"0":3.186643699e-20,"1":3.186643699e-20,"2":0.6876954588,"3":3.186643699e-20,"4":3.186643699e-20,"5":0.6397885129,"6":0.3999258858,"7":0.0078278297,"8":3.186643699e-20,"9":0.5760306329,"10":null,"11":0.7513480305,"12":0.0007554434,"13":0.277040809,"14":0.3149944289,"15":3.186643699e-20,"16":3.186643699e-20,"17":0.3104386454,"18":0.3028720166,"19":3.186643699e-20,"20":0.1467185867,"21":null,"22":3.186643699e-20,"23":0.4013504182,"24":0.2520022535},"main_pv":{"0":8.918068413e-19,"1":1.441494074e-28,"2":0.3694607769,"3":0.0000325733,"4":0.0000585971,"5":0.7088111229,"6":0.6564864044,"7":0.1046674418,"8":0.5542679861,"9":0.2008068803,"10":null,"11":0.2551363609,"12":0.0006432166,"13":0.0023935284,"14":0.8035648046,"15":0.2058087093,"16":0.921673247,"17":0.2874475413,"18":0.961767634,"19":0.0824440231,"20":0.0343717222,"21":null,"22":0.0667617883,"23":0.0510449166,"24":0.7743775787},"count":{"0":3,"1":2,"2":779,"3":44,"4":198,"5":38,"6":648,"7":204,"8":5,"9":87,"10":1,"11":112,"12":2698,"13":511,"14":104,"15":7,"16":2,"17":3610,"18":39,"19":45,"20":151,"21":1,"22":45,"23":6,"24":27},"nb_en":{"0":0,"1":0,"2":243,"3":0,"4":90,"5":6,"6":87,"7":75,"8":1,"9":6,"10":1,"11":25,"12":1069,"13":115,"14":22,"15":0,"16":0,"17":1656,"18":7,"19":20,"20":35,"21":0,"22":16,"23":4,"24":0},"nb_de":{"0":3,"1":2,"2":513,"3":44,"4":3,"5":32,"6":12,"7":129,"8":0,"9":80,"10":0,"11":85,"12":17,"13":389,"14":16,"15":7,"16":2,"17":1916,"18":32,"19":0,"20":115,"21":1,"22":22,"23":2,"24":27},"nb_fr":{"0":0,"1":0,"2":23,"3":0,"4":105,"5":0,"6":549,"7":0,"8":4,"9":1,"10":0,"11":2,"12":1612,"13":7,"14":66,"15":0,"16":0,"17":38,"18":0,"19":25,"20":1,"21":0,"22":7,"23":0,"24":0}}