{"canton":{"0":"SG","1":"TI","2":"SH","3":"VS","4":"AG","5":"VD","6":"ZH","7":"TG","8":"BE","9":"BL","10":"GE","11":"BS","12":"AR","13":"SO","14":"LU","15":"GR","16":"NE","17":"FR"},"main_mean":{"0":0.0781752158,"1":-0.0121724091,"2":0.1137802412,"3":0.0099207357,"4":-0.0005705105,"5":0.0151043309,"6":0.0171281303,"7":0.1111098766,"8":0.0189195547,"9":0.1666638889,"10":0.0195286494,"11":-0.0015834699,"12":0.0238093537,"13":0.1944273165,"14":0.0054809116,"15":0.0416659722,"16":0.0978812002,"17":0.0010155189},"sentiment_mean":{"0":0.1428571429,"1":0.0105263158,"2":0.125,"3":0.0,"4":0.0,"5":0.0568181818,"6":0.0203389831,"7":0.0,"8":0.0152284264,"9":0.0,"10":0.0098684211,"11":0.0128205128,"12":0.0,"13":0.0,"14":0.0,"15":0.0,"16":0.0,"17":0.0},"main_std":{"0":0.1620063331,"1":0.1423403179,"2":0.2919811196,"3":0.0992848568,"4":0.1524935474,"5":0.2357783067,"6":0.1340989149,"7":0.1571330943,"8":0.1556559423,"9":null,"10":0.1406659226,"11":0.193270749,"12":0.0412390104,"13":0.4001912027,"14":0.1394186207,"15":0.0833319445,"16":0.1314323498,"17":0.0632601799},"sentiment_std":{"0":0.3585685828,"1":0.1025978352,"2":0.3535533906,"3":0.0,"4":0.316227766,"5":0.2328215016,"6":0.1459303902,"7":0.0,"8":0.1227722863,"9":null,"10":0.1190484788,"11":0.1128618617,"12":0.0,"13":0.0,"14":0.0,"15":0.0,"16":0.0,"17":0.0},"sentiment_pv":{"0":0.1253869667,"1":0.5123569009,"2":0.4189420955,"3":0.0,"4":0.8008970207,"5":0.1199716479,"6":0.5565836799,"7":0.0,"8":0.7909197926,"9":null,"10":0.0978841788,"11":0.6078781121,"12":0.0,"13":0.0,"14":0.0,"15":0.0,"16":0.0,"17":0.0},"main_pv":{"0":0.0995519416,"1":0.0523048139,"2":0.3797085312,"3":0.8467618365,"4":0.6048316853,"5":0.941093204,"6":0.9725401712,"7":0.5524995181,"8":0.8648962512,"9":null,"10":0.6340852188,"11":0.2388139673,"12":0.8017403165,"13":0.3270181379,"14":0.621254055,"15":0.5955803494,"16":0.1921458435,"17":0.2803184395},"count":{"0":21,"1":95,"2":8,"3":8,"4":21,"5":88,"6":1475,"7":2,"8":197,"9":1,"10":912,"11":156,"12":3,"13":6,"14":37,"15":4,"16":6,"17":20},"nb_en":{"0":21,"1":95,"2":8,"3":8,"4":21,"5":88,"6":1475,"7":2,"8":197,"9":1,"10":912,"11":156,"12":3,"13":6,"14":37,"15":4,"16":6,"17":20},"nb_de":{"0":0,"1":0,"2":0,"3":0,"4":0,"5":0,"6":0,"7":0,"8":0,"9":0,"10":0,"11":0,"12":0,"13":0,"14":0,"15":0,"16":0,"17":0}}