{"canton":{"0":"UR","1":"AG","2":"BE","3":"BL","4":"GE","5":"SO","6":"BS","7":"FR","8":"TI","9":"TG","10":"ZH","11":"VS","12":"NE","13":"LU","14":"JU","15":"VD","16":"GR","17":"SH","18":"SG"},"main_mean":{"0":0.0142334363,"1":0.0239607669,"2":0.0154752056,"3":0.0785225594,"4":0.0222942972,"5":0.0181691951,"6":0.0085396664,"7":0.0218593875,"8":0.0781526185,"9":-0.0072335998,"10":0.0142043943,"11":0.005091528,"12":-0.0136934036,"13":0.0338918072,"14":0.0118569735,"15":0.0138774418,"16":0.0467146355,"17":0.0321524657,"18":0.0395924371},"sentiment_mean":{"0":0.0,"1":0.0,"2":0.023255814,"3":0.1428571429,"4":0.0117340287,"5":0.0,"6":0.0,"7":0.0263157895,"8":0.0,"9":0.0,"10":0.0276752768,"11":0.0,"12":0.0,"13":0.0,"14":0.0,"15":0.014084507,"16":0.1,"17":0.0416666667,"18":0.0465116279},"main_std":{"0":0.0421721956,"1":0.2086133835,"2":0.1235560327,"3":0.2302651527,"4":0.1617539737,"5":0.0309278934,"6":0.0713241729,"7":0.0689302721,"8":0.1574962233,"9":0.0166732004,"10":0.1151911175,"11":0.0469444084,"12":0.0432800477,"13":0.1208285042,"14":null,"15":0.1015116682,"16":0.1162050911,"17":0.1055113704,"18":0.1739347601},"sentiment_std":{"0":0.0,"1":0.0,"2":0.1858594191,"3":0.377964473,"4":0.1394431004,"5":0.0,"6":0.0,"7":0.1622214211,"8":0.0,"9":0.0,"10":0.1696494177,"11":0.0,"12":0.0,"13":0.0,"14":null,"15":0.1181170366,"16":0.316227766,"17":0.2041241452,"18":0.2130826323},"sentiment_pv":{"0":0.0,"1":0.0,"2":0.796161951,"3":0.4211435131,"4":0.1820725908,"5":0.0,"6":0.0,"7":0.7986079652,"8":0.0,"9":0.0,"10":0.1686668549,"11":0.0,"12":0.0,"13":0.0,"14":null,"15":0.5288534599,"16":0.441788022,"17":0.6008713152,"18":0.412541767},"main_pv":{"0":0.89406113,"1":0.886142823,"2":0.8028697985,"3":0.5123595679,"4":0.4907723487,"5":0.9898838633,"6":0.1282543707,"7":0.7323016833,"8":0.0808291731,"9":0.0243889337,"10":0.3892319952,"11":0.1979558429,"12":0.0143019516,"13":0.3841761233,"14":null,"15":0.5857407256,"16":0.4541291995,"17":0.517695581,"18":0.4203153137},"count":{"0":3,"1":25,"2":172,"3":7,"4":767,"5":3,"6":162,"7":38,"8":23,"9":5,"10":1084,"11":25,"12":15,"13":45,"14":1,"15":213,"16":10,"17":24,"18":43},"nb_en":{"0":1,"1":3,"2":59,"3":0,"4":274,"5":0,"6":48,"7":7,"8":9,"9":0,"10":521,"11":4,"12":1,"13":7,"14":0,"15":32,"16":1,"17":0,"18":4},"nb_de":{"0":2,"1":22,"2":107,"3":7,"4":4,"5":3,"6":114,"7":11,"8":1,"9":5,"10":547,"11":16,"12":3,"13":38,"14":0,"15":2,"16":8,"17":24,"18":39},"nb_fr":{"0":0,"1":0,"2":6,"3":0,"4":489,"5":0,"6":0,"7":20,"8":13,"9":0,"10":16,"11":5,"12":11,"13":0,"14":1,"15":179,"16":1,"17":0,"18":0}}