{"canton":{"0":"UR","1":"BE","2":"BL","3":"TI","4":"NW","5":"VD","6":"GR","7":"SG","8":"JU","9":"SH","10":"OW","11":"AG","12":"GE","13":"BS","14":"FR","15":"AR","16":"GL","17":"ZH","18":"SO","19":"NE","20":"LU","21":"AI","22":"VS","23":"SZ","24":"TG"},"main_mean":{"0":-0.0110022723,"1":0.0068071357,"2":0.0017531926,"3":0.0087205115,"4":0.0005714204,"5":0.0067146585,"6":0.0168190709,"7":0.0376951135,"8":0.0354786016,"9":0.0131580576,"10":0.0005714204,"11":0.0022625917,"12":0.0284530882,"13":0.0119244108,"14":0.0226017118,"15":0.0617818092,"16":0.0069999417,"17":0.0152177813,"18":0.0104194366,"19":0.0045246556,"20":0.010897232,"21":0.0,"22":0.0085570709,"23":0.0364231536,"24":-0.0014414839},"sentiment_mean":{"0":0.0,"1":0.0198019802,"2":0.0169491525,"3":0.0055248619,"4":0.0,"5":0.008912656,"6":0.0142857143,"7":0.0774647887,"8":0.0,"9":0.0256410256,"10":0.0,"11":0.0152671756,"12":0.0137107475,"13":0.011994003,"14":0.007751938,"15":0.1333333333,"16":0.0,"17":0.0232148105,"18":0.0,"19":0.0,"20":0.0256410256,"21":0.0,"22":0.0,"23":0.0909090909,"24":0.0},"main_std":{"0":0.0163816201,"1":0.0898297684,"2":0.0408225559,"3":0.081043658,"4":null,"5":0.1023289499,"6":0.0617130142,"7":0.1268518582,"8":0.0628489367,"9":0.0557214647,"10":null,"11":0.1056999316,"12":0.153297976,"13":0.0985011855,"14":0.0931664247,"15":0.2123851095,"16":null,"17":0.1161369316,"18":0.1177876189,"19":0.0658505402,"20":0.1124356635,"21":null,"22":0.0696931353,"23":0.1191299894,"24":0.0388152685},"sentiment_std":{"0":0.0,"1":0.1470846064,"2":0.130188911,"3":0.0743294146,"4":null,"5":0.0940690924,"6":0.1195228609,"7":0.2682738006,"8":0.0,"9":0.1590849625,"10":null,"11":0.1230842628,"12":0.1525229808,"13":0.1089400748,"14":0.0880450906,"15":0.3518657753,"16":null,"17":0.1618946736,"18":0.0,"19":0.0,"20":0.1584687499,"21":null,"22":0.0,"23":0.3015113446,"24":0.0},"sentiment_pv":{"0":3.585532525e-32,"1":0.8365525986,"2":0.9163985355,"3":0.0224128185,"4":null,"5":0.0217352075,"6":0.7573468868,"7":0.0102506933,"8":3.585532525e-32,"9":0.7039086619,"10":null,"11":0.7495795467,"12":0.1594155165,"13":0.1344119577,"14":0.1669560339,"15":0.2278725868,"16":null,"17":0.1616318532,"18":3.585532525e-32,"19":3.585532525e-32,"20":0.5478683907,"21":null,"22":3.585532525e-32,"23":0.445784652,"24":3.585532525e-32},"main_pv":{"0":0.0179906392,"1":0.0019831296,"2":0.0074619087,"3":0.1883363794,"4":null,"5":0.024778877,"6":0.9968989291,"7":0.0537710113,"8":0.5951558054,"9":0.567955289,"10":null,"11":0.1200191582,"12":0.0008235652,"13":0.221068942,"14":0.4894415621,"15":0.4263990778,"16":null,"17":0.4901940299,"18":0.7291648613,"19":0.4145861547,"20":0.4662037736,"21":null,"22":0.3731444107,"23":0.5979128032,"24":0.0564359475},"count":{"0":5,"1":909,"2":59,"3":181,"4":1,"5":561,"6":70,"7":142,"8":4,"9":78,"10":1,"11":131,"12":2261,"13":667,"14":129,"15":15,"16":1,"17":3403,"18":41,"19":20,"20":195,"21":1,"22":58,"23":11,"24":19},"nb_en":{"0":0,"1":213,"2":0,"3":88,"4":0,"5":94,"6":8,"7":15,"8":1,"9":7,"10":0,"11":28,"12":915,"13":159,"14":43,"15":2,"16":0,"17":1450,"18":11,"19":5,"20":39,"21":0,"22":17,"23":4,"24":2},"nb_de":{"0":5,"1":648,"2":59,"3":2,"4":1,"5":12,"6":62,"7":124,"8":0,"9":71,"10":1,"11":102,"12":19,"13":494,"14":16,"15":13,"16":1,"17":1899,"18":30,"19":3,"20":155,"21":1,"22":25,"23":7,"24":17},"nb_fr":{"0":0,"1":48,"2":0,"3":91,"4":0,"5":455,"6":0,"7":3,"8":3,"9":0,"10":0,"11":1,"12":1327,"13":14,"14":70,"15":0,"16":0,"17":54,"18":0,"19":12,"20":1,"21":0,"22":16,"23":0,"24":0}}