{"canton":{"0":"SG","1":"NE","2":"AR","3":"JU","4":"VS","5":"AG","6":"VD","7":"ZH","8":"BE","9":"BL","10":"GE","11":"BS","12":"GL","13":"SO","14":"LU","15":"GR","16":"TI","17":"FR"},"main_mean":{"0":0.142259773,"1":0.0,"2":-0.1999960001,"3":0.0,"4":0.0884493291,"5":0.0053008891,"6":0.0348794917,"7":0.0401887653,"8":0.0308600599,"9":0.0,"10":0.0418643034,"11":0.0437470132,"12":0.0,"13":0.0939999156,"14":0.0431299218,"15":0.1023794978,"16":0.0156678023,"17":0.0771355742},"sentiment_mean":{"0":0.1428571429,"1":0.0,"2":0.0,"3":0.0,"4":0.0,"5":0.0,"6":0.0,"7":0.0248756219,"8":0.0176470588,"9":0.0,"10":0.0175438596,"11":0.0158730159,"12":0.0,"13":0.0,"14":0.0,"15":0.0,"16":0.0,"17":0.1},"main_std":{"0":0.3100093849,"1":0.0,"2":null,"3":0.0,"4":0.1771671947,"5":0.1906792892,"6":0.1908796814,"7":0.162343469,"8":0.1612324144,"9":0.0,"10":0.188515305,"11":0.1474885551,"12":null,"13":0.1308436402,"14":0.1306676892,"15":0.0736160893,"16":0.0942483283,"17":0.1514527614},"sentiment_std":{"0":0.3585685828,"1":0.0,"2":null,"3":0.0,"4":0.0,"5":0.0,"6":0.2041241452,"7":0.1782105865,"8":0.1320538447,"9":0.0,"10":0.1314143708,"11":0.1254831931,"12":null,"13":0.0,"14":0.0,"15":0.0,"16":0.0,"17":0.316227766},"sentiment_pv":{"0":0.1354338786,"1":0.0000000186,"2":null,"3":0.0000000186,"4":0.0000000186,"5":0.0000000186,"6":0.4782233054,"7":0.5962541874,"8":0.7558380073,"9":0.0000000186,"10":0.6154763034,"11":0.6636556557,"12":null,"13":0.0000000186,"14":0.0000000186,"15":0.0000000186,"16":0.0000000186,"17":0.4501223819},"main_pv":{"0":0.1493547049,"1":1.280087656e-23,"2":null,"3":1.280087656e-23,"4":0.4167793841,"5":0.5173504951,"6":0.8345116497,"7":0.9453701749,"8":0.4513786474,"9":1.280087656e-23,"10":0.8969325634,"11":0.8229103876,"12":null,"13":0.323220262,"14":0.9310774365,"15":0.1920344082,"16":0.0776248577,"17":0.4671203147},"count":{"0":21,"1":4,"2":1,"3":2,"4":10,"5":13,"6":49,"7":804,"8":170,"9":2,"10":513,"11":126,"12":1,"13":7,"14":22,"15":4,"16":50,"17":10},"nb_en":{"0":21,"1":4,"2":1,"3":2,"4":10,"5":13,"6":49,"7":804,"8":170,"9":2,"10":513,"11":126,"12":1,"13":7,"14":22,"15":4,"16":50,"17":10},"nb_de":{"0":0,"1":0,"2":0,"3":0,"4":0,"5":0,"6":0,"7":0,"8":0,"9":0,"10":0,"11":0,"12":0,"13":0,"14":0,"15":0,"16":0,"17":0}}