{"canton":{"0":"SG","1":"JU","2":"VS","3":"AG","4":"VD","5":"ZH","6":"BE","7":"GE","8":"BS","9":"TI","10":"SZ","11":"LU","12":"FR"},"main_mean":{"0":0.0,"1":-0.1111098766,"2":-0.0444430618,"3":0.0,"4":0.0467857137,"5":0.0033858474,"6":0.0637987985,"7":0.0293362505,"8":0.0081217935,"9":0.0211939573,"10":0.0769224852,"11":0.0,"12":0.044869313},"sentiment_mean":{"0":0.0,"1":0.0,"2":0.0,"3":0.0,"4":0.0,"5":0.0138568129,"6":0.0481927711,"7":0.0175438596,"8":0.0238095238,"9":0.0,"10":0.0,"11":0.0,"12":0.0},"main_std":{"0":0.0,"1":null,"2":0.219985075,"3":null,"4":0.2221600824,"5":0.137250805,"6":0.1696780047,"7":0.1689810552,"8":0.1890571385,"9":0.1140898825,"10":null,"11":0.0,"12":0.2055228763},"sentiment_std":{"0":0.0,"1":null,"2":0.0,"3":null,"4":0.0,"5":0.1353737891,"6":0.2154753372,"7":0.1316717939,"8":0.15430335,"9":0.0,"10":null,"11":0.0,"12":0.0},"sentiment_pv":{"0":0.0004476976,"1":null,"2":0.0004476976,"3":null,"4":0.0004476976,"5":0.6527248089,"6":0.2080605905,"7":1.0,"8":0.7979064587,"9":0.0004476976,"10":null,"11":0.0004476976,"12":0.0004476976},"main_pv":{"0":0.0014713295,"1":null,"2":0.7594155597,"3":null,"4":0.5523406166,"5":0.1032787435,"6":0.0184847311,"7":0.3917821754,"8":0.7582389808,"9":0.8557639092,"10":null,"11":0.0014713295,"12":0.8061235467},"count":{"0":2,"1":1,"2":2,"3":1,"4":21,"5":433,"6":83,"7":171,"8":42,"9":31,"10":1,"11":6,"12":4},"nb_en":{"0":2,"1":1,"2":2,"3":1,"4":21,"5":433,"6":83,"7":171,"8":42,"9":31,"10":1,"11":6,"12":4},"nb_de":{"0":0,"1":0,"2":0,"3":0,"4":0,"5":0,"6":0,"7":0,"8":0,"9":0,"10":0,"11":0,"12":0}}