{"canton":{"0":"NE","1":"VD","2":"TG","3":"SG","4":"GR","5":"BE","6":"SZ","7":"SO","8":"GE","9":"TI","10":"JU","11":"GL","12":"UR","13":"SH","14":"AG","15":"FR","16":"BS","17":"VS","18":"LU","19":"ZH","20":"BL"},"main_mean":{"0":-0.0138995215,"1":0.0351205029,"2":0.0299236677,"3":0.0692656901,"4":0.0295578411,"5":0.0111288147,"6":0.0004615349,"7":0.030138803,"8":0.0282405685,"9":0.0020437269,"10":0.0448845363,"11":0.1329205719,"12":-0.0998161835,"13":0.0167117953,"14":-0.0020755626,"15":-0.0001943969,"16":0.0110785886,"17":0.0010350517,"18":0.0090755528,"19":0.0242297143,"20":-0.0029425777},"sentiment_mean":{"0":0.0,"1":0.013029316,"2":0.0,"3":0.1538461538,"4":0.0294117647,"5":0.0134831461,"6":0.0,"7":0.0454545455,"8":0.0108921162,"9":0.0,"10":0.0,"11":0.25,"12":0.0,"13":0.1066666667,"14":0.0362318841,"15":0.0,"16":0.0165484634,"17":0.037037037,"18":0.0047619048,"19":0.0316129032,"20":0.0},"main_std":{"0":0.0799580937,"1":0.139362812,"2":0.0280337923,"3":0.2001826902,"4":0.0726338105,"5":0.0979708121,"6":0.0002175696,"7":0.1306365394,"8":0.1383429909,"9":0.0754436928,"10":0.0666157718,"11":0.2451696342,"12":0.1416756553,"13":0.0969332438,"14":0.088880449,"15":0.1015645644,"16":0.0772292021,"17":0.1680753698,"18":0.0786249797,"19":0.1444716079,"20":0.0187183015},"sentiment_std":{"0":0.0,"1":0.1394185256,"2":0.0,"3":0.4071639637,"4":0.1714985851,"5":0.1494667784,"6":0.0,"7":0.2132007164,"8":0.122190833,"9":0.0,"10":0.0,"11":0.5,"12":0.0,"13":0.3107677213,"14":0.1875473776,"15":0.0,"16":0.1277230486,"17":0.1906258771,"18":0.0690065559,"19":0.1857599465,"20":0.0},"sentiment_pv":{"0":1.324446043e-24,"1":0.2698516838,"2":1.324446043e-24,"3":0.0006749808,"4":0.8067154119,"5":0.2429669741,"6":1.324446043e-24,"7":0.6137152046,"8":0.001398119,"9":1.324446043e-24,"10":1.324446043e-24,"11":0.4292694189,"12":1.324446043e-24,"13":0.0213513627,"14":0.3831458864,"15":1.324446043e-24,"16":0.3953802187,"17":0.5694756244,"18":0.000991729,"19":0.0678511282,"20":1.324446043e-24},"main_pv":{"0":0.2740566945,"1":0.1223956987,"2":0.5489888195,"3":0.0132401796,"4":0.5789874818,"5":0.0220427048,"6":5.027419165e-36,"7":0.7872750512,"8":0.1114138558,"9":0.001138908,"10":0.4091889806,"11":0.4341632326,"12":0.4367928647,"13":0.6100351381,"14":0.0018595959,"15":0.0472908936,"16":0.0058846081,"17":0.3533093569,"18":0.0190989516,"19":0.6722938958,"20":0.0000002597},"count":{"0":7,"1":307,"2":6,"3":117,"4":34,"5":445,"6":2,"7":22,"8":1928,"9":161,"10":7,"11":4,"12":2,"13":75,"14":138,"15":83,"16":423,"17":54,"18":210,"19":1550,"20":26},"nb_en":{"0":1,"1":58,"2":1,"3":9,"4":7,"5":168,"6":0,"7":3,"8":500,"9":91,"10":1,"11":0,"12":1,"13":0,"14":49,"15":17,"16":104,"17":22,"18":15,"19":773,"20":2},"nb_de":{"0":0,"1":11,"2":5,"3":108,"4":27,"5":222,"6":2,"7":19,"8":7,"9":16,"10":0,"11":4,"12":1,"13":75,"14":88,"15":5,"16":312,"17":23,"18":193,"19":746,"20":24}}