{"canton":{"0":"SG","1":"TI","2":"JU","3":"VS","4":"SO","5":"AG","6":"VD","7":"ZH","8":"TG","9":"BE","10":"GE","11":"SH","12":"AR","13":"SZ","14":"LU","15":"OW","16":"GR","17":"NE","18":"FR","19":"BS"},"main_mean":{"0":-0.0347794482,"1":0.0177438499,"2":0.0139535216,"3":0.0726126143,"4":0.0833305556,"5":0.0525782416,"6":0.0085419731,"7":0.0238468317,"8":0.0,"9":-0.001686241,"10":0.0218674413,"11":0.0,"12":0.0,"13":-0.015384497,"14":0.0298934818,"15":0.1428551021,"16":0.0493813443,"17":-0.0123455418,"18":0.0231818446,"19":0.0029811228},"sentiment_mean":{"0":0.0,"1":0.0149253731,"2":0.0,"3":0.0,"4":0.0,"5":0.1111111111,"6":0.0273972603,"7":0.0206185567,"8":0.0,"9":0.0061728395,"10":0.0147275405,"11":0.0,"12":0.0,"13":0.0,"14":0.0,"15":0.0,"16":0.0,"17":0.0,"18":0.0,"19":0.0152671756},"main_std":{"0":0.1548038385,"1":0.145497004,"2":0.0321952647,"3":0.1450228341,"4":0.4194212657,"5":0.2512280461,"6":0.0994166738,"7":0.1559100705,"8":null,"9":0.1849577747,"10":0.1869375284,"11":0.0,"12":0.0,"13":0.0344007812,"14":0.0888672574,"15":null,"16":0.112640165,"17":0.0370366255,"18":0.106668393,"19":0.1033247154},"sentiment_std":{"0":0.0,"1":0.1221694444,"2":0.0,"3":0.0,"4":0.0,"5":0.3233808334,"6":0.164367706,"7":0.1421769013,"8":null,"9":0.1363642173,"10":0.1205489203,"11":0.0,"12":0.0,"13":0.0,"14":0.0,"15":null,"16":0.0,"17":0.0,"18":0.0,"19":0.1230842628},"sentiment_pv":{"0":0.0000000016,"1":0.8828960576,"2":0.0000000016,"3":0.0000000016,"4":0.0000000016,"5":0.2348166818,"6":0.6005212384,"7":0.5212800244,"8":null,"9":0.3223000693,"10":0.6525141871,"11":0.0000000016,"12":0.0000000016,"13":0.0000000016,"14":0.0000000016,"15":null,"16":0.0000000016,"17":0.0000000016,"18":0.0000000016,"19":0.8642918017},"main_pv":{"0":0.1973943553,"1":0.9240050895,"2":0.5141566651,"3":0.1949202112,"4":0.7806799581,"5":0.5840503216,"6":0.3703798757,"7":0.4735078183,"8":null,"9":0.1583734846,"10":0.7644044118,"11":0.0000000236,"12":0.0000000236,"13":0.0851785791,"14":0.6296836216,"15":null,"16":0.4502511719,"17":0.0340792387,"18":0.9153638705,"19":0.089946423},"count":{"0":15,"1":67,"2":18,"3":14,"4":4,"5":18,"6":73,"7":970,"8":1,"9":162,"10":679,"11":6,"12":3,"13":5,"14":18,"15":1,"16":9,"17":9,"18":10,"19":131},"nb_en":{"0":15,"1":67,"2":18,"3":14,"4":4,"5":18,"6":73,"7":970,"8":1,"9":162,"10":679,"11":6,"12":3,"13":5,"14":18,"15":1,"16":9,"17":9,"18":10,"19":131},"nb_de":{"0":0,"1":0,"2":0,"3":0,"4":0,"5":0,"6":0,"7":0,"8":0,"9":0,"10":0,"11":0,"12":0,"13":0,"14":0,"15":0,"16":0,"17":0,"18":0,"19":0}}