{"canton":{"0":"NE","1":"VD","2":"GL","3":"SG","4":"GR","5":"BE","6":"AR","7":"LU","8":"GE","9":"TI","10":"JU","11":"TG","12":"SH","13":"AG","14":"SZ","15":"FR","16":"BS","17":"VS","18":"BL","19":"ZH","20":"SO"},"main_mean":{"0":-0.0078778146,"1":0.0238135494,"2":0.0051017493,"3":0.0880104289,"4":0.0706392674,"5":0.0215289639,"6":-0.1999960001,"7":0.0316607554,"8":0.0397619586,"9":0.007107782,"10":0.0726457304,"11":0.0545555681,"12":0.0152253814,"13":0.0366016047,"14":0.018883176,"15":0.0300704724,"16":0.0187490564,"17":0.0235226923,"18":0.0044461645,"19":0.0308423969,"20":0.0367266768},"sentiment_mean":{"0":0.0,"1":0.0203389831,"2":0.0,"3":0.141509434,"4":0.0357142857,"5":0.0273972603,"6":0.0,"7":0.0,"8":0.0118534483,"9":0.0,"10":0.2,"11":0.0,"12":0.03125,"13":0.0657894737,"14":0.0,"15":0.0111111111,"16":0.0206896552,"17":0.0,"18":0.0,"19":0.0279898219,"20":0.0416666667},"main_std":{"0":0.0435385958,"1":0.1421578187,"2":0.007214963,"3":0.2272797984,"4":0.1789305834,"5":0.1146747512,"6":null,"7":0.1009510663,"8":0.1827728671,"9":0.0771639004,"10":0.1531544207,"11":0.0771532242,"12":0.0679522649,"13":0.1504285903,"14":null,"15":0.0897605015,"16":0.1112558631,"17":0.1340835099,"18":0.0136821874,"19":0.138836784,"20":0.0848705827},"sentiment_std":{"0":0.0,"1":0.1832990021,"2":0.0,"3":0.4009198767,"4":0.1889822365,"5":0.1768736435,"6":null,"7":0.0,"8":0.1308055575,"9":0.0,"10":0.4472135955,"11":0.0,"12":0.1753680936,"13":0.2495610181,"14":null,"15":0.1054092553,"16":0.1425071193,"17":0.0,"18":0.0,"19":0.1797665362,"20":0.2041241452},"sentiment_pv":{"0":6.259192901e-23,"1":0.8275688303,"2":6.259192901e-23,"3":0.0029346427,"4":0.7193113247,"5":0.5933868516,"6":null,"7":6.259192901e-23,"8":0.0043199958,"9":6.259192901e-23,"10":0.4254913487,"11":6.259192901e-23,"12":0.6999766892,"13":0.1378189554,"14":null,"15":0.3088099489,"16":0.7784280487,"17":6.259192901e-23,"18":6.259192901e-23,"19":0.2996435747,"20":0.6540114541},"main_pv":{"0":0.0031234372,"1":0.3194833458,"2":0.0780791811,"3":0.0135340376,"4":0.2680061436,"5":0.0662847685,"6":null,"7":0.9592250077,"8":0.1164919618,"9":0.0017816282,"10":0.5878440838,"11":0.7536979776,"12":0.054587639,"13":0.8064313668,"14":null,"15":0.8163435955,"16":0.0182015212,"17":0.7095732824,"18":0.0,"19":0.7161595737,"20":0.8031544208},"count":{"0":15,"1":295,"2":2,"3":106,"4":28,"5":438,"6":1,"7":62,"8":1856,"9":103,"10":5,"11":2,"12":64,"13":76,"14":1,"15":90,"16":435,"17":33,"18":30,"19":1572,"20":24},"nb_en":{"0":4,"1":49,"2":1,"3":21,"4":4,"5":170,"6":1,"7":22,"8":513,"9":50,"10":2,"11":0,"12":0,"13":13,"14":0,"15":10,"16":126,"17":10,"18":2,"19":804,"20":7},"nb_de":{"0":2,"1":16,"2":1,"3":85,"4":24,"5":249,"6":0,"7":40,"8":7,"9":2,"10":0,"11":2,"12":64,"13":60,"14":1,"15":12,"16":302,"17":9,"18":28,"19":737,"20":16}}