{"canton":{"0":"NE","1":"GE","2":"GL","3":"BE","4":"SZ","5":"TG","6":"UR","7":"FR","8":"BS","9":"BL","10":"ZH","11":"OW","12":"VD","13":"SG","14":"GR","15":"AR","16":"LU","17":"TI","18":"JU","19":"AG","20":"SH","21":"VS","22":"SO","23":"NW"},"main_mean":{"0":0.0918734664,"1":0.0216311461,"2":0.0,"3":0.0307137504,"4":0.0337814787,"5":-0.0144529827,"6":0.0000380932,"7":0.026021802,"8":0.0088062461,"9":0.0095624936,"10":0.0111697937,"11":-0.0003428522,"12":0.0346783419,"13":0.0017268221,"14":0.018486864,"15":0.0,"16":-0.0101694394,"17":0.0161086824,"18":-0.0555549383,"19":0.0223099592,"20":0.0127593771,"21":0.0283658763,"22":0.0317362493,"23":-0.0003428522},"sentiment_mean":{"0":0.0,"1":0.0080385852,"2":0.0,"3":0.0297029703,"4":0.0,"5":0.0,"6":0.0,"7":0.0,"8":0.0258064516,"9":0.0,"10":0.0155502392,"11":0.0,"12":0.0161290323,"13":0.0285714286,"14":0.0555555556,"15":0.0,"16":0.0,"17":0.0,"18":0.0,"19":0.0303030303,"20":0.0555555556,"21":0.0,"22":0.25,"23":0.0},"main_std":{"0":0.0755327748,"1":0.1339047209,"2":0.0,"3":0.1194574563,"4":0.0393060778,"5":0.0209560944,"6":0.0007435764,"7":0.1148399377,"8":0.1064518641,"9":0.0168668535,"10":0.1266847838,"11":0.0004848663,"12":0.1454231422,"13":0.0673933702,"14":0.0548448351,"15":null,"16":0.043516046,"17":0.0840638839,"18":0.0785665472,"19":0.1235562185,"20":0.0673771621,"21":0.1186617461,"22":0.0865948156,"23":0.0004848663},"sentiment_std":{"0":0.0,"1":0.1201167379,"2":0.0,"3":0.1701883969,"4":0.0,"5":0.0,"6":0.0,"7":0.0,"8":0.1590714573,"9":0.0,"10":0.1331238984,"11":0.0,"12":0.179605302,"13":0.1690308509,"14":0.2357022604,"15":null,"16":0.0,"17":0.0,"18":0.0,"19":0.3046358979,"20":0.2357022604,"21":0.0,"22":0.4522670169,"23":0.0},"sentiment_pv":{"0":0.000000062,"1":0.1389095369,"2":0.000000062,"3":0.2850398674,"4":0.000000062,"5":0.000000062,"6":0.000000062,"7":0.000000062,"8":0.4778884306,"9":0.000000062,"10":0.8680295174,"11":0.000000062,"12":0.9836303234,"13":0.6761214994,"14":0.4917837169,"15":null,"16":0.000000062,"17":0.000000062,"18":0.000000062,"19":0.796140978,"20":0.4917837169,"21":0.000000062,"22":0.1012511373,"23":0.000000062},"main_pv":{"0":0.1420997069,"1":0.4542108073,"2":0.0,"3":0.1248483185,"4":0.540901425,"5":0.0061720438,"6":0.0000000001,"7":0.6539082476,"8":0.3507274506,"9":0.3008331747,"10":0.23919711,"11":0.0,"12":0.1906919498,"13":0.1943279246,"14":0.9212922672,"15":null,"16":0.0002383857,"17":0.9196442238,"18":0.4149426941,"19":0.8137914029,"20":0.7873296468,"21":0.7725845859,"22":0.5735276845,"23":0.0},"count":{"0":4,"1":622,"2":2,"3":202,"4":3,"5":7,"6":3,"7":35,"8":155,"9":7,"10":836,"11":2,"12":124,"13":35,"14":18,"15":1,"16":45,"17":69,"18":2,"19":33,"20":18,"21":10,"22":12,"23":2},"nb_en":{"0":0,"1":171,"2":0,"3":83,"4":1,"5":0,"6":0,"7":4,"8":42,"9":0,"10":433,"11":0,"12":21,"13":2,"14":0,"15":0,"16":6,"17":31,"18":1,"19":1,"20":0,"21":2,"22":0,"23":0},"nb_de":{"0":0,"1":2,"2":2,"3":113,"4":2,"5":7,"6":3,"7":8,"8":110,"9":7,"10":389,"11":2,"12":4,"13":33,"14":18,"15":1,"16":39,"17":1,"18":0,"19":32,"20":18,"21":3,"22":12,"23":2}}