{"canton":{"0":"SG","1":"UR","2":"VS","3":"AG","4":"VD","5":"ZH","6":"BE","7":"GE","8":"BS","9":"TI","10":"LU","11":"GR","12":"NE","13":"FR"},"main_mean":{"0":0.25,"1":0.0624996094,"2":0.0083328611,"3":-0.0303027548,"4":0.0083727177,"5":0.0238394969,"6":0.0164649178,"7":0.0171712243,"8":0.020974468,"9":0.186991056,"10":0.1143905169,"11":0.0,"12":0.0,"13":0.0100737854},"sentiment_mean":{"0":0.25,"1":0.0,"2":0.0,"3":0.0,"4":0.03125,"5":0.0383877159,"6":0.0169491525,"7":0.0182481752,"8":0.0,"9":0.0,"10":0.0,"11":0.0,"12":0.0,"13":0.0},"main_std":{"0":0.5,"1":null,"2":0.1228503783,"3":0.052485911,"4":0.0711538835,"5":0.1501504773,"6":0.1409972452,"7":0.1579327884,"8":0.1275978545,"9":0.2072442533,"10":0.2538724108,"11":null,"12":null,"13":0.1373754568},"sentiment_std":{"0":0.5,"1":null,"2":0.0,"3":0.0,"4":0.1767766953,"5":0.1923150744,"6":0.130188911,"7":0.1340925153,"8":0.0,"9":0.0,"10":0.0,"11":null,"12":null,"13":0.0},"sentiment_pv":{"0":0.4415353194,"1":null,"2":0.0000001003,"3":0.0000001003,"4":0.93978291,"5":0.3394085095,"6":0.5059758981,"7":0.2765468964,"8":0.0000001003,"9":0.0000001003,"10":0.0000001003,"11":null,"12":null,"13":0.0000001003},"main_pv":{"0":0.4319658949,"1":null,"2":0.8199480238,"3":0.2147147092,"4":0.2656069989,"5":0.9782361088,"6":0.7079189022,"7":0.5486101509,"8":0.8903322549,"9":0.0457238022,"10":0.3810627295,"11":null,"12":null,"13":0.8036727467},"count":{"0":4,"1":1,"2":4,"3":3,"4":32,"5":521,"6":59,"7":274,"8":48,"9":9,"10":7,"11":1,"12":1,"13":7},"nb_en":{"0":4,"1":1,"2":4,"3":3,"4":32,"5":521,"6":59,"7":274,"8":48,"9":9,"10":7,"11":1,"12":1,"13":7},"nb_de":{"0":0,"1":0,"2":0,"3":0,"4":0,"5":0,"6":0,"7":0,"8":0,"9":0,"10":0,"11":0,"12":0,"13":0}}