{"canton":{"0":"NE","1":"GE","2":"GL","3":"SO","4":"BE","5":"SZ","6":"TG","7":"UR","8":"FR","9":"BS","10":"ZH","11":"OW","12":"VD","13":"SG","14":"GR","15":"AR","16":"LU","17":"TI","18":"JU","19":"AG","20":"SH","21":"VS","22":"BL","23":"NW"},"main_mean":{"0":0.0788525655,"1":0.0235511177,"2":0.0223048568,"3":0.0519333658,"4":0.0151820995,"5":0.0081406503,"6":-0.0065595716,"7":0.0078158967,"8":0.019769965,"9":0.0148195182,"10":0.018035298,"11":0.0223797762,"12":0.0163496171,"13":0.0872606188,"14":0.0306429029,"15":0.0253332028,"16":0.0084311171,"17":-0.0112484722,"18":-0.0188330979,"19":0.0088372883,"20":0.0223243763,"21":-0.0035708813,"22":0.0059204058,"23":0.0183708796},"sentiment_mean":{"0":0.0,"1":0.0107372942,"2":0.0,"3":0.1111111111,"4":0.0142180095,"5":0.0,"6":0.0,"7":0.0,"8":0.0166666667,"9":0.01,"10":0.0233983287,"11":0.0,"12":0.0089020772,"13":0.1481481481,"14":0.0,"15":0.0,"16":0.023255814,"17":0.0,"18":0.0,"19":0.0317460317,"20":0.05,"21":0.0,"22":0.0,"23":0.0},"main_std":{"0":0.2303417647,"1":0.1263013807,"2":0.0194875462,"3":0.122240004,"4":0.0806353734,"5":0.0141000199,"6":0.0287761008,"7":0.0189748833,"8":0.1069466099,"9":0.1256053841,"10":0.1170042242,"11":null,"12":0.1182556044,"13":0.2033921275,"14":0.0424538234,"15":0.0348837656,"16":0.0512664271,"17":0.1221236334,"18":0.0326198825,"19":0.1342412822,"20":0.0822067107,"21":0.0256900321,"22":0.0190162987,"23":0.0154288088},"sentiment_std":{"0":0.0,"1":0.1279072814,"2":0.0,"3":0.3202563076,"4":0.1185291083,"5":0.0,"6":0.0,"7":0.0,"8":0.1290994449,"9":0.0996649907,"10":0.1652963795,"11":null,"12":0.0940695944,"13":0.3585825032,"14":0.0,"15":0.0,"16":0.1515988659,"17":0.0,"18":0.0,"19":0.1767314318,"20":0.2207214279,"21":0.0,"22":0.0,"23":0.0},"sentiment_pv":{"0":7.706116672e-18,"1":0.0699657374,"2":7.706116672e-18,"3":0.1431145091,"4":0.5377020843,"5":7.706116672e-18,"6":7.706116672e-18,"7":7.706116672e-18,"8":0.936930865,"9":0.1918622666,"10":0.2225032544,"11":null,"12":0.100689972,"13":0.0101790094,"14":7.706116672e-18,"15":7.706116672e-18,"16":0.7505959013,"17":7.706116672e-18,"18":7.706116672e-18,"19":0.5410218171,"20":0.3656389234,"21":7.706116672e-18,"22":7.706116672e-18,"23":7.706116672e-18},"main_pv":{"0":0.2070889864,"1":0.2377266762,"2":0.8026367393,"3":0.1753674315,"4":0.3622364503,"5":0.3096307483,"6":0.0077126996,"7":0.2579392891,"8":0.9607746627,"9":0.567456489,"10":0.7467244986,"11":null,"12":0.6818529048,"13":0.0172233345,"14":0.3496286832,"15":0.8420688851,"16":0.0684469602,"17":0.0071572107,"18":0.1807517973,"19":0.5488285718,"20":0.8059548704,"21":0.0000251621,"22":0.0039073781,"23":0.9441213652},"count":{"0":25,"1":1397,"2":3,"3":27,"4":422,"5":3,"6":13,"7":5,"8":60,"9":300,"10":1795,"11":1,"12":337,"13":54,"14":13,"15":2,"16":86,"17":124,"18":3,"19":63,"20":40,"21":33,"22":24,"23":3},"nb_en":{"0":6,"1":477,"2":0,"3":4,"4":102,"5":0,"6":0,"7":0,"8":9,"9":94,"10":831,"11":0,"12":66,"13":6,"14":0,"15":1,"16":26,"17":49,"18":0,"19":24,"20":0,"21":9,"22":3,"23":0},"nb_de":{"0":2,"1":10,"2":3,"3":23,"4":300,"5":3,"6":13,"7":5,"8":11,"9":197,"10":920,"11":1,"12":5,"13":48,"14":13,"15":1,"16":60,"17":5,"18":0,"19":39,"20":40,"21":18,"22":21,"23":3}}