{"canton":{"0":"SG","1":"AR","2":"VS","3":"AG","4":"VD","5":"ZH","6":"SH","7":"BE","8":"GE","9":"BS","10":"TI","11":"SO","12":"LU","13":"GR","14":"NE","15":"FR"},"main_mean":{"0":0.0453862564,"1":0.0303027548,"2":0.1100171169,"3":-0.0365644301,"4":0.016538583,"5":0.0224079029,"6":0.0909082645,"7":0.0357592511,"8":0.0053093423,"9":-0.006958857,"10":-0.0138811601,"11":-0.0555546296,"12":-0.0143131703,"13":-0.0285708572,"14":-0.0084775647,"15":-0.0101008837},"sentiment_mean":{"0":0.0625,"1":0.0,"2":0.0,"3":0.16,"4":0.0,"5":0.0270700637,"6":0.0,"7":0.0264900662,"8":0.0058055152,"9":0.006097561,"10":0.0,"11":0.0,"12":0.0,"13":0.0,"14":0.0,"15":0.0},"main_std":{"0":0.1689990155,"1":0.052485911,"2":0.1461180165,"3":0.2943697994,"4":0.1097396139,"5":0.1443727546,"6":null,"7":0.1530592916,"8":0.1552888639,"9":0.0994124614,"10":0.1718743861,"11":0.0962234411,"12":0.1029569482,"13":0.0755913828,"14":0.068983356,"15":0.051339361},"sentiment_std":{"0":0.25,"1":0.0,"2":0.0,"3":0.3741657387,"4":0.0,"5":0.1671881776,"6":null,"7":0.1611218945,"8":0.1204206408,"9":0.0780868809,"10":0.0,"11":0.0,"12":0.0,"13":0.0,"14":0.0,"15":0.0},"sentiment_pv":{"0":0.4999036761,"1":0.0000000001,"2":0.0000000001,"3":0.0723448362,"4":0.0000000001,"5":0.1608555978,"6":null,"7":0.5907750902,"8":0.0141055988,"9":0.053772112,"10":0.0000000001,"11":0.0000000001,"12":0.0000000001,"13":0.0000000001,"14":0.0000000001,"15":0.0000000001},"main_pv":{"0":0.4806774145,"1":0.6597104475,"2":0.0561334662,"3":0.3924703136,"4":0.8946329168,"5":0.1282593986,"6":null,"7":0.1027866236,"8":0.1526541357,"9":0.0095065218,"10":0.2725577909,"11":0.3329977321,"12":0.1505573973,"13":0.1810683731,"14":0.2934611419,"15":0.1108879805},"count":{"0":16,"1":3,"2":11,"3":25,"4":71,"5":1256,"6":1,"7":151,"8":689,"9":164,"10":45,"11":3,"12":28,"13":7,"14":11,"15":13},"nb_en":{"0":16,"1":3,"2":11,"3":25,"4":71,"5":1256,"6":1,"7":151,"8":689,"9":164,"10":45,"11":3,"12":28,"13":7,"14":11,"15":13},"nb_de":{"0":0,"1":0,"2":0,"3":0,"4":0,"5":0,"6":0,"7":0,"8":0,"9":0,"10":0,"11":0,"12":0,"13":0,"14":0,"15":0}}