{"canton":{"0":"NE","1":"GE","2":"TG","3":"SG","4":"GR","5":"BE","6":"AR","7":"LU","8":"GL","9":"TI","10":"JU","11":"SO","12":"UR","13":"AG","14":"FR","15":"SH","16":"VS","17":"VD","18":"ZH","19":"BS","20":"BL"},"main_mean":{"0":0.0417258327,"1":0.015016224,"2":0.0480347884,"3":0.0321074917,"4":-0.0390479381,"5":0.006995425,"6":0.0154637177,"7":0.0277401255,"8":0.0,"9":0.0361907814,"10":0.0298192297,"11":-0.0325979345,"12":0.000799984,"13":0.0281144297,"14":0.0150265302,"15":0.0117753545,"16":-0.0079526913,"17":0.0054669345,"18":0.0149115239,"19":0.0109284703,"20":0.0087149809},"sentiment_mean":{"0":0.0,"1":0.0062992126,"2":0.1,"3":0.0675675676,"4":-0.1428571429,"5":0.0273972603,"6":0.0,"7":0.0476190476,"8":0.0,"9":0.0119047619,"10":0.0,"11":0.0,"12":0.0,"13":0.0408163265,"14":0.0,"15":0.0833333333,"16":0.0,"17":-0.003021148,"18":0.0249343832,"19":0.0314136126,"20":0.0},"main_std":{"0":0.1866248691,"1":0.1449454908,"2":0.1252293581,"3":0.1427404131,"4":0.093185211,"5":0.0887770278,"6":0.0152423549,"7":0.0724052568,"8":null,"9":0.0994155146,"10":0.0948128016,"11":0.1255145063,"12":0.0011313482,"13":0.098888867,"14":0.0779792186,"15":0.060028781,"16":0.1522602329,"17":0.1587553488,"18":0.1181162236,"19":0.0750640235,"20":0.024676236},"sentiment_std":{"0":0.0,"1":0.1121099536,"2":0.316227766,"3":0.3444702536,"4":0.377964473,"5":0.1635182548,"6":0.0,"7":0.2146693954,"8":null,"9":0.1091089451,"10":0.0,"11":0.0,"12":0.0,"13":0.1999149479,"14":0.0,"15":0.2793101939,"16":0.0,"17":0.0952982376,"18":0.1559763553,"19":0.1748912192,"20":0.0},"sentiment_pv":{"0":0.0,"1":0.0024114778,"2":0.4346492438,"3":0.2224692282,"4":0.3026316794,"5":0.3519171413,"6":0.0,"7":0.2828506028,"8":null,"9":0.6043990817,"10":0.0,"11":0.0,"12":0.0,"13":0.4340583093,"14":0.0,"15":0.1134899613,"16":0.0,"17":0.0002405842,"18":0.1468959474,"19":0.3062582903,"20":0.0},"main_pv":{"0":0.5297651309,"1":0.8682627863,"2":0.4163764483,"3":0.2890951403,"4":0.1811541589,"5":0.1918375695,"6":0.9054716152,"7":0.1534916296,"8":null,"9":0.0498566269,"10":0.764534867,"11":0.1120298059,"12":0.0000000719,"13":0.3363304097,"14":0.9517122878,"15":0.7804485927,"16":0.5685716128,"17":0.3261152379,"18":0.8582948564,"19":0.5643410796,"20":0.4171221719},"count":{"0":19,"1":1270,"2":10,"3":74,"4":7,"5":292,"6":3,"7":63,"8":1,"9":84,"10":4,"11":20,"12":2,"13":49,"14":40,"15":48,"16":16,"17":331,"18":1524,"19":191,"20":15},"nb_en":{"0":5,"1":449,"2":2,"3":11,"4":0,"5":81,"6":1,"7":16,"8":0,"9":31,"10":1,"11":5,"12":0,"13":7,"14":9,"15":5,"16":8,"17":48,"18":725,"19":43,"20":1},"nb_de":{"0":1,"1":10,"2":8,"3":63,"4":7,"5":195,"6":2,"7":47,"8":1,"9":2,"10":1,"11":15,"12":2,"13":42,"14":8,"15":43,"16":6,"17":5,"18":764,"19":144,"20":14}}