{"canton":{"0":"SG","1":"GL","2":"JU","3":"VS","4":"SZ","5":"AG","6":"TG","7":"ZH","8":"BE","9":"GE","10":"BS","11":"AR","12":"LU","13":"OW","14":"GR","15":"UR","16":"VD","17":"SH","18":"BL","19":"TI","20":"SO","21":"AI","22":"NE","23":"FR"},"main_mean":{"0":0.0622279351,"1":0.0,"2":0.0122308274,"3":0.0127860725,"4":-0.0231094175,"5":0.0044461079,"6":0.0136968146,"7":0.0218562295,"8":0.0189257412,"9":0.0158063821,"10":0.0076195299,"11":-0.0223233532,"12":0.021657905,"13":0.0186461735,"14":0.0514308614,"15":-0.0597486103,"16":0.0253898229,"17":0.0096646495,"18":0.0592732023,"19":-0.0023414536,"20":0.0258845548,"21":-0.099999,"22":0.013110232,"23":0.0397045097},"sentiment_mean":{"0":0.0661577608,"1":0.0,"2":0.0,"3":0.0034013605,"4":0.0303030303,"5":0.0501089325,"6":0.0,"7":0.022238337,"8":0.0122682661,"9":0.0099430889,"10":0.0104882459,"11":0.0,"12":0.0155172414,"13":0.25,"14":0.0537634409,"15":-0.0666666667,"16":0.024600246,"17":0.0136986301,"18":0.0476190476,"19":0.0020491803,"20":0.0229007634,"21":0.0,"22":0.0,"23":0.0287958115},"main_std":{"0":0.2083238855,"1":null,"2":0.0385127306,"3":0.1483893566,"4":0.1161079697,"5":0.1976600009,"6":0.0560137883,"7":0.1466953874,"8":0.1651167491,"9":0.1495950581,"10":0.1384935473,"11":0.2120337958,"12":0.1617162311,"13":0.0972523577,"14":0.1789356333,"15":0.1370077158,"16":0.1662872249,"17":0.1075393537,"18":0.146400228,"19":0.1429760105,"20":0.2673710225,"21":null,"22":0.1473490497,"23":0.2289215312},"sentiment_std":{"0":0.2488744982,"1":null,"2":0.0,"3":0.0583211844,"4":0.174077656,"5":0.2375617344,"6":0.0,"7":0.1605413215,"8":0.1262493367,"9":0.1127976895,"10":0.1213405597,"11":0.0,"12":0.1369564611,"13":0.4629100499,"14":0.2267727937,"15":0.2581988897,"16":0.1664396221,"17":0.1170411472,"18":0.2182178902,"19":0.078406256,"20":0.1501613929,"21":null,"22":0.0,"23":0.1824537195},"sentiment_pv":{"0":0.0001169915,"1":null,"2":4.033247312e-165,"3":0.0000784115,"4":0.6694517913,"5":0.0032433228,"6":4.033247312e-165,"7":0.0000300034,"8":0.0223300679,"9":0.0,"10":0.0047583996,"11":4.033247312e-165,"12":0.7629435086,"13":0.1979725419,"14":0.1239777789,"15":0.2287555766,"16":0.0782402797,"17":0.7967417227,"18":0.5308190967,"19":0.0,"20":0.6673974291,"21":null,"22":4.033247312e-165,"23":0.2176953831},"main_pv":{"0":0.0000442569,"1":null,"2":0.255662381,"3":0.4933009135,"4":0.0466450444,"5":0.1229614573,"6":0.657185487,"7":0.006375379,"8":0.9470822364,"9":0.0334595091,"10":0.0000433546,"11":0.3329213832,"12":0.6655246432,"13":0.9979099403,"14":0.0815929506,"15":0.0435618485,"16":0.1115095262,"17":0.4738411107,"18":0.219173635,"19":0.0000000326,"20":0.760291426,"21":null,"22":0.6377232391,"23":0.0747124237},"count":{"0":393,"1":1,"2":47,"3":294,"4":33,"5":459,"6":25,"7":24822,"8":3668,"9":15287,"10":2765,"11":26,"12":580,"13":8,"14":93,"15":15,"16":1626,"17":73,"18":21,"19":1464,"20":131,"21":1,"22":153,"23":382},"nb_en":{"0":393,"1":1,"2":47,"3":294,"4":33,"5":459,"6":25,"7":24822,"8":3668,"9":15287,"10":2765,"11":26,"12":580,"13":8,"14":93,"15":15,"16":1626,"17":73,"18":21,"19":1464,"20":131,"21":1,"22":153,"23":382},"nb_de":{"0":0,"1":0,"2":0,"3":0,"4":0,"5":0,"6":0,"7":0,"8":0,"9":0,"10":0,"11":0,"12":0,"13":0,"14":0,"15":0,"16":0,"17":0,"18":0,"19":0,"20":0,"21":0,"22":0,"23":0},"nb_fr":{"0":0,"1":0,"2":0,"3":0,"4":0,"5":0,"6":0,"7":0,"8":0,"9":0,"10":0,"11":0,"12":0,"13":0,"14":0,"15":0,"16":0,"17":0,"18":0,"19":0,"20":0,"21":0,"22":0,"23":0}}