{"canton":{"0":"UR","1":"AG","2":"BE","3":"OW","4":"BL","5":"GE","6":"BS","7":"FR","8":"TG","9":"TI","10":"AR","11":"ZH","12":"SO","13":"NE","14":"LU","15":"GR","16":"VD","17":"VS","18":"SH","19":"SG"},"main_mean":{"0":-0.0336083956,"1":0.0377588093,"2":0.0211026369,"3":0.015916534,"4":0.0017469215,"5":0.0205982512,"6":0.010518315,"7":0.0170082425,"8":0.014627593,"9":-0.0172814054,"10":0.0,"11":0.0123478513,"12":0.0136378964,"13":0.0081923765,"14":0.0375305926,"15":0.1173281359,"16":0.0212228583,"17":0.0010710671,"18":0.045964789,"19":0.038212258},"sentiment_mean":{"0":0.0,"1":0.0322580645,"2":0.0284552846,"3":0.0,"4":0.0,"5":0.0145985401,"6":0.011627907,"7":0.0588235294,"8":0.0,"9":0.0,"10":0.0,"11":0.0185185185,"12":0.1111111111,"13":0.0,"14":0.0526315789,"15":0.0769230769,"16":0.0144230769,"17":0.0,"18":0.125,"19":0.0980392157},"main_std":{"0":0.0400333516,"1":0.1335269844,"2":0.1382908913,"3":null,"4":0.0095495468,"5":0.1524192992,"6":0.0808770066,"7":0.1055873556,"8":0.0343965578,"9":0.0988114425,"10":null,"11":0.1222258004,"12":0.030829592,"13":0.0550769759,"14":0.1555391986,"15":0.2838715768,"16":0.1478219159,"17":0.0491539879,"18":0.1220184248,"19":0.1138193529},"sentiment_std":{"0":0.0,"1":0.179605302,"2":0.1895301711,"3":null,"4":0.0,"5":0.1553935616,"6":0.1075170104,"7":0.2388325736,"8":0.0,"9":0.0,"10":null,"11":0.147985013,"12":0.3333333333,"13":0.0,"14":0.2252817784,"15":0.2773500981,"16":0.1833231983,"17":0.0,"18":0.3378319623,"19":0.3003266196},"sentiment_pv":{"0":0.0,"1":0.7291525609,"2":0.5467910244,"3":null,"4":0.0,"5":0.3087171863,"6":0.2886084979,"7":0.3629124062,"8":0.0,"9":0.0,"10":null,"11":0.657088594,"12":0.4406392241,"13":0.0,"14":0.2950890652,"15":0.4809663396,"16":0.6188841981,"17":0.0,"18":0.1452208468,"19":0.073361261},"main_pv":{"0":0.0461725764,"1":0.4007625226,"2":0.6715224464,"3":null,"4":0.0000143216,"5":0.5642667965,"6":0.3149947866,"7":0.9910897915,"8":0.8758416975,"9":0.0106608417,"10":null,"11":0.2768451234,"12":0.7429862395,"13":0.5554726162,"14":0.3316384955,"15":0.2277839497,"16":0.704207422,"17":0.2159303758,"18":0.2622863109,"19":0.198681476},"count":{"0":5,"1":31,"2":246,"3":1,"4":18,"5":822,"6":172,"7":34,"8":5,"9":59,"10":1,"11":1080,"12":9,"13":14,"14":57,"15":13,"16":208,"17":16,"18":24,"19":51},"nb_en":{"0":1,"1":6,"2":68,"3":0,"4":1,"5":282,"6":54,"7":6,"8":1,"9":24,"10":0,"11":518,"12":4,"13":6,"14":13,"15":2,"16":27,"17":4,"18":0,"19":8},"nb_de":{"0":4,"1":25,"2":166,"3":1,"4":17,"5":5,"6":117,"7":8,"8":4,"9":0,"10":1,"11":545,"12":5,"13":2,"14":43,"15":11,"16":5,"17":8,"18":24,"19":43},"nb_fr":{"0":0,"1":0,"2":12,"3":0,"4":0,"5":535,"6":1,"7":20,"8":0,"9":35,"10":0,"11":17,"12":0,"13":6,"14":1,"15":0,"16":176,"17":4,"18":0,"19":0}}