{"canton":{"0":"NE","1":"GE","2":"TG","3":"TI","4":"SG","5":"GR","6":"UR","7":"LU","8":"BE","9":"JU","10":"SO","11":"SH","12":"AG","13":"FR","14":"BS","15":"VS","16":"VD","17":"ZH","18":"BL"},"main_mean":{"0":-0.0136934036,"1":0.0222942972,"2":-0.0072335998,"3":0.0781526185,"4":0.0395924371,"5":0.0467146355,"6":0.0142334363,"7":0.0338918072,"8":0.0154752056,"9":0.0118569735,"10":0.0181691951,"11":0.0321524657,"12":0.0239607669,"13":0.0218593875,"14":0.0085396664,"15":0.005091528,"16":0.0138774418,"17":0.0142043943,"18":0.0785225594},"sentiment_mean":{"0":0.0,"1":0.0117340287,"2":0.0,"3":0.0,"4":0.0465116279,"5":0.1,"6":0.0,"7":0.0,"8":0.023255814,"9":0.0,"10":0.0,"11":0.0416666667,"12":0.0,"13":0.0263157895,"14":0.0,"15":0.0,"16":0.014084507,"17":0.0276752768,"18":0.1428571429},"main_std":{"0":0.0432800477,"1":0.1617539737,"2":0.0166732004,"3":0.1574962233,"4":0.1739347601,"5":0.1162050911,"6":0.0421721956,"7":0.1208285042,"8":0.1235560327,"9":null,"10":0.0309278934,"11":0.1055113704,"12":0.2086133835,"13":0.0689302721,"14":0.0713241729,"15":0.0469444084,"16":0.1015116682,"17":0.1151911175,"18":0.2302651527},"sentiment_std":{"0":0.0,"1":0.1394431004,"2":0.0,"3":0.0,"4":0.2130826323,"5":0.316227766,"6":0.0,"7":0.0,"8":0.1858594191,"9":null,"10":0.0,"11":0.2041241452,"12":0.0,"13":0.1622214211,"14":0.0,"15":0.0,"16":0.1181170366,"17":0.1696494177,"18":0.377964473},"sentiment_pv":{"0":0.0,"1":0.1820725908,"2":0.0,"3":0.0,"4":0.412541767,"5":0.441788022,"6":0.0,"7":0.0,"8":0.796161951,"9":null,"10":0.0,"11":0.6008713152,"12":0.0,"13":0.7986079652,"14":0.0,"15":0.0,"16":0.5288534599,"17":0.1686668549,"18":0.4211435131},"main_pv":{"0":0.0143019516,"1":0.4907723487,"2":0.0243889337,"3":0.0808291731,"4":0.4203153137,"5":0.4541291995,"6":0.89406113,"7":0.3841761233,"8":0.8028697985,"9":null,"10":0.9898838633,"11":0.517695581,"12":0.886142823,"13":0.7323016833,"14":0.1282543707,"15":0.1979558429,"16":0.5857407256,"17":0.3892319952,"18":0.5123595679},"count":{"0":15,"1":767,"2":5,"3":23,"4":43,"5":10,"6":3,"7":45,"8":172,"9":1,"10":3,"11":24,"12":25,"13":38,"14":162,"15":25,"16":213,"17":1084,"18":7},"nb_en":{"0":1,"1":274,"2":0,"3":9,"4":4,"5":1,"6":1,"7":7,"8":59,"9":0,"10":0,"11":0,"12":3,"13":7,"14":48,"15":4,"16":32,"17":521,"18":0},"nb_de":{"0":3,"1":4,"2":5,"3":1,"4":39,"5":8,"6":2,"7":38,"8":107,"9":0,"10":3,"11":24,"12":22,"13":11,"14":114,"15":16,"16":2,"17":547,"18":7}}