{"canton":{"0":"NE","1":"GE","2":"TG","3":"BE","4":"SZ","5":"GL","6":"UR","7":"FR","8":"BS","9":"BL","10":"ZH","11":"OW","12":"VD","13":"SG","14":"GR","15":"AR","16":"LU","17":"TI","18":"JU","19":"AG","20":"SH","21":"VS","22":"AI","23":"SO","24":"NW"},"main_mean":{"0":0.0045246556,"1":0.0284530882,"2":-0.0014414839,"3":0.0068071357,"4":0.0364231536,"5":0.0069999417,"6":-0.0110022723,"7":0.0226017118,"8":0.0119244108,"9":0.0017531926,"10":0.0152177813,"11":0.0005714204,"12":0.0067146585,"13":0.0376951135,"14":0.0168190709,"15":0.0617818092,"16":0.010897232,"17":0.0087205115,"18":0.0354786016,"19":0.0022625917,"20":0.0131580576,"21":0.0085570709,"22":0.0,"23":0.0104194366,"24":0.0005714204},"sentiment_mean":{"0":0.0,"1":0.0137107475,"2":0.0,"3":0.0198019802,"4":0.0909090909,"5":0.0,"6":0.0,"7":0.007751938,"8":0.011994003,"9":0.0169491525,"10":0.0232148105,"11":0.0,"12":0.008912656,"13":0.0774647887,"14":0.0142857143,"15":0.1333333333,"16":0.0256410256,"17":0.0055248619,"18":0.0,"19":0.0152671756,"20":0.0256410256,"21":0.0,"22":0.0,"23":0.0,"24":0.0},"main_std":{"0":0.0658505402,"1":0.153297976,"2":0.0388152685,"3":0.0898297684,"4":0.1191299894,"5":null,"6":0.0163816201,"7":0.0931664247,"8":0.0985011855,"9":0.0408225559,"10":0.1161369316,"11":null,"12":0.1023289499,"13":0.1268518582,"14":0.0617130142,"15":0.2123851095,"16":0.1124356635,"17":0.081043658,"18":0.0628489367,"19":0.1056999316,"20":0.0557214647,"21":0.0696931353,"22":null,"23":0.1177876189,"24":null},"sentiment_std":{"0":0.0,"1":0.1525229808,"2":0.0,"3":0.1470846064,"4":0.3015113446,"5":null,"6":0.0,"7":0.0880450906,"8":0.1089400748,"9":0.130188911,"10":0.1618946736,"11":null,"12":0.0940690924,"13":0.2682738006,"14":0.1195228609,"15":0.3518657753,"16":0.1584687499,"17":0.0743294146,"18":0.0,"19":0.1230842628,"20":0.1590849625,"21":0.0,"22":null,"23":0.0,"24":null},"sentiment_pv":{"0":3.585532525e-32,"1":0.1594155165,"2":3.585532525e-32,"3":0.8365525986,"4":0.445784652,"5":null,"6":3.585532525e-32,"7":0.1669560339,"8":0.1344119577,"9":0.9163985355,"10":0.1616318532,"11":null,"12":0.0217352075,"13":0.0102506933,"14":0.7573468868,"15":0.2278725868,"16":0.5478683907,"17":0.0224128185,"18":3.585532525e-32,"19":0.7495795467,"20":0.7039086619,"21":3.585532525e-32,"22":null,"23":3.585532525e-32,"24":null},"main_pv":{"0":0.4145861547,"1":0.0008235652,"2":0.0564359475,"3":0.0019831296,"4":0.5979128032,"5":null,"6":0.0179906392,"7":0.4894415621,"8":0.221068942,"9":0.0074619087,"10":0.4901940299,"11":null,"12":0.024778877,"13":0.0537710113,"14":0.9968989291,"15":0.4263990778,"16":0.4662037736,"17":0.1883363794,"18":0.5951558054,"19":0.1200191582,"20":0.567955289,"21":0.3731444107,"22":null,"23":0.7291648613,"24":null},"count":{"0":20,"1":2261,"2":19,"3":909,"4":11,"5":1,"6":5,"7":129,"8":667,"9":59,"10":3403,"11":1,"12":561,"13":142,"14":70,"15":15,"16":195,"17":181,"18":4,"19":131,"20":78,"21":58,"22":1,"23":41,"24":1},"nb_en":{"0":5,"1":915,"2":2,"3":213,"4":4,"5":0,"6":0,"7":43,"8":159,"9":0,"10":1450,"11":0,"12":94,"13":15,"14":8,"15":2,"16":39,"17":88,"18":1,"19":28,"20":7,"21":17,"22":0,"23":11,"24":0},"nb_de":{"0":3,"1":19,"2":17,"3":648,"4":7,"5":1,"6":5,"7":16,"8":494,"9":59,"10":1899,"11":1,"12":12,"13":124,"14":62,"15":13,"16":155,"17":2,"18":0,"19":102,"20":71,"21":25,"22":1,"23":30,"24":1}}