{"canton":{"0":"TI","1":"UR","2":"BE","3":"BL","4":"JU","5":"NW","6":"TG","7":"VD","8":"SG","9":"GR","10":"SH","11":"OW","12":"AG","13":"GE","14":"BS","15":"FR","16":"AR","17":"GL","18":"ZH","19":"SO","20":"NE","21":"LU","22":"VS","23":"SZ"},"main_mean":{"0":-0.0025162019,"1":-0.0042585948,"2":0.0084423012,"3":0.0065209024,"4":0.0738754676,"5":0.0,"6":0.0206699455,"7":0.0069898767,"8":0.0489119856,"9":0.0166364304,"10":0.0143122068,"11":0.0279121511,"12":0.0132427442,"13":0.0202624393,"14":0.0042492237,"15":0.0134545167,"16":0.012102481,"17":0.0067358303,"18":0.0153603238,"19":0.0501368767,"20":0.0359479358,"21":0.0053991098,"22":0.0090109222,"23":0.0293028491},"sentiment_mean":{"0":0.0129032258,"1":0.0,"2":0.0220779221,"3":0.0,"4":0.0,"5":0.0,"6":0.0,"7":0.0219092332,"8":0.1185185185,"9":0.0384615385,"10":0.0243902439,"11":0.0,"12":0.0263157895,"13":0.0083899321,"14":0.0218579235,"15":0.0,"16":0.0,"17":0.0,"18":0.0296141191,"19":0.0204081633,"20":0.0,"21":0.0181818182,"22":0.0,"23":0.0},"main_std":{"0":0.1232288125,"1":0.012485595,"2":0.093787318,"3":0.0329212182,"4":0.0819344713,"5":null,"6":0.0562114167,"7":0.1252625659,"8":0.1382092797,"9":0.0664317698,"10":0.1027241569,"11":null,"12":0.0987111145,"13":0.1397498883,"14":0.1118668972,"15":0.1177046373,"16":0.0231727328,"17":0.011401371,"18":0.1117060965,"19":0.2044377986,"20":0.1131191588,"21":0.0889543952,"22":0.0544584024,"23":0.0462688967},"sentiment_std":{"0":0.1132229598,"1":0.0,"2":0.1470325253,"3":0.0,"4":0.0,"5":null,"6":0.0,"7":0.15683623,"8":0.346665391,"9":0.1961161351,"10":0.1552067324,"11":null,"12":0.208684303,"13":0.1308274891,"14":0.1463528939,"15":0.1474419562,"16":0.0,"17":0.0,"18":0.1730393304,"19":0.1428571429,"20":0.0,"21":0.1339132263,"22":0.0,"23":0.0},"sentiment_pv":{"0":0.3404274524,"1":1.111529047e-37,"2":0.9524893498,"3":1.111529047e-37,"4":1.111529047e-37,"5":null,"6":1.111529047e-37,"7":0.9798167276,"8":0.0015139811,"9":0.6678727267,"10":0.8783754361,"11":null,"12":0.8162423831,"13":0.0000180529,"14":0.9862674216,"15":0.160720567,"16":1.111529047e-37,"17":1.111529047e-37,"18":0.0220540911,"19":0.9481580053,"20":1.111529047e-37,"21":0.6982842936,"22":1.111529047e-37,"23":1.111529047e-37},"main_pv":{"0":0.0816222365,"1":0.0028790673,"2":0.0709834422,"3":0.1935048716,"4":0.1386179671,"5":null,"6":0.6739504689,"7":0.1191776932,"8":0.0052481412,"9":0.8999102396,"10":0.9539490074,"11":null,"12":0.8532058022,"13":0.085185143,"14":0.0303927241,"15":0.9017612441,"16":0.6940380229,"17":0.3365502715,"18":0.8673576112,"19":0.2349102348,"20":0.3737662852,"21":0.1197528695,"22":0.4766927757,"23":0.4447223005},"count":{"0":155,"1":8,"2":770,"3":28,"4":6,"5":1,"6":18,"7":639,"8":135,"9":26,"10":82,"11":1,"12":114,"13":2503,"14":549,"15":93,"16":11,"17":3,"18":3343,"19":49,"20":24,"21":220,"22":44,"23":7},"nb_en":{"0":95,"1":0,"2":197,"3":1,"4":0,"5":0,"6":2,"7":88,"8":21,"9":4,"10":8,"11":0,"12":21,"13":912,"14":156,"15":20,"16":3,"17":0,"18":1475,"19":6,"20":6,"21":37,"22":8,"23":0},"nb_de":{"0":4,"1":8,"2":540,"3":27,"4":0,"5":1,"6":16,"7":4,"8":114,"9":22,"10":74,"11":1,"12":92,"13":8,"14":386,"15":13,"16":8,"17":3,"18":1812,"19":43,"20":3,"21":179,"22":26,"23":7},"nb_fr":{"0":56,"1":0,"2":33,"3":0,"4":6,"5":0,"6":0,"7":547,"8":0,"9":0,"10":0,"11":0,"12":1,"13":1583,"14":7,"15":60,"16":0,"17":0,"18":56,"19":0,"20":15,"21":4,"22":10,"23":0}}