{"canton":{"0":"TI","1":"UR","2":"BE","3":"BL","4":"NW","5":"TG","6":"VD","7":"SG","8":"JU","9":"SH","10":"OW","11":"AG","12":"GE","13":"BS","14":"FR","15":"SO","16":"AR","17":"GL","18":"ZH","19":"VS","20":"NE","21":"LU","22":"GR"},"main_mean":{"0":0.0170257284,"1":0.0236355221,"2":0.0116978363,"3":0.0050562201,"4":0.0003333306,"5":0.0110929978,"6":0.0182660745,"7":0.0359492825,"8":-0.0182665449,"9":0.0061963357,"10":0.0001111102,"11":0.0141503728,"12":0.019595339,"13":0.0125088033,"14":0.0071845927,"15":-0.0030163835,"16":0.0238093537,"17":0.0,"18":0.0170732357,"19":-0.0205954918,"20":-0.0064279358,"21":-0.0007650458,"22":0.0185533166},"sentiment_mean":{"0":0.0,"1":0.0,"2":0.0188034188,"3":0.0,"4":0.0,"5":0.0,"6":0.0116666667,"7":0.112,"8":0.0,"9":0.0615384615,"10":0.0,"11":0.0081967213,"12":0.0108271979,"13":0.029296875,"14":0.011627907,"15":0.0,"16":0.0,"17":0.0,"18":0.0297188755,"19":0.0,"20":0.0434782609,"21":0.0,"22":0.0476190476},"main_std":{"0":0.0947271587,"1":0.040649594,"2":0.1300834233,"3":0.0241633622,"4":null,"5":0.0257847642,"6":0.1130055614,"7":0.1537893716,"8":null,"9":0.0511502224,"10":0.0001924485,"11":0.0927351893,"12":0.1375014074,"13":0.105210309,"14":0.0839310121,"15":0.0277714673,"16":0.0412390104,"17":0.0,"18":0.1259459148,"19":0.1299918278,"20":0.2392455576,"21":0.0777696759,"22":0.1063647572},"sentiment_std":{"0":0.146647115,"1":0.0,"2":0.1480070944,"3":0.0,"4":null,"5":0.0,"6":0.1074700201,"7":0.3411555316,"8":null,"9":0.2421855614,"10":0.0,"11":0.090535746,"12":0.1295394456,"13":0.168802313,"14":0.1078327732,"15":0.0,"16":0.0,"17":0.0,"18":0.1812868637,"19":0.1942571725,"20":0.2085144141,"21":0.0,"22":0.2182178902},"sentiment_pv":{"0":0.1695134956,"1":8.273160313e-30,"2":0.7203637218,"3":8.273160313e-30,"4":null,"5":8.273160313e-30,"6":0.0481006644,"7":0.0035316936,"8":null,"9":0.1837023216,"10":8.273160313e-30,"11":0.1272282127,"12":0.0017064835,"13":0.2862770112,"14":0.4236059538,"15":8.273160313e-30,"16":8.273160313e-30,"17":8.273160313e-30,"18":0.0344618733,"19":0.4295673083,"20":0.6120866878,"21":8.273160313e-30,"22":0.5839396821},"main_pv":{"0":0.9544742907,"1":0.7888900699,"2":0.3933438378,"3":0.0143470031,"4":null,"5":0.4752818125,"6":0.7093008122,"7":0.1613390626,"8":null,"9":0.1194709975,"10":2.669531739e-28,"11":0.7868340791,"12":0.3299079379,"13":0.4181091374,"14":0.3144550875,"15":0.0003551064,"16":0.7869515304,"17":7.749122759e-29,"18":0.8337948236,"19":0.0415936181,"20":0.6510061296,"21":0.0180388889,"22":0.9291767817},"count":{"0":94,"1":3,"2":585,"3":33,"4":1,"5":13,"6":600,"7":125,"8":1,"9":65,"10":3,"11":122,"12":2309,"13":512,"14":86,"15":34,"16":3,"17":2,"18":2490,"19":54,"20":23,"21":122,"22":21},"nb_en":{"0":40,"1":1,"2":169,"3":0,"4":0,"5":1,"6":72,"7":15,"8":0,"9":0,"10":2,"11":19,"12":818,"13":159,"14":11,"15":6,"16":1,"17":0,"18":1093,"19":14,"20":4,"21":29,"22":6},"nb_de":{"0":3,"1":2,"2":384,"3":33,"4":1,"5":12,"6":10,"7":110,"8":0,"9":65,"10":1,"11":102,"12":11,"13":344,"14":12,"15":28,"16":2,"17":2,"18":1359,"19":26,"20":3,"21":93,"22":15},"nb_fr":{"0":51,"1":0,"2":32,"3":0,"4":0,"5":0,"6":518,"7":0,"8":1,"9":0,"10":0,"11":1,"12":1480,"13":9,"14":63,"15":0,"16":0,"17":0,"18":38,"19":14,"20":16,"21":0,"22":0}}