{"canton":{"0":"UR","1":"BE","2":"BL","3":"JU","4":"NW","5":"TI","6":"VD","7":"SG","8":"GR","9":"SH","10":"OW","11":"AG","12":"GE","13":"BS","14":"FR","15":"AR","16":"ZH","17":"SO","18":"NE","19":"LU","20":"AI","21":"VS","22":"SZ","23":"TG"},"main_mean":{"0":0.0000959033,"1":0.0114305415,"2":-0.0070212706,"3":-0.046223225,"4":0.0001507918,"5":0.0119109252,"6":0.0122640868,"7":0.047127405,"8":0.0015317229,"9":0.0105799624,"10":-0.0000659467,"11":0.0110631366,"12":0.0208460813,"13":0.0102352292,"14":0.0376987869,"15":0.0127381627,"16":0.0163732576,"17":-0.0015786103,"18":0.0691796716,"19":0.014798686,"20":-0.099999,"21":0.0171737389,"22":-0.0113147029,"23":0.0133703745},"sentiment_mean":{"0":0.0,"1":0.0135970334,"2":0.0,"3":0.0,"4":0.0,"5":0.0198019802,"6":0.0114942529,"7":0.0935251799,"8":0.0465116279,"9":0.0404040404,"10":0.0,"11":0.0201342282,"12":0.0088,"13":0.0241477273,"14":0.0082644628,"15":0.0,"16":0.0270913962,"17":0.0,"18":0.0740740741,"19":0.0544554455,"20":0.0,"21":0.0172413793,"22":0.0,"23":0.0},"main_std":{"0":0.0001645803,"1":0.0983213959,"2":0.0313319731,"3":0.0610758507,"4":0.000245439,"5":0.0960776004,"6":0.1281715672,"7":0.1374757136,"8":0.069097184,"9":0.0482185325,"10":0.017885613,"11":0.1001288897,"12":0.1422482894,"13":0.071712377,"14":0.1990223952,"15":0.0210630015,"16":0.124916207,"17":0.0379804,"18":0.1227441368,"19":0.1222338743,"20":null,"21":0.0743554687,"22":0.0260285161,"23":0.0218637141},"sentiment_std":{"0":0.0,"1":0.1158824976,"2":0.0,"3":0.0,"4":0.0,"5":0.1716294759,"6":0.141462281,"7":0.2922200464,"8":0.2130826323,"9":0.1979070035,"10":0.0,"11":0.1826900587,"12":0.1262098711,"13":0.1536168435,"14":0.0909090909,"15":0.0,"16":0.1695513849,"17":0.0,"18":0.2668802563,"19":0.2274779537,"20":null,"21":0.1313064329,"22":0.0,"23":0.0},"sentiment_pv":{"0":6.493029739e-37,"1":0.1130785631,"2":6.493029739e-37,"3":6.493029739e-37,"4":6.493029739e-37,"5":0.9514276698,"6":0.106373571,"7":0.0038650811,"8":0.4292683713,"9":0.3220760341,"10":6.493029739e-37,"11":0.9782666698,"12":0.0000891251,"13":0.5490177154,"14":0.1471351882,"15":6.493029739e-37,"16":0.0500448023,"17":6.493029739e-37,"18":0.3071233188,"19":0.0362414964,"20":null,"21":0.8493661977,"22":6.493029739e-37,"23":6.493029739e-37},"main_pv":{"0":1.420419637e-37,"1":0.1570378264,"2":0.0000796435,"3":0.2163743922,"4":3.426893368e-37,"5":0.4914588385,"6":0.382726856,"7":0.0103776947,"8":0.1614788123,"9":0.2283138912,"10":0.1045193806,"11":0.5017856611,"12":0.17931163,"13":0.0322217397,"14":0.2482174573,"15":0.5581412734,"16":0.9112006143,"17":0.0023240941,"18":0.0352669683,"19":0.8313339218,"20":null,"21":0.9580163699,"22":0.0737769543,"23":0.5331163215},"count":{"0":7,"1":809,"2":36,"3":3,"4":6,"5":202,"6":696,"7":139,"8":43,"9":99,"10":5,"11":149,"12":2500,"13":704,"14":121,"15":11,"16":3359,"17":47,"18":27,"19":202,"20":1,"21":58,"22":5,"23":19},"nb_en":{"0":3,"1":191,"2":3,"3":0,"4":0,"5":93,"6":123,"7":20,"8":4,"9":9,"10":0,"11":28,"12":907,"13":180,"14":23,"15":1,"16":1484,"17":6,"18":8,"19":29,"20":1,"21":17,"22":0,"23":1},"nb_de":{"0":4,"1":573,"2":33,"3":0,"4":6,"5":0,"6":16,"7":118,"8":39,"9":89,"10":5,"11":119,"12":11,"13":510,"14":10,"15":10,"16":1827,"17":41,"18":0,"19":172,"20":0,"21":28,"22":5,"23":18},"nb_fr":{"0":0,"1":45,"2":0,"3":3,"4":0,"5":109,"6":557,"7":1,"8":0,"9":1,"10":0,"11":2,"12":1582,"13":14,"14":88,"15":0,"16":48,"17":0,"18":19,"19":1,"20":0,"21":13,"22":0,"23":0}}