{"canton":{"0":"SG","1":"UR","2":"VS","3":"JU","4":"AG","5":"VD","6":"ZH","7":"SH","8":"BE","9":"GE","10":"BS","11":"TI","12":"SZ","13":"LU","14":"OW","15":"FR"},"main_mean":{"0":0.1632696337,"1":-0.249996875,"2":0.0,"3":0.0,"4":-0.0624984375,"5":-0.045473053,"6":0.0314581878,"7":-0.1666638889,"8":0.0521140169,"9":-0.0025506001,"10":-0.0097701496,"11":0.0128202858,"12":0.099999,"13":0.0,"14":-0.107953351,"15":0.1666611113},"sentiment_mean":{"0":0.2222222222,"1":-0.5,"2":0.0,"3":0.0,"4":0.0,"5":0.0,"6":0.0103359173,"7":0.0,"8":0.046875,"9":0.0,"10":0.0,"11":0.0,"12":0.0,"13":0.0,"14":0.0,"15":0.0},"main_std":{"0":0.1921156195,"1":0.3535489712,"2":0.0,"3":null,"4":0.1249968751,"5":0.0772949172,"6":0.1531084683,"7":null,"8":0.1536575492,"9":0.1616722489,"10":0.1219795604,"11":0.09863444,"12":null,"13":null,"14":0.0241053925,"15":0.2356944039},"sentiment_std":{"0":0.4409585518,"1":0.7071067812,"2":0.0,"3":null,"4":0.0,"5":0.0,"6":0.1242454567,"7":null,"8":0.2130420258,"9":0.0,"10":0.1516196087,"11":0.0,"12":null,"13":null,"14":0.0,"15":0.0},"sentiment_pv":{"0":0.1870014067,"1":0.4936560009,"2":0.0324234059,"3":null,"4":0.0324234059,"5":0.0324234059,"6":0.9710414488,"7":null,"8":0.1778069759,"9":0.0324234059,"10":0.5517056723,"11":0.0324234059,"12":null,"13":null,"14":0.0324234059,"15":0.0324234059},"main_pv":{"0":0.0533751682,"1":0.4777008982,"2":0.0008176159,"3":null,"4":0.2878243091,"5":0.0024515267,"6":0.1589446506,"7":null,"8":0.092511858,"9":0.1138118221,"10":0.0499378951,"11":0.7941150267,"12":null,"13":null,"14":0.062629253,"15":0.5364492376},"count":{"0":9,"1":2,"2":3,"3":1,"4":4,"5":19,"6":387,"7":1,"8":64,"9":186,"10":88,"11":26,"12":1,"13":1,"14":2,"15":2},"nb_en":{"0":9,"1":2,"2":3,"3":1,"4":4,"5":19,"6":387,"7":1,"8":64,"9":186,"10":88,"11":26,"12":1,"13":1,"14":2,"15":2},"nb_de":{"0":0,"1":0,"2":0,"3":0,"4":0,"5":0,"6":0,"7":0,"8":0,"9":0,"10":0,"11":0,"12":0,"13":0,"14":0,"15":0}}