{"canton":{"0":"NE","1":"GE","2":"TG","3":"UR","4":"SZ","5":"BE","6":"GL","7":"FR","8":"BS","9":"BL","10":"ZH","11":"OW","12":"VD","13":"SG","14":"GR","15":"AR","16":"LU","17":"TI","18":"AG","19":"SH","20":"VS","21":"SO","22":"NW"},"main_mean":{"0":0.04870199,"1":0.023570462,"2":-0.0006132774,"3":0.000199998,"4":0.0,"5":0.0106986412,"6":0.0049813388,"7":0.0358012752,"8":0.0104372911,"9":-0.0005413912,"10":0.021761907,"11":-0.005731619,"12":0.0056561318,"13":0.0757079389,"14":0.0192068402,"15":-0.142840818,"16":0.0213842494,"17":0.00571726,"18":0.0007058784,"19":0.0100373199,"20":0.0184058335,"21":0.006418966,"22":-0.0001428542},"sentiment_mean":{"0":0.0,"1":0.0067385445,"2":0.0,"3":0.0,"4":0.0,"5":0.0165975104,"6":0.0,"7":0.0256410256,"8":0.0212765957,"9":0.0,"10":0.0335097002,"11":0.0,"12":0.0038610039,"13":0.16,"14":0.0344827586,"15":0.0,"16":0.0347826087,"17":0.0081967213,"18":0.0149253731,"19":0.0317460317,"20":0.0147058824,"21":-0.03125,"22":0.0},"main_std":{"0":0.1167849292,"1":0.1477233883,"2":0.0496054373,"3":0.0002828399,"4":null,"5":0.1340527556,"6":0.0109342363,"7":0.1469894891,"8":0.1044741825,"9":0.007987069,"10":0.1202009294,"11":0.0130410446,"12":0.1232497229,"13":0.2112214794,"14":0.1147965511,"15":0.4237420476,"16":0.1161043272,"17":0.1943803956,"18":0.0797282069,"19":0.033974342,"20":0.0835749442,"21":0.1270157247,"22":0.0007677062},"sentiment_std":{"0":0.0,"1":0.1322220159,"2":0.0,"3":0.0,"4":null,"5":0.1697939311,"6":0.0,"7":0.1587417368,"8":0.1444971717,"9":0.0,"10":0.1848392079,"11":0.0,"12":0.087874955,"13":0.4026756151,"14":0.1856953382,"15":0.0,"16":0.1840306412,"17":0.157243909,"18":0.1221694444,"19":0.1767314318,"20":0.1212678125,"21":0.1767766953,"22":0.0},"sentiment_pv":{"0":3.314859722e-26,"1":0.0000186085,"2":3.314859722e-26,"3":3.314859722e-26,"4":null,"5":0.5349569585,"6":3.314859722e-26,"7":0.783500454,"8":0.9706051998,"9":3.314859722e-26,"10":0.0063909073,"11":3.314859722e-26,"12":0.0000539437,"13":0.0000451099,"14":0.7111469877,"15":3.314859722e-26,"16":0.4457458581,"17":0.3544597541,"18":0.6609170508,"19":0.6502975118,"20":0.6456634862,"21":0.1016720334,"22":3.314859722e-26},"main_pv":{"0":0.1719818004,"1":0.3423566987,"2":0.1579216397,"3":5.045041507e-33,"4":null,"5":0.1328261448,"6":0.1290452315,"7":0.2570923121,"8":0.0832084326,"9":0.0,"10":0.6071478611,"11":0.0091907371,"12":0.0103071136,"13":0.0016559587,"14":0.9627308091,"15":0.3891949777,"16":0.9151233577,"17":0.4136586635,"18":0.0522074157,"19":0.0291521868,"20":0.8606454649,"21":0.5444387579,"22":1.057632465e-20},"count":{"0":33,"1":2226,"2":13,"3":2,"4":1,"5":482,"6":3,"7":117,"8":376,"9":27,"10":2268,"11":5,"12":518,"13":150,"14":29,"15":6,"16":115,"17":122,"18":67,"19":63,"20":68,"21":32,"22":2},"nb_en":{"0":7,"1":683,"2":1,"3":1,"4":1,"5":160,"6":0,"7":16,"8":95,"9":0,"10":942,"11":0,"12":76,"13":16,"14":4,"15":3,"16":25,"17":51,"18":16,"19":3,"20":32,"21":5,"22":0},"nb_de":{"0":0,"1":7,"2":12,"3":1,"4":0,"5":296,"6":3,"7":23,"8":273,"9":27,"10":1295,"11":5,"12":12,"13":134,"14":25,"15":3,"16":90,"17":3,"18":51,"19":60,"20":20,"21":27,"22":2}}