{"canton":{"0":"UR","1":"BE","2":"BL","3":"NW","4":"TI","5":"VD","6":"SG","7":"JU","8":"SH","9":"OW","10":"AG","11":"GE","12":"BS","13":"FR","14":"SO","15":"AR","16":"GL","17":"ZH","18":"VS","19":"NE","20":"LU","21":"AI","22":"GR","23":"SZ","24":"TG"},"main_mean":{"0":0.0067187944,"1":0.0022437532,"2":0.0023900227,"3":-0.0064730271,"4":-0.0026385608,"5":0.0169446306,"6":0.0466205453,"7":0.0987398204,"8":0.0109900551,"9":-0.0083655531,"10":0.0217050995,"11":0.0226060275,"12":0.0122650223,"13":0.0234215603,"14":0.0218866031,"15":0.0688283318,"16":0.0306891402,"17":0.0159981969,"18":0.0194699861,"19":0.0049755699,"20":0.0094588102,"21":0.0002499969,"22":0.0158778206,"23":0.0061412516,"24":0.005512198},"sentiment_mean":{"0":0.0,"1":0.0091984231,"2":-0.0256410256,"3":0.0,"4":-0.0067567568,"5":0.0149006623,"6":0.1142857143,"7":0.25,"8":0.0481927711,"9":0.0,"10":0.0142857143,"11":0.0097747556,"12":0.0295420975,"13":0.0296296296,"14":0.0,"15":0.0,"16":0.0,"17":0.0223599138,"18":0.0,"19":0.0,"20":0.0199004975,"21":0.0,"22":0.1351351351,"23":0.0,"24":0.0},"main_std":{"0":0.0226160678,"1":0.0835032604,"2":0.0668327792,"3":0.0091542428,"4":0.0684512274,"5":0.1140170138,"6":0.1343861922,"7":0.1467440288,"8":0.0580861979,"9":0.0103885885,"10":0.1181417295,"11":0.1377349304,"12":0.083358178,"13":0.1313107435,"14":0.2091254202,"15":0.1232770788,"16":0.0202139816,"17":0.1099898846,"18":0.0860471909,"19":0.0725639192,"20":0.091469801,"21":0.000353549,"22":0.1185392145,"23":0.0611246123,"24":0.0446266978},"sentiment_std":{"0":0.0,"1":0.1084314666,"2":0.1601281538,"3":0.0,"4":0.0821994937,"5":0.1342375684,"6":0.3410882771,"7":0.4629100499,"8":0.2154753372,"9":0.0,"10":0.1690308509,"11":0.1316677118,"12":0.1694454846,"13":0.1701948287,"14":0.0,"15":0.0,"16":0.0,"17":0.1601199759,"18":0.0,"19":0.0,"20":0.1400071071,"21":0.0,"22":0.3465834966,"23":0.0,"24":0.0},"sentiment_pv":{"0":6.373932626e-33,"1":0.0184493962,"2":0.0888245313,"3":6.373932626e-33,"4":0.0002536809,"5":0.4486026306,"6":0.0012561062,"7":0.2013698403,"8":0.2250452685,"9":6.373932626e-33,"10":0.7321172727,"11":0.0027542156,"12":0.1240440802,"13":0.4809505826,"14":6.373932626e-33,"15":6.373932626e-33,"16":6.373932626e-33,"17":0.3070638529,"18":6.373932626e-33,"19":6.373932626e-33,"20":0.9455285872,"21":6.373932626e-33,"22":0.0493963666,"23":6.373932626e-33,"24":6.373932626e-33},"main_pv":{"0":0.3876935971,"1":0.0000121476,"2":0.1962282053,"3":0.1643701316,"4":0.001056039,"5":0.9342261754,"6":0.0093954556,"7":0.1572179199,"8":0.3937588892,"9":0.0146565242,"10":0.608929549,"11":0.0493166455,"12":0.210479394,"13":0.5463517344,"14":0.8649379248,"15":0.1900284263,"16":0.5027293186,"17":0.799028753,"18":0.8197247356,"19":0.4639094714,"20":0.2810679561,"21":2.179842192e-35,"22":0.9727589825,"23":0.5853710401,"24":0.2515848883},"count":{"0":5,"1":761,"2":39,"3":2,"4":148,"5":604,"6":140,"7":8,"8":83,"9":4,"10":140,"11":2353,"12":677,"13":135,"14":45,"15":11,"16":2,"17":3712,"18":46,"19":22,"20":201,"21":2,"22":37,"23":11,"24":23},"nb_en":{"0":0,"1":216,"2":1,"3":0,"4":82,"5":102,"6":22,"7":0,"8":7,"9":0,"10":27,"11":858,"12":138,"13":19,"14":15,"15":1,"16":0,"17":1855,"18":20,"19":7,"20":59,"21":0,"22":3,"23":7,"24":4},"nb_de":{"0":5,"1":514,"2":38,"3":2,"4":5,"5":7,"6":116,"7":0,"8":76,"9":4,"10":113,"11":16,"12":520,"13":56,"14":30,"15":10,"16":2,"17":1789,"18":19,"19":4,"20":141,"21":2,"22":33,"23":4,"24":19},"nb_fr":{"0":0,"1":31,"2":0,"3":0,"4":61,"5":495,"6":2,"7":8,"8":0,"9":0,"10":0,"11":1479,"12":19,"13":60,"14":0,"15":0,"16":0,"17":68,"18":7,"19":11,"20":1,"21":0,"22":1,"23":0,"24":0}}