{"canton":{"0":"SG","1":"TI","2":"UR","3":"SH","4":"VS","5":"JU","6":"AG","7":"VD","8":"ZH","9":"TG","10":"SO","11":"BE","12":"GE","13":"BS","14":"AR","15":"SZ","16":"LU","17":"OW","18":"GR","19":"NE","20":"FR"},"main_mean":{"0":0.0359645599,"1":0.0002369468,"2":-0.0454541322,"3":0.0,"4":0.0215073805,"5":0.0,"6":0.0957383383,"7":0.0122759671,"8":0.0121144269,"9":0.0,"10":-0.1976128676,"11":0.0168252743,"12":0.005624959,"13":0.0160511129,"14":0.0380944399,"15":0.0476188209,"16":0.0258623471,"17":0.1111104938,"18":0.0347980534,"19":-0.0003946525,"20":0.070202142},"sentiment_mean":{"0":0.0,"1":0.01,"2":0.0,"3":0.0,"4":0.0,"5":0.0,"6":0.2105263158,"7":0.0170940171,"8":0.0157894737,"9":0.0,"10":0.0,"11":0.0046728972,"12":0.0081053698,"13":0.0170940171,"14":0.0,"15":0.0,"16":0.0,"17":1.0,"18":0.1428571429,"19":0.0,"20":0.0833333333},"main_std":{"0":0.0796522038,"1":0.1612556119,"2":0.0642818503,"3":0.0,"4":0.1548275645,"5":null,"6":0.2414097168,"7":0.1994078469,"8":0.1352803869,"9":null,"10":0.2268452557,"11":0.1683587782,"12":0.1354037205,"13":0.1680429971,"14":0.1481539492,"15":null,"16":0.0757205101,"17":0.0,"18":0.06483002,"19":0.0875342058,"20":0.2966013088},"sentiment_std":{"0":0.0,"1":0.1,"2":0.0,"3":0.0,"4":0.0,"5":null,"6":0.4188539083,"7":0.1301793182,"8":0.1650818266,"9":null,"10":0.0,"11":0.0683585927,"12":0.0897096796,"13":0.1301793182,"14":0.0,"15":null,"16":0.0,"17":0.0,"18":0.377964473,"19":0.0,"20":0.2886751346},"sentiment_pv":{"0":0.0000000034,"1":0.6654440266,"2":0.0000000034,"3":0.0000000034,"4":0.0000000034,"5":null,"6":0.0563128404,"7":0.8306832646,"8":0.7767610478,"9":null,"10":0.0000000034,"11":0.0641402603,"12":0.0906235191,"13":0.8306832646,"14":0.0000000034,"15":null,"16":0.0000000034,"17":0.0,"18":0.4034499075,"19":0.0000000034,"20":0.4262770438},"main_pv":{"0":0.1910133865,"1":0.5129509071,"2":0.4313908732,"3":0.0000089381,"4":0.7958321199,"5":null,"6":0.1434564264,"7":0.943116073,"8":0.7753515237,"9":null,"10":0.0740865603,"11":0.6178623427,"12":0.2837997181,"13":0.7460738519,"14":0.8385798005,"15":null,"16":0.2598732798,"17":3.142933236e-295,"18":0.3694682956,"19":0.6138838971,"20":0.5033893997},"count":{"0":19,"1":100,"2":2,"3":5,"4":15,"5":1,"6":19,"7":117,"8":1710,"9":1,"10":6,"11":214,"12":987,"13":117,"14":2,"15":1,"16":35,"17":2,"18":7,"19":16,"20":12},"nb_en":{"0":19,"1":100,"2":2,"3":5,"4":15,"5":1,"6":19,"7":117,"8":1710,"9":1,"10":6,"11":214,"12":987,"13":117,"14":2,"15":1,"16":35,"17":2,"18":7,"19":16,"20":12},"nb_de":{"0":0,"1":0,"2":0,"3":0,"4":0,"5":0,"6":0,"7":0,"8":0,"9":0,"10":0,"11":0,"12":0,"13":0,"14":0,"15":0,"16":0,"17":0,"18":0,"19":0,"20":0}}