{"canton":{"0":"UR","1":"BE","2":"BL","3":"TG","4":"TI","5":"VD","6":"GR","7":"SG","8":"JU","9":"SH","10":"OW","11":"AG","12":"GE","13":"BS","14":"FR","15":"GL","16":"ZH","17":"SO","18":"NE","19":"LU","20":"VS","21":"SZ"},"main_mean":{"0":0.0577549138,"1":0.0024960541,"2":0.0097512143,"3":0.0107231377,"4":-0.0030394618,"5":0.0191364241,"6":0.0242123597,"7":0.0517538832,"8":-0.018392406,"9":0.0113090204,"10":0.0203165312,"11":0.0002056257,"12":0.0198705884,"13":0.0066537763,"14":0.0259349739,"15":0.0002666649,"16":0.0131123246,"17":0.0253287791,"18":0.0712718941,"19":0.0044709418,"20":-0.0180496366,"21":0.1249984375},"sentiment_mean":{"0":0.0,"1":0.0056497175,"2":0.0,"3":0.0,"4":0.0080645161,"5":0.0080645161,"6":0.1176470588,"7":0.0933333333,"8":0.0,"9":0.0188679245,"10":0.0,"11":0.0206185567,"12":0.008640553,"13":0.0163934426,"14":0.0254237288,"15":0.0,"16":0.0173490632,"17":0.0666666667,"18":0.0,"19":0.0092592593,"20":0.0,"21":0.0},"main_std":{"0":0.0816777824,"1":0.1168799907,"2":0.0523990636,"3":0.0214462754,"4":0.1047147445,"5":0.1209546427,"6":0.0911847689,"7":0.1763062494,"8":0.042716744,"9":0.0403401319,"10":0.028731914,"11":0.1456289486,"12":0.1473003433,"13":0.0592554129,"14":0.1627624675,"15":null,"16":0.1156597372,"17":0.0973748491,"18":0.1072947036,"19":0.1214629575,"20":0.1794260717,"21":null},"sentiment_std":{"0":0.0,"1":0.1302503643,"2":0.0,"3":0.0,"4":0.089802651,"5":0.1158096595,"6":0.3321055821,"7":0.3358463827,"8":0.0,"9":0.1373605639,"10":0.0,"11":0.1428418008,"12":0.1289961054,"13":0.1423537288,"14":0.1580795216,"15":null,"16":0.145693441,"17":0.2581988897,"18":0.0,"19":0.0962250449,"20":0.0,"21":null},"sentiment_pv":{"0":0.0,"1":0.2508084779,"2":0.0,"3":0.0,"4":0.4813601267,"5":0.3540748024,"6":0.2162654252,"7":0.0443873951,"8":0.0,"9":0.7954024779,"10":0.0,"11":0.6483795647,"12":0.14949655,"13":0.7140795949,"14":0.4350791167,"15":null,"16":0.4269464311,"17":0.4422331745,"18":0.0,"19":0.623018153,"20":0.0,"21":null},"main_pv":{"0":0.590635117,"1":0.0641235271,"2":0.6660451314,"3":0.7507970798,"4":0.0692628857,"5":0.4760608169,"6":0.6669551572,"7":0.0721874379,"8":0.1183393309,"9":0.5867019586,"10":0.8222282143,"11":0.3398771642,"12":0.1736400775,"13":0.0150049741,"14":0.4495289019,"15":null,"16":0.6963830001,"17":0.6735972562,"18":0.0516842917,"19":0.3986008764,"20":0.231234953,"21":null},"count":{"0":2,"1":354,"2":24,"3":4,"4":124,"5":372,"6":17,"7":75,"8":6,"9":53,"10":2,"11":97,"12":1736,"13":488,"14":118,"15":1,"16":1441,"17":15,"18":16,"19":108,"20":45,"21":1},"nb_en":{"0":0,"1":133,"2":1,"3":1,"4":69,"5":54,"6":2,"7":9,"8":1,"9":1,"10":0,"11":45,"12":566,"13":195,"14":23,"15":0,"16":667,"17":2,"18":0,"19":19,"20":14,"21":1},"nb_de":{"0":2,"1":211,"2":23,"3":3,"4":2,"5":24,"6":15,"7":66,"8":0,"9":52,"10":2,"11":52,"12":9,"13":289,"14":37,"15":1,"16":747,"17":13,"18":5,"19":88,"20":18,"21":0},"nb_fr":{"0":0,"1":10,"2":0,"3":0,"4":53,"5":294,"6":0,"7":0,"8":5,"9":0,"10":0,"11":0,"12":1161,"13":4,"14":58,"15":0,"16":27,"17":0,"18":11,"19":1,"20":13,"21":0}}