{"canton":{"0":"NE","1":"GE","2":"TG","3":"BE","4":"SZ","5":"SO","6":"UR","7":"FR","8":"BS","9":"ZH","10":"OW","11":"VD","12":"SG","13":"GR","14":"AR","15":"LU","16":"GL","17":"TI","18":"JU","19":"AG","20":"SH","21":"VS","22":"BL","23":"NW"},"main_mean":{"0":0.0312595032,"1":0.017336525,"2":0.0124165314,"3":0.0087026303,"4":-0.0689950097,"5":0.0303430016,"6":-0.0118971742,"7":0.0148366846,"8":0.004310943,"9":0.0168630103,"10":0.0,"11":0.0170388624,"12":0.0124570025,"13":0.0091810709,"14":0.0262541155,"15":0.0065607444,"16":0.0,"17":0.024882099,"18":0.0184943125,"19":0.0442879384,"20":0.001684678,"21":0.0107002342,"22":0.0210329543,"23":0.006499935},"sentiment_mean":{"0":0.0277777778,"1":0.0030534351,"2":0.0,"3":0.0311418685,"4":0.0,"5":0.0384615385,"6":0.0,"7":0.0175438596,"8":0.021611002,"9":0.0250797994,"10":0.0,"11":0.0108932462,"12":0.0337078652,"13":0.0,"14":0.0,"15":0.0114942529,"16":0.0,"17":0.0,"18":0.0,"19":0.0449438202,"20":0.0714285714,"21":0.0256410256,"22":0.0363636364,"23":0.0},"main_std":{"0":0.159084226,"1":0.1504413252,"2":0.0178338236,"3":0.1060300743,"4":0.1700876362,"5":0.0798113446,"6":0.0291063922,"7":0.1170774673,"8":0.0782977992,"9":0.130399434,"10":null,"11":0.1262771625,"12":0.1831098258,"13":0.0364986671,"14":0.0163510253,"15":0.0447404436,"16":null,"17":0.1357888737,"18":0.046655613,"19":0.1975039387,"20":0.061728373,"21":0.1570919093,"22":0.0818784407,"23":0.0112582177},"sentiment_std":{"0":0.1666666667,"1":0.1235541212,"2":0.0,"3":0.1738514992,"4":0.0,"5":0.1961161351,"6":0.0,"7":0.131865857,"8":0.1585010928,"9":0.1730214153,"10":null,"11":0.1039139484,"12":0.2799934335,"13":0.0,"14":0.0,"15":0.1072112535,"16":null,"17":0.0,"18":0.0,"19":0.2083546125,"20":0.2593988911,"21":0.1601281538,"22":0.1889185954,"23":0.0},"sentiment_pv":{"0":0.7149651614,"1":0.0000180784,"2":3.365796468e-20,"3":0.069058963,"4":3.365796468e-20,"5":0.5914980332,"6":3.365796468e-20,"7":0.9989776901,"8":0.5749493302,"9":0.0691197211,"10":null,"11":0.2032034855,"12":0.5877697516,"13":3.365796468e-20,"14":3.365796468e-20,"15":0.6057817068,"16":null,"17":3.365796468e-20,"18":3.365796468e-20,"19":0.2194046362,"20":0.0871265233,"21":0.7540502747,"22":0.4640502667,"23":3.365796468e-20},"main_pv":{"0":0.5542534874,"1":0.6062865459,"2":0.5490316601,"3":0.154510669,"4":0.1309738488,"5":0.3511563405,"6":0.069985838,"7":0.9596683845,"8":0.0038984495,"9":0.6493439173,"10":null,"11":0.78850946,"12":0.8803016012,"13":0.3492729104,"14":0.5183404652,"15":0.0837409306,"16":null,"17":0.3986284506,"18":0.7234566065,"19":0.1723242224,"20":0.0733942218,"21":0.8531267555,"22":0.6155605107,"23":0.3024533531},"count":{"0":36,"1":1965,"2":15,"3":578,"4":11,"5":26,"6":6,"7":114,"8":509,"9":2193,"10":1,"11":459,"12":89,"13":33,"14":2,"15":87,"16":1,"17":150,"18":30,"19":89,"20":70,"21":39,"22":55,"23":3},"nb_en":{"0":9,"1":616,"2":1,"3":167,"4":6,"5":2,"6":0,"7":20,"8":115,"9":1003,"10":0,"11":58,"12":10,"13":3,"14":0,"15":25,"16":0,"17":63,"18":18,"19":9,"20":5,"21":14,"22":1,"23":0},"nb_de":{"0":12,"1":10,"2":14,"3":393,"4":5,"5":24,"6":6,"7":22,"8":382,"9":1135,"10":1,"11":23,"12":79,"13":30,"14":2,"15":62,"16":1,"17":5,"18":0,"19":79,"20":65,"21":13,"22":54,"23":3}}