{"canton":{"0":"UR","1":"NW","2":"BE","3":"BL","4":"TI","5":"TG","6":"VD","7":"SG","8":"JU","9":"SH","10":"OW","11":"AG","12":"GE","13":"BS","14":"FR","15":"SO","16":"AR","17":"GL","18":"ZH","19":"VS","20":"NE","21":"LU","22":"AI","23":"GR","24":"SZ"},"main_mean":{"0":-0.0090842387,"1":0.0010023856,"2":0.0109041117,"3":0.0062293798,"4":0.0049028858,"5":0.0079835977,"6":0.0154496308,"7":0.0476424699,"8":0.028851933,"9":0.0115977041,"10":0.0037685561,"11":0.0155171008,"12":0.0239518049,"13":0.010067638,"14":0.0228689413,"15":0.0203961875,"16":0.0192597233,"17":0.0185939667,"18":0.0162216342,"19":0.0100608708,"20":0.0253902328,"21":0.0087661706,"22":-0.0141189064,"23":0.0183034361,"24":-0.0005392655},"sentiment_mean":{"0":0.0,"1":0.0,"2":0.0187042343,"3":0.0068870523,"4":0.0043362241,"5":0.009771987,"6":0.0134088763,"7":0.0967383247,"8":0.0416666667,"9":0.038647343,"10":0.0444444444,"11":0.0333029197,"12":0.0094328823,"13":0.0213960693,"14":0.0193853428,"15":0.0357653791,"16":0.0283018868,"17":0.0277777778,"18":0.0233507057,"19":0.0072689512,"20":0.0112149533,"21":0.0173738724,"22":0.0,"23":0.0331825038,"24":0.0202020202},"main_std":{"0":0.0610621206,"1":0.0081819183,"2":0.1089641529,"3":0.0510801109,"4":0.1113001768,"5":0.0446806087,"6":0.1240499113,"7":0.1666809891,"8":0.0911136034,"9":0.0625678959,"10":0.0412514281,"11":0.1263893645,"12":0.1456917027,"13":0.0949063155,"14":0.1305103469,"15":0.146734974,"16":0.141685263,"17":0.0855020144,"18":0.1192057529,"19":0.1100877336,"20":0.1267294754,"21":0.0873863545,"22":0.0378705906,"23":0.0946668539,"24":0.0810250519},"sentiment_std":{"0":0.1280368799,"1":0.0,"2":0.1499832846,"3":0.0980187508,"4":0.0912297424,"5":0.0985297812,"6":0.129687923,"7":0.3220665205,"8":0.2005237896,"9":0.1928195647,"10":0.2084090771,"11":0.1917619746,"12":0.1278681081,"13":0.1506092291,"14":0.1446052941,"15":0.1933932612,"16":0.166621737,"17":0.1666666667,"18":0.1628353378,"19":0.096450074,"20":0.1054037207,"21":0.1357004982,"22":0.0,"23":0.1874860918,"24":0.141406779},"sentiment_pv":{"0":0.1029674829,"1":0.0,"2":0.8443430581,"3":0.0009974925,"4":1.813725721e-17,"5":0.1034643149,"6":0.000024818,"7":5.528747258e-35,"8":0.1767961981,"9":0.0001129962,"10":0.4168398135,"11":0.0005084745,"12":2.843352733e-39,"13":0.1148431014,"14":0.8977561666,"15":0.0222208869,"16":0.5658798174,"17":0.7533093055,"18":0.0000000545,"19":0.000196494,"20":0.0902257054,"21":0.5230315704,"22":0.0,"23":0.0518416193,"24":0.9315733506},"main_pv":{"0":0.0000035398,"1":4.080061482e-16,"2":0.0,"3":0.0000000037,"4":0.0000000006,"5":0.0001853368,"6":0.0704431945,"7":3.295164452e-20,"8":0.1447384711,"9":0.0002738083,"10":0.0285501288,"11":0.4204418637,"12":4.692867534e-16,"13":0.0,"14":0.0709245741,"15":0.6288724453,"16":0.9104647903,"17":0.9507937254,"18":0.0143631703,"19":0.0320636992,"20":0.1621881735,"21":0.0000000442,"22":0.0678757659,"23":0.8718887163,"24":0.0274105666},"count":{"0":123,"1":40,"2":12564,"3":726,"4":2998,"5":307,"6":10590,"7":2698,"8":144,"9":1449,"10":45,"11":2192,"12":43677,"13":10329,"14":2115,"15":699,"16":106,"17":36,"18":53917,"19":963,"20":535,"21":2993,"22":7,"23":663,"24":99},"nb_en":{"0":15,"1":0,"2":3668,"3":21,"4":1464,"5":25,"6":1626,"7":393,"8":47,"9":73,"10":8,"11":459,"12":15287,"13":2765,"14":382,"15":131,"16":26,"17":1,"18":24822,"19":294,"20":153,"21":580,"22":1,"23":93,"24":33},"nb_de":{"0":108,"1":40,"2":8325,"3":705,"4":91,"5":281,"6":300,"7":2297,"8":1,"9":1374,"10":37,"11":1716,"12":212,"13":7372,"14":475,"15":567,"16":80,"17":35,"18":28186,"19":430,"20":47,"21":2396,"22":6,"23":567,"24":66},"nb_fr":{"0":0,"1":0,"2":571,"3":0,"4":1443,"5":1,"6":8664,"7":8,"8":96,"9":2,"10":0,"11":17,"12":28178,"13":192,"14":1258,"15":1,"16":0,"17":0,"18":909,"19":239,"20":335,"21":17,"22":0,"23":3,"24":0}}