{"canton":{"0":"BE","1":"GE","2":"VS","3":"JU","4":"VD","5":"NW","6":"SO","7":"NE","8":"AG","9":"OW","10":"GR","11":"AR","12":"TG","13":"SH","14":"TI","15":"SZ","16":"LU","17":"BL","18":"BS","19":"ZH","20":"SG","21":"FR","22":"UR"},"main_mean":{"0":0.0117482282,"1":0.0113271318,"2":-0.0228526781,"3":0.0000825282,"4":0.0170063143,"5":-0.0289050738,"6":-0.0052379405,"7":0.0553912245,"8":0.002656227,"9":-0.0060733113,"10":0.0271117692,"11":-0.0934385677,"12":0.0089998961,"13":0.0028484818,"14":0.0121603684,"15":-0.0114209493,"16":0.0049439022,"17":0.0211267064,"18":0.0138865223,"19":0.0163525038,"20":0.0194524273,"21":0.0502997474,"22":-0.0108394027},"sentiment_mean":{"0":0.0753064799,"1":0.0805134189,"2":0.1509433962,"3":0.3846153846,"4":0.1594202899,"5":0.0,"6":0.0357142857,"7":0.5384615385,"8":0.0479452055,"9":0.0,"10":0.0816326531,"11":0.0,"12":0.0,"13":0.0,"14":0.1466666667,"15":0.0,"16":0.0519480519,"17":0.03125,"18":0.0841121495,"19":0.1603650587,"20":0.0696517413,"21":0.2222222222,"22":0.0},"main_std":{"0":0.1065389436,"1":0.1400933297,"2":0.2104021319,"3":0.0414396073,"4":0.1256969704,"5":0.0500650564,"6":0.0603187037,"7":0.1403606429,"8":0.0903637429,"9":0.0232123445,"10":0.0842934567,"11":0.0663959592,"12":0.0229504743,"13":0.0462123358,"14":0.0986092504,"15":0.1049351011,"16":0.079605656,"17":0.0718707713,"18":0.1020276672,"19":0.1209332444,"20":0.0899678616,"21":0.1092354201,"22":0.0306584605},"sentiment_std":{"0":0.3740762221,"1":0.726215203,"2":0.4112002327,"3":0.5900662146,"4":0.6329944802,"5":0.0,"6":0.1889822365,"7":0.5188745217,"8":0.358775538,"9":0.0,"10":0.2766416676,"11":0.632455532,"12":0.0,"13":0.2828427125,"14":0.6083503021,"15":0.0,"16":0.2411622526,"17":0.1767766953,"18":0.4396435253,"19":0.5232944525,"20":0.2917608235,"21":0.5483188806,"22":0.0},"sentiment_pv":{"0":0.0159174107,"1":0.1595287455,"2":0.5516425949,"3":0.0074383077,"4":0.5797547933,"5":2.780714249e-59,"6":0.0337614457,"7":0.0126359883,"8":0.0253749001,"9":2.780714249e-59,"10":0.3847032377,"11":0.6699423069,"12":2.780714249e-59,"13":0.0053568752,"14":0.6738914508,"15":2.780714249e-59,"16":0.0002232227,"17":0.0114931322,"18":0.1072525927,"19":0.0008355629,"20":0.0311495644,"21":0.4267353381,"22":2.780714249e-59},"main_pv":{"0":0.7432288614,"1":0.6958094958,"2":0.2172158873,"3":0.0594756722,"4":0.8083136529,"5":0.281499744,"6":0.1184751101,"7":0.3011727626,"8":0.1659346435,"9":0.0086580616,"10":0.2610242434,"11":0.0109084073,"12":0.5232653565,"13":0.1224956311,"14":0.9212622323,"15":0.7952631817,"16":0.1282043955,"17":0.5454215149,"18":0.900678923,"19":0.306890666,"20":0.3482378718,"21":0.1695019598,"22":0.0618309253},"count":{"0":571,"1":857,"2":53,"3":39,"4":69,"5":3,"6":28,"7":13,"8":146,"9":14,"10":49,"11":6,"12":13,"13":51,"14":75,"15":2,"16":231,"17":32,"18":535,"19":2301,"20":201,"21":18,"22":8},"nb_en":{"0":186,"1":846,"2":20,"3":39,"4":54,"5":0,"6":4,"7":12,"8":29,"9":0,"10":3,"11":4,"12":0,"13":4,"14":68,"15":0,"16":30,"17":1,"18":168,"19":1106,"20":17,"21":8,"22":0},"nb_de":{"0":385,"1":11,"2":33,"3":0,"4":15,"5":3,"6":24,"7":1,"8":117,"9":14,"10":46,"11":2,"12":13,"13":47,"14":7,"15":2,"16":201,"17":31,"18":367,"19":1195,"20":184,"21":10,"22":8}}