{"canton":{"0":"BE","1":"NE","2":"TG","3":"VS","4":"GE","5":"AR","6":"FR","7":"JU","8":"AG","9":"TI","10":"SH","11":"BL","12":"LU","13":"SZ","14":"BS","15":"ZH","16":"VD","17":"SG","18":"GR"},"main_mean":{"0":0.0225823416,"1":0.0,"2":0.0,"3":0.0000708176,"4":0.0123350189,"5":-0.1121205611,"6":-0.0032116581,"7":0.004424301,"8":-0.0204685516,"9":-0.0100766898,"10":0.0,"11":0.3541587676,"12":0.0292626912,"13":-0.0769227811,"14":0.0292651017,"15":0.0191409255,"16":0.0238893957,"17":0.0031004127,"18":0.0085469428},"sentiment_mean":{"0":0.203125,"1":0.1428571429,"2":0.0,"3":0.1578947368,"4":0.0683371298,"5":0.0,"6":0.0,"7":0.2727272727,"8":0.0833333333,"9":0.0441176471,"10":0.0,"11":0.5,"12":0.2040816327,"13":1.0,"14":0.2236842105,"15":0.2343324251,"16":0.1964285714,"17":0.1578947368,"18":0.2222222222},"vader_mean":{"0":0.1464770833,"1":0.1283142857,"2":0.0,"3":0.2492947368,"4":0.0764431283,"5":0.1662333333,"6":0.11580625,"7":0.2197151515,"8":0.091825,"9":0.0665411765,"10":0.0,"11":0.3483,"12":0.1457244898,"13":0.3382,"14":0.1726960526,"15":0.1366700272,"16":0.1663178571,"17":0.0079631579,"18":0.1342666667},"main_std":{"0":0.1139778073,"1":0.0,"2":null,"3":0.134461342,"4":0.1181811175,"5":0.1021794458,"6":0.0503647529,"7":0.0420255925,"8":0.0688726146,"9":0.1723348908,"10":0.0,"11":0.0294673245,"12":0.0771431686,"13":null,"14":0.1282725115,"15":0.1213586554,"16":0.164725333,"17":0.0708437575,"18":0.0256408284},"sentiment_std":{"0":0.635256163,"1":0.377964473,"2":null,"3":0.7647191129,"4":0.7187510583,"5":1.0,"6":0.5163977795,"7":0.6261353325,"8":0.5835920751,"9":0.7417974042,"10":0.0,"11":0.7071067812,"12":0.5392738882,"13":null,"14":0.6924126973,"15":0.6694164384,"16":0.6823288911,"17":0.7647191129,"18":0.6666666667},"vader_std":{"0":0.3485253326,"1":0.2197169575,"2":null,"3":0.4052450061,"4":0.4080463696,"5":0.2244120392,"6":0.2836264479,"7":0.2913452378,"8":0.3567147883,"9":0.3999130167,"10":0.0,"11":0.4925705838,"12":0.3231967077,"13":null,"14":0.3962403766,"15":0.367397894,"16":0.3990075852,"17":0.3032462956,"18":0.4318590713},"sentiment_pv":{"0":0.3779380574,"1":0.9016244831,"2":null,"3":0.9846375472,"4":0.000054092,"5":0.8061818963,"6":0.232086942,"7":0.3169656152,"8":0.5209958609,"9":0.2006061765,"10":2.458796364e-42,"11":0.6209631878,"12":0.5856377773,"13":null,"14":0.2785979738,"15":0.0005197577,"16":0.5931597302,"17":0.9846375472,"18":0.7912485704},"vader_pv":{"0":0.2432202826,"1":0.8879694464,"2":null,"3":0.1698469257,"4":0.002300474,"5":0.7361292989,"6":0.9970039891,"7":0.0508021172,"8":0.7430256318,"9":0.3148617296,"10":2.35809727e-68,"11":0.6256264873,"12":0.5277888681,"13":null,"14":0.086110059,"15":0.0755654519,"16":0.1916829929,"17":0.1388911728,"18":0.9026579389},"main_pv":{"0":0.451392607,"1":0.0,"2":null,"3":0.6084707064,"4":0.3169866276,"5":0.1614884741,"6":0.1481139797,"7":0.1300456515,"8":0.0164321666,"9":0.2153159927,"10":0.0,"11":0.0374562626,"12":0.2487888287,"13":null,"14":0.2192309981,"15":0.4336735457,"16":0.6246137261,"17":0.4344803704,"18":0.407459724},"count":{"0":192,"1":7,"2":1,"3":19,"4":1317,"5":3,"6":16,"7":33,"8":24,"9":68,"10":4,"11":2,"12":49,"13":1,"14":152,"15":1468,"16":112,"17":19,"18":9}}