{"canton":{"0":"BE","1":"GE","2":"VS","3":"VD","4":"NW","5":"SO","6":"GR","7":"NE","8":"AG","9":"OW","10":"UR","11":"AR","12":"TG","13":"SH","14":"TI","15":"SZ","16":"LU","17":"BL","18":"GL","19":"BS","20":"ZH","21":"SG","22":"FR"},"main_mean":{"0":0.0065931286,"1":0.0132069914,"2":-0.0089354925,"3":0.0197904567,"4":0.000370365,"5":-0.0054676792,"6":0.0216141998,"7":0.0487870727,"8":0.0101733774,"9":-0.0169348307,"10":-0.0183045564,"11":0.058902713,"12":0.0261577344,"13":0.0122067049,"14":-0.0015544381,"15":-0.006821552,"16":0.0046729211,"17":-0.0001521097,"18":0.0237775136,"19":0.02148633,"20":0.0145035839,"21":0.0218914479,"22":0.0038182813},"sentiment_mean":{"0":0.0411686587,"1":0.107606679,"2":-0.0163934426,"3":0.1956521739,"4":0.0,"5":0.064516129,"6":0.0689655172,"7":0.3333333333,"8":0.0745341615,"9":0.0,"10":0.0,"11":0.0,"12":0.1034482759,"13":0.0555555556,"14":0.0198019802,"15":0.1666666667,"16":0.0161290323,"17":0.0,"18":0.0,"19":0.0628272251,"20":0.121898263,"21":0.0873786408,"22":-0.0136986301},"main_std":{"0":0.1082486458,"1":0.1511674235,"2":0.0748249971,"3":0.0916175191,"4":0.0003394447,"5":0.0424317543,"6":0.074802278,"7":0.1403360082,"8":0.0896527815,"9":0.0239494672,"10":0.0451182022,"11":0.0332796178,"12":0.0648750303,"13":0.0848127839,"14":0.1593872991,"15":0.0213591022,"16":0.0887866148,"17":0.0150746761,"18":0.0336264822,"19":0.1196043634,"20":0.1062943514,"21":0.1301238456,"22":0.1611937052},"sentiment_std":{"0":0.3604883131,"1":0.7011845828,"2":0.2882015081,"3":0.6669453152,"4":0.0,"5":0.3592106041,"6":0.2578807148,"7":0.5163977795,"8":0.3455574307,"9":0.0,"10":0.0,"11":0.0,"12":0.3099340467,"13":0.230344691,"14":0.5653352637,"15":0.4082482905,"16":0.3200642917,"17":0.0,"18":0.0,"19":0.378019822,"20":0.5090231385,"21":0.3986938507,"22":0.3532842216},"sentiment_pv":{"0":0.0002033573,"1":0.5820781942,"2":0.0040094915,"3":0.1542086668,"4":5.545878788e-52,"5":0.6375536731,"6":0.5888595792,"7":0.3103145431,"8":0.456990444,"9":5.545878788e-52,"10":5.545878788e-52,"11":5.545878788e-52,"12":0.8898600298,"13":0.1154302667,"14":0.1848288489,"15":0.6867252387,"16":0.0012848113,"17":5.545878788e-52,"18":5.545878788e-52,"19":0.0557008932,"20":0.0150947956,"21":0.84134395,"22":0.0109745324},"main_pv":{"0":0.1197425877,"1":0.9862649166,"2":0.0261743941,"3":0.491686975,"4":1.16028495e-18,"5":0.022461399,"6":0.5479610791,"7":0.5609960979,"8":0.6827700356,"9":0.3249653342,"10":0.1152461701,"11":0.0701242625,"12":0.2915537522,"13":0.9195058362,"14":0.3588081059,"15":0.0708630321,"16":0.2061901572,"17":0.0004136111,"18":0.7318400756,"19":0.1079682522,"20":0.5575126389,"21":0.4982405025,"22":0.6243064349},"count":{"0":753,"1":1078,"2":61,"3":92,"4":3,"5":31,"6":29,"7":6,"8":161,"9":2,"10":7,"11":4,"12":29,"13":90,"14":101,"15":6,"16":186,"17":24,"18":2,"19":573,"20":3224,"21":103,"22":73},"nb_en":{"0":229,"1":1064,"2":12,"3":85,"4":0,"5":1,"6":0,"7":3,"8":27,"9":0,"10":1,"11":0,"12":2,"13":3,"14":99,"15":1,"16":31,"17":1,"18":0,"19":145,"20":1471,"21":15,"22":27},"nb_de":{"0":524,"1":14,"2":49,"3":7,"4":3,"5":30,"6":29,"7":3,"8":134,"9":2,"10":6,"11":4,"12":27,"13":87,"14":2,"15":5,"16":155,"17":23,"18":2,"19":428,"20":1753,"21":88,"22":46}}