{"canton":{"0":"BE","1":"NE","2":"VS","3":"SO","4":"SG","5":"FR","6":"JU","7":"TG","8":"BS","9":"AG","10":"SH","11":"BL","12":"LU","13":"SZ","14":"UR","15":"ZH","16":"VD","17":"GE","18":"GR","19":"TI"},"main_mean":{"0":0.017710546,"1":-0.0384612426,"2":0.0379504027,"3":0.0,"4":0.028739324,"5":-0.0203064611,"6":0.0,"7":0.0833326389,"8":0.0042731919,"9":0.0182688762,"10":-0.0089285156,"11":-0.0666653334,"12":0.0067872391,"13":-0.1666652778,"14":-0.0499995,"15":0.0196450093,"16":0.0332582143,"17":0.0195395918,"18":0.2499958334,"19":-0.0126233665},"sentiment_mean":{"0":0.1538461538,"1":0.0,"2":0.1818181818,"3":0.0,"4":0.3888888889,"5":0.0526315789,"6":0.0,"7":1.0,"8":0.027027027,"9":0.1538461538,"10":0.4285714286,"11":-0.3333333333,"12":0.4324324324,"13":0.0,"14":1.0,"15":0.2209386282,"16":0.1428571429,"17":0.1548913043,"18":0.0,"19":-0.0481927711},"vader_mean":{"0":0.1379110577,"1":-0.29625,"2":0.1567636364,"3":0.1133333333,"4":0.2394777778,"5":0.0357105263,"6":0.0,"7":0.0,"8":0.0812198198,"9":0.1321461538,"10":0.3357428571,"11":-0.3292666667,"12":0.2936648649,"13":0.4735,"14":0.7043,"15":0.1481370397,"16":0.0836369048,"17":0.1142910326,"18":0.3182,"19":0.0302481928},"main_std":{"0":0.1239216371,"1":0.0769224852,"2":0.137902452,"3":0.0,"4":0.0804121259,"5":0.0999927596,"6":null,"7":null,"8":0.1670299072,"9":0.0642687245,"10":0.0236226319,"11":0.1154677445,"12":0.045886944,"13":0.2357002962,"14":0.070709971,"15":0.1243943473,"16":0.1701604013,"17":0.1161358676,"18":0.3535474981,"19":0.0619673184},"sentiment_std":{"0":0.6705572096,"1":0.8164965809,"2":0.4045199175,"3":0.0,"4":0.777544316,"5":0.7050361859,"6":null,"7":null,"8":0.7193363034,"9":0.5547001962,"10":0.7867957925,"11":0.5773502692,"12":0.5022472023,"13":1.4142135624,"14":0.0,"15":0.6834082281,"16":0.6040597023,"17":0.6922139098,"18":1.4142135624,"19":0.6029119269},"vader_std":{"0":0.3526830404,"1":0.4088753804,"2":0.2204200457,"3":0.1962990915,"4":0.4767820597,"5":0.3949671391,"6":null,"7":null,"8":0.3382359789,"9":0.3685698274,"10":0.551399921,"11":0.2996271071,"12":0.3312982151,"13":0.418041529,"14":0.1531593288,"15":0.3659267346,"16":0.3803257519,"17":0.3863032853,"18":0.0,"19":0.277718034},"sentiment_pv":{"0":0.6086228033,"1":0.6915786126,"2":0.9789413954,"3":2.241688287e-46,"4":0.2677739461,"5":0.4477319881,"6":null,"7":null,"8":0.0309884978,"9":0.8756971078,"10":0.4328952457,"11":0.264342019,"12":0.0042691216,"13":0.8875479017,"14":0.0,"15":0.0548278124,"16":0.5962727831,"17":0.3289939783,"18":0.8875479017,"19":0.0011259294},"vader_pv":{"0":0.7422517021,"1":0.1285938908,"2":0.6922652604,"3":0.8993393325,"4":0.3424911551,"5":0.3151491181,"6":null,"7":null,"8":0.1430259757,"9":0.980304302,"10":0.360875274,"11":0.1173787756,"12":0.004924911,"13":0.451904371,"14":0.1174431864,"15":0.118309421,"16":0.2775297634,"17":0.2548273686,"18":2.680586249e-156,"19":0.0020043369},"main_pv":{"0":0.9829444082,"1":0.2390820962,"2":0.6404403736,"3":6.051168042e-16,"4":0.5772278815,"5":0.1143495488,"6":null,"7":null,"8":0.3963354197,"9":0.9839574301,"10":0.0233478709,"11":0.3322469305,"12":0.1646133943,"13":0.4675604595,"14":0.4037331331,"15":0.6629347123,"16":0.4136796676,"17":0.6915260202,"18":0.5236202986,"19":0.000044623},"count":{"0":208,"1":4,"2":11,"3":3,"4":18,"5":19,"6":1,"7":1,"8":111,"9":13,"10":7,"11":3,"12":37,"13":2,"14":2,"15":1385,"16":84,"17":1104,"18":2,"19":83}}