{"canton":{"0":"BE","1":"GE","2":"VS","3":"JU","4":"VD","5":"NW","6":"SO","7":"AI","8":"NE","9":"AG","10":"OW","11":"GR","12":"AR","13":"TG","14":"SH","15":"TI","16":"SZ","17":"LU","18":"BL","19":"GL","20":"BS","21":"ZH","22":"SG","23":"FR","24":"UR"},"main_mean":{"0":0.0087126296,"1":0.0044252664,"2":0.0023258799,"3":0.0101212681,"4":0.0183352191,"5":0.0004166226,"6":0.0140690518,"7":-0.0124372132,"8":0.0033615408,"9":0.0079841694,"10":-0.0038299021,"11":0.0166577028,"12":0.030004576,"13":0.0095160483,"14":0.0103486664,"15":-0.0009053688,"16":0.0488909686,"17":0.0099118303,"18":0.0090947643,"19":0.0093312759,"20":0.0087755335,"21":0.0122765336,"22":0.0265886637,"23":0.0025371202,"24":-0.0102120363},"sentiment_mean":{"0":0.0693128553,"1":0.1008395856,"2":0.0613107822,"3":0.2857142857,"4":0.1726287263,"5":0.0537634409,"6":0.0382941688,"7":0.0,"8":0.1614583333,"9":0.0619633326,"10":0.0,"11":0.0555555556,"12":0.2078651685,"13":0.0387596899,"14":0.0514859774,"15":0.0987925357,"16":0.1592039801,"17":0.0591678863,"18":0.0160377358,"19":0.0909090909,"20":0.0525461083,"21":0.1314365608,"22":0.0924984107,"23":0.0353982301,"24":0.0222222222},"main_std":{"0":0.1066196787,"1":0.1429623005,"2":0.1137533584,"3":0.1132868064,"4":0.1786372148,"5":0.0994296495,"6":0.1041571945,"7":0.0759304217,"8":0.131384792,"9":0.1304173046,"10":0.0303933751,"11":0.0963178323,"12":0.1563622696,"13":0.0708707122,"14":0.0668274473,"15":0.1542133287,"16":0.1840028465,"17":0.0964543723,"18":0.0591586225,"19":0.0377434813,"20":0.1011016552,"21":0.1231340395,"22":0.1237293993,"23":0.1340992383,"24":0.0455875537},"sentiment_std":{"0":0.3830065501,"1":0.7060524261,"2":0.3771188021,"3":0.5836602956,"4":0.6378831855,"5":0.2267727937,"6":0.2544294988,"7":0.3086066999,"8":0.5058136772,"9":0.3109185295,"10":0.1313064329,"11":0.2744354234,"12":0.5059476133,"13":0.2493189723,"14":0.2544966004,"15":0.6029836793,"16":0.463170987,"17":0.32084147,"18":0.1588656629,"19":0.2901294266,"20":0.3812794321,"21":0.4923707102,"22":0.3680753718,"23":0.4111518445,"24":0.2274671263},"sentiment_pv":{"0":5.861218759e-32,"1":0.4277304824,"2":0.0000239121,"3":0.0018864523,"4":0.0000000001,"5":0.0353969312,"6":1.573735866e-17,"7":0.1288334233,"8":0.026834055,"9":8.76376832e-18,"10":0.0,"11":0.0000000001,"12":0.0068374811,"13":0.0000000001,"14":1.734692702e-22,"15":0.6512876624,"16":0.0930289747,"17":9.765436691e-21,"18":2.207205792e-61,"19":0.738680437,"20":2.021017649e-60,"21":1.910965754e-41,"22":0.0836571651,"23":0.0000000003,"24":0.0000538647},"main_pv":{"0":0.1027785793,"1":0.0,"2":0.0112312518,"3":0.9931596694,"4":0.0049448509,"5":0.3539387192,"6":0.1904311327,"7":0.1798569989,"8":0.3212696343,"9":0.3090177878,"10":0.0000029949,"11":0.0104460179,"12":0.0901048504,"13":0.8557350468,"14":0.8174395979,"15":0.0002298094,"16":0.0031023603,"17":0.9359533647,"18":0.6126583751,"19":0.8920590327,"20":0.1277130094,"21":0.0000079063,"22":0.0,"23":0.03305343,"24":0.0000009209},"count":{"0":20054,"1":33588,"2":1419,"3":105,"4":3690,"5":93,"6":1149,"7":22,"8":384,"9":4309,"10":117,"11":1404,"12":178,"13":645,"14":2389,"15":2733,"16":201,"17":4783,"18":1060,"19":55,"20":17242,"21":87974,"22":3146,"23":1469,"24":135},"nb_en":{"0":5893,"1":33244,"2":427,"3":102,"4":3290,"5":28,"6":110,"7":4,"8":263,"9":617,"10":4,"11":129,"12":51,"13":70,"14":179,"15":2596,"16":78,"17":943,"18":40,"19":3,"20":4584,"21":38508,"22":446,"23":655,"24":8},"nb_de":{"0":14161,"1":344,"2":992,"3":3,"4":400,"5":65,"6":1039,"7":18,"8":121,"9":3692,"10":113,"11":1275,"12":127,"13":575,"14":2210,"15":137,"16":123,"17":3840,"18":1020,"19":52,"20":12658,"21":49466,"22":2700,"23":814,"24":127}}