{"canton":{"0":"BE","1":"GE","2":"VS","3":"JU","4":"VD","5":"NW","6":"SO","7":"AI","8":"NE","9":"AG","10":"OW","11":"GR","12":"AR","13":"TG","14":"SH","15":"TI","16":"LU","17":"BL","18":"GL","19":"BS","20":"ZH","21":"SG","22":"FR","23":"UR"},"main_mean":{"0":0.0158504908,"1":0.0078454791,"2":-0.0127984525,"3":0.0,"4":0.0093398869,"5":0.0001904748,"6":0.0679046338,"7":0.0,"8":0.0003333278,"9":0.0207220416,"10":-0.0291420781,"11":0.004795091,"12":0.0135807017,"13":0.0129013333,"14":-0.0000366177,"15":0.0004293605,"16":0.02334556,"17":0.0062713394,"18":0.0007058782,"19":0.0073035481,"20":0.0187598185,"21":0.0218203991,"22":0.0115968553,"23":-0.0001599968},"sentiment_mean":{"0":0.0806100218,"1":0.08,"2":-0.023255814,"3":0.5,"4":0.145631068,"5":0.0,"6":0.0789473684,"7":0.0,"8":0.0,"9":0.1056338028,"10":-0.1666666667,"11":0.0,"12":0.25,"13":0.0,"14":0.0149253731,"15":0.1034482759,"16":0.0769230769,"17":-0.03125,"18":0.0,"19":0.0446735395,"20":0.1551351351,"21":0.0683229814,"22":0.0681818182,"23":0.0},"main_std":{"0":0.1123272538,"1":0.1574520686,"2":0.058625224,"3":0.0,"4":0.1387990456,"5":0.0003299121,"6":0.2482563769,"7":null,"8":0.0004713967,"9":0.0805959622,"10":0.0488742466,"11":0.0361478295,"12":0.0189582197,"13":0.0236522646,"14":0.0537747609,"15":0.1486068498,"16":0.099424434,"17":0.0407090228,"18":null,"19":0.0898988628,"20":0.1198388532,"21":0.1438190924,"22":0.0660867187,"23":0.0003919105},"sentiment_std":{"0":0.4020075962,"1":0.7094370803,"2":0.3442294427,"3":0.7071067812,"4":0.6478889851,"5":0.0,"6":0.3587952022,"7":null,"8":0.0,"9":0.330650476,"10":0.4082482905,"11":0.0,"12":0.5,"13":0.0,"14":0.2748298269,"15":0.6825820124,"16":0.3512010465,"17":0.1767766953,"18":null,"19":0.3636648605,"20":0.5033560792,"21":0.337717034,"22":0.5010559674,"23":0.0},"sentiment_pv":{"0":0.244940597,"1":0.3501054804,"2":0.0206080211,"3":0.5736564808,"4":0.5199763874,"5":8.386584732e-43,"6":0.6701977072,"7":null,"8":8.386584732e-43,"9":0.9584862729,"10":0.165245841,"11":8.386584732e-43,"12":0.6006393509,"13":8.386584732e-43,"14":0.0115004154,"15":0.9925721067,"16":0.4157145206,"17":0.0001704446,"18":null,"19":0.0004364843,"20":0.0002492479,"21":0.196961504,"22":0.6381130043,"23":8.386584732e-43},"main_pv":{"0":0.7719827951,"1":0.2681007674,"2":0.0048127672,"3":0.0,"4":0.7230252663,"5":0.0,"6":0.191256548,"7":null,"8":0.0,"9":0.3561072153,"10":0.0817264909,"11":0.1407137303,"12":0.949373171,"13":0.8795010886,"14":0.0394521921,"15":0.391333792,"16":0.333078968,"17":0.290090181,"18":null,"19":0.0943244011,"20":0.1740700768,"21":0.5100222555,"22":0.7950649959,"23":0.0},"count":{"0":459,"1":825,"2":43,"3":2,"4":103,"5":3,"6":38,"7":1,"8":2,"9":142,"10":6,"11":36,"12":4,"13":8,"14":67,"15":87,"16":117,"17":32,"18":1,"19":582,"20":1850,"21":161,"22":44,"23":6},"nb_en":{"0":157,"1":818,"2":8,"3":2,"4":101,"5":0,"6":10,"7":1,"8":0,"9":18,"10":1,"11":1,"12":1,"13":2,"14":3,"15":83,"16":33,"17":1,"18":0,"19":130,"20":845,"21":16,"22":24,"23":0},"nb_de":{"0":302,"1":7,"2":35,"3":0,"4":2,"5":3,"6":28,"7":0,"8":2,"9":124,"10":5,"11":35,"12":3,"13":6,"14":64,"15":4,"16":84,"17":31,"18":1,"19":452,"20":1005,"21":145,"22":20,"23":6}}