{"canton":{"0":"AG","1":"AR","2":"BE","3":"BL","4":"BS","5":"FR","6":"GE","7":"GL","8":"GR","9":"JU","10":"LU","11":"NE","12":"NW","13":"OW","14":"SG","15":"SH","16":"SO","17":"SZ","18":"TG","19":"TI","20":"UR","21":"VD","22":"VS","23":"ZH"},"mean":{"0":0.0722891566,"1":0.0,"2":0.0256615878,"3":0.0,"4":0.0605095541,"5":0.012195122,"6":0.0457585357,"7":0.0,"8":0.0714285714,"9":0.0,"10":0.0158730159,"11":0.1,"12":0.0,"13":0.0,"14":0.0865384615,"15":0.0618556701,"16":0.064516129,"17":0.1666666667,"18":0.1034482759,"19":0.0043821209,"20":0.0,"21":0.0568720379,"22":-0.0126582278,"23":0.124037639},"std":{"0":0.3405212593,"1":0.0,"2":0.2849612477,"3":0.0,"4":0.3653680868,"5":0.2710534975,"6":0.4440734104,"7":0.0,"8":0.2622652642,"9":0.0,"10":0.3175067511,"11":0.3077935056,"12":0.0,"13":0.0,"14":0.3968462304,"15":0.2421446275,"16":0.3592106041,"17":0.4082482905,"18":0.3099340467,"19":0.184908914,"20":0.0,"21":0.3468044521,"22":0.2528641515,"23":0.4995844328},"count":{"0":166,"1":4,"2":1247,"3":22,"4":628,"5":164,"6":2841,"7":2,"8":28,"9":4,"10":189,"11":20,"12":3,"13":2,"14":104,"15":97,"16":31,"17":6,"18":29,"19":1141,"20":7,"21":422,"22":79,"23":3507}}