{"canton":{"0":"BE","1":"NE","2":"VS","3":"SO","4":"SG","5":"AR","6":"FR","7":"JU","8":"AG","9":"TI","10":"SH","11":"LU","12":"TG","13":"BS","14":"ZH","15":"VD","16":"GE","17":"GR"},"main_mean":{"0":-0.0038385507,"1":0.0,"2":0.0,"3":-0.4999916671,"4":-0.014166567,"5":-0.0152978639,"6":-0.0151513774,"7":-0.1176463668,"8":0.0,"9":0.0104711035,"10":-0.0138889468,"11":0.0284660151,"12":0.0,"13":-0.011501009,"14":0.013122482,"15":-0.001220208,"16":0.0088121884,"17":0.0},"sentiment_mean":{"0":0.21875,"1":0.0,"2":-0.25,"3":-0.3333333333,"4":0.6,"5":1.0,"6":-0.1666666667,"7":1.0,"8":0.0,"9":0.1785714286,"10":0.6666666667,"11":0.3636363636,"12":0.0,"13":0.1313868613,"14":0.3050259965,"15":0.1451612903,"16":0.1357388316,"17":0.0},"vader_mean":{"0":0.2174335938,"1":0.20015,"2":0.0741,"3":-0.3057,"4":0.16876,"5":0.85515,"6":0.03055,"7":0.6988,"8":-0.03905,"9":0.0846464286,"10":0.4721666667,"11":0.1959545455,"12":0.0,"13":0.0868978102,"14":0.1590291161,"15":0.0976016129,"16":0.1080295533,"17":0.0},"main_std":{"0":0.1323984919,"1":0.0,"2":0.1360804955,"3":0.5000000002,"4":0.0719032054,"5":0.0831217255,"6":0.0371131436,"7":null,"8":0.0,"9":0.1564257531,"10":0.1048582137,"11":0.0820060771,"12":0.0,"13":0.131531609,"14":0.1510495289,"15":0.1814785792,"16":0.1309975017,"17":null},"sentiment_std":{"0":0.6632952811,"1":0.0,"2":0.5,"3":0.5773502692,"4":0.5477225575,"5":0.0,"6":0.4082482905,"7":null,"8":0.0,"9":0.5754727024,"10":0.5773502692,"11":0.809039835,"12":0.0,"13":0.7052066682,"14":0.6825140218,"15":0.6490036296,"16":0.6895789734,"17":null},"vader_std":{"0":0.3679102454,"1":0.2830548445,"2":0.4975868232,"3":0.2653653896,"4":0.3971694135,"5":0.0601747871,"6":0.0748319116,"7":null,"8":0.0450970435,"9":0.2908535989,"10":0.4090342814,"11":0.3939873205,"12":0.0,"13":0.4202478148,"14":0.3743496644,"15":0.3932092104,"16":0.3909925707,"17":null},"sentiment_pv":{"0":0.8533561203,"1":2.650646195e-32,"2":0.164555109,"3":0.2459841797,"4":0.1844416877,"5":3.652373012e-296,"6":0.0747767756,"7":null,"8":2.650646195e-32,"9":0.7153370464,"10":0.3020783908,"11":0.5372052595,"12":2.650646195e-32,"13":0.2265086426,"14":0.0033482445,"15":0.4620512158,"16":0.0316916991,"17":null},"vader_pv":{"0":0.0144864852,"1":0.7954920729,"2":0.8266510882,"3":0.102598468,"4":0.8526433078,"5":0.0293107438,"6":0.018067068,"7":null,"8":0.0017949425,"9":0.2267034806,"10":0.287924335,"11":0.6117472378,"12":2.34345866e-41,"13":0.211463033,"14":0.1643924046,"15":0.4823018073,"16":0.1763173076,"17":null},"main_pv":{"0":0.4202732876,"1":0.0928711127,"2":0.9347424873,"3":0.2216807679,"4":0.5650707647,"5":0.7781754841,"6":0.2256654694,"7":null,"8":0.0928711127,"9":0.8358571092,"10":0.7732975396,"11":0.3900294527,"12":0.0928711127,"13":0.1386983547,"14":0.3297791184,"15":0.7561025847,"16":0.6724450572,"17":null},"count":{"0":128,"1":2,"2":4,"3":3,"4":5,"5":2,"6":6,"7":1,"8":4,"9":56,"10":3,"11":11,"12":2,"13":137,"14":577,"15":62,"16":582,"17":1}}