{"canton":{"0":"BE","1":"TG","2":"FR","3":"AR","4":"TI","5":"VS","6":"SH","7":"GR","8":"SO","9":"ZH","10":"NE","11":"BL","12":"SZ","13":"LU","14":"BS","15":"NW","16":"GE","17":"GL","18":"AG","19":"SG","20":"UR","21":"VD"},"main_mean":{"0":0.0112903784,"1":0.0060580496,"2":-0.0245342435,"3":-0.000338305,"4":-0.0011482585,"5":-0.0131782411,"6":-0.0012246113,"7":0.0079612891,"8":0.0152289718,"9":0.0111876506,"10":-0.0577527455,"11":-0.0009010932,"12":0.2204981151,"13":0.0084498003,"14":0.0138099286,"15":0.0,"16":-0.0000321486,"17":-0.0186907392,"18":0.0104864591,"19":0.0202153948,"20":0.0002857102,"21":0.027867079},"sentiment_mean":{"0":0.0683491062,"1":-0.0416666667,"2":0.0461538462,"3":0.6363636364,"4":0.1129032258,"5":0.0357142857,"6":0.04,"7":0.0322580645,"8":0.0188679245,"9":0.1072925398,"10":0.1538461538,"11":-0.0303030303,"12":0.5238095238,"13":0.0445544554,"14":0.0345864662,"15":0.0,"16":0.09765625,"17":0.0,"18":0.031496063,"19":0.0633802817,"20":0.0,"21":0.1404494382},"main_std":{"0":0.107716404,"1":0.043514765,"2":0.1270515806,"3":0.0920378994,"4":0.1914782552,"5":0.118045863,"6":0.0298166911,"7":0.032675453,"8":0.0553288753,"9":0.1272722474,"10":0.1262009151,"11":0.034941102,"12":0.2960557887,"13":0.0791450334,"14":0.108376371,"15":null,"16":0.134259205,"17":null,"18":0.118043625,"19":0.0931935813,"20":0.0004040552,"21":0.1873639132},"sentiment_std":{"0":0.3620952304,"1":0.2041241452,"2":0.513285046,"3":0.5045249791,"4":0.6402448391,"5":0.3796786064,"6":0.2567994275,"7":0.179605302,"8":0.1373605639,"9":0.4830265078,"10":0.6887372317,"11":0.174077656,"12":0.6015852075,"13":0.2873710821,"14":0.3475484522,"15":null,"16":0.6978090188,"17":null,"18":0.1753458204,"19":0.3413529346,"20":0.0,"21":0.6616567293},"sentiment_pv":{"0":0.0994892637,"1":0.0045936233,"2":0.4965389756,"3":0.0049067232,"4":0.6907115148,"5":0.2934148765,"6":0.1026151389,"7":0.0882550532,"8":0.0006295596,"9":0.0777473678,"10":0.7435352111,"11":0.0004298995,"12":0.0035427249,"13":0.0320384464,"14":0.0001683991,"15":null,"16":0.7013020964,"17":null,"18":0.0005555821,"19":0.3660085753,"20":3.318409334e-55,"21":0.3122157104},"main_pv":{"0":0.6536478436,"1":0.6976726346,"2":0.0347215877,"3":0.7281218892,"4":0.53466719,"5":0.1560823741,"6":0.0045680639,"7":0.7884748642,"8":0.4694322333,"9":0.5350963842,"10":0.0785158833,"11":0.1018045082,"12":0.0038830376,"13":0.8423021871,"14":0.3429355907,"15":null,"16":0.0166904769,"17":null,"18":0.9329536973,"19":0.183691873,"20":0.0000000004,"21":0.1972037243},"count":{"0":951,"1":24,"2":65,"3":11,"4":124,"5":56,"6":75,"7":31,"8":53,"9":3579,"10":13,"11":33,"12":21,"13":202,"14":665,"15":1,"16":1280,"17":1,"18":127,"19":142,"20":2,"21":178},"nb_en":{"0":281,"1":2,"2":44,"3":8,"4":120,"5":18,"6":6,"7":2,"8":3,"9":1541,"10":12,"11":0,"12":17,"13":26,"14":146,"15":0,"16":1259,"17":0,"18":16,"19":19,"20":0,"21":163},"nb_de":{"0":670,"1":22,"2":21,"3":3,"4":4,"5":38,"6":69,"7":29,"8":50,"9":2038,"10":1,"11":33,"12":4,"13":176,"14":519,"15":1,"16":21,"17":1,"18":111,"19":123,"20":2,"21":15}}