{"canton":{"0":"BE","1":"GE","2":"VS","3":"VD","4":"NW","5":"SO","6":"AI","7":"NE","8":"GL","9":"AG","10":"OW","11":"UR","12":"AR","13":"TG","14":"GR","15":"TI","16":"SZ","17":"LU","18":"BL","19":"SH","20":"BS","21":"ZH","22":"SG","23":"FR"},"main_mean":{"0":0.0080479276,"1":0.001373131,"2":-0.0042102633,"3":0.0372610466,"4":-0.07699923,"5":0.0141755195,"6":0.0,"7":-0.0820338433,"8":0.0002857122,"9":0.0175298705,"10":0.000399996,"11":-0.0253997487,"12":-0.0227270661,"13":0.0386740905,"14":0.0441865659,"15":0.0027473378,"16":0.0566375486,"17":0.0009588649,"18":0.007800135,"19":0.0066351582,"20":0.0077441111,"21":0.0091954189,"22":0.0562631391,"23":-0.0347653916},"sentiment_mean":{"0":0.0391459075,"1":0.1118210863,"2":0.0740740741,"3":0.2826086957,"4":0.0,"5":0.0952380952,"6":0.0,"7":0.0,"8":0.0,"9":0.0446428571,"10":0.0,"11":-0.3333333333,"12":-0.25,"13":0.0555555556,"14":0.140625,"15":0.1666666667,"16":0.3333333333,"17":0.0437956204,"18":0.0,"19":0.1,"20":0.0631163708,"21":0.113242346,"22":0.1428571429,"23":-0.0416666667},"main_std":{"0":0.1215983199,"1":0.1457174093,"2":0.0925804003,"3":0.1715318894,"4":null,"5":0.08800651,"6":null,"7":0.1461155827,"8":0.0004040581,"9":0.1080163927,"10":null,"11":0.0446882518,"12":0.0454541322,"13":0.0769542069,"14":0.1447115168,"15":0.1614575613,"16":0.1795365439,"17":0.0761018939,"18":0.0724806185,"19":0.038630827,"20":0.1143882002,"21":0.1182752478,"22":0.1944482949,"23":0.0995387799},"sentiment_std":{"0":0.370813025,"1":0.7251635989,"2":0.2643505286,"3":0.6392186201,"4":null,"5":0.2971017572,"6":null,"7":0.5773502692,"8":0.0,"9":0.2470872792,"10":null,"11":0.5773502692,"12":0.5,"13":0.2357022604,"14":0.3930825472,"15":0.5814018997,"16":0.5163977795,"17":0.2937739512,"18":0.254000254,"19":0.3016806854,"20":0.4216949522,"21":0.4729723082,"22":0.3847345241,"23":0.2886751346},"sentiment_pv":{"0":0.0003491229,"1":0.6385972895,"2":0.4770656457,"3":0.0011234404,"4":null,"5":0.9140867312,"6":null,"7":0.6621859168,"8":1.212102799e-49,"9":0.0236374348,"10":null,"11":0.3230068968,"12":0.255733772,"13":0.4350037473,"14":0.4186896177,"15":0.3380178326,"16":0.3193883371,"17":0.03123099,"18":0.034395657,"19":0.9934814875,"20":0.0622689981,"21":0.2504242112,"22":0.3191564308,"23":0.0014944627},"main_pv":{"0":0.8934673673,"1":0.1422635093,"2":0.3115192914,"3":0.0545464576,"4":null,"5":0.6947665061,"6":null,"7":0.1513017436,"8":0.0000005817,"9":0.3986895334,"10":null,"11":0.3162913232,"12":0.2599406324,"13":0.1187027109,"14":0.0555937771,"15":0.7534219855,"16":0.542614565,"17":0.2462331082,"18":0.9406118186,"19":0.6282449133,"20":0.8478228179,"21":0.8799632506,"22":0.028297357,"23":0.0041443437},"count":{"0":562,"1":939,"2":54,"3":138,"4":1,"5":42,"6":1,"7":7,"8":2,"9":112,"10":1,"11":3,"12":4,"13":18,"14":64,"15":72,"16":6,"17":137,"18":32,"19":90,"20":507,"21":2711,"22":84,"23":48},"nb_en":{"0":166,"1":932,"2":13,"3":129,"4":0,"5":10,"6":0,"7":5,"8":0,"9":8,"10":0,"11":1,"12":1,"13":0,"14":3,"15":67,"16":5,"17":20,"18":4,"19":10,"20":173,"21":1088,"22":14,"23":27},"nb_de":{"0":396,"1":7,"2":41,"3":9,"4":1,"5":32,"6":1,"7":2,"8":2,"9":104,"10":1,"11":2,"12":3,"13":18,"14":61,"15":5,"16":1,"17":117,"18":28,"19":80,"20":334,"21":1623,"22":70,"23":21}}