{"canton":{"0":"TG","1":"GR","2":"FR","3":"AR","4":"TI","5":"VS","6":"SH","7":"BS","8":"OW","9":"ZH","10":"NE","11":"BL","12":"SZ","13":"LU","14":"NW","15":"GE","16":"GL","17":"BE","18":"SO","19":"SG","20":"AG","21":"AI","22":"UR","23":"VD"},"main_mean":{"0":0.0080392005,"1":-0.0004332412,"2":-0.0028556758,"3":0.1145734497,"4":-0.0250969419,"5":0.010352675,"6":0.0185526949,"7":-0.0000345646,"8":0.000399996,"9":0.0100870694,"10":-0.0348915234,"11":0.0055256163,"12":0.0261156093,"13":-0.0026352672,"14":0.0417994778,"15":0.0107680778,"16":-0.0041897086,"17":0.0144828334,"18":-0.0084661265,"19":0.0385778003,"20":0.0159528094,"21":-0.1666638889,"22":0.0000799992,"23":0.0314328102},"sentiment_mean":{"0":0.04,"1":0.0612244898,"2":0.0833333333,"3":0.25,"4":0.0444444444,"5":0.0454545455,"6":0.0298507463,"7":0.0541012216,"8":0.0,"9":0.1178374879,"10":0.1052631579,"11":0.0294117647,"12":0.3333333333,"13":0.0394736842,"14":0.3333333333,"15":0.1397260274,"16":0.0,"17":0.0821705426,"18":0.0,"19":0.1037735849,"20":0.0814814815,"21":-0.5,"22":0.0,"23":0.25},"main_std":{"0":0.0273471196,"1":0.0670811149,"2":0.0703545166,"3":0.2186382012,"4":0.1329433265,"5":0.0680241129,"6":0.0908757729,"7":0.0761503195,"8":null,"9":0.1180098992,"10":0.1403693807,"11":0.0390399886,"12":0.1045451061,"13":0.0747775831,"14":0.0720526902,"15":0.1511969092,"16":0.0085857692,"17":0.1085805481,"18":0.0537729555,"19":0.1102852444,"20":0.1281592748,"21":0.2356983321,"22":0.0001788836,"23":0.1626710564},"sentiment_std":{"0":0.2,"1":0.3167651118,"2":0.4391550328,"3":0.5,"4":0.5591146917,"5":0.4288733458,"6":0.300007538,"7":0.4039206071,"8":null,"9":0.4737634417,"10":0.6578362547,"11":0.1714985851,"12":0.5163977795,"13":0.2267413542,"14":0.5773502692,"15":0.6744365363,"16":0.0,"17":0.3751706884,"18":0.2672612419,"19":0.4348890451,"20":0.3005430868,"21":0.7071067812,"22":0.0,"23":0.6464819652},"sentiment_pv":{"0":0.1070852246,"1":0.3143983665,"2":0.7426208697,"3":0.6089730014,"4":0.2890394419,"5":0.3435864753,"6":0.0400059778,"7":0.0029930942,"8":null,"9":0.3335408162,"10":0.9875977055,"11":0.0133479978,"12":0.3334185187,"13":0.0005565243,"14":0.5681969842,"15":0.1323224824,"16":5.361334489e-66,"17":0.1121878039,"18":0.0398721248,"19":0.92793385,"20":0.3269128269,"21":0.4383020416,"22":5.361334489e-66,"23":0.013094084},"main_pv":{"0":0.7738589052,"1":0.3018752252,"2":0.2958038578,"3":0.4081170303,"4":0.0154588558,"5":0.9489099323,"6":0.431363937,"7":0.0058503636,"8":null,"9":0.8770817623,"10":0.1835904737,"11":0.5481670301,"12":0.7162173617,"13":0.0502595467,"14":0.5209174405,"15":0.8218356165,"16":0.0409467093,"17":0.2899787851,"18":0.0825691603,"19":0.0087150897,"20":0.5742986329,"21":0.4820204256,"22":0.0000000002,"23":0.1290063537},"count":{"0":25,"1":49,"2":36,"3":4,"4":90,"5":44,"6":67,"7":573,"8":1,"9":3089,"10":19,"11":34,"12":6,"13":152,"14":3,"15":1095,"16":4,"17":645,"18":29,"19":106,"20":135,"21":2,"22":5,"23":132},"nb_en":{"0":2,"1":3,"2":21,"3":0,"4":83,"5":14,"6":6,"7":173,"8":0,"9":1256,"10":13,"11":2,"12":3,"13":17,"14":1,"15":1082,"16":0,"17":155,"18":3,"19":18,"20":17,"21":1,"22":0,"23":119},"nb_de":{"0":23,"1":46,"2":15,"3":4,"4":7,"5":30,"6":61,"7":400,"8":1,"9":1833,"10":6,"11":32,"12":3,"13":135,"14":2,"15":13,"16":4,"17":490,"18":26,"19":88,"20":118,"21":1,"22":5,"23":13}}