{"canton":{"0":"SG","1":"NE","2":"SZ","3":"SO","4":"GE","5":"AR","6":"FR","7":"BE","8":"JU","9":"BS","10":"AG","11":"TI","12":"SH","13":"BL","14":"LU","15":"VS","16":"UR","17":"ZH","18":"VD","19":"AI","20":"GR"},"main_mean":{"0":0.0092261091,"1":0.0045454369,"2":0.0041665972,"3":0.0659721739,"4":-0.0031018342,"5":0.0,"6":0.0700401846,"7":-0.013254723,"8":0.0833312501,"9":0.0098687225,"10":-0.0438386658,"11":0.0122529161,"12":0.0210166443,"13":-0.0125002396,"14":0.0862416399,"15":-0.0202010663,"16":0.0,"17":-0.0019126621,"18":0.0047388995,"19":0.0,"20":0.1187864932},"sentiment_mean":{"0":0.1,"1":0.2727272727,"2":0.0,"3":0.125,"4":0.078271028,"5":0.0,"6":0.5714285714,"7":0.1520737327,"8":0.6666666667,"9":0.0964912281,"10":0.4285714286,"11":0.1627906977,"12":0.875,"13":0.5,"14":0.4090909091,"15":0.0,"16":0.0,"17":0.2745098039,"18":0.1168831169,"19":1.0,"20":0.2},"vader_mean":{"0":0.08382,"1":0.1450363636,"2":0.1883875,"3":0.1219875,"4":0.0861276869,"5":0.0,"6":0.3035714286,"7":0.1043534562,"8":0.2038,"9":0.0776464912,"10":0.1965642857,"11":0.0998930233,"12":0.4646,"13":0.19945,"14":0.1878636364,"15":0.2175272727,"16":0.0,"17":0.1463449948,"18":0.1002324675,"19":0.0,"20":0.23424},"main_std":{"0":0.0409624312,"1":0.049492018,"2":0.0611081458,"3":0.4183534213,"4":0.1292627413,"5":null,"6":0.0792616651,"7":0.1219190597,"8":0.1443339589,"9":0.1458793754,"10":0.1389366107,"11":0.1194646688,"12":0.1038123197,"13":0.1590979504,"14":0.3016562408,"15":0.1624665142,"16":null,"17":0.1513211015,"18":0.1224998449,"19":null,"20":0.349378529},"sentiment_std":{"0":0.5676462122,"1":0.4670993665,"2":0.755928946,"3":0.8345229604,"4":0.7317014068,"5":null,"6":0.7867957925,"7":0.6938271706,"8":0.5773502692,"9":0.5945072809,"10":0.6462061727,"11":0.6108906731,"12":0.3535533906,"13":0.7071067812,"14":0.6661253213,"15":0.894427191,"16":null,"17":0.690086526,"18":0.6483587777,"19":null,"20":0.8366600265},"vader_std":{"0":0.247358969,"1":0.237125664,"2":0.3671540994,"3":0.4788349266,"4":0.3971050433,"5":null,"6":0.2979797181,"7":0.3876422113,"8":0.3529919546,"9":0.3051415404,"10":0.3128121152,"11":0.3415243355,"12":0.2600345362,"13":0.282064895,"14":0.3389307129,"15":0.3512690054,"16":null,"17":0.3861397572,"18":0.3694293905,"19":null,"20":0.5553186185},"sentiment_pv":{"0":0.6697253136,"1":0.5240824199,"2":0.5241500061,"3":0.8592120114,"4":0.0004591747,"5":null,"6":0.2357134108,"7":0.5798578146,"8":0.2811450417,"9":0.1518425309,"10":0.1737143906,"11":0.8064588656,"12":0.0008045418,"13":0.6369541158,"14":0.1221218286,"15":0.5215485752,"16":null,"17":0.000313613,"18":0.40888039,"19":null,"20":0.9586569323},"vader_pv":{"0":0.6785131533,"1":0.7092787335,"2":0.6023059449,"3":0.9794500425,"4":0.045329317,"5":null,"6":0.1498750467,"7":0.633192155,"8":0.7131330805,"9":0.1811610753,"10":0.3630452928,"11":0.6417115505,"12":0.0068703983,"13":0.7517236374,"14":0.3434961171,"15":0.3680439759,"16":null,"17":0.0486911186,"18":0.6883721824,"19":null,"20":0.662800375},"main_pv":{"0":0.4736997952,"1":0.7386896444,"2":0.8309375477,"3":0.6660377366,"4":0.6433672411,"5":null,"6":0.0563641368,"7":0.1518410445,"8":0.4196371002,"9":0.4524059052,"10":0.2669046339,"11":0.3306152133,"12":0.5743299869,"13":0.9332355134,"14":0.1913855295,"15":0.6987450862,"16":null,"17":0.8243784289,"18":0.7059808963,"19":null,"20":0.4872437843},"count":{"0":10,"1":11,"2":8,"3":8,"4":856,"5":1,"6":7,"7":217,"8":3,"9":114,"10":14,"11":86,"12":8,"13":2,"14":22,"15":11,"16":1,"17":969,"18":77,"19":1,"20":5}}