{"canton":{"0":"BE","1":"GE","2":"VS","3":"VD","4":"NW","5":"SO","6":"AI","7":"NE","8":"AG","9":"OW","10":"GR","11":"AR","12":"TG","13":"SH","14":"TI","15":"SZ","16":"LU","17":"BL","18":"GL","19":"BS","20":"ZH","21":"SG","22":"FR","23":"UR"},"main_mean":{"0":0.0144828334,"1":0.0107680778,"2":0.010352675,"3":0.0314328102,"4":0.0417994778,"5":-0.0084661265,"6":-0.1666638889,"7":-0.0348915234,"8":0.0159528094,"9":0.000399996,"10":-0.0004332412,"11":0.1145734497,"12":0.0080392005,"13":0.0185526949,"14":-0.0250969419,"15":0.0261156093,"16":-0.0026352672,"17":0.0055256163,"18":-0.0041897086,"19":-0.0000345646,"20":0.0100870694,"21":0.0385778003,"22":-0.0028556758,"23":0.0000799992},"sentiment_mean":{"0":0.0821705426,"1":0.1397260274,"2":0.0454545455,"3":0.25,"4":0.3333333333,"5":0.0,"6":-0.5,"7":0.1052631579,"8":0.0814814815,"9":0.0,"10":0.0612244898,"11":0.25,"12":0.04,"13":0.0298507463,"14":0.0444444444,"15":0.3333333333,"16":0.0394736842,"17":0.0294117647,"18":0.0,"19":0.0541012216,"20":0.1178374879,"21":0.1037735849,"22":0.0833333333,"23":0.0},"main_std":{"0":0.1085805481,"1":0.1511969092,"2":0.0680241129,"3":0.1626710564,"4":0.0720526902,"5":0.0537729555,"6":0.2356983321,"7":0.1403693807,"8":0.1281592748,"9":null,"10":0.0670811149,"11":0.2186382012,"12":0.0273471196,"13":0.0908757729,"14":0.1329433265,"15":0.1045451061,"16":0.0747775831,"17":0.0390399886,"18":0.0085857692,"19":0.0761503195,"20":0.1180098992,"21":0.1102852444,"22":0.0703545166,"23":0.0001788836},"sentiment_std":{"0":0.3751706884,"1":0.6744365363,"2":0.4288733458,"3":0.6464819652,"4":0.5773502692,"5":0.2672612419,"6":0.7071067812,"7":0.6578362547,"8":0.3005430868,"9":null,"10":0.3167651118,"11":0.5,"12":0.2,"13":0.300007538,"14":0.5591146917,"15":0.5163977795,"16":0.2267413542,"17":0.1714985851,"18":0.0,"19":0.4039206071,"20":0.4737634417,"21":0.4348890451,"22":0.4391550328,"23":0.0},"sentiment_pv":{"0":0.1121878039,"1":0.1323224824,"2":0.3435864753,"3":0.013094084,"4":0.5681969842,"5":0.0398721248,"6":0.4383020416,"7":0.9875977055,"8":0.3269128269,"9":null,"10":0.3143983665,"11":0.6089730014,"12":0.1070852246,"13":0.0400059778,"14":0.2890394419,"15":0.3334185187,"16":0.0005565243,"17":0.0133479978,"18":5.361334489e-66,"19":0.0029930942,"20":0.3335408162,"21":0.92793385,"22":0.7426208697,"23":5.361334489e-66},"main_pv":{"0":0.2899787851,"1":0.8218356165,"2":0.9489099323,"3":0.1290063537,"4":0.5209174405,"5":0.0825691603,"6":0.4820204256,"7":0.1835904737,"8":0.5742986329,"9":null,"10":0.3018752252,"11":0.4081170303,"12":0.7738589052,"13":0.431363937,"14":0.0154588558,"15":0.7162173617,"16":0.0502595467,"17":0.5481670301,"18":0.0409467093,"19":0.0058503636,"20":0.8770817623,"21":0.0087150897,"22":0.2958038578,"23":0.0000000002},"count":{"0":645,"1":1095,"2":44,"3":132,"4":3,"5":29,"6":2,"7":19,"8":135,"9":1,"10":49,"11":4,"12":25,"13":67,"14":90,"15":6,"16":152,"17":34,"18":4,"19":573,"20":3089,"21":106,"22":36,"23":5},"nb_en":{"0":155,"1":1082,"2":14,"3":119,"4":1,"5":3,"6":1,"7":13,"8":17,"9":0,"10":3,"11":0,"12":2,"13":6,"14":83,"15":3,"16":17,"17":2,"18":0,"19":173,"20":1256,"21":18,"22":21,"23":0},"nb_de":{"0":490,"1":13,"2":30,"3":13,"4":2,"5":26,"6":1,"7":6,"8":118,"9":1,"10":46,"11":4,"12":23,"13":61,"14":7,"15":3,"16":135,"17":32,"18":4,"19":400,"20":1833,"21":88,"22":15,"23":5}}