{"canton":{"0":"BE","1":"NE","2":"TG","3":"SO","4":"GE","5":"FR","6":"JU","7":"BS","8":"AG","9":"TI","10":"SH","11":"LU","12":"VS","13":"UR","14":"ZH","15":"VD","16":"SG","17":"GR"},"main_mean":{"0":0.0173104685,"1":0.1181291051,"2":-0.0188986685,"3":0.0291292227,"4":0.0072648001,"5":0.034760171,"6":0.0,"7":-0.0023600347,"8":0.0122610547,"9":0.0074690687,"10":0.099998,"11":0.0122350799,"12":0.0102047125,"13":0.0,"14":0.016905825,"15":0.0196008616,"16":-0.0063963194,"17":0.0},"sentiment_mean":{"0":0.1524663677,"1":0.7142857143,"2":0.5,"3":0.2857142857,"4":0.1046966732,"5":-0.1851851852,"6":0.0,"7":0.0792079208,"8":0.25,"9":0.0571428571,"10":0.1666666667,"11":0.3469387755,"12":0.25,"13":1.0,"14":0.2024456522,"15":0.4016393443,"16":0.0,"17":1.0},"vader_mean":{"0":0.1078515695,"1":0.4291285714,"2":0.301,"3":0.2964142857,"4":0.0926041096,"5":-0.037,"6":0.0,"7":0.1135975248,"8":0.0815,"9":0.09264,"10":0.1467166667,"11":0.2283673469,"12":0.2085375,"13":0.7832,"14":0.1116592391,"15":0.1871959016,"16":0.2156142857,"17":0.4588},"main_std":{"0":0.1200353828,"1":0.2800915167,"2":0.063308545,"3":0.0867964207,"4":0.1041736394,"5":0.20109506,"6":0.0,"7":0.1252650653,"8":0.0964387358,"9":0.0833671933,"10":0.2449440754,"11":0.0884719271,"12":0.0811850594,"13":null,"14":0.1283538483,"15":0.14559887,"16":0.0666167406,"17":null},"sentiment_std":{"0":0.6395949714,"1":0.4879500365,"2":0.5773502692,"3":0.9511897312,"4":0.7271140652,"5":0.6224663746,"6":0.0,"7":0.721843526,"8":0.6756639247,"9":0.6785687044,"10":0.4082482905,"11":0.56091519,"12":0.8563488386,"13":null,"14":0.6955580125,"15":0.7118807132,"16":0.7844645406,"17":null},"vader_std":{"0":0.3398866236,"1":0.3228155134,"2":0.2025591601,"3":0.2949420024,"4":0.4124226725,"5":0.2309195997,"6":0.0,"7":0.4130359919,"8":0.3935085469,"9":0.3546788874,"10":0.2275983341,"11":0.3389608547,"12":0.3479525157,"13":null,"14":0.3762413149,"15":0.3980381898,"16":0.3286203464,"17":null},"sentiment_pv":{"0":0.7659393812,"1":0.0247683454,"2":0.3308197348,"3":0.7500856118,"4":0.0184231079,"5":0.0071539914,"6":4.553474677e-40,"7":0.0991612297,"8":0.5487651558,"9":0.1897262896,"10":0.9958300542,"11":0.0298996004,"12":0.6998970657,"13":null,"14":0.0943880313,"15":0.000459682,"16":0.4440509872,"17":null},"vader_pv":{"0":0.9021358326,"1":0.0401530953,"2":0.1568042118,"3":0.1471701596,"4":0.2124578901,"5":0.0027906149,"6":5.652614081e-58,"7":0.9246987476,"8":0.7197540501,"9":0.6739644559,"10":0.7153503919,"11":0.019919293,"12":0.2799188938,"13":null,"14":0.9407823651,"15":0.0390995825,"16":0.2550121582,"17":null},"main_pv":{"0":0.5931827168,"1":0.3585164711,"2":0.3899013015,"3":0.638232272,"4":0.1493052345,"5":0.5769461704,"6":0.0000000012,"7":0.0943521213,"8":0.9759174985,"9":0.5978174078,"10":0.4234838953,"11":0.960978934,"12":0.8979655845,"13":null,"14":0.3070728629,"15":0.6147394877,"16":0.3016825862,"17":null},"count":{"0":223,"1":7,"2":4,"3":7,"4":1022,"5":27,"6":3,"7":202,"8":24,"9":70,"10":6,"11":49,"12":16,"13":1,"14":1472,"15":122,"16":14,"17":1}}