{"canton":{"0":"BE","1":"GR","2":"FR","3":"BS","4":"TI","5":"VS","6":"SH","7":"TG","8":"SO","9":"OW","10":"ZH","11":"NE","12":"BL","13":"SZ","14":"LU","15":"GE","16":"JU","17":"GL","18":"AG","19":"SG","20":"UR","21":"AR","22":"VD"},"main_mean":{"0":0.0078059025,"1":0.0176787805,"2":-0.0194487098,"3":0.0139759842,"4":-0.0164557016,"5":0.0280875374,"6":0.0056747627,"7":0.0111630808,"8":0.0074982377,"9":0.0,"10":0.0112476052,"11":-0.0620028332,"12":-0.0026582759,"13":0.1565485916,"14":0.001547881,"15":0.0072871675,"16":0.0,"17":-0.0049015563,"18":0.0063150487,"19":0.0723817211,"20":0.0,"21":-0.0000997689,"22":0.0141683697},"sentiment_mean":{"0":0.0478142077,"1":0.05,"2":-0.0526315789,"3":0.072859745,"4":0.0833333333,"5":0.0681818182,"6":0.0294117647,"7":0.0,"8":-0.025,"9":0.0,"10":0.1072276892,"11":0.0,"12":0.0344827586,"13":0.4615384615,"14":0.0333333333,"15":0.1050041017,"16":0.0,"17":0.0,"18":0.0,"19":0.1578947368,"20":0.0,"21":0.5,"22":0.1818181818},"main_std":{"0":0.1108898783,"1":0.0377143847,"2":0.1284119553,"3":0.0964555464,"4":0.2023074046,"5":0.1650586539,"6":0.0342424993,"7":0.0195058061,"8":0.0344358892,"9":null,"10":0.1087210641,"11":0.1047082398,"12":0.0172471021,"13":0.2489344301,"14":0.0894916287,"15":0.1378533477,"16":null,"17":0.0359203773,"18":0.0511912882,"19":0.188682492,"20":null,"21":0.0971411604,"22":0.1897797008},"sentiment_std":{"0":0.3686157467,"1":0.2207214279,"2":0.4619212768,"3":0.3846640638,"4":0.6022832374,"5":0.3975346861,"6":0.242535625,"7":0.0,"8":0.2761920551,"9":null,"10":0.4755088211,"11":0.4264014327,"12":0.1856953382,"13":0.5188745217,"14":0.2434832978,"15":0.6844265005,"16":null,"17":0.0,"18":0.2898855178,"19":0.4633970674,"20":null,"21":0.5773502692,"22":0.6369968342},"sentiment_pv":{"0":0.0031899101,"1":0.2414743695,"2":0.0618125986,"3":0.2730874509,"4":0.8739283235,"5":0.6929465845,"6":0.0404883927,"7":3.328015512e-48,"8":0.0112722805,"9":null,"10":0.1609898673,"11":0.4703506159,"12":0.110468555,"13":0.02473305,"14":0.0053254876,"15":0.53174601,"16":null,"17":3.328015512e-48,"18":0.0009271145,"19":0.2229281586,"20":null,"21":0.2525718563,"22":0.0745504767},"main_pv":{"0":0.5741030028,"1":0.2337367119,"2":0.1631952114,"3":0.395992454,"4":0.1519564308,"5":0.4782929119,"6":0.3018213188,"7":0.8459484654,"8":0.6273247363,"9":null,"10":0.6916970423,"11":0.0359050298,"12":0.0007143091,"13":0.055674985,"14":0.2445418845,"15":0.481592391,"16":null,"17":0.4612504096,"18":0.4228151287,"19":0.0054165009,"20":null,"21":0.8448520617,"22":0.7925997649},"count":{"0":732,"1":40,"2":38,"3":549,"4":120,"5":44,"6":68,"7":20,"8":40,"9":1,"10":2947,"11":12,"12":29,"13":13,"14":150,"15":1219,"16":1,"17":4,"18":120,"19":76,"20":1,"21":4,"22":165},"nb_en":{"0":219,"1":4,"2":14,"3":158,"4":116,"5":16,"6":5,"7":0,"8":4,"9":0,"10":1300,"11":9,"12":2,"13":10,"14":28,"15":1199,"16":1,"17":0,"18":15,"19":18,"20":0,"21":4,"22":154},"nb_de":{"0":513,"1":36,"2":24,"3":391,"4":4,"5":28,"6":63,"7":20,"8":36,"9":1,"10":1647,"11":3,"12":27,"13":3,"14":122,"15":20,"16":0,"17":4,"18":105,"19":58,"20":1,"21":0,"22":11}}