{"canton":{"0":"AG","1":"AR","2":"BE","3":"BL","4":"BS","5":"FR","6":"GE","7":"GL","8":"GR","9":"JU","10":"LU","11":"NE","12":"OW","13":"SG","14":"SH","15":"SO","16":"TG","17":"TI","18":"UR","19":"VD","20":"VS","21":"ZH"},"mean":{"0":0.0600706714,"1":0.0,"2":0.073313783,"3":0.0,"4":0.0652173913,"5":0.037593985,"6":0.0773739742,"7":0.0,"8":0.0714285714,"9":0.0,"10":0.1,"11":0.0454545455,"12":0.0,"13":0.0231213873,"14":0.0361445783,"15":0.025,"16":0.0625,"17":0.0257787325,"18":0.0,"19":0.0571428571,"20":0.0888888889,"21":0.1690445309},"std":{"0":0.2524967424,"1":0.0,"2":0.3761117848,"3":0.0,"4":0.3527763325,"5":0.3568807423,"6":0.4648219047,"7":null,"8":0.2622652642,"9":0.0,"10":0.3304153627,"11":0.2132007164,"12":0.0,"13":0.1853267769,"14":0.1877844595,"15":0.3571611717,"16":0.25,"17":0.2109408275,"18":null,"19":0.3741547986,"20":0.3581659228,"21":0.5081105122},"count":{"0":283,"1":5,"2":682,"3":36,"4":506,"5":133,"6":2559,"7":1,"8":28,"9":6,"10":110,"11":22,"12":17,"13":173,"14":83,"15":40,"16":16,"17":931,"18":1,"19":350,"20":45,"21":2313}}