{"canton":{"0":"TG","1":"BE","2":"FR","3":"SO","4":"TI","5":"VS","6":"UR","7":"GR","8":"BS","9":"OW","10":"ZH","11":"NE","12":"BL","13":"SZ","14":"LU","15":"NW","16":"GE","17":"JU","18":"GL","19":"AG","20":"SG","21":"AI","22":"SH","23":"AR","24":"VD"},"main_mean":{"0":0.0010918626,"1":0.0063896712,"2":0.0253383704,"3":0.0120757076,"4":0.0084504958,"5":-0.0049464663,"6":0.0,"7":0.004527146,"8":0.0052553349,"9":-0.0061449386,"10":0.0131648843,"11":0.0408093829,"12":0.0459279816,"13":0.0037935745,"14":0.0071513507,"15":-0.0236543304,"16":0.0080507949,"17":0.0,"18":0.0140250664,"19":0.0246422827,"20":0.0269617175,"21":0.0013332889,"22":0.0140012928,"23":0.0364958908,"24":0.0179519651},"sentiment_mean":{"0":0.0952380952,"1":0.048206278,"2":-0.0925925926,"3":0.0571428571,"4":0.0555555556,"5":0.0615384615,"6":0.25,"7":0.0222222222,"8":0.0426470588,"9":0.0,"10":0.112244898,"11":0.3333333333,"12":0.064516129,"13":0.0,"14":0.1005291005,"15":0.0,"16":0.1037827352,"17":0.0,"18":0.0,"19":0.08,"20":0.0625,"21":0.0,"22":0.0449438202,"23":0.0,"24":0.3402777778},"main_std":{"0":0.0434723028,"1":0.0797857693,"2":0.1492568676,"3":0.0466292352,"4":0.1086573559,"5":0.0465784365,"6":0.0,"7":0.0274896479,"8":0.0932681388,"9":0.0086902554,"10":0.1198453123,"11":0.1998570149,"12":0.144163817,"13":0.0188690189,"14":0.092261644,"15":0.0334522749,"16":0.1301588158,"17":0.0,"18":0.0188059296,"19":0.0916111809,"20":0.1145171659,"21":null,"22":0.0927541341,"23":0.0316063686,"24":0.146100119},"sentiment_std":{"0":0.3007926038,"1":0.3431666263,"2":0.4458834148,"3":0.4160639899,"4":0.6690099662,"5":0.4285485342,"6":0.5,"7":0.1490711985,"8":0.4164568186,"9":0.0,"10":0.4925199748,"11":0.4879500365,"12":0.2497310381,"13":0.0,"14":0.350455229,"15":0.0,"16":0.7239959551,"17":0.0,"18":0.0,"19":0.3501151884,"20":0.3787097208,"21":null,"22":0.2083546125,"23":0.0,"24":0.6706973142},"sentiment_pv":{"0":0.993517187,"1":0.000359345,"2":0.0033327495,"3":0.5981410141,"4":0.6221369426,"5":0.537564644,"6":0.5785205107,"7":0.0027672774,"8":0.0023869733,"9":7.440459477e-54,"10":0.0939073215,"11":0.0792706009,"12":0.5098349019,"13":7.440459477e-54,"14":0.8240699016,"15":7.440459477e-54,"16":0.6972561535,"17":7.440459477e-54,"18":7.440459477e-54,"19":0.6457658361,"20":0.4125473611,"21":null,"22":0.032176665,"23":7.440459477e-54,"24":0.0000235846},"main_pv":{"0":0.3101962394,"1":0.1192052864,"2":0.4860597057,"3":0.8995668194,"4":0.8400200769,"5":0.0087197508,"6":3.750444143e-16,"7":0.1359706257,"8":0.1294798445,"9":0.2046303688,"10":0.3956658963,"11":0.5735341024,"12":0.1887052382,"13":0.4409132613,"14":0.5687638269,"15":0.3801510894,"16":0.4816139472,"17":3.750444143e-16,"18":0.8604231272,"19":0.1043466711,"20":0.179643,"21":null,"22":0.7675701764,"23":0.2977400039,"24":0.5745215728},"count":{"0":21,"1":892,"2":54,"3":35,"4":72,"5":65,"6":4,"7":45,"8":680,"9":2,"10":3332,"11":15,"12":31,"13":5,"14":189,"15":2,"16":1031,"17":3,"18":2,"19":125,"20":96,"21":1,"22":89,"23":3,"24":144},"nb_en":{"0":4,"1":223,"2":27,"3":7,"4":70,"5":16,"6":1,"7":1,"8":202,"9":0,"10":1472,"11":7,"12":0,"13":0,"14":49,"15":0,"16":1022,"17":3,"18":0,"19":24,"20":14,"21":0,"22":6,"23":0,"24":122},"nb_de":{"0":17,"1":669,"2":27,"3":28,"4":2,"5":49,"6":3,"7":44,"8":478,"9":2,"10":1860,"11":8,"12":31,"13":5,"14":140,"15":2,"16":9,"17":0,"18":2,"19":101,"20":82,"21":1,"22":83,"23":3,"24":22}}