{"canton":{"0":"BE","1":"GE","2":"VS","3":"VD","4":"NW","5":"SO","6":"AI","7":"NE","8":"AG","9":"OW","10":"GR","11":"AR","12":"TG","13":"SH","14":"TI","15":"SZ","16":"LU","17":"BL","18":"GL","19":"BS","20":"ZH","21":"SG","22":"FR","23":"UR"},"main_mean":{"0":0.0135520296,"1":0.0030072026,"2":0.000378375,"3":0.0254734817,"4":0.0,"5":0.0158049037,"6":0.0,"7":0.0023149769,"8":0.0496991737,"9":-0.0014999813,"10":0.0139552698,"11":0.072236316,"12":0.0113400168,"13":0.0125129703,"14":0.0011080323,"15":0.0729396114,"16":0.0006676624,"17":0.0177951329,"18":0.0003333306,"19":0.002891372,"20":0.0121847622,"21":0.0196905907,"22":-0.0090887974,"23":-0.0007499906},"sentiment_mean":{"0":0.0806916427,"1":0.060483871,"2":0.0,"3":0.2317073171,"4":0.0,"5":0.0909090909,"6":0.0,"7":0.0,"8":0.0873786408,"9":0.0,"10":0.1290322581,"11":0.2,"12":0.0833333333,"13":0.0526315789,"14":0.1384615385,"15":0.0,"16":0.0606060606,"17":0.0,"18":0.0,"19":0.0467091295,"20":0.1685463659,"21":0.1230769231,"22":0.1578947368,"23":0.0},"main_std":{"0":0.1134591723,"1":0.155485669,"2":0.0589915747,"3":0.178924461,"4":0.0,"5":0.0664846632,"6":null,"7":0.0046299537,"8":0.1857231096,"9":null,"10":0.0582525338,"11":0.2382988405,"12":0.0319396739,"13":0.049490054,"14":0.1093563315,"15":0.0650130416,"16":0.0860731533,"17":0.0749841595,"18":null,"19":0.0909048574,"20":0.1294979811,"21":0.0855793292,"22":0.1168890511,"23":0.0010606469},"sentiment_std":{"0":0.4155247188,"1":0.7116396492,"2":0.3713906764,"3":0.5941854158,"4":0.0,"5":0.2942449432,"6":null,"7":0.0,"8":0.3732947139,"9":null,"10":0.3407771005,"11":0.4216370214,"12":0.2886751346,"13":0.2252817784,"14":0.5266914145,"15":0.0,"16":0.2976207126,"17":0.0,"18":null,"19":0.3357189781,"20":0.4993167919,"21":0.3310821418,"22":0.6021404316,"23":0.0},"sentiment_pv":{"0":0.17217479,"1":0.0543356408,"2":0.1078182861,"3":0.0769495173,"4":4.970815244e-41,"5":0.7273860254,"6":null,"7":4.970815244e-41,"8":0.4940262065,"9":null,"10":0.8001141544,"11":0.5322398748,"12":0.7274934298,"13":0.0546726298,"14":0.7031697947,"15":4.970815244e-41,"16":0.1654152359,"17":4.970815244e-41,"18":null,"19":0.0001645811,"20":0.0002378221,"21":0.8154190806,"22":0.7507317834,"23":4.970815244e-41},"main_pv":{"0":0.6222390175,"1":0.2252135484,"2":0.3691354968,"3":0.449531431,"4":0.0000007464,"5":0.7084449052,"6":null,"7":0.0274668205,"8":0.0351050099,"9":null,"10":0.7394853588,"11":0.4330524691,"12":0.9205041566,"13":0.7571647501,"14":0.5017860283,"15":0.2372160034,"16":0.3717227366,"17":0.6284719209,"18":null,"19":0.1103571664,"20":0.6393992128,"21":0.3922893648,"22":0.4784495036,"23":0.0000035259},"count":{"0":347,"1":744,"2":30,"3":82,"4":22,"5":22,"6":1,"7":4,"8":103,"9":1,"10":31,"11":10,"12":12,"13":57,"14":65,"15":3,"16":66,"17":25,"18":1,"19":471,"20":1596,"21":65,"22":19,"23":2},"nb_en":{"0":111,"1":738,"2":9,"3":74,"4":22,"5":1,"6":0,"7":2,"8":20,"9":0,"10":8,"11":2,"12":1,"13":4,"14":62,"15":0,"16":17,"17":0,"18":0,"19":119,"20":708,"21":12,"22":12,"23":0},"nb_de":{"0":236,"1":6,"2":21,"3":8,"4":0,"5":21,"6":1,"7":2,"8":83,"9":1,"10":23,"11":8,"12":11,"13":53,"14":3,"15":3,"16":49,"17":25,"18":1,"19":352,"20":888,"21":53,"22":7,"23":2}}