{"canton":{"0":"AG","1":"BE","2":"BS","3":"FR","4":"GE","5":"GR","6":"JU","7":"LU","8":"NE","9":"SG","10":"SH","11":"SO","12":"TG","13":"TI","14":"VD","15":"VS","16":"ZH"},"main_mean":{"0":0.0294969339,"1":0.016165851,"2":-0.0136930989,"3":-0.0020571145,"4":0.0218161207,"5":0.0,"6":0.0,"7":0.0175756892,"8":0.0192306953,"9":0.0,"10":0.0588231834,"11":0.0342854122,"12":0.0833326389,"13":-0.0073717024,"14":0.0104819615,"15":0.056250645,"16":0.008379184},"sentiment_mean":{"0":0.2666666667,"1":0.1823529412,"2":0.2072072072,"3":0.1851851852,"4":0.1796714579,"5":1.0,"6":0.0,"7":0.3333333333,"8":0.5,"9":-0.1666666667,"10":1.0,"11":0.0,"12":1.0,"13":0.28125,"14":0.2209302326,"15":0.4,"16":0.2962566845},"vader_mean":{"0":0.08788,"1":0.1216541176,"2":0.0867513514,"3":0.0962037037,"4":0.1522017454,"5":0.4926,"6":0.0,"7":0.2070708333,"8":0.41285,"9":0.00155,"10":0.8934,"11":0.26544,"12":0.0,"13":0.1208453125,"14":0.1639116279,"15":0.27268,"16":0.171131016},"main_std":{"0":0.0752422843,"1":0.1102416523,"2":0.0702004506,"3":0.2263913025,"4":0.0998759214,"5":null,"6":null,"7":0.0956346011,"8":0.0271963101,"9":0.0,"10":null,"11":0.048021663,"12":null,"13":0.1063224388,"14":0.1505164876,"15":0.1099296909,"16":0.1083986865},"sentiment_std":{"0":0.5936168397,"1":0.6677129509,"2":0.6757772241,"3":0.7862783338,"4":0.7208233665,"5":null,"6":null,"7":0.5646597026,"8":0.7071067812,"9":0.4082482905,"10":null,"11":1.0,"12":null,"13":0.6777354918,"14":0.692840068,"15":0.6992058988,"16":0.7009758405},"vader_std":{"0":0.2703408489,"1":0.3518216456,"2":0.3692518116,"3":0.3607783535,"4":0.3903500707,"5":null,"6":null,"7":0.2943992416,"8":0.5838580692,"9":0.3016905285,"10":null,"11":0.4307129705,"12":null,"13":0.3339959024,"14":0.4347963205,"15":0.3496701741,"16":0.3714883352},"count":{"0":15,"1":170,"2":111,"3":27,"4":974,"5":1,"6":1,"7":24,"8":2,"9":6,"10":1,"11":5,"12":1,"13":64,"14":86,"15":10,"16":935}}