{"canton":{"0":"BE","1":"NE","2":"TG","3":"SO","4":"GE","5":"FR","6":"BS","7":"AG","8":"TI","9":"SH","10":"LU","11":"VS","12":"UR","13":"ZH","14":"VD","15":"SG","16":"GR"},"main_mean":{"0":-0.000159827,"1":0.0208330729,"2":0.011904606,"3":0.0,"4":-0.0096273737,"5":-0.0373037494,"6":-0.0005440153,"7":-0.0831819307,"8":0.0099269214,"9":-0.0303027548,"10":0.0296020536,"11":0.0769157345,"12":-0.1538449704,"13":0.0114638868,"14":-0.0119451615,"15":0.0895659098,"16":-0.1111074075},"sentiment_mean":{"0":0.1774193548,"1":0.3333333333,"2":0.0,"3":0.0,"4":0.0869109948,"5":0.0588235294,"6":0.1842105263,"7":0.2307692308,"8":0.1954022989,"9":-0.3333333333,"10":0.2272727273,"11":0.0555555556,"12":-1.0,"13":0.2325189553,"14":0.2467532468,"15":0.5454545455,"16":0.0},"vader_mean":{"0":0.1496973118,"1":0.1007,"2":-0.0986666667,"3":0.0,"4":0.0651857592,"5":0.1332705882,"6":0.1223678947,"7":0.0934538462,"8":0.0867172414,"9":-0.1953,"10":0.1249818182,"11":0.06605,"12":-0.5574,"13":0.1619354676,"14":0.1779207792,"15":0.3670181818,"16":-0.0609333333},"main_std":{"0":0.1628367579,"1":0.0510303984,"2":0.0662824331,"3":null,"4":0.1184078048,"5":0.0886521361,"6":0.12564513,"7":0.190777537,"8":0.0904834206,"9":0.052485911,"10":0.0916888906,"11":0.2422021803,"12":null,"13":0.1581621934,"14":0.1561997621,"15":0.1548099383,"16":0.1924436749},"sentiment_std":{"0":0.6622858095,"1":0.5163977795,"2":1.0,"3":null,"4":0.7121191008,"5":0.4287464629,"6":0.6364278268,"7":0.4385290097,"8":0.5874477802,"9":0.5773502692,"10":0.4289320272,"11":0.4161761819,"12":null,"13":0.7064057471,"14":0.7461452546,"15":0.687551651,"16":1.0},"vader_std":{"0":0.3623264314,"1":0.1682890133,"2":0.1708956797,"3":null,"4":0.4029719172,"5":0.2801352034,"6":0.3803909399,"7":0.1836693978,"8":0.3052361763,"9":0.3382695227,"10":0.2539468123,"11":0.3410450156,"12":null,"13":0.377623495,"14":0.3890316701,"15":0.3453678961,"16":0.782381629},"sentiment_pv":{"0":0.9190975966,"1":0.4799952302,"2":0.7935468022,"3":null,"4":0.00132582,"5":0.2945330754,"6":0.8043699587,"7":0.6411071769,"8":0.7204109315,"9":0.2684609286,"10":0.5579792536,"11":0.2538661206,"12":null,"13":0.0135921182,"14":0.389512906,"15":0.1024123308,"16":0.7935468022},"vader_pv":{"0":0.3039867547,"1":0.7771937488,"2":0.1548424287,"3":null,"4":0.0001779786,"5":0.8632156327,"6":0.9705103261,"7":0.5977835101,"8":0.3047671926,"9":0.2463202682,"10":0.9470476985,"11":0.5026435781,"12":null,"13":0.0020498798,"14":0.2113371352,"15":0.0401467939,"16":0.7256736971},"main_pv":{"0":0.8704509233,"1":0.4060654284,"2":0.8173690746,"3":null,"4":0.0144927625,"5":0.0891328833,"6":0.8022910613,"7":0.1343961367,"8":0.4237336227,"9":0.4000234481,"10":0.1735467946,"11":0.2063410636,"12":null,"13":0.0708094671,"14":0.4461680494,"15":0.0898709625,"16":0.4163374726},"count":{"0":186,"1":6,"2":3,"3":1,"4":955,"5":17,"6":190,"7":13,"8":87,"9":3,"10":22,"11":18,"12":1,"13":1187,"14":77,"15":11,"16":3}}