{"canton":{"0":"BE","1":"ZH","2":"TG","3":"SO","4":"SG","5":"SZ","6":"AR","7":"FR","8":"JU","9":"AG","10":"TI","11":"SH","12":"BL","13":"LU","14":"VS","15":"BS","16":"NE","17":"VD","18":"GE","19":"GR"},"main_mean":{"0":0.0099998411,"1":0.0041277894,"2":0.07499875,"3":0.0,"4":0.0311505985,"5":-0.0714282313,"6":0.0555546296,"7":0.0033182884,"8":0.0357140306,"9":0.0362846295,"10":0.0035952671,"11":0.0751623574,"12":-0.0227270661,"13":0.0514707654,"14":0.0062999037,"15":-0.0032002941,"16":-0.0243586716,"17":0.0135237738,"18":-0.0020046198,"19":-0.0616660384},"sentiment_mean":{"0":0.2215909091,"1":0.212295082,"2":0.75,"3":0.0,"4":0.3571428571,"5":0.5,"6":-0.3333333333,"7":0.2380952381,"8":0.5,"9":0.1538461538,"10":0.0740740741,"11":0.6666666667,"12":-0.25,"13":0.25,"14":0.0909090909,"15":0.1709401709,"16":0.1666666667,"17":0.1764705882,"18":0.1032986111,"19":0.2},"vader_mean":{"0":0.1579693182,"1":0.1356787705,"2":0.20585,"3":0.0,"4":0.1744928571,"5":0.39135,"6":-0.2586,"7":0.0347857143,"8":0.0,"9":0.0168846154,"10":0.0839135802,"11":0.1855,"12":-0.100475,"13":0.1456607143,"14":0.0725090909,"15":0.1529760684,"16":0.0764666667,"17":0.1718035294,"18":0.0734976562,"19":-0.0119},"main_std":{"0":0.1613644516,"1":0.139555193,"2":0.095740883,"3":null,"4":0.0601044537,"5":0.1010147734,"6":0.0962234411,"7":0.2188922376,"8":0.0505072665,"9":0.1728592694,"10":0.1281518391,"11":0.0845247859,"12":0.0454541322,"13":0.1139407301,"14":0.0852107412,"15":0.0760129007,"16":0.1483956911,"17":0.1489190433,"18":0.116764076,"19":0.1886864855},"sentiment_std":{"0":0.64301946,"1":0.6980669276,"2":0.5,"3":null,"4":0.7449463437,"5":0.7071067812,"6":1.1547005384,"7":0.624880941,"8":0.7071067812,"9":0.800640769,"10":0.6280481227,"11":0.5773502692,"12":0.5,"13":0.7515416255,"14":0.7006490497,"15":0.6984045647,"16":0.4082482905,"17":0.6206078163,"18":0.7078481882,"19":0.8366600265},"vader_std":{"0":0.3422942158,"1":0.3600900206,"2":0.23782975,"3":null,"4":0.3845622636,"5":0.0426385389,"6":0.5620227664,"7":0.3498986672,"8":0.0,"9":0.5229820581,"10":0.3658250951,"11":0.4602939387,"12":0.20095,"13":0.3759609242,"14":0.2017213199,"15":0.3402685675,"16":0.1873043157,"17":0.3990602602,"18":0.3918848653,"19":0.4739737545},"sentiment_pv":{"0":0.2563481493,"1":0.0443499722,"2":0.1008697408,"3":null,"4":0.3517714539,"5":0.6237534646,"6":0.5330696991,"7":0.5969491234,"8":0.6237534646,"9":0.9625160517,"10":0.2058607513,"11":0.2708275646,"12":0.1958429458,"13":0.5538063191,"14":0.7351484022,"15":0.9224427882,"16":0.9902372162,"17":0.8619254856,"18":0.0124807761,"19":0.9290426811},"vader_pv":{"0":0.0795243499,"1":0.045795316,"2":0.4833023968,"3":null,"4":0.5476087843,"5":0.0565368841,"6":0.3728252115,"7":0.33242596,"8":4.991915534e-56,"9":0.529462024,"10":0.51440514,"11":0.8053509404,"12":0.1258520667,"13":0.6302037997,"14":0.5441682911,"15":0.1937633448,"16":0.6722223507,"17":0.1681885135,"18":0.0054387011,"19":0.5935322439},"main_pv":{"0":0.5595912063,"1":0.7681530177,"2":0.2283973148,"3":null,"4":0.1029454035,"5":0.4878357373,"6":0.4422402817,"7":0.9906878644,"8":0.5251120846,"9":0.4980926072,"10":0.9536317579,"11":0.2759721747,"12":0.3445416919,"13":0.0326957249,"14":0.8933564426,"15":0.4241081236,"16":0.6734027169,"17":0.5112709459,"18":0.2570343858,"19":0.4878604447},"count":{"0":176,"1":1220,"2":4,"3":1,"4":14,"5":2,"6":3,"7":21,"8":2,"9":13,"10":81,"11":3,"12":4,"13":28,"14":11,"15":117,"16":6,"17":85,"18":1152,"19":5}}