{"canton":{"0":"BE","1":"NE","2":"TG","3":"SO","4":"SG","5":"SZ","6":"AR","7":"FR","8":"JU","9":"AG","10":"TI","11":"SH","12":"BL","13":"LU","14":"VS","15":"BS","16":"ZH","17":"VD","18":"GE","19":"GR"},"main_mean":{"0":-0.0008198769,"1":0.0159185829,"2":0.0,"3":0.0142856429,"4":0.0064695714,"5":-0.04999975,"6":0.0,"7":-0.0135682349,"8":-0.0166665833,"9":-0.0684991511,"10":0.0117451566,"11":0.0408345904,"12":0.0,"13":-0.0055703888,"14":-0.002907133,"15":0.0047059973,"16":0.0125802233,"17":0.0102120315,"18":0.0024808825,"19":-0.0333331111},"sentiment_mean":{"0":0.1875,"1":0.4,"2":0.0,"3":0.2857142857,"4":0.0625,"5":1.0,"6":0.0,"7":0.2105263158,"8":0.0,"9":0.12,"10":0.1340206186,"11":0.875,"12":1.0,"13":0.05,"14":0.0625,"15":0.0679012346,"16":0.284856571,"17":0.2148760331,"18":0.1172161172,"19":-0.25},"vader_mean":{"0":0.110240625,"1":0.29959,"2":-0.118825,"3":0.2307,"4":0.14509375,"5":0.3479,"6":0.0,"7":0.0287526316,"8":0.0,"9":0.143744,"10":0.0482360825,"11":0.5199,"12":0.3612,"13":0.09973,"14":0.0805625,"15":0.0955,"16":0.1535795864,"17":0.1519545455,"18":0.0882598535,"19":-0.111},"main_std":{"0":0.1306379231,"1":0.0590226604,"2":0.0,"3":0.0377962583,"4":0.0581007603,"5":0.0707103246,"6":null,"7":0.1559251361,"8":0.0288673691,"9":0.1466329637,"10":0.1293010247,"11":0.0611235824,"12":null,"13":0.079430936,"14":0.087504944,"15":0.1388162256,"16":0.148951513,"17":0.1391697495,"18":0.1044161162,"19":0.0666662222},"sentiment_std":{"0":0.5765406344,"1":0.5163977795,"2":0.8164965809,"3":0.4879500365,"4":0.7719024118,"5":0.0,"6":null,"7":0.6306035353,"8":0.0,"9":0.8812869378,"10":0.5885870436,"11":0.3535533906,"12":null,"13":0.6774764638,"14":0.5737304826,"15":0.7147648113,"16":0.672443606,"17":0.6219138682,"18":0.7261584037,"19":0.5},"vader_std":{"0":0.3579584214,"1":0.3415322482,"2":0.23765,"3":0.3307829248,"4":0.3822555768,"5":0.4920048983,"6":null,"7":0.2354258042,"8":0.0,"9":0.4945242833,"10":0.3075672237,"11":0.362986387,"12":null,"13":0.3931382899,"14":0.2805007115,"15":0.4094353614,"16":0.3572610013,"17":0.3742212022,"18":0.4079408335,"19":0.222},"sentiment_pv":{"0":0.8611703391,"1":0.240749592,"2":0.6663354839,"3":0.6391183151,"4":0.5049439489,"5":0.0,"6":null,"7":0.9134705888,"8":4.603105523e-62,"9":0.6767569584,"10":0.3223353804,"11":0.0009326682,"12":null,"13":0.1873008994,"14":0.3731593194,"15":0.0284516354,"16":0.0000148431,"17":0.7249880567,"18":0.000692433,"19":0.1733808505},"vader_pv":{"0":0.6961200417,"1":0.1308935297,"2":0.1379587102,"3":0.4100586712,"4":0.7961650487,"5":0.6306824083,"6":null,"7":0.110482124,"8":1.799120276e-76,"9":0.8120085795,"10":0.0265829357,"11":0.0169056907,"12":null,"13":0.7483574771,"14":0.584353637,"15":0.4574713427,"16":0.002642109,"17":0.3562134722,"18":0.012935985,"19":0.1287930592},"main_pv":{"0":0.419631232,"1":0.6259742427,"2":0.0027254806,"3":0.6061316149,"4":0.9987976913,"5":0.461243676,"6":null,"7":0.5833206151,"8":0.2990748478,"9":0.0175472854,"10":0.6912843349,"11":0.1565072876,"12":null,"13":0.3510835109,"14":0.6763659859,"15":0.8757216189,"16":0.1641453238,"17":0.7697126719,"18":0.264087935,"19":0.3186796556},"count":{"0":224,"1":10,"2":4,"3":7,"4":16,"5":2,"6":1,"7":19,"8":3,"9":25,"10":97,"11":8,"12":1,"13":40,"14":16,"15":162,"16":1499,"17":121,"18":1365,"19":4}}