{"canton":{"0":"BE","1":"GE","2":"VS","3":"JU","4":"VD","5":"NW","6":"SO","7":"NE","8":"AG","9":"OW","10":"GR","11":"AR","12":"TG","13":"SH","14":"TI","15":"SZ","16":"LU","17":"BL","18":"GL","19":"BS","20":"ZH","21":"SG","22":"FR","23":"UR"},"main_mean":{"0":0.0104788872,"1":0.0024629285,"2":-0.0106595149,"3":0.0,"4":0.0109525764,"5":-0.0148321825,"6":0.0073460231,"7":-0.010801096,"8":-0.0026045998,"9":-0.0042307198,"10":0.0068654009,"11":-0.0177723355,"12":-0.0433229288,"13":0.0118462974,"14":-0.0217351365,"15":-0.0077670234,"16":0.0016785095,"17":0.0049017585,"18":0.0161059416,"19":0.0016111607,"20":0.0066360946,"21":0.0105446445,"22":0.0154119584,"23":-0.0198235863},"sentiment_mean":{"0":0.0874172185,"1":0.1275,"2":0.1041666667,"3":0.0,"4":0.0810810811,"5":0.0,"6":0.0810810811,"7":0.0,"8":0.0659340659,"9":0.0,"10":-0.0178571429,"11":0.3333333333,"12":0.0333333333,"13":0.0609756098,"14":0.0277777778,"15":0.0,"16":-0.0120481928,"17":0.03125,"18":0.0,"19":0.051457976,"20":0.1242655699,"21":0.0357142857,"22":0.137254902,"23":0.0},"main_std":{"0":0.111850222,"1":0.143433605,"2":0.0452095746,"3":null,"4":0.220572078,"5":0.0187700274,"6":0.0752473484,"7":0.0834306846,"8":0.1320717613,"9":0.0093999071,"10":0.1069411538,"11":0.0301906973,"12":0.1928843639,"13":0.0456769916,"14":0.2018971099,"15":0.0139177447,"16":0.1321872108,"17":0.0465431151,"18":0.0144275087,"19":0.1097620671,"20":0.1196737657,"21":0.1193014903,"22":0.1647728036,"23":0.040649059},"sentiment_std":{"0":0.3788690128,"1":0.6879715382,"2":0.3087092782,"3":null,"4":0.6336753124,"5":0.0,"6":0.2767247307,"7":0.3922322703,"8":0.3887929412,"9":0.0,"10":0.2328535575,"11":0.5773502692,"12":0.1825741858,"13":0.2407581121,"14":0.5873802655,"15":0.0,"16":0.3811935293,"17":0.1767766953,"18":0.0,"19":0.347935148,"20":0.4933991749,"21":0.3533258055,"22":0.4480896269,"23":0.0},"sentiment_pv":{"0":0.300205161,"1":0.238381582,"2":0.9797105285,"3":null,"4":0.6762921998,"5":4.583932018e-64,"6":0.6354419264,"7":0.1852364955,"8":0.3703881973,"9":4.583932018e-64,"10":0.000329055,"11":0.5610353759,"12":0.0481935928,"13":0.1265851119,"14":0.1883726625,"15":4.583932018e-64,"16":0.0001903705,"17":0.0308217631,"18":4.583932018e-64,"19":0.0010081173,"20":0.0408545936,"21":0.0495969909,"22":0.5893909597,"23":4.583932018e-64},"main_pv":{"0":0.2108896917,"1":0.5589751118,"2":0.0229476965,"3":null,"4":0.745674053,"5":0.1231601067,"6":0.8542380951,"7":0.3348721003,"8":0.5844006773,"9":0.0915082804,"10":0.899395784,"11":0.3205085277,"12":0.180523766,"13":0.1994105509,"14":0.1722662131,"15":0.0516953579,"16":0.7462179684,"17":0.9868834395,"18":0.3142409609,"19":0.4744923907,"20":0.5316548288,"21":0.6293660505,"22":0.6556786533,"23":0.1574646237},"count":{"0":755,"1":1200,"2":48,"3":1,"4":148,"5":4,"6":37,"7":27,"8":91,"9":5,"10":56,"11":3,"12":30,"13":82,"14":108,"15":7,"16":166,"17":32,"18":3,"19":583,"20":3404,"21":112,"22":51,"23":7},"nb_en":{"0":229,"1":1192,"2":14,"3":1,"4":136,"5":0,"6":7,"7":16,"8":23,"9":0,"10":5,"11":1,"12":4,"13":5,"14":106,"15":1,"16":41,"17":2,"18":0,"19":162,"20":1494,"21":22,"22":29,"23":0},"nb_de":{"0":526,"1":8,"2":34,"3":0,"4":12,"5":4,"6":30,"7":11,"8":68,"9":5,"10":51,"11":2,"12":26,"13":77,"14":2,"15":6,"16":125,"17":30,"18":3,"19":421,"20":1910,"21":90,"22":22,"23":7}}