{"canton":{"0":"BE","1":"TG","2":"FR","3":"AR","4":"TI","5":"VS","6":"SH","7":"GR","8":"SO","9":"OW","10":"ZH","11":"NE","12":"BL","13":"SZ","14":"LU","15":"BS","16":"NW","17":"GE","18":"GL","19":"AG","20":"SG","21":"AI","22":"UR","23":"VD"},"main_mean":{"0":0.0135520296,"1":0.0113400168,"2":-0.0090887974,"3":0.072236316,"4":0.0011080323,"5":0.000378375,"6":0.0125129703,"7":0.0139552698,"8":0.0158049037,"9":-0.0014999813,"10":0.0121847622,"11":0.0023149769,"12":0.0177951329,"13":0.0729396114,"14":0.0006676624,"15":0.002891372,"16":0.0,"17":0.0030072026,"18":0.0003333306,"19":0.0496991737,"20":0.0196905907,"21":0.0,"22":-0.0007499906,"23":0.0254734817},"sentiment_mean":{"0":0.0806916427,"1":0.0833333333,"2":0.1578947368,"3":0.2,"4":0.1384615385,"5":0.0,"6":0.0526315789,"7":0.1290322581,"8":0.0909090909,"9":0.0,"10":0.1685463659,"11":0.0,"12":0.0,"13":0.0,"14":0.0606060606,"15":0.0467091295,"16":0.0,"17":0.060483871,"18":0.0,"19":0.0873786408,"20":0.1230769231,"21":0.0,"22":0.0,"23":0.2317073171},"main_std":{"0":0.1134591723,"1":0.0319396739,"2":0.1168890511,"3":0.2382988405,"4":0.1093563315,"5":0.0589915747,"6":0.049490054,"7":0.0582525338,"8":0.0664846632,"9":null,"10":0.1294979811,"11":0.0046299537,"12":0.0749841595,"13":0.0650130416,"14":0.0860731533,"15":0.0909048574,"16":0.0,"17":0.155485669,"18":null,"19":0.1857231096,"20":0.0855793292,"21":null,"22":0.0010606469,"23":0.178924461},"sentiment_std":{"0":0.4155247188,"1":0.2886751346,"2":0.6021404316,"3":0.4216370214,"4":0.5266914145,"5":0.3713906764,"6":0.2252817784,"7":0.3407771005,"8":0.2942449432,"9":null,"10":0.4993167919,"11":0.0,"12":0.0,"13":0.0,"14":0.2976207126,"15":0.3357189781,"16":0.0,"17":0.7116396492,"18":null,"19":0.3732947139,"20":0.3310821418,"21":null,"22":0.0,"23":0.5941854158},"sentiment_pv":{"0":0.17217479,"1":0.7274934298,"2":0.7507317834,"3":0.5322398748,"4":0.7031697947,"5":0.1078182861,"6":0.0546726298,"7":0.8001141544,"8":0.7273860254,"9":null,"10":0.0002378221,"11":4.970815244e-41,"12":4.970815244e-41,"13":4.970815244e-41,"14":0.1654152359,"15":0.0001645811,"16":4.970815244e-41,"17":0.0543356408,"18":null,"19":0.4940262065,"20":0.8154190806,"21":null,"22":4.970815244e-41,"23":0.0769495173},"main_pv":{"0":0.6222390175,"1":0.9205041566,"2":0.4784495036,"3":0.4330524691,"4":0.5017860283,"5":0.3691354968,"6":0.7571647501,"7":0.7394853588,"8":0.7084449052,"9":null,"10":0.6393992128,"11":0.0274668205,"12":0.6284719209,"13":0.2372160034,"14":0.3717227366,"15":0.1103571664,"16":0.0000007464,"17":0.2252135484,"18":null,"19":0.0351050099,"20":0.3922893648,"21":null,"22":0.0000035259,"23":0.449531431},"count":{"0":347,"1":12,"2":19,"3":10,"4":65,"5":30,"6":57,"7":31,"8":22,"9":1,"10":1596,"11":4,"12":25,"13":3,"14":66,"15":471,"16":22,"17":744,"18":1,"19":103,"20":65,"21":1,"22":2,"23":82},"nb_en":{"0":111,"1":1,"2":12,"3":2,"4":62,"5":9,"6":4,"7":8,"8":1,"9":0,"10":708,"11":2,"12":0,"13":0,"14":17,"15":119,"16":22,"17":738,"18":0,"19":20,"20":12,"21":0,"22":0,"23":74},"nb_de":{"0":236,"1":11,"2":7,"3":8,"4":3,"5":21,"6":53,"7":23,"8":21,"9":1,"10":888,"11":2,"12":25,"13":3,"14":49,"15":352,"16":0,"17":6,"18":1,"19":83,"20":53,"21":1,"22":2,"23":8}}