{"canton":{"0":"BE","1":"TG","2":"FR","3":"BS","4":"TI","5":"VS","6":"SH","7":"GR","8":"SO","9":"OW","10":"ZH","11":"NE","12":"BL","13":"SZ","14":"LU","15":"NW","16":"GE","17":"JU","18":"GL","19":"AG","20":"SG","21":"AI","22":"UR","23":"AR","24":"VD"},"main_mean":{"0":0.0076001236,"1":0.0229161845,"2":-0.038359898,"3":0.0077000466,"4":-0.000472347,"5":0.0196048971,"6":0.0095346223,"7":0.0272054995,"8":0.0007205695,"9":-0.0412607592,"10":0.010105475,"11":-0.0027132209,"12":0.0069609562,"13":-0.0641860642,"14":0.0072617497,"15":-0.0412607592,"16":-0.0059939176,"17":-0.1071420918,"18":0.0002222198,"19":-0.003566195,"20":0.0313247514,"21":0.0,"22":-0.0235775767,"23":-0.0441456777,"24":0.025589033},"sentiment_mean":{"0":0.0502793296,"1":0.0625,"2":-0.0487804878,"3":0.0622347949,"4":0.03125,"5":0.1379310345,"6":0.0298507463,"7":0.05,"8":0.0,"9":0.0,"10":0.1306364339,"11":0.05,"12":0.0,"13":-0.2,"14":0.0422535211,"15":0.0,"16":0.0843537415,"17":0.0,"18":0.0,"19":0.0555555556,"20":0.1140350877,"21":0.0,"22":0.0,"23":0.125,"24":0.125},"main_std":{"0":0.0971116886,"1":0.0633734489,"2":0.13671144,"3":0.1075624918,"4":0.208601314,"5":0.1082051633,"6":0.0662182177,"7":0.0929714182,"8":0.0478126654,"9":0.0550894411,"10":0.1191864757,"11":0.0989559393,"12":0.0216887626,"13":0.0883027818,"14":0.1001288668,"15":0.0550894411,"16":0.1324924355,"17":0.1515217994,"18":0.0003142662,"19":0.0808111966,"20":0.1298453825,"21":null,"22":0.0447642448,"23":0.0956105518,"24":0.2194013913},"sentiment_std":{"0":0.3705269091,"1":0.2459346884,"2":0.4444783185,"3":0.3897803351,"4":0.53218764,"5":0.3950694304,"6":0.1708139958,"7":0.2197841777,"8":0.0,"9":0.0,"10":0.4970965514,"11":0.6863327412,"12":0.0,"13":0.4472135955,"14":0.2439815017,"15":0.0,"16":0.6940082649,"17":0.0,"18":0.0,"19":0.3503799691,"20":0.3458674341,"21":null,"22":0.0,"23":0.3535533906,"24":0.6512171448},"sentiment_pv":{"0":0.0006132085,"1":0.4376198178,"2":0.0426843908,"3":0.0271628269,"4":0.2317826122,"5":0.4354406562,"6":0.0000345241,"7":0.1094049263,"8":4.991593318e-66,"9":4.991593318e-66,"10":0.0005523606,"11":0.7631042534,"12":4.991593318e-66,"13":0.2118125213,"14":0.0021264857,"15":4.991593318e-66,"16":0.506066153,"17":4.991593318e-66,"18":4.991593318e-66,"19":0.1657734412,"20":0.6043356632,"21":null,"22":4.991593318e-66,"23":0.8290321414,"24":0.5541761095},"main_pv":{"0":0.7822291699,"1":0.1586209664,"2":0.0417501365,"3":0.8016665879,"4":0.7399244808,"5":0.3669928755,"6":0.6216694326,"7":0.0935595655,"8":0.4093492257,"9":0.180427391,"10":0.1364609281,"11":0.678115064,"12":0.9270565483,"13":0.1474050643,"14":0.9280082192,"15":0.180427391,"16":0.0006705492,"17":0.4808825151,"18":0.0000025421,"19":0.1395753361,"20":0.0458501361,"21":null,"22":0.1247974361,"23":0.1769400416,"24":0.2342689499},"count":{"0":895,"1":32,"2":41,"3":707,"4":96,"5":58,"6":134,"7":60,"8":47,"9":4,"10":3881,"11":20,"12":42,"13":5,"14":213,"15":4,"16":1470,"17":2,"18":2,"19":144,"20":114,"21":1,"22":7,"23":8,"24":192},"nb_en":{"0":227,"1":6,"2":33,"3":213,"4":90,"5":17,"6":2,"7":2,"8":1,"9":0,"10":1707,"11":15,"12":1,"13":1,"14":33,"15":0,"16":1454,"17":2,"18":0,"19":29,"20":20,"21":0,"22":0,"23":2,"24":178},"nb_de":{"0":668,"1":26,"2":8,"3":494,"4":6,"5":41,"6":132,"7":58,"8":46,"9":4,"10":2174,"11":5,"12":41,"13":4,"14":180,"15":4,"16":16,"17":0,"18":2,"19":115,"20":94,"21":1,"22":7,"23":6,"24":14}}