{"canton":{"0":"BE","1":"ZH","2":"VS","3":"SO","4":"SG","5":"AR","6":"FR","7":"JU","8":"AG","9":"TI","10":"SH","11":"BL","12":"LU","13":"TG","14":"BS","15":"NE","16":"VD","17":"GE","18":"GR"},"main_mean":{"0":0.0133322017,"1":0.0031886073,"2":-0.0009230187,"3":0.0353984363,"4":-0.0030113878,"5":-0.0357141582,"6":0.0217771986,"7":0.0,"8":-0.0368006201,"9":-0.0174707632,"10":0.035384297,"11":-0.0119043934,"12":0.0069240165,"13":-0.347216281,"14":-0.0125009641,"15":-0.0160249836,"16":0.0103465518,"17":0.0028707853,"18":-0.0799984},"sentiment_mean":{"0":0.2358078603,"1":0.2253521127,"2":0.3571428571,"3":0.4285714286,"4":0.0454545455,"5":1.0,"6":0.2413793103,"7":0.0,"8":0.1304347826,"9":0.0283018868,"10":0.4,"11":0.5,"12":-0.0731707317,"13":0.0,"14":0.1049382716,"15":0.0,"16":0.0882352941,"17":0.1283557047,"18":-0.4},"vader_mean":{"0":0.1213362445,"1":0.1359512408,"2":0.2064642857,"3":0.2018285714,"4":0.0401227273,"5":0.3595,"6":0.1599310345,"7":0.0,"8":0.1519391304,"9":0.0498943396,"10":0.10846,"11":0.28595,"12":0.0872609756,"13":0.0,"14":0.1091092593,"15":0.13624375,"16":0.1383926471,"17":0.0981604866,"18":0.0},"main_std":{"0":0.1315170475,"1":0.1297321063,"2":0.0485078979,"3":0.1196718082,"4":0.1299448687,"5":null,"6":0.1332526144,"7":null,"8":0.1955176331,"9":0.1789413036,"10":0.0491340675,"11":0.2188629774,"12":0.1612242604,"13":0.3055507717,"14":0.1492811249,"15":0.092894419,"16":0.200225596,"17":0.1207503183,"18":0.1788818606},"sentiment_std":{"0":0.6257149439,"1":0.6923753929,"2":0.4972451581,"3":0.5345224838,"4":0.7222499717,"5":null,"6":0.5766388083,"7":null,"8":0.6944158975,"9":0.5929353481,"10":0.5477225575,"11":0.7071067812,"12":0.7207719439,"13":0.0,"14":0.5961368876,"15":0.5163977795,"16":0.6607581306,"17":0.6901986093,"18":0.5477225575},"vader_std":{"0":0.3653765139,"1":0.3740550961,"2":0.3102805049,"3":0.4616184309,"4":0.2990560641,"5":null,"6":0.3264952714,"7":null,"8":0.2650062722,"9":0.2984582022,"10":0.2425239328,"11":0.4043943682,"12":0.3898397503,"13":0.0,"14":0.3248277582,"15":0.288534095,"16":0.3641593924,"17":0.3794905273,"18":0.2250013778},"sentiment_pv":{"0":0.1270079479,"1":0.0095511661,"2":0.1839554706,"3":0.2484182561,"4":0.4284554905,"5":null,"6":0.5133997057,"7":null,"8":0.7872604846,"9":0.0173469838,"10":0.4013643572,"11":0.6286929578,"12":0.0375246992,"13":4.434395554e-48,"14":0.1782813755,"15":0.2087885715,"16":0.1588576131,"17":0.0703668177,"18":0.0804135275},"vader_pv":{"0":0.8799289272,"1":0.1107680942,"2":0.3043025851,"3":0.6464100932,"4":0.2399127654,"5":null,"6":0.4926036188,"7":null,"8":0.5426776945,"9":0.0243272168,"10":0.9372080256,"11":0.6611890268,"12":0.6231473404,"13":2.215728813e-75,"14":0.7479446693,"15":0.7998777498,"16":0.5141203027,"17":0.1249433677,"18":0.3078928196},"main_pv":{"0":0.2094105923,"1":0.7748543987,"2":0.8258923895,"3":0.488884283,"4":0.8578604781,"5":null,"6":0.4333156224,"7":null,"8":0.3519027345,"9":0.268427422,"10":0.2040946741,"11":0.9428436192,"12":0.8474025759,"13":0.1063325738,"14":0.2256099759,"15":0.4509382049,"16":0.6317556337,"17":0.8399175411,"18":0.3632420901},"count":{"0":229,"1":1491,"2":14,"3":7,"4":22,"5":1,"6":29,"7":1,"8":23,"9":106,"10":5,"11":2,"12":41,"13":4,"14":162,"15":16,"16":136,"17":1192,"18":5}}