{"canton":{"0":"BE","1":"TG","2":"FR","3":"SO","4":"TI","5":"VS","6":"SH","7":"GR","8":"BS","9":"OW","10":"ZH","11":"NE","12":"BL","13":"LU","14":"GE","15":"JU","16":"GL","17":"AG","18":"SG","19":"UR","20":"AR","21":"VD"},"main_mean":{"0":0.0169201015,"1":0.0129061216,"2":0.008123117,"3":0.0210092561,"4":0.007121375,"5":0.030905029,"6":0.0089267133,"7":0.0249478344,"8":0.0086475953,"9":0.0004266581,"10":0.0161562877,"11":0.0368259316,"12":0.0097573915,"13":0.02006244,"14":0.030251037,"15":0.0,"16":0.0003333306,"17":0.026094843,"18":-0.00065847,"19":0.0,"20":0.0196065691,"21":0.0268742674},"sentiment_mean":{"0":0.083011583,"1":0.0625,"2":0.0694444444,"3":0.0277777778,"4":0.2769230769,"5":0.1081081081,"6":0.025974026,"7":0.0714285714,"8":0.0700636943,"9":0.0,"10":0.1708615682,"11":0.2,"12":0.0,"13":0.1165048544,"14":0.1748743719,"15":0.0,"16":0.0,"17":0.0611510791,"18":0.023255814,"19":0.0,"20":0.0,"21":0.2065217391},"main_std":{"0":0.1101904132,"1":0.0322121933,"2":0.1748892465,"3":0.0352224483,"4":0.126195762,"5":0.1686551154,"6":0.034601149,"7":0.1025707726,"8":0.0965000826,"9":0.00041311,"10":0.1174269962,"11":0.0576218826,"12":0.0563334098,"13":0.0843490909,"14":0.1400568935,"15":null,"16":null,"17":0.1104091377,"18":0.0463683803,"19":null,"20":0.0399320727,"21":0.1844667691},"sentiment_std":{"0":0.4159082763,"1":0.25,"2":0.4842996654,"3":0.3769131094,"4":0.6733241304,"5":0.3932615601,"6":0.1601007885,"7":0.2622652642,"8":0.3652102224,"9":0.0,"10":0.5229298475,"11":0.4472135955,"12":0.0,"13":0.3514945924,"14":0.7145877646,"15":null,"16":null,"17":0.2546352361,"18":0.1858594191,"19":null,"20":0.0,"21":0.6718523431},"sentiment_pv":{"0":0.0079829951,"1":0.2645159369,"2":0.2556765852,"3":0.0975423996,"4":0.096095107,"5":0.6777083993,"6":0.0000002102,"7":0.212302657,"8":0.0003973957,"9":2.314589166e-74,"10":0.0092104281,"11":0.7628569013,"12":2.314589166e-74,"13":0.5952257415,"14":0.0971572365,"15":null,"16":null,"17":0.0000147411,"18":0.0,"19":null,"20":2.314589166e-74,"21":0.3149174286},"main_pv":{"0":0.7866674725,"1":0.5205261264,"2":0.6239013235,"3":0.6599839378,"4":0.479883428,"5":0.6528223193,"6":0.0305523074,"7":0.7354014959,"8":0.0422781462,"9":1.087906759e-26,"10":0.4839119516,"11":0.5125912002,"12":0.3757016114,"13":0.83617914,"14":0.0118512339,"15":null,"16":null,"17":0.2547453296,"18":0.0000020962,"19":null,"20":0.9456071201,"21":0.6581641836},"count":{"0":518,"1":16,"2":72,"3":36,"4":65,"5":37,"6":77,"7":28,"8":471,"9":15,"10":2066,"11":5,"12":36,"13":103,"14":995,"15":1,"16":1,"17":278,"18":172,"19":1,"20":5,"21":92},"nb_en":{"0":170,"1":1,"2":27,"3":5,"4":64,"5":10,"6":1,"7":1,"8":111,"9":0,"10":935,"11":2,"12":0,"13":24,"14":974,"15":1,"16":0,"17":15,"18":6,"19":0,"20":0,"21":86},"nb_de":{"0":348,"1":15,"2":45,"3":31,"4":1,"5":27,"6":76,"7":27,"8":360,"9":15,"10":1131,"11":3,"12":36,"13":79,"14":21,"15":0,"16":1,"17":263,"18":166,"19":1,"20":5,"21":6}}