{"canton":{"0":"BE","1":"NE","2":"VS","3":"SO","4":"SZ","5":"SG","6":"FR","7":"JU","8":"BS","9":"AG","10":"TI","11":"BL","12":"LU","13":"TG","14":"UR","15":"ZH","16":"VD","17":"GE","18":"SH","19":"GR"},"main_mean":{"0":0.0157939484,"1":0.1477362942,"2":-0.0479919253,"3":0.2296701093,"4":0.0,"5":0.0105498302,"6":0.0459558152,"7":0.0,"8":0.0108885477,"9":-0.033033712,"10":-0.0104945265,"11":0.0,"12":-0.0184221199,"13":-0.099998,"14":0.0,"15":0.0110202893,"16":0.0027363674,"17":0.0043731071,"18":-0.0142855714,"19":0.0},"sentiment_mean":{"0":0.2119815668,"1":0.1428571429,"2":0.0588235294,"3":0.6,"4":0.0,"5":0.2105263158,"6":0.0909090909,"7":0.0,"8":0.1666666667,"9":0.1764705882,"10":0.12,"11":1.0,"12":0.0571428571,"13":-0.5,"14":0.0,"15":0.2382864793,"16":0.1944444444,"17":0.0916271722,"18":0.0,"19":0.0},"vader_mean":{"0":0.2014165899,"1":0.1736714286,"2":0.0734470588,"3":0.09878,"4":0.0,"5":0.2170052632,"6":0.1038818182,"7":0.0,"8":0.0963534483,"9":0.1511705882,"10":0.0953672,"11":0.0,"12":0.083,"13":-0.1591,"14":0.2263,"15":0.1621552209,"16":0.1537027778,"17":0.1003099526,"18":0.2062857143,"19":0.31845},"main_std":{"0":0.1534971635,"1":0.3797836493,"2":0.1104094437,"3":0.4322259945,"4":null,"5":0.0568840286,"6":0.2699225732,"7":0.0,"8":0.1342671181,"9":0.1221299265,"10":0.1179685932,"11":null,"12":0.0953428805,"13":0.1414185279,"14":null,"15":0.1301070159,"16":0.129096694,"17":0.1179668518,"18":0.0377960693,"19":0.0},"sentiment_std":{"0":0.6391865777,"1":0.8997354108,"2":0.658652814,"3":0.5477225575,"4":null,"5":0.7132825035,"6":0.6837634588,"7":0.0,"8":0.6547587769,"9":0.6359337738,"10":0.5902432522,"11":null,"12":0.5392182327,"13":0.7071067812,"14":null,"15":0.688227488,"16":0.7164076182,"17":0.7075936218,"18":0.5773502692,"19":1.4142135624},"vader_std":{"0":0.3529814019,"1":0.3719377847,"2":0.3966342776,"3":0.2208787948,"4":null,"5":0.3511341378,"6":0.3208343359,"7":0.0,"8":0.3634438365,"9":0.2796919997,"10":0.3208588746,"11":null,"12":0.3743028107,"13":0.2250013778,"14":null,"15":0.3489413015,"16":0.3589985665,"17":0.3862955393,"18":0.293461641,"19":0.4503563089},"sentiment_pv":{"0":0.3517425943,"1":0.9388433431,"2":0.4971765915,"3":0.1541173577,"4":null,"5":0.8079908878,"6":0.5939053367,"7":3.593505762e-47,"8":0.946781895,"9":0.9675175821,"10":0.3559078802,"11":null,"12":0.2272109258,"13":0.4080148399,"14":null,"15":0.0013487902,"16":0.7280302504,"17":0.0006706748,"18":0.4658205383,"19":0.8927551954},"vader_pv":{"0":0.0076422045,"1":0.7920532801,"2":0.5328066701,"3":0.7335673522,"4":null,"5":0.3227358292,"6":0.6561941757,"7":1.389196065e-100,"8":0.1738039531,"9":0.8140518043,"10":0.1803200375,"11":null,"12":0.4199065057,"13":0.3154279523,"14":null,"15":0.0125282384,"16":0.5928264505,"17":0.0056003219,"18":0.5440333832,"19":0.6671035701},"main_pv":{"0":0.4520021621,"1":0.3672280829,"2":0.0541912055,"3":0.3149853204,"4":null,"5":0.8360326631,"6":0.5145138242,"7":0.0003791295,"8":0.76509764,"9":0.1882098795,"10":0.0923154789,"11":null,"12":0.1161592887,"13":0.4761343013,"14":null,"15":0.4185441712,"16":0.6903811323,"17":0.3918852857,"18":0.1755526828,"19":0.0003791295},"count":{"0":217,"1":7,"2":17,"3":5,"4":1,"5":19,"6":22,"7":2,"8":174,"9":17,"10":125,"11":1,"12":35,"13":2,"14":1,"15":1494,"16":108,"17":1266,"18":7,"19":2}}