{"canton":{"0":"BE","1":"GR","2":"FR","3":"AR","4":"TI","5":"VS","6":"SH","7":"TG","8":"BS","9":"OW","10":"ZH","11":"NE","12":"BL","13":"SZ","14":"LU","15":"NW","16":"GE","17":"JU","18":"GL","19":"AG","20":"SO","21":"SG","22":"UR","23":"VD"},"main_mean":{"0":0.013965122,"1":0.0202567389,"2":0.0255274836,"3":0.254448971,"4":-0.0219682553,"5":0.0202024753,"6":0.0136151458,"7":0.0298306927,"8":0.0128864872,"9":-0.0106562644,"10":0.0237109509,"11":0.010104325,"12":0.002873519,"13":-0.0302900775,"14":0.0179325701,"15":-0.0079957586,"16":0.0041321268,"17":0.0,"18":0.0,"19":0.0183106175,"20":0.0151018359,"21":0.0834226468,"22":0.0101444498,"23":0.0181574479},"sentiment_mean":{"0":0.0669710807,"1":0.046875,"2":0.09375,"3":0.5454545455,"4":-0.0394736842,"5":0.1090909091,"6":0.0352941176,"7":0.0434782609,"8":0.0777777778,"9":0.0,"10":0.1545977011,"11":0.4615384615,"12":0.023255814,"13":-0.1428571429,"14":0.0853658537,"15":0.2,"16":0.068745004,"17":0.0,"18":0.0,"19":0.023364486,"20":0.023255814,"21":0.2923076923,"22":0.0,"23":0.1409395973},"main_std":{"0":0.1029928583,"1":0.1306713514,"2":0.1293995387,"3":0.29323562,"4":0.0989928919,"5":0.1624972411,"6":0.0615219305,"7":0.1244738794,"8":0.0937252939,"9":0.0157696819,"10":0.1269489346,"11":0.0413494912,"12":0.0211336533,"13":0.0645601986,"14":0.1107379599,"15":0.0621748322,"16":0.132908174,"17":null,"18":0.0,"19":0.1193153932,"20":0.0849690203,"21":0.2030036521,"22":0.0163974123,"23":0.1380640351},"sentiment_std":{"0":0.3806550685,"1":0.2777281702,"2":0.3870421002,"3":0.687551651,"4":0.5986827646,"5":0.4160095829,"6":0.1856172985,"7":0.2085144141,"8":0.3821949432,"9":0.0,"10":0.495111613,"11":0.5188745217,"12":0.1524985703,"13":0.377964473,"14":0.3900989182,"15":0.4472135955,"16":0.7222675015,"17":null,"18":0.0,"19":0.2815381758,"20":0.1524985703,"21":0.4583624699,"22":0.0,"23":0.6474496143},"sentiment_pv":{"0":0.0037005462,"1":0.0620670602,"2":0.6825830826,"3":0.0640015386,"4":0.0291996913,"5":0.9340068571,"6":0.0003204548,"7":0.1230932319,"8":0.0408026882,"9":6.285917625e-74,"10":0.0000911256,"11":0.0325909341,"12":0.0004572274,"13":0.1226466505,"14":0.3617948446,"15":0.6887269562,"16":0.0349377004,"17":null,"18":6.285917625e-74,"19":0.0000115429,"20":0.0004572274,"21":0.0026753262,"22":6.285917625e-74,"23":0.611834969},"main_pv":{"0":0.3450825087,"1":0.8914833582,"2":0.645069225,"3":0.023327182,"4":0.0007967652,"5":0.9208527058,"6":0.5217984475,"7":0.6537604286,"8":0.2334196207,"9":0.0138647975,"10":0.0290890577,"11":0.5067319965,"12":0.0000692113,"13":0.0952315248,"14":0.9929407985,"15":0.4029169497,"16":0.0006040647,"17":null,"18":9.744183799e-34,"19":0.9711315424,"20":0.8245815446,"21":0.01174994,"22":0.3481260156,"23":0.9897246352},"count":{"0":657,"1":64,"2":64,"3":11,"4":76,"5":55,"6":85,"7":23,"8":540,"9":5,"10":3480,"11":13,"12":43,"13":7,"14":164,"15":5,"16":1251,"17":1,"18":2,"19":214,"20":43,"21":65,"22":5,"23":149},"nb_en":{"0":202,"1":8,"2":25,"3":4,"4":71,"5":16,"6":5,"7":1,"8":137,"9":0,"10":1563,"11":10,"12":1,"13":4,"14":36,"15":1,"16":1237,"17":1,"18":0,"19":20,"20":0,"21":14,"22":0,"23":128},"nb_de":{"0":455,"1":56,"2":39,"3":7,"4":5,"5":39,"6":80,"7":22,"8":403,"9":5,"10":1917,"11":3,"12":42,"13":3,"14":128,"15":4,"16":14,"17":0,"18":2,"19":194,"20":43,"21":51,"22":5,"23":21}}