{"canton":{"0":"BE","1":"TG","2":"FR","3":"BS","4":"TI","5":"VS","6":"UR","7":"GR","8":"SO","9":"OW","10":"ZH","11":"NE","12":"BL","13":"SZ","14":"LU","15":"NW","16":"GE","17":"GL","18":"AG","19":"SG","20":"SH","21":"AR","22":"VD"},"main_mean":{"0":0.0065931286,"1":0.0261577344,"2":0.0038182813,"3":0.02148633,"4":-0.0015544381,"5":-0.0089354925,"6":-0.0183045564,"7":0.0216141998,"8":-0.0054676792,"9":-0.0169348307,"10":0.0145035839,"11":0.0487870727,"12":-0.0001521097,"13":-0.006821552,"14":0.0046729211,"15":0.000370365,"16":0.0132069914,"17":0.0237775136,"18":0.0101733774,"19":0.0218914479,"20":0.0122067049,"21":0.058902713,"22":0.0197904567},"sentiment_mean":{"0":0.0411686587,"1":0.1034482759,"2":-0.0136986301,"3":0.0628272251,"4":0.0198019802,"5":-0.0163934426,"6":0.0,"7":0.0689655172,"8":0.064516129,"9":0.0,"10":0.121898263,"11":0.3333333333,"12":0.0,"13":0.1666666667,"14":0.0161290323,"15":0.0,"16":0.107606679,"17":0.0,"18":0.0745341615,"19":0.0873786408,"20":0.0555555556,"21":0.0,"22":0.1956521739},"main_std":{"0":0.1082486458,"1":0.0648750303,"2":0.1611937052,"3":0.1196043634,"4":0.1593872991,"5":0.0748249971,"6":0.0451182022,"7":0.074802278,"8":0.0424317543,"9":0.0239494672,"10":0.1062943514,"11":0.1403360082,"12":0.0150746761,"13":0.0213591022,"14":0.0887866148,"15":0.0003394447,"16":0.1511674235,"17":0.0336264822,"18":0.0896527815,"19":0.1301238456,"20":0.0848127839,"21":0.0332796178,"22":0.0916175191},"sentiment_std":{"0":0.3604883131,"1":0.3099340467,"2":0.3532842216,"3":0.378019822,"4":0.5653352637,"5":0.2882015081,"6":0.0,"7":0.2578807148,"8":0.3592106041,"9":0.0,"10":0.5090231385,"11":0.5163977795,"12":0.0,"13":0.4082482905,"14":0.3200642917,"15":0.0,"16":0.7011845828,"17":0.0,"18":0.3455574307,"19":0.3986938507,"20":0.230344691,"21":0.0,"22":0.6669453152},"sentiment_pv":{"0":0.0002033573,"1":0.8898600298,"2":0.0109745324,"3":0.0557008932,"4":0.1848288489,"5":0.0040094915,"6":5.545878788e-52,"7":0.5888595792,"8":0.6375536731,"9":5.545878788e-52,"10":0.0150947956,"11":0.3103145431,"12":5.545878788e-52,"13":0.6867252387,"14":0.0012848113,"15":5.545878788e-52,"16":0.5820781942,"17":5.545878788e-52,"18":0.456990444,"19":0.84134395,"20":0.1154302667,"21":5.545878788e-52,"22":0.1542086668},"main_pv":{"0":0.1197425877,"1":0.2915537522,"2":0.6243064349,"3":0.1079682522,"4":0.3588081059,"5":0.0261743941,"6":0.1152461701,"7":0.5479610791,"8":0.022461399,"9":0.3249653342,"10":0.5575126389,"11":0.5609960979,"12":0.0004136111,"13":0.0708630321,"14":0.2061901572,"15":1.16028495e-18,"16":0.9862649166,"17":0.7318400756,"18":0.6827700356,"19":0.4982405025,"20":0.9195058362,"21":0.0701242625,"22":0.491686975},"count":{"0":753,"1":29,"2":73,"3":573,"4":101,"5":61,"6":7,"7":29,"8":31,"9":2,"10":3224,"11":6,"12":24,"13":6,"14":186,"15":3,"16":1078,"17":2,"18":161,"19":103,"20":90,"21":4,"22":92},"nb_en":{"0":229,"1":2,"2":27,"3":145,"4":99,"5":12,"6":1,"7":0,"8":1,"9":0,"10":1471,"11":3,"12":1,"13":1,"14":31,"15":0,"16":1064,"17":0,"18":27,"19":15,"20":3,"21":0,"22":85},"nb_de":{"0":524,"1":27,"2":46,"3":428,"4":2,"5":49,"6":6,"7":29,"8":30,"9":2,"10":1753,"11":3,"12":23,"13":5,"14":155,"15":3,"16":14,"17":2,"18":134,"19":88,"20":87,"21":4,"22":7}}