{"canton":{"0":"BE","1":"GE","2":"VS","3":"JU","4":"VD","5":"NW","6":"SO","7":"AI","8":"NE","9":"GL","10":"AG","11":"OW","12":"UR","13":"AR","14":"TG","15":"GR","16":"TI","17":"SZ","18":"LU","19":"BL","20":"SH","21":"BS","22":"ZH","23":"SG","24":"FR"},"main_mean":{"0":0.0063896712,"1":0.0080507949,"2":-0.0049464663,"3":0.0,"4":0.0179519651,"5":-0.0236543304,"6":0.0120757076,"7":0.0013332889,"8":0.0408093829,"9":0.0140250664,"10":0.0246422827,"11":-0.0061449386,"12":0.0,"13":0.0364958908,"14":0.0010918626,"15":0.004527146,"16":0.0084504958,"17":0.0037935745,"18":0.0071513507,"19":0.0459279816,"20":0.0140012928,"21":0.0052553349,"22":0.0131648843,"23":0.0269617175,"24":0.0253383704},"sentiment_mean":{"0":0.048206278,"1":0.1037827352,"2":0.0615384615,"3":0.0,"4":0.3402777778,"5":0.0,"6":0.0571428571,"7":0.0,"8":0.3333333333,"9":0.0,"10":0.08,"11":0.0,"12":0.25,"13":0.0,"14":0.0952380952,"15":0.0222222222,"16":0.0555555556,"17":0.0,"18":0.1005291005,"19":0.064516129,"20":0.0449438202,"21":0.0426470588,"22":0.112244898,"23":0.0625,"24":-0.0925925926},"main_std":{"0":0.0797857693,"1":0.1301588158,"2":0.0465784365,"3":0.0,"4":0.146100119,"5":0.0334522749,"6":0.0466292352,"7":null,"8":0.1998570149,"9":0.0188059296,"10":0.0916111809,"11":0.0086902554,"12":0.0,"13":0.0316063686,"14":0.0434723028,"15":0.0274896479,"16":0.1086573559,"17":0.0188690189,"18":0.092261644,"19":0.144163817,"20":0.0927541341,"21":0.0932681388,"22":0.1198453123,"23":0.1145171659,"24":0.1492568676},"sentiment_std":{"0":0.3431666263,"1":0.7239959551,"2":0.4285485342,"3":0.0,"4":0.6706973142,"5":0.0,"6":0.4160639899,"7":null,"8":0.4879500365,"9":0.0,"10":0.3501151884,"11":0.0,"12":0.5,"13":0.0,"14":0.3007926038,"15":0.1490711985,"16":0.6690099662,"17":0.0,"18":0.350455229,"19":0.2497310381,"20":0.2083546125,"21":0.4164568186,"22":0.4925199748,"23":0.3787097208,"24":0.4458834148},"sentiment_pv":{"0":0.000359345,"1":0.6972561535,"2":0.537564644,"3":7.440459477e-54,"4":0.0000235846,"5":7.440459477e-54,"6":0.5981410141,"7":null,"8":0.0792706009,"9":7.440459477e-54,"10":0.6457658361,"11":7.440459477e-54,"12":0.5785205107,"13":7.440459477e-54,"14":0.993517187,"15":0.0027672774,"16":0.6221369426,"17":7.440459477e-54,"18":0.8240699016,"19":0.5098349019,"20":0.032176665,"21":0.0023869733,"22":0.0939073215,"23":0.4125473611,"24":0.0033327495},"main_pv":{"0":0.1192052864,"1":0.4816139472,"2":0.0087197508,"3":3.750444143e-16,"4":0.5745215728,"5":0.3801510894,"6":0.8995668194,"7":null,"8":0.5735341024,"9":0.8604231272,"10":0.1043466711,"11":0.2046303688,"12":3.750444143e-16,"13":0.2977400039,"14":0.3101962394,"15":0.1359706257,"16":0.8400200769,"17":0.4409132613,"18":0.5687638269,"19":0.1887052382,"20":0.7675701764,"21":0.1294798445,"22":0.3956658963,"23":0.179643,"24":0.4860597057},"count":{"0":892,"1":1031,"2":65,"3":3,"4":144,"5":2,"6":35,"7":1,"8":15,"9":2,"10":125,"11":2,"12":4,"13":3,"14":21,"15":45,"16":72,"17":5,"18":189,"19":31,"20":89,"21":680,"22":3332,"23":96,"24":54},"nb_en":{"0":223,"1":1022,"2":16,"3":3,"4":122,"5":0,"6":7,"7":0,"8":7,"9":0,"10":24,"11":0,"12":1,"13":0,"14":4,"15":1,"16":70,"17":0,"18":49,"19":0,"20":6,"21":202,"22":1472,"23":14,"24":27},"nb_de":{"0":669,"1":9,"2":49,"3":0,"4":22,"5":2,"6":28,"7":1,"8":8,"9":2,"10":101,"11":2,"12":3,"13":3,"14":17,"15":44,"16":2,"17":5,"18":140,"19":31,"20":83,"21":478,"22":1860,"23":82,"24":27}}