{"canton":{"0":"TG","1":"GR","2":"FR","3":"AR","4":"TI","5":"VS","6":"SH","7":"SO","8":"OW","9":"ZH","10":"NE","11":"BL","12":"SZ","13":"LU","14":"BS","15":"GE","16":"JU","17":"GL","18":"BE","19":"SG","20":"AG","21":"AI","22":"UR","23":"VD"},"main_mean":{"0":0.0007815122,"1":0.023019017,"2":0.0234200203,"3":-0.0427044523,"4":0.0057153495,"5":-0.0034757837,"6":0.0028153334,"7":0.0368247266,"8":-0.0222914809,"9":0.0120376041,"10":0.0186033988,"11":0.0054077961,"12":-0.0079372943,"13":0.0040138034,"14":0.0127821008,"15":0.0064595127,"16":0.0,"17":0.0676900609,"18":0.0097207521,"19":0.0139122122,"20":0.0020728759,"21":0.0,"22":-0.0058527426,"23":0.020652889},"sentiment_mean":{"0":0.0,"1":0.0819672131,"2":0.0238095238,"3":0.1666666667,"4":0.1041666667,"5":0.0,"6":0.0533333333,"7":0.0869565217,"8":0.0,"9":0.1142419602,"10":0.1515151515,"11":0.0,"12":0.0,"13":0.0480769231,"14":0.0594594595,"15":0.1151792525,"16":0.0,"17":0.5,"18":0.0698027314,"19":0.1084337349,"20":0.0709677419,"21":0.0,"22":0.0,"23":0.1392405063},"main_std":{"0":0.018849837,"1":0.0691134486,"2":0.2193416386,"3":0.1444631082,"4":0.200328101,"5":0.1030308871,"6":0.0603685381,"7":0.1167064659,"8":null,"9":0.1291066773,"10":0.1102302618,"11":0.0208247297,"12":0.0242489717,"13":0.0608403367,"14":0.1044001581,"15":0.149426522,"16":0.0,"17":0.1219294126,"18":0.1144887557,"19":0.0839273909,"20":0.124757085,"21":null,"22":0.0159741766,"23":0.2088921499},"sentiment_std":{"0":0.0,"1":0.2765912729,"2":0.4124936208,"3":0.7527726527,"4":0.6403809173,"5":0.512989176,"6":0.2796394074,"7":0.2848849246,"8":null,"9":0.4933341662,"10":0.3641095406,"11":0.0,"12":0.0,"13":0.2738103894,"14":0.3824626591,"15":0.7149483155,"16":0.0,"17":0.5773502692,"18":0.3874730589,"19":0.4135523736,"20":0.3038642345,"21":null,"22":0.0,"23":0.6626366407},"sentiment_pv":{"0":1.087998766e-56,"1":0.6194607359,"2":0.2407769808,"3":0.8366529012,"4":0.9484738068,"5":0.2326002972,"6":0.1605776247,"7":0.7616335915,"8":null,"9":0.1786159402,"10":0.4236871319,"11":1.087998766e-56,"12":1.087998766e-56,"13":0.0100425298,"14":0.0202962933,"15":0.4610951107,"16":1.087998766e-56,"17":0.2598269095,"18":0.0655771569,"19":0.8529135441,"20":0.2521337023,"21":null,"22":1.087998766e-56,"23":0.4598593971},"main_pv":{"0":0.0404672558,"1":0.1688709028,"2":0.7051704747,"3":0.4083492387,"4":0.8155712544,"5":0.4038684457,"6":0.284661064,"7":0.134683984,"8":null,"9":0.5793958903,"10":0.6770429467,"11":0.167194559,"12":0.0530787163,"13":0.1501365009,"14":0.6293529028,"15":0.3590448536,"16":0.0,"17":0.4175408662,"18":0.8672518965,"19":0.716828167,"20":0.4066787197,"21":null,"22":0.0349741399,"23":0.5443621421},"count":{"0":20,"1":61,"2":42,"3":6,"4":96,"5":39,"6":75,"7":46,"8":1,"9":3265,"10":33,"11":40,"12":9,"13":208,"14":555,"15":1311,"16":2,"17":4,"18":659,"19":83,"20":155,"21":1,"22":7,"23":158},"nb_en":{"0":2,"1":9,"2":31,"3":2,"4":93,"5":14,"6":12,"7":6,"8":0,"9":1396,"10":13,"11":0,"12":0,"13":35,"14":154,"15":1300,"16":1,"17":2,"18":188,"19":19,"20":19,"21":0,"22":0,"23":151},"nb_de":{"0":18,"1":52,"2":11,"3":4,"4":3,"5":25,"6":63,"7":40,"8":1,"9":1869,"10":20,"11":40,"12":9,"13":173,"14":401,"15":11,"16":1,"17":2,"18":471,"19":64,"20":136,"21":1,"22":7,"23":7}}