{"canton":{"0":"BE","1":"GR","2":"FR","3":"AR","4":"TI","5":"VS","6":"SH","7":"TG","8":"BS","9":"OW","10":"ZH","11":"NE","12":"BL","13":"SZ","14":"LU","15":"NW","16":"GE","17":"JU","18":"AG","19":"SO","20":"SG","21":"UR","22":"VD"},"main_mean":{"0":0.0117482282,"1":0.0271117692,"2":0.0502997474,"3":-0.0934385677,"4":0.0121603684,"5":-0.0228526781,"6":0.0028484818,"7":0.0089998961,"8":0.0138865223,"9":-0.0060733113,"10":0.0163525038,"11":0.0553912245,"12":0.0211267064,"13":-0.0114209493,"14":0.0049439022,"15":-0.0289050738,"16":0.0113271318,"17":0.0000825282,"18":0.002656227,"19":-0.0052379405,"20":0.0194524273,"21":-0.0108394027,"22":0.0170063143},"sentiment_mean":{"0":0.0753064799,"1":0.0816326531,"2":0.2222222222,"3":0.0,"4":0.1466666667,"5":0.1509433962,"6":0.0,"7":0.0,"8":0.0841121495,"9":0.0,"10":0.1603650587,"11":0.5384615385,"12":0.03125,"13":0.0,"14":0.0519480519,"15":0.0,"16":0.0805134189,"17":0.3846153846,"18":0.0479452055,"19":0.0357142857,"20":0.0696517413,"21":0.0,"22":0.1594202899},"main_std":{"0":0.1065389436,"1":0.0842934567,"2":0.1092354201,"3":0.0663959592,"4":0.0986092504,"5":0.2104021319,"6":0.0462123358,"7":0.0229504743,"8":0.1020276672,"9":0.0232123445,"10":0.1209332444,"11":0.1403606429,"12":0.0718707713,"13":0.1049351011,"14":0.079605656,"15":0.0500650564,"16":0.1400933297,"17":0.0414396073,"18":0.0903637429,"19":0.0603187037,"20":0.0899678616,"21":0.0306584605,"22":0.1256969704},"sentiment_std":{"0":0.3740762221,"1":0.2766416676,"2":0.5483188806,"3":0.632455532,"4":0.6083503021,"5":0.4112002327,"6":0.2828427125,"7":0.0,"8":0.4396435253,"9":0.0,"10":0.5232944525,"11":0.5188745217,"12":0.1767766953,"13":0.0,"14":0.2411622526,"15":0.0,"16":0.726215203,"17":0.5900662146,"18":0.358775538,"19":0.1889822365,"20":0.2917608235,"21":0.0,"22":0.6329944802},"sentiment_pv":{"0":0.0159174107,"1":0.3847032377,"2":0.4267353381,"3":0.6699423069,"4":0.6738914508,"5":0.5516425949,"6":0.0053568752,"7":2.780714249e-59,"8":0.1072525927,"9":2.780714249e-59,"10":0.0008355629,"11":0.0126359883,"12":0.0114931322,"13":2.780714249e-59,"14":0.0002232227,"15":2.780714249e-59,"16":0.1595287455,"17":0.0074383077,"18":0.0253749001,"19":0.0337614457,"20":0.0311495644,"21":2.780714249e-59,"22":0.5797547933},"main_pv":{"0":0.7432288614,"1":0.2610242434,"2":0.1695019598,"3":0.0109084073,"4":0.9212622323,"5":0.2172158873,"6":0.1224956311,"7":0.5232653565,"8":0.900678923,"9":0.0086580616,"10":0.306890666,"11":0.3011727626,"12":0.5454215149,"13":0.7952631817,"14":0.1282043955,"15":0.281499744,"16":0.6958094958,"17":0.0594756722,"18":0.1659346435,"19":0.1184751101,"20":0.3482378718,"21":0.0618309253,"22":0.8083136529},"count":{"0":571,"1":49,"2":18,"3":6,"4":75,"5":53,"6":51,"7":13,"8":535,"9":14,"10":2301,"11":13,"12":32,"13":2,"14":231,"15":3,"16":857,"17":39,"18":146,"19":28,"20":201,"21":8,"22":69},"nb_en":{"0":186,"1":3,"2":8,"3":4,"4":68,"5":20,"6":4,"7":0,"8":168,"9":0,"10":1106,"11":12,"12":1,"13":0,"14":30,"15":0,"16":846,"17":39,"18":29,"19":4,"20":17,"21":0,"22":54},"nb_de":{"0":385,"1":46,"2":10,"3":2,"4":7,"5":33,"6":47,"7":13,"8":367,"9":14,"10":1195,"11":1,"12":31,"13":2,"14":201,"15":3,"16":11,"17":0,"18":117,"19":24,"20":184,"21":8,"22":15}}