{"canton":{"0":"BE","1":"GE","2":"VS","3":"JU","4":"VD","5":"NW","6":"SO","7":"AI","8":"NE","9":"AG","10":"OW","11":"GR","12":"AR","13":"TG","14":"SH","15":"TI","16":"SZ","17":"LU","18":"BL","19":"GL","20":"BS","21":"ZH","22":"SG","23":"FR","24":"UR"},"main_mean":{"0":0.0076001236,"1":-0.0059939176,"2":0.0196048971,"3":-0.1071420918,"4":0.025589033,"5":-0.0412607592,"6":0.0007205695,"7":0.0,"8":-0.0027132209,"9":-0.003566195,"10":-0.0412607592,"11":0.0272054995,"12":-0.0441456777,"13":0.0229161845,"14":0.0095346223,"15":-0.000472347,"16":-0.0641860642,"17":0.0072617497,"18":0.0069609562,"19":0.0002222198,"20":0.0077000466,"21":0.010105475,"22":0.0313247514,"23":-0.038359898,"24":-0.0235775767},"sentiment_mean":{"0":0.0502793296,"1":0.0843537415,"2":0.1379310345,"3":0.0,"4":0.125,"5":0.0,"6":0.0,"7":0.0,"8":0.05,"9":0.0555555556,"10":0.0,"11":0.05,"12":0.125,"13":0.0625,"14":0.0298507463,"15":0.03125,"16":-0.2,"17":0.0422535211,"18":0.0,"19":0.0,"20":0.0622347949,"21":0.1306364339,"22":0.1140350877,"23":-0.0487804878,"24":0.0},"main_std":{"0":0.0971116886,"1":0.1324924355,"2":0.1082051633,"3":0.1515217994,"4":0.2194013913,"5":0.0550894411,"6":0.0478126654,"7":null,"8":0.0989559393,"9":0.0808111966,"10":0.0550894411,"11":0.0929714182,"12":0.0956105518,"13":0.0633734489,"14":0.0662182177,"15":0.208601314,"16":0.0883027818,"17":0.1001288668,"18":0.0216887626,"19":0.0003142662,"20":0.1075624918,"21":0.1191864757,"22":0.1298453825,"23":0.13671144,"24":0.0447642448},"sentiment_std":{"0":0.3705269091,"1":0.6940082649,"2":0.3950694304,"3":0.0,"4":0.6512171448,"5":0.0,"6":0.0,"7":null,"8":0.6863327412,"9":0.3503799691,"10":0.0,"11":0.2197841777,"12":0.3535533906,"13":0.2459346884,"14":0.1708139958,"15":0.53218764,"16":0.4472135955,"17":0.2439815017,"18":0.0,"19":0.0,"20":0.3897803351,"21":0.4970965514,"22":0.3458674341,"23":0.4444783185,"24":0.0},"sentiment_pv":{"0":0.0006132085,"1":0.506066153,"2":0.4354406562,"3":4.991593318e-66,"4":0.5541761095,"5":4.991593318e-66,"6":4.991593318e-66,"7":null,"8":0.7631042534,"9":0.1657734412,"10":4.991593318e-66,"11":0.1094049263,"12":0.8290321414,"13":0.4376198178,"14":0.0000345241,"15":0.2317826122,"16":0.2118125213,"17":0.0021264857,"18":4.991593318e-66,"19":4.991593318e-66,"20":0.0271628269,"21":0.0005523606,"22":0.6043356632,"23":0.0426843908,"24":4.991593318e-66},"main_pv":{"0":0.7822291699,"1":0.0006705492,"2":0.3669928755,"3":0.4808825151,"4":0.2342689499,"5":0.180427391,"6":0.4093492257,"7":null,"8":0.678115064,"9":0.1395753361,"10":0.180427391,"11":0.0935595655,"12":0.1769400416,"13":0.1586209664,"14":0.6216694326,"15":0.7399244808,"16":0.1474050643,"17":0.9280082192,"18":0.9270565483,"19":0.0000025421,"20":0.8016665879,"21":0.1364609281,"22":0.0458501361,"23":0.0417501365,"24":0.1247974361},"count":{"0":895,"1":1470,"2":58,"3":2,"4":192,"5":4,"6":47,"7":1,"8":20,"9":144,"10":4,"11":60,"12":8,"13":32,"14":134,"15":96,"16":5,"17":213,"18":42,"19":2,"20":707,"21":3881,"22":114,"23":41,"24":7},"nb_en":{"0":227,"1":1454,"2":17,"3":2,"4":178,"5":0,"6":1,"7":0,"8":15,"9":29,"10":0,"11":2,"12":2,"13":6,"14":2,"15":90,"16":1,"17":33,"18":1,"19":0,"20":213,"21":1707,"22":20,"23":33,"24":0},"nb_de":{"0":668,"1":16,"2":41,"3":0,"4":14,"5":4,"6":46,"7":1,"8":5,"9":115,"10":4,"11":58,"12":6,"13":26,"14":132,"15":6,"16":4,"17":180,"18":41,"19":2,"20":494,"21":2174,"22":94,"23":8,"24":7}}