{"canton":{"0":"BE","1":"GE","2":"VS","3":"JU","4":"VD","5":"NW","6":"SO","7":"NE","8":"AG","9":"OW","10":"GR","11":"AR","12":"TG","13":"SH","14":"TI","15":"SZ","16":"LU","17":"BL","18":"GL","19":"BS","20":"ZH","21":"SG","22":"FR","23":"UR"},"main_mean":{"0":0.0132243338,"1":0.0135556029,"2":-0.0065144693,"3":0.0050227136,"4":0.0220002857,"5":-0.0009599808,"6":-0.0010976834,"7":-0.0073143667,"8":0.0002627749,"9":0.0,"10":-0.0017009196,"11":-0.1004928657,"12":0.0245743164,"13":0.0172609081,"14":-0.0150160724,"15":-0.0075194494,"16":0.0181345563,"17":0.0231515247,"18":0.0008414458,"19":0.0202593788,"20":0.0154848643,"21":0.0362442088,"22":-0.0015651248,"23":-0.0021549116},"sentiment_mean":{"0":0.0653061224,"1":0.0677710843,"2":0.0634920635,"3":0.2727272727,"4":0.1774193548,"5":0.0,"6":0.0166666667,"7":0.0714285714,"8":0.0317460317,"9":0.0,"10":0.0943396226,"11":0.0,"12":0.0588235294,"13":0.0533333333,"14":0.0416666667,"15":0.0909090909,"16":0.0701754386,"17":0.0322580645,"18":0.0,"19":0.0815047022,"20":0.1269172932,"21":0.1465517241,"22":0.0,"23":0.5},"main_std":{"0":0.0971827964,"1":0.1386840703,"2":0.0888114726,"3":0.0479591832,"4":0.1719979149,"5":null,"6":0.0449782415,"7":0.0232028297,"8":0.0480150799,"9":null,"10":0.0346088659,"11":0.1292246414,"12":0.0626293073,"13":0.0690823652,"14":0.2065824693,"15":0.0251448126,"16":0.0854041452,"17":0.0889232625,"18":0.0005614516,"19":0.1134375804,"20":0.1141383239,"21":0.1334246212,"22":0.0484801827,"23":0.0184981747},"sentiment_std":{"0":0.3632754904,"1":0.7157926779,"2":0.4352609849,"3":0.6261353325,"4":0.6508079668,"5":null,"6":0.1290994449,"7":0.2672612419,"8":0.2506324321,"9":null,"10":0.3543222644,"11":0.8164965809,"12":0.242535625,"13":0.2262104577,"14":0.7206706579,"15":0.3015113446,"16":0.3356985232,"17":0.179605302,"18":0.0,"19":0.3877272575,"20":0.4795583427,"21":0.4424105971,"22":0.3333333333,"23":0.5773502692},"sentiment_pv":{"0":0.02335073,"1":0.1327495401,"2":0.5259168166,"3":0.1206152896,"4":0.1826018754,"5":null,"6":0.0000151051,"7":0.7099070679,"8":0.0005875921,"9":null,"10":0.9298584137,"11":0.8245987672,"12":0.5097530643,"13":0.0945492376,"14":0.5052887664,"15":0.9337250914,"16":0.2811608952,"17":0.0513610749,"18":4.430964826e-59,"19":0.2980858555,"20":0.0059965343,"21":0.2511476013,"22":0.0816885686,"23":0.2586590885},"main_pv":{"0":0.7536403163,"1":0.8289718078,"2":0.0678087526,"3":0.2741032052,"4":0.6262976518,"5":null,"6":0.0114482913,"7":0.0040048946,"8":0.0002017857,"9":null,"10":0.00183057,"11":0.1733383013,"12":0.5153230553,"13":0.7275374442,"14":0.231200294,"15":0.0162828342,"16":0.5796224977,"17":0.5903794031,"18":2.75741799e-17,"19":0.2151289425,"20":0.6621614101,"21":0.0827154498,"22":0.055238523,"23":0.1702754503},"count":{"0":735,"1":1328,"2":63,"3":33,"4":124,"5":1,"6":60,"7":14,"8":189,"9":1,"10":53,"11":4,"12":17,"13":75,"14":72,"15":11,"16":171,"17":31,"18":2,"19":638,"20":3325,"21":116,"22":37,"23":4},"nb_en":{"0":192,"1":1317,"2":19,"3":33,"4":112,"5":0,"6":0,"7":7,"8":24,"9":0,"10":9,"11":3,"12":1,"13":4,"14":68,"15":1,"16":49,"17":2,"18":0,"19":152,"20":1468,"21":19,"22":16,"23":0},"nb_de":{"0":543,"1":11,"2":44,"3":0,"4":12,"5":1,"6":60,"7":7,"8":165,"9":1,"10":44,"11":1,"12":16,"13":71,"14":4,"15":10,"16":122,"17":29,"18":2,"19":486,"20":1857,"21":97,"22":21,"23":4}}