{"canton":{"0":"BE","1":"NE","2":"VS","3":"SO","4":"SZ","5":"SG","6":"FR","7":"BS","8":"AG","9":"TI","10":"BL","11":"LU","12":"TG","13":"UR","14":"ZH","15":"VD","16":"GE","17":"SH"},"main_mean":{"0":0.0027342429,"1":0.0833312501,"2":-0.0155418902,"3":-0.1999960001,"4":0.0,"5":-0.0460769267,"6":0.0261637181,"7":0.0231268608,"8":0.0153846286,"9":-0.0046525828,"10":0.0,"11":-0.0078133137,"12":0.0833326389,"13":0.0,"14":0.0165941446,"15":0.0190208958,"16":0.0089632796,"17":0.0370366255},"sentiment_mean":{"0":0.056768559,"1":0.6666666667,"2":-0.0833333333,"3":-1.0,"4":1.0,"5":0.0666666667,"6":-0.0740740741,"7":0.1448275862,"8":0.2222222222,"9":0.0202020202,"10":0.0,"11":0.064516129,"12":1.0,"13":0.0,"14":0.2188987084,"15":0.2117647059,"16":0.1090225564,"17":0.6666666667},"vader_mean":{"0":0.081271179,"1":0.3455,"2":0.1368,"3":-0.5423,"4":0.0,"5":0.1166933333,"6":-0.0220074074,"7":0.1304068966,"8":0.1281518519,"9":0.0738606061,"10":0.0,"11":0.1580677419,"12":0.0,"13":0.0,"14":0.1312122366,"15":0.1359658824,"16":0.094487312,"17":0.4481},"main_std":{"0":0.1356638182,"1":0.1443339589,"2":0.1438577368,"3":null,"4":null,"5":0.1738170352,"6":0.2266656899,"7":0.1284170078,"8":0.1211675252,"9":0.1199766448,"10":null,"11":0.0680708723,"12":0.0,"13":null,"14":0.1141954043,"15":0.0813997503,"16":0.1173072201,"17":0.0641493171},"sentiment_std":{"0":0.5933180885,"1":0.5773502692,"2":0.6685579234,"3":null,"4":null,"5":0.7988086367,"6":0.5495400822,"7":0.6767909404,"8":0.6979824405,"9":0.5710677071,"10":null,"11":0.7718153437,"12":0.0,"13":null,"14":0.7092750999,"15":0.6916873373,"16":0.7056774088,"17":0.5773502692},"vader_std":{"0":0.3432992032,"1":0.3050606333,"2":0.3576088696,"3":null,"4":null,"5":0.3382357704,"6":0.3271059649,"7":0.3994114451,"8":0.4275622081,"9":0.3353501146,"10":null,"11":0.4767722429,"12":0.0,"13":null,"14":0.3829578359,"15":0.3559940113,"16":0.3949858664,"17":0.4092141615},"sentiment_pv":{"0":0.0156792156,"1":0.2655578226,"2":0.2402022245,"3":null,"4":null,"5":0.6697261838,"6":0.0393097044,"7":0.8372089164,"8":0.6309748805,"9":0.0219543291,"10":null,"11":0.5128371087,"12":0.0,"13":null,"14":0.0050963442,"15":0.47052099,"16":0.0556311785,"17":0.2655578226},"vader_pv":{"0":0.1838006549,"1":0.3172984696,"2":0.8208994818,"3":null,"4":null,"5":0.9653236362,"6":0.0426254539,"7":0.6040831464,"8":0.8540770315,"9":0.2596690735,"10":null,"11":0.6021635425,"12":6.33355704e-60,"13":null,"14":0.1273558512,"15":0.5563470404,"16":0.1865290183,"17":0.2916232557},"main_pv":{"0":0.3021757752,"1":0.4835447888,"2":0.5175806541,"3":null,"4":null,"5":0.2150893486,"6":0.7525875465,"7":0.3184918394,"8":0.8945472981,"9":0.170151708,"10":null,"11":0.1156105452,"12":5.216105023e-217,"13":null,"14":0.2325721078,"15":0.4574500978,"16":0.4293004076,"17":0.5724424476},"count":{"0":229,"1":3,"2":12,"3":1,"4":1,"5":15,"6":27,"7":145,"8":27,"9":99,"10":1,"11":31,"12":2,"13":1,"14":1471,"15":85,"16":1064,"17":3}}