{"canton":{"0":"BE","1":"NE","2":"VS","3":"SO","4":"SG","5":"GE","6":"AR","7":"FR","8":"AG","9":"TI","10":"SH","11":"BL","12":"LU","13":"SZ","14":"BS","15":"ZH","16":"VD","17":"AI","18":"GR"},"main_mean":{"0":-0.0121213876,"1":0.0032183578,"2":0.0127401669,"3":-0.0018314747,"4":0.0127155789,"5":0.0009407345,"6":-0.1099702598,"7":0.0152040387,"8":-0.3051866421,"9":0.0038477258,"10":0.0,"11":0.0357140306,"12":-0.0211056546,"13":-0.033333,"14":-0.0105798579,"15":0.0082470556,"16":-0.0067023328,"17":0.0,"18":0.1111074075},"sentiment_mean":{"0":0.1568627451,"1":0.1818181818,"2":0.2142857143,"3":0.0,"4":0.3888888889,"5":0.1236316806,"6":0.5,"7":0.1578947368,"8":0.0909090909,"9":0.12,"10":0.2,"11":0.5,"12":0.075,"13":-0.3333333333,"14":0.1515151515,"15":0.2471264368,"16":0.1403508772,"17":0.0,"18":0.0},"vader_mean":{"0":0.1339535948,"1":0.2145,"2":0.1756142857,"3":0.1204,"4":0.2141,"5":0.1013616871,"6":0.36755,"7":0.1173315789,"8":0.0304666667,"9":0.0845784,"10":0.1816,"11":0.32985,"12":0.06199,"13":0.1060666667,"14":0.1448575758,"15":0.1480304023,"16":0.1655017544,"17":0.0,"18":0.0128333333},"main_std":{"0":0.1311951866,"1":0.0731017699,"2":0.1534200274,"3":0.0741922293,"4":0.0467852376,"5":0.1082233693,"6":0.0269571479,"7":0.0933433827,"8":0.4348293094,"9":0.1179192176,"10":0.0,"11":0.0505072665,"12":0.1297218938,"13":0.0577344496,"14":0.1105895088,"15":0.1437170738,"16":0.1049816043,"17":null,"18":0.1924436749},"sentiment_std":{"0":0.6295115803,"1":0.5010810823,"2":0.8017837257,"3":1.0,"4":0.6076849889,"5":0.695281741,"6":0.7071067812,"7":0.6021404316,"8":0.3843530574,"9":0.6037517114,"10":0.4472135955,"11":0.7071067812,"12":0.572332161,"13":0.5773502692,"14":0.6887587064,"15":0.6848964664,"16":0.7024255446,"17":null,"18":1.0},"vader_std":{"0":0.3769347396,"1":0.3067220178,"2":0.3008115558,"3":0.2085389172,"4":0.3258745175,"5":0.3975992266,"6":0.5197941949,"7":0.2899985173,"8":0.1833810116,"9":0.3481039135,"10":0.2874766077,"11":0.4664783435,"12":0.3020403121,"13":0.1837128557,"14":0.377226289,"15":0.3719607879,"16":0.3846084525,"17":null,"18":0.4212966216},"sentiment_pv":{"0":0.6455480886,"1":0.9927421225,"2":0.878470941,"3":0.7837863437,"4":0.1654627795,"5":0.0056493653,"6":0.6383013802,"7":0.8703500225,"8":0.1934402862,"9":0.2712085138,"10":0.9283275057,"11":0.6383013802,"12":0.252372113,"13":0.2628340297,"14":0.5591589432,"15":0.0007343765,"16":0.544831131,"17":null,"18":0.7837863437},"vader_pv":{"0":0.8186044352,"1":0.1958559913,"2":0.5553153758,"3":0.9623432455,"4":0.2727977118,"5":0.0299385854,"6":0.6308466956,"7":0.8885867053,"8":0.0054494509,"9":0.1849733192,"10":0.6921901768,"11":0.6487351909,"12":0.1855044946,"13":0.8630577326,"14":0.5120420676,"15":0.0481353284,"16":0.2915628999,"17":null,"18":0.685485646},"main_pv":{"0":0.2496189735,"1":0.8580969166,"2":0.7679854524,"3":0.9636599762,"4":0.2858891702,"5":0.8697243122,"6":0.1053965994,"7":0.4992914418,"8":0.0003165528,"9":0.747142677,"10":0.8596692724,"11":0.5029833082,"12":0.3038389601,"13":0.4184141847,"14":0.1796498417,"15":0.0513446872,"16":0.4830199115,"17":null,"18":0.4239481345},"count":{"0":153,"1":22,"2":14,"3":3,"4":18,"5":1553,"6":2,"7":19,"8":33,"9":125,"10":5,"11":2,"12":40,"13":3,"14":198,"15":1740,"16":114,"17":1,"18":3}}