{"canton":{"0":"AG","1":"AR","2":"BE","3":"BL","4":"BS","5":"FR","6":"GE","7":"GL","8":"GR","9":"JU","10":"LU","11":"NE","12":"NW","13":"OW","14":"SG","15":"SH","16":"SO","17":"SZ","18":"TG","19":"TI","20":"UR","21":"VD","22":"VS","23":"ZH"},"mean":{"0":0.0801687764,"1":0.0,"2":0.0447110142,"3":-0.0285714286,"4":0.0291262136,"5":0.0316455696,"6":0.0712219812,"7":0.0,"8":0.0,"9":0.4,"10":0.11875,"11":-0.0416666667,"12":0.0,"13":0.0,"14":0.170212766,"15":0.05,"16":0.0833333333,"17":0.0,"18":0.04,"19":0.000739645,"20":0.25,"21":0.0425925926,"22":0.0444444444,"23":0.1242236025},"std":{"0":0.2872782361,"1":0.0,"2":0.3388376748,"3":0.1690308509,"4":0.3652276802,"5":0.2859977746,"6":0.4591718584,"7":null,"8":0.246182982,"9":0.5477225575,"10":0.32450979,"11":0.2041241452,"12":0.0,"13":0.0,"14":0.4783101498,"15":0.2611164839,"16":0.2823298513,"17":0.7071067812,"18":0.2,"19":0.1742048879,"20":0.4629100499,"21":0.2922003099,"22":0.2084090771,"23":0.4809464556},"count":{"0":237,"1":5,"2":917,"3":35,"4":515,"5":158,"6":2766,"7":1,"8":34,"9":5,"10":160,"11":24,"12":6,"13":6,"14":94,"15":100,"16":24,"17":5,"18":25,"19":1352,"20":8,"21":540,"22":45,"23":3381}}