{"canton":{"0":"BE","1":"TG","2":"SO","3":"SG","4":"OW","5":"AI","6":"AR","7":"FR","8":"JU","9":"AG","10":"TI","11":"SH","12":"BL","13":"LU","14":"VS","15":"BS","16":"ZH","17":"VD","18":"GE","19":"GR"},"main_mean":{"0":0.0126647451,"1":0.0,"2":0.0480924979,"3":-0.0408770685,"4":-0.1111098766,"5":0.0,"6":0.0277777006,"7":0.0151885345,"8":0.0,"9":0.0028459138,"10":0.0008531371,"11":-0.0972214988,"12":-0.0624996094,"13":0.0281290218,"14":-0.0585755596,"15":0.0091697984,"16":0.023210235,"17":0.0072549844,"18":0.0055112415,"19":0.0},"sentiment_mean":{"0":0.1592356688,"1":0.0,"2":0.2,"3":0.0625,"4":-1.0,"5":0.0,"6":1.0,"7":0.125,"8":0.5,"9":0.3888888889,"10":0.1084337349,"11":-0.3333333333,"12":-1.0,"13":0.2121212121,"14":-0.125,"15":0.1230769231,"16":0.2970414201,"17":0.1485148515,"18":0.0806845966,"19":0.0},"vader_mean":{"0":0.1273585987,"1":0.07555,"2":0.08305,"3":0.01240625,"4":0.0,"5":0.0,"6":0.0406,"7":0.1330333333,"8":0.29295,"9":0.1741055556,"10":0.055846988,"11":-0.2356333333,"12":0.7003,"13":0.1202545455,"14":0.060225,"15":0.1561192308,"16":0.1481532544,"17":0.1339673267,"18":0.0649845966,"19":0.0},"main_std":{"0":0.0970452067,"1":0.0,"2":0.1980236772,"3":0.2691697002,"4":null,"5":null,"6":null,"7":0.0711082564,"8":0.0,"9":0.0797824338,"10":0.1312643867,"11":0.0867354022,"12":null,"13":0.0914330628,"14":0.1143283806,"15":0.1273913865,"16":0.1313733845,"17":0.1233750158,"18":0.1308219527,"19":null},"sentiment_std":{"0":0.6150834229,"1":0.0,"2":0.632455532,"3":0.6800735254,"4":null,"5":null,"6":null,"7":0.6796738348,"8":0.7071067812,"9":0.6076849889,"10":0.6986406347,"11":1.1547005384,"12":null,"13":0.5998737241,"14":0.8345229604,"15":0.7154484105,"16":0.6888091616,"17":0.6540051776,"18":0.7124309897,"19":null},"vader_std":{"0":0.3669400597,"1":0.1068438346,"2":0.2838462035,"3":0.3353925888,"4":null,"5":null,"6":null,"7":0.2644403848,"8":0.4142938631,"9":0.4142564515,"10":0.3672307221,"11":0.2859762636,"12":null,"13":0.3159621102,"14":0.2554473765,"15":0.4108976481,"16":0.3676971584,"17":0.4005019825,"18":0.427016078,"19":null},"sentiment_pv":{"0":0.7236123926,"1":1.433120441e-32,"2":0.9126558529,"3":0.510907969,"4":null,"5":null,"6":null,"7":0.7106737476,"8":0.6351810615,"9":0.159735628,"10":0.3796050326,"11":0.523718193,"12":null,"13":0.7439077152,"14":0.3399316592,"15":0.4008147162,"16":0.000018833,"17":0.6660577366,"18":0.0008480154,"19":null},"vader_pv":{"0":0.5823130053,"1":0.7235372699,"2":0.7668027131,"3":0.261749801,"4":null,"5":null,"6":null,"7":0.6847245965,"8":0.6455126836,"9":0.5254103832,"10":0.1868116123,"11":0.170613747,"12":null,"13":0.8631058696,"14":0.5956790045,"15":0.2202406826,"16":0.0130707044,"17":0.5669211472,"18":0.0076478404,"19":null},"main_pv":{"0":0.9918463126,"1":0.0000037256,"2":0.5848107238,"3":0.4396691186,"4":null,"5":null,"6":null,"7":0.8612641988,"8":0.0000037256,"9":0.6147190527,"10":0.4259221083,"11":0.1592492578,"12":null,"13":0.3423797739,"14":0.1220578229,"15":0.7671446013,"16":0.043918625,"17":0.6726783255,"18":0.1839424656,"19":null},"count":{"0":157,"1":2,"2":10,"3":16,"4":1,"5":1,"6":1,"7":24,"8":2,"9":18,"10":83,"11":3,"12":1,"13":33,"14":8,"15":130,"16":845,"17":101,"18":818,"19":1}}