{"canton":{"0":"BE","1":"ZH","2":"TG","3":"SO","4":"SG","5":"AR","6":"FR","7":"AG","8":"TI","9":"SH","10":"LU","11":"VS","12":"BS","13":"NE","14":"VD","15":"GE","16":"GR"},"main_mean":{"0":0.0164149024,"1":0.0077815992,"2":0.0,"3":0.0,"4":0.01252911,"5":0.0076535136,"6":-0.0260146658,"7":-0.0373316264,"8":-0.002588051,"9":-0.0104166016,"10":-0.0121180076,"11":-0.0264930568,"12":0.0142408388,"13":-0.0460744778,"14":0.0303275084,"15":0.0006585371,"16":0.0},"sentiment_mean":{"0":0.1637010676,"1":0.1918075423,"2":-0.5,"3":0.0,"4":0.0526315789,"5":0.875,"6":0.0681818182,"7":0.2,"8":0.1166666667,"9":0.1666666667,"10":0.1923076923,"11":0.1111111111,"12":0.0342465753,"13":0.1666666667,"14":0.1533742331,"15":0.0992851469,"16":0.5},"vader_mean":{"0":0.1544637011,"1":0.1217473992,"2":0.0,"3":0.0,"4":0.0387631579,"5":0.468875,"6":0.1200659091,"7":0.1100666667,"8":0.0835233333,"9":0.0740166667,"10":0.1665730769,"11":0.0278444444,"12":0.1025082192,"13":0.1959166667,"14":0.1562239264,"15":0.075825417,"16":0.125},"main_std":{"0":0.1504347808,"1":0.14443467,"2":0.0,"3":0.0,"4":0.0950621018,"5":0.0897821122,"6":0.1065079137,"7":0.1314328748,"8":0.1584024149,"9":0.0255153587,"10":0.078112346,"11":0.1683770009,"12":0.1268365402,"13":0.097670374,"14":0.1743632754,"15":0.1144135777,"16":0.0},"sentiment_std":{"0":0.6049490855,"1":0.6865265155,"2":0.7071067812,"3":0.0,"4":0.7050361859,"5":0.3535533906,"6":0.6249735724,"7":0.4140393356,"8":0.6505761291,"9":0.7527726527,"10":0.6939297238,"11":0.6763995416,"12":0.658256669,"13":0.7177405626,"14":0.6901674702,"15":0.7034942069,"16":0.7071067812},"vader_std":{"0":0.3262971162,"1":0.3694390411,"2":0.0,"3":0.0,"4":0.4193044283,"5":0.2786201036,"6":0.3049498777,"7":0.2590096018,"8":0.3485384856,"9":0.4944303608,"10":0.3219217713,"11":0.3082374967,"12":0.3736823618,"13":0.2507987199,"14":0.3587789417,"15":0.3840698882,"16":0.1767766953},"sentiment_pv":{"0":0.6366693892,"1":0.0273942716,"2":0.4193298616,"3":2.756192983e-37,"4":0.5725063677,"5":0.0006190113,"6":0.4176385767,"7":0.6219421755,"8":0.6304423557,"9":0.9485794174,"10":0.7363551797,"11":0.8306314888,"12":0.0466304391,"13":0.9217796455,"14":0.8913838686,"15":0.0415528642,"16":0.6076222424},"vader_pv":{"0":0.0236765766,"1":0.224235516,"2":2.207748932e-67,"3":2.207748932e-67,"4":0.4810797805,"5":0.0080119073,"6":0.797609486,"7":0.9770620355,"8":0.4494586977,"9":0.8725694915,"10":0.3652582524,"11":0.2861176656,"12":0.859393379,"13":0.2517947364,"14":0.096008814,"15":0.0094632105,"16":0.9144766853},"main_pv":{"0":0.252813055,"1":0.6488371166,"2":0.0093456507,"3":0.0093456507,"4":0.7629878876,"5":0.9556224323,"6":0.0558164967,"7":0.2250345678,"8":0.5666257749,"9":0.183065212,"10":0.2571209585,"11":0.4274524798,"12":0.4338147047,"13":0.093367458,"14":0.0783541966,"15":0.1886910906,"16":0.0093456507},"count":{"0":281,"1":1538,"2":2,"3":3,"4":19,"5":8,"6":44,"7":15,"8":120,"9":6,"10":26,"11":18,"12":146,"13":12,"14":163,"15":1259,"16":2}}