{"canton":{"0":"BE","1":"AG","2":"FR","3":"VD","4":"TI","5":"BL","6":"GR","7":"JU","8":"TG","9":"NE","10":"LU","11":"SH","12":"ZH","13":"SO","14":"GE","15":"VS","16":"BS","17":"SG","18":"OW"},"main_mean":{"0":0.0101453657,"1":0.0059171142,"2":-0.0290904265,"3":0.0283424955,"4":-0.014657323,"5":0.0,"6":-0.0291661076,"7":0.0,"8":0.0,"9":-0.0322211346,"10":0.0333852948,"11":-0.0221937117,"12":0.009435541,"13":0.0,"14":0.0002207027,"15":0.0188188634,"16":-0.0168082427,"17":-0.01999371,"18":0.0},"sentiment_mean":{"0":0.225433526,"1":0.4615384615,"2":0.1,"3":0.3152173913,"4":0.0277777778,"5":1.0,"6":0.0,"7":1.0,"8":0.0,"9":0.1,"10":0.2571428571,"11":-0.2857142857,"12":0.3018867925,"13":0.5,"14":0.0778894472,"15":0.1666666667,"16":0.0204081633,"17":0.0,"18":0.0},"vader_mean":{"0":0.1738213873,"1":0.2450384615,"2":0.11067,"3":0.2174195652,"4":-0.0103944444,"5":0.0,"6":0.26025,"7":0.7345,"8":0.0,"9":0.21275,"10":0.2254085714,"11":-0.1809285714,"12":0.1570037736,"13":0.0,"14":0.0989123116,"15":0.131125,"16":0.1341326531,"17":0.0326909091,"18":0.0},"main_std":{"0":0.0986278604,"1":0.0213344588,"2":0.0664999444,"3":0.1061054567,"4":0.1091457909,"5":null,"6":0.1355273806,"7":null,"8":0.0,"9":0.1169363044,"10":0.1522688664,"11":0.0468369266,"12":0.0926783531,"13":0.0,"14":0.1140532657,"15":0.0633439543,"16":0.0843825124,"17":0.106725636,"18":0.0},"sentiment_std":{"0":0.6828807503,"1":0.6602252918,"2":0.5676462122,"3":0.7252032353,"4":0.6914410798,"5":null,"6":0.0,"7":null,"8":0.0,"9":0.7378647874,"10":0.7005400078,"11":0.755928946,"12":0.6962710786,"13":0.7071067812,"14":0.7138969627,"15":0.7177405626,"16":0.7862162006,"17":0.7745966692,"18":0.0},"vader_std":{"0":0.3746693992,"1":0.4108016219,"2":0.2430501368,"3":0.4369523831,"4":0.3710665416,"5":null,"6":0.0819536759,"7":null,"8":0.0,"9":0.4198932834,"10":0.3279218911,"11":0.5621119334,"12":0.3730697781,"13":0.0,"14":0.3975343197,"15":0.3200558279,"16":0.4058892777,"17":0.3086602905,"18":0.0},"sentiment_pv":{"0":0.6039274683,"1":0.1757253695,"2":0.6015207254,"3":0.1292540717,"4":0.0438949227,"5":null,"6":1.912593457e-40,"7":null,"8":1.912593457e-40,"9":0.6865900509,"10":0.6197736083,"11":0.1419705061,"12":0.0000557364,"13":0.6535276954,"14":0.0000447376,"15":0.8849547649,"16":0.0305968675,"17":0.4184366448,"18":1.912593457e-40},"vader_pv":{"0":0.1892224382,"1":0.3536550618,"2":0.7609625347,"3":0.0773668715,"4":0.0016227155,"5":null,"6":0.270735459,"7":null,"8":4.768422331e-62,"9":0.5725754949,"10":0.1147843424,"11":0.1878350028,"12":0.111890657,"13":4.768422331e-62,"14":0.0260367693,"15":0.9683711213,"16":0.9856559424,"17":0.2991754893,"18":4.768422331e-62},"main_pv":{"0":0.5181528392,"1":0.8989580659,"2":0.1394062071,"3":0.0416644104,"4":0.1335506863,"5":null,"6":0.7813495055,"7":null,"8":0.014391923,"9":0.3396893867,"10":0.2810693746,"11":0.1751761641,"12":0.2200746164,"13":0.014391923,"14":0.2829245236,"15":0.4714799618,"16":0.0140066713,"17":0.4542087705,"18":0.014391923},"count":{"0":173,"1":13,"2":10,"3":92,"4":72,"5":1,"6":2,"7":1,"8":4,"9":10,"10":35,"11":7,"12":1060,"13":2,"14":796,"15":12,"16":98,"17":11,"18":2}}