{"canton":{"0":"BE","1":"GR","2":"FR","3":"AR","4":"TI","5":"VS","6":"SH","7":"TG","8":"BS","9":"OW","10":"ZH","11":"NE","12":"BL","13":"SZ","14":"LU","15":"NW","16":"GE","17":"JU","18":"GL","19":"AG","20":"SO","21":"SG","22":"AI","23":"UR","24":"VD"},"main_mean":{"0":0.0106433963,"1":0.0184751139,"2":0.0003078443,"3":-0.0580637088,"4":0.0146342375,"5":0.0309650087,"6":0.0001805963,"7":0.0053024836,"8":0.0069894091,"9":-0.0227125567,"10":0.0092793919,"11":-0.0555549383,"12":0.0367650375,"13":0.0778904106,"14":0.0082405772,"15":-0.0149497508,"16":-0.0103036363,"17":-0.099999,"18":0.0001666646,"19":0.0119193419,"20":0.0005346301,"21":0.0334105283,"22":0.0401884424,"23":-0.0272056104,"24":0.0066632513},"sentiment_mean":{"0":0.0822454308,"1":0.1428571429,"2":0.0181818182,"3":0.3,"4":0.1881188119,"5":0.023255814,"6":0.0535714286,"7":0.0333333333,"8":0.0375586854,"9":0.0,"10":0.1238177128,"11":0.0,"12":0.0882352941,"13":0.1666666667,"14":0.0710382514,"15":0.0,"16":0.043594306,"17":-1.0,"18":0.3333333333,"19":0.0862068966,"20":0.0,"21":0.1020408163,"22":0.0,"23":0.0,"24":0.1730769231},"main_std":{"0":0.1161149435,"1":0.1617877571,"2":0.1034849553,"3":0.0735482038,"4":0.1429479877,"5":0.1736357381,"6":0.0248610328,"7":0.0275787375,"8":0.0843362187,"9":0.0204874016,"10":0.1194645481,"11":0.205735514,"12":0.1312613546,"13":0.1771004432,"14":0.0970734248,"15":0.0211421404,"16":0.1564195452,"17":null,"18":0.0002886715,"19":0.142480319,"20":0.0478933715,"21":0.1339270376,"22":0.0568350402,"23":0.0542003911,"24":0.1941373406},"sentiment_std":{"0":0.4087579431,"1":0.3535533906,"2":0.5267267579,"3":0.6749485577,"4":0.6117658259,"5":0.2662233303,"6":0.2272077829,"7":0.1825741858,"8":0.3737017057,"9":0.0,"10":0.4867836857,"11":0.5345224838,"12":0.2879022413,"13":0.3892494721,"14":0.3151530479,"15":0.0,"16":0.7029158701,"17":null,"18":0.5773502692,"19":0.3112098556,"20":0.0,"21":0.3658007998,"22":0.0,"23":0.0,"24":0.6889179315},"sentiment_pv":{"0":0.4429735423,"1":0.3463597303,"2":0.2890512272,"3":0.3609269396,"4":0.1289882679,"5":0.0896637028,"6":0.1912816629,"7":0.0807610238,"8":0.0003844144,"9":4.085065884e-54,"10":0.0041341969,"11":0.6325382465,"12":0.9006191803,"13":0.5343437309,"14":0.3309370373,"15":4.085065884e-54,"16":0.019820022,"17":null,"18":0.5480600476,"19":0.7793951384,"20":4.085065884e-54,"21":0.8406622212,"22":4.085065884e-54,"23":4.085065884e-54,"24":0.2492439824},"main_pv":{"0":0.3482464702,"1":0.6063780934,"2":0.662669363,"3":0.0216367583,"4":0.5690387064,"5":0.3608063259,"6":0.088582204,"7":0.8264594953,"8":0.8855724367,"9":0.1302847754,"10":0.2630857008,"11":0.4221539832,"12":0.188317173,"13":0.1900492281,"14":0.8086495037,"15":0.3861427241,"16":0.0006404973,"17":null,"18":0.0000297523,"19":0.682668898,"20":0.4467704365,"21":0.0504920213,"22":0.5554281503,"23":0.1889187361,"24":0.9916533194},"count":{"0":766,"1":49,"2":55,"3":10,"4":101,"5":43,"6":56,"7":30,"8":639,"9":3,"10":3489,"11":8,"12":34,"13":12,"14":183,"15":2,"16":1124,"17":1,"18":3,"19":116,"20":40,"21":98,"22":2,"23":6,"24":104},"nb_en":{"0":255,"1":6,"2":39,"3":5,"4":94,"5":16,"6":5,"7":2,"8":155,"9":0,"10":1502,"11":7,"12":2,"13":4,"14":34,"15":0,"16":1108,"17":1,"18":0,"19":20,"20":4,"21":10,"22":0,"23":0,"24":98},"nb_de":{"0":511,"1":43,"2":16,"3":5,"4":7,"5":27,"6":51,"7":28,"8":484,"9":3,"10":1987,"11":1,"12":32,"13":8,"14":149,"15":2,"16":16,"17":0,"18":3,"19":96,"20":36,"21":88,"22":2,"23":6,"24":6}}