{"canton":{"0":"BE","1":"AG","2":"FR","3":"GE","4":"GR","5":"UR","6":"JU","7":"VS","8":"TG","9":"NE","10":"LU","11":"TI","12":"SH","13":"ZH","14":"SO","15":"VD","16":"BS","17":"SG"},"main_mean":{"0":0.0132743847,"1":0.0122610547,"2":0.0398106531,"3":0.0054041329,"4":0.0,"5":0.0,"6":0.0,"7":0.0102047125,"8":-0.0188986685,"9":0.1181291051,"10":0.0066692678,"11":0.0074690687,"12":0.0,"13":0.0079130298,"14":0.0291292227,"15":0.0151636973,"16":-0.0087955809,"17":-0.0258766618},"sentiment_mean":{"0":0.1524663677,"1":0.25,"2":-0.1851851852,"3":0.1046966732,"4":1.0,"5":1.0,"6":0.0,"7":0.25,"8":0.5,"9":0.7142857143,"10":0.3469387755,"11":0.0571428571,"12":0.1666666667,"13":0.2024456522,"14":0.2857142857,"15":0.4016393443,"16":0.0792079208,"17":0.0},"vader_mean":{"0":0.1078515695,"1":0.0815,"2":-0.037,"3":0.0926041096,"4":0.4588,"5":0.7832,"6":0.0,"7":0.2085375,"8":0.301,"9":0.4291285714,"10":0.2283673469,"11":0.09264,"12":0.1467166667,"13":0.1116592391,"14":0.2964142857,"15":0.1871959016,"16":0.1135975248,"17":0.2156142857},"main_std":{"0":0.097993444,"1":0.0964387358,"2":0.1971196089,"3":0.0894198651,"4":null,"5":null,"6":0.0,"7":0.0811850594,"8":0.063308545,"9":0.2800915167,"10":0.0861288131,"11":0.0833671933,"12":0.0,"13":0.0963998261,"14":0.0867964207,"15":0.1207922305,"16":0.1126230678,"17":0.0430533586},"sentiment_std":{"0":0.6395949714,"1":0.6756639247,"2":0.6224663746,"3":0.7271140652,"4":null,"5":null,"6":0.0,"7":0.8563488386,"8":0.5773502692,"9":0.4879500365,"10":0.56091519,"11":0.6785687044,"12":0.4082482905,"13":0.6955580125,"14":0.9511897312,"15":0.7118807132,"16":0.721843526,"17":0.7844645406},"vader_std":{"0":0.3398866236,"1":0.3935085469,"2":0.2309195997,"3":0.4124226725,"4":null,"5":null,"6":0.0,"7":0.3479525157,"8":0.2025591601,"9":0.3228155134,"10":0.3389608547,"11":0.3546788874,"12":0.2275983341,"13":0.3762413149,"14":0.2949420024,"15":0.3980381898,"16":0.4130359919,"17":0.3286203464},"sentiment_pv":{"0":0.7659393812,"1":0.5487651558,"2":0.0071539914,"3":0.0184231079,"4":null,"5":null,"6":4.553474677e-40,"7":0.6998970657,"8":0.3308197348,"9":0.0247683454,"10":0.0298996004,"11":0.1897262896,"12":0.9958300542,"13":0.0943880313,"14":0.7500856118,"15":0.000459682,"16":0.0991612297,"17":0.4440509872},"vader_pv":{"0":0.9021358326,"1":0.7197540501,"2":0.0027906149,"3":0.2124578901,"4":null,"5":null,"6":5.652614081e-58,"7":0.2799188938,"8":0.1568042118,"9":0.0401530953,"10":0.019919293,"11":0.6739644559,"12":0.7153503919,"13":0.9407823651,"14":0.1471701596,"15":0.0390995825,"16":0.9246987476,"17":0.2550121582},"main_pv":{"0":0.3625043362,"1":0.7957904492,"2":0.3967015375,"3":0.6073759442,"4":null,"5":null,"6":0.0000342253,"7":0.8804135615,"8":0.4720919066,"9":0.334666559,"10":0.9732111012,"11":0.9700755369,"12":0.0000342253,"13":0.7861308042,"14":0.5270974244,"15":0.4670067364,"16":0.0513169394,"17":0.0135936433},"count":{"0":223,"1":24,"2":27,"3":1022,"4":1,"5":1,"6":3,"7":16,"8":4,"9":7,"10":49,"11":70,"12":6,"13":1472,"14":7,"15":122,"16":202,"17":14}}