{"canton":{"0":"TG","1":"GR","2":"FR","3":"SO","4":"TI","5":"VS","6":"SH","7":"BS","8":"OW","9":"ZH","10":"AR","11":"BL","12":"SZ","13":"LU","14":"NW","15":"GE","16":"JU","17":"GL","18":"BE","19":"SG","20":"AG","21":"NE","22":"UR","23":"VD"},"main_mean":{"0":0.0225345381,"1":0.0144053505,"2":-0.0268309981,"3":0.0016261989,"4":0.0077792056,"5":-0.0045196703,"6":0.0146346105,"7":0.0034143882,"8":-0.0031412735,"9":0.0119926903,"10":0.0027766002,"11":0.0096893219,"12":0.0290394143,"13":0.0073446456,"14":0.0099561255,"15":-0.0013878246,"16":0.0,"17":0.0001818165,"18":0.0150583465,"19":0.0104785703,"20":0.0126416009,"21":0.0615523232,"22":0.0049780628,"23":0.0160341788},"sentiment_mean":{"0":0.1,"1":0.0597014925,"2":-0.05,"3":0.0,"4":0.1981981982,"5":0.0285714286,"6":0.0792079208,"7":0.0263929619,"8":0.0,"9":0.1271807838,"10":0.0,"11":0.0243902439,"12":0.4444444444,"13":0.0465116279,"14":0.0,"15":0.1139476961,"16":0.0,"17":0.0,"18":0.0610859729,"19":0.0792079208,"20":0.096969697,"21":0.2272727273,"22":0.0,"23":0.1402439024},"main_std":{"0":0.0467239997,"1":0.07127608,"2":0.1030301623,"3":0.0495033777,"4":0.1484049627,"5":0.0496471556,"6":0.0628095653,"7":0.1008618735,"8":0.0365353088,"9":0.1267717053,"10":0.0341191755,"11":0.0422555423,"12":0.1138027683,"13":0.0933851809,"14":0.0140800878,"15":0.1375193505,"16":0.0,"17":0.0002571274,"18":0.1154632172,"19":0.0793325496,"20":0.1476585336,"21":0.2234110917,"22":0.0099561255,"23":0.1836054618},"sentiment_std":{"0":0.3051285766,"1":0.2387211518,"2":0.5038314737,"3":0.1591114568,"4":0.5530053398,"5":0.2934763438,"6":0.2714099599,"7":0.4293301936,"8":0.0,"9":0.4757732215,"10":0.0,"11":0.1561737619,"12":0.5270462767,"13":0.3454300024,"14":0.0,"15":0.6953999148,"16":1.4142135624,"17":0.0,"18":0.3635445196,"19":0.3371399803,"20":0.3353964241,"21":0.4289320272,"22":0.0,"23":0.6352352844},"sentiment_pv":{"0":0.9558953554,"1":0.1479129779,"2":0.0624433361,"3":0.000000273,"4":0.074313267,"5":0.0392498772,"6":0.3875153815,"7":0.0000109052,"8":1.575294843e-76,"9":0.0101830663,"10":1.575294843e-76,"11":0.0029384379,"12":0.0880183102,"13":0.0201204995,"14":1.575294843e-76,"15":0.5522029048,"16":0.9345817019,"17":1.575294843e-76,"18":0.0017631437,"19":0.4833334781,"20":0.8179222088,"21":0.1896697985,"22":1.575294843e-76,"23":0.4580512713},"main_pv":{"0":0.1203490945,"1":0.5217241594,"2":0.0356459768,"3":0.2159658202,"4":0.9465779406,"5":0.0326352769,"6":0.3579600774,"7":0.1947193623,"8":0.6305147086,"9":0.1799686129,"10":0.7912666724,"11":0.8873996505,"12":0.6071258747,"13":0.8317941877,"14":0.9221214907,"15":0.0061932085,"16":0.0000000002,"17":0.0000000006,"18":0.1244038096,"19":0.8275891108,"20":0.735820295,"21":0.2801448791,"22":0.5133309945,"23":0.6126875989},"count":{"0":30,"1":67,"2":40,"3":80,"4":111,"5":70,"6":101,"7":682,"8":3,"9":3955,"10":3,"11":41,"12":9,"13":215,"14":2,"15":1606,"16":2,"17":2,"18":884,"19":101,"20":165,"21":22,"22":4,"23":164},"nb_en":{"0":5,"1":7,"2":25,"3":5,"4":104,"5":12,"6":5,"7":208,"8":0,"9":1680,"10":1,"11":1,"12":5,"13":46,"14":0,"15":1595,"16":2,"17":0,"18":203,"19":16,"20":38,"21":16,"22":0,"23":138},"nb_de":{"0":25,"1":60,"2":15,"3":75,"4":7,"5":58,"6":96,"7":474,"8":3,"9":2275,"10":2,"11":40,"12":4,"13":169,"14":2,"15":11,"16":0,"17":2,"18":681,"19":85,"20":127,"21":6,"22":4,"23":26}}