{"canton":{"0":"BE","1":"TG","2":"FR","3":"BS","4":"TI","5":"VS","6":"SH","7":"GR","8":"SO","9":"OW","10":"ZH","11":"NE","12":"BL","13":"SZ","14":"LU","15":"NW","16":"GE","17":"GL","18":"AG","19":"SG","20":"UR","21":"AR","22":"VD"},"main_mean":{"0":0.0069812075,"1":0.0333696871,"2":0.0229121456,"3":0.0063473337,"4":0.0071234082,"5":0.0311411895,"6":0.0329521505,"7":0.0308007008,"8":0.0265112646,"9":0.0005714204,"10":0.012352823,"11":-0.0209528448,"12":0.0024061199,"13":-0.0192752237,"14":0.0329282767,"15":-0.1246412995,"16":0.0113340395,"17":0.0332612826,"18":0.0064921553,"19":0.0215570409,"20":0.0002706309,"21":0.0018938196,"22":0.0273428154},"sentiment_mean":{"0":0.0871559633,"1":0.0625,"2":0.125,"3":0.0403225806,"4":0.0289855072,"5":0.09375,"6":0.0625,"7":0.1333333333,"8":0.0740740741,"9":0.0,"10":0.1552119129,"11":0.0,"12":0.0,"13":-0.3333333333,"14":0.0869565217,"15":0.0,"16":0.1296043656,"17":0.0,"18":0.0803571429,"19":0.0,"20":0.0,"21":0.5,"22":0.2788461538},"main_std":{"0":0.1331440409,"1":0.0980009792,"2":0.101732528,"3":0.0819446113,"4":0.1276001717,"5":0.1924696031,"6":0.1079942436,"7":0.1015782941,"8":0.066791425,"9":null,"10":0.1313627941,"11":0.0582133697,"12":0.0140257019,"13":0.0869398873,"14":0.1120105976,"15":0.2168129382,"16":0.1658311539,"17":null,"18":0.083503195,"19":0.1224383127,"20":0.0003448359,"21":0.071167298,"22":0.1949922622},"sentiment_std":{"0":0.425314146,"1":0.25,"2":0.3378319623,"3":0.3611719517,"4":0.7065037049,"5":0.2961445811,"6":0.2435886759,"7":0.3437758255,"8":0.2668802563,"9":null,"10":0.516178137,"11":0.5,"12":0.0,"13":0.5773502692,"14":0.4108502817,"15":0.0,"16":0.707770672,"17":null,"18":0.3325682984,"19":0.4170288281,"20":0.0,"21":0.5773502692,"22":0.6146548604},"sentiment_pv":{"0":0.1082014216,"1":0.3553306878,"2":0.9724155486,"3":0.000069021,"4":0.2772766169,"5":0.5903595086,"6":0.037601565,"7":0.8367261156,"8":0.359468337,"9":null,"10":0.0286763605,"11":0.4835048304,"12":1.600905844e-47,"13":0.304778941,"14":0.4799772648,"15":1.600905844e-47,"16":0.7978355066,"17":null,"18":0.1965312859,"19":0.051623452,"20":1.600905844e-47,"21":0.2822626603,"22":0.0116001012},"main_pv":{"0":0.4256209764,"1":0.4057574874,"2":0.6172925993,"3":0.2077086526,"4":0.7375334331,"5":0.5852298264,"6":0.0964527195,"7":0.2335560393,"8":0.2862347127,"9":null,"10":0.9975127124,"11":0.125592344,"12":0.0057763386,"13":0.5932467285,"14":0.135947618,"15":0.3880239854,"16":0.876628269,"17":null,"18":0.4754914369,"19":0.610750676,"20":0.0000000163,"21":0.7884446009,"22":0.4372680441},"count":{"0":436,"1":16,"2":24,"3":372,"4":69,"5":32,"6":80,"7":45,"8":27,"9":1,"10":1746,"11":9,"12":26,"13":3,"14":69,"15":3,"16":733,"17":1,"18":112,"19":47,"20":6,"21":4,"22":104},"nb_en":{"0":151,"1":3,"2":14,"3":94,"4":65,"5":14,"6":10,"7":4,"8":2,"9":0,"10":761,"11":5,"12":1,"13":1,"14":19,"15":1,"16":729,"17":0,"18":19,"19":6,"20":0,"21":2,"22":99},"nb_de":{"0":285,"1":13,"2":10,"3":278,"4":4,"5":18,"6":70,"7":41,"8":25,"9":1,"10":985,"11":4,"12":25,"13":2,"14":50,"15":2,"16":4,"17":1,"18":93,"19":41,"20":6,"21":2,"22":5}}