{"canton":{"0":"BE","1":"GE","2":"VS","3":"JU","4":"VD","5":"SO","6":"NE","7":"GL","8":"AG","9":"OW","10":"UR","11":"AR","12":"TG","13":"GR","14":"TI","15":"LU","16":"BL","17":"SH","18":"BS","19":"ZH","20":"SG","21":"FR"},"main_mean":{"0":0.0169201015,"1":0.030251037,"2":0.030905029,"3":0.0,"4":0.0268742674,"5":0.0210092561,"6":0.0368259316,"7":0.0003333306,"8":0.026094843,"9":0.0004266581,"10":0.0,"11":0.0196065691,"12":0.0129061216,"13":0.0249478344,"14":0.007121375,"15":0.02006244,"16":0.0097573915,"17":0.0089267133,"18":0.0086475953,"19":0.0161562877,"20":-0.00065847,"21":0.008123117},"sentiment_mean":{"0":0.083011583,"1":0.1748743719,"2":0.1081081081,"3":0.0,"4":0.2065217391,"5":0.0277777778,"6":0.2,"7":0.0,"8":0.0611510791,"9":0.0,"10":0.0,"11":0.0,"12":0.0625,"13":0.0714285714,"14":0.2769230769,"15":0.1165048544,"16":0.0,"17":0.025974026,"18":0.0700636943,"19":0.1708615682,"20":0.023255814,"21":0.0694444444},"main_std":{"0":0.1101904132,"1":0.1400568935,"2":0.1686551154,"3":null,"4":0.1844667691,"5":0.0352224483,"6":0.0576218826,"7":null,"8":0.1104091377,"9":0.00041311,"10":null,"11":0.0399320727,"12":0.0322121933,"13":0.1025707726,"14":0.126195762,"15":0.0843490909,"16":0.0563334098,"17":0.034601149,"18":0.0965000826,"19":0.1174269962,"20":0.0463683803,"21":0.1748892465},"sentiment_std":{"0":0.4159082763,"1":0.7145877646,"2":0.3932615601,"3":null,"4":0.6718523431,"5":0.3769131094,"6":0.4472135955,"7":null,"8":0.2546352361,"9":0.0,"10":null,"11":0.0,"12":0.25,"13":0.2622652642,"14":0.6733241304,"15":0.3514945924,"16":0.0,"17":0.1601007885,"18":0.3652102224,"19":0.5229298475,"20":0.1858594191,"21":0.4842996654},"sentiment_pv":{"0":0.0079829951,"1":0.0971572365,"2":0.6777083993,"3":null,"4":0.3149174286,"5":0.0975423996,"6":0.7628569013,"7":null,"8":0.0000147411,"9":2.314589166e-74,"10":null,"11":2.314589166e-74,"12":0.2645159369,"13":0.212302657,"14":0.096095107,"15":0.5952257415,"16":2.314589166e-74,"17":0.0000002102,"18":0.0003973957,"19":0.0092104281,"20":0.0,"21":0.2556765852},"main_pv":{"0":0.7866674725,"1":0.0118512339,"2":0.6528223193,"3":null,"4":0.6581641836,"5":0.6599839378,"6":0.5125912002,"7":null,"8":0.2547453296,"9":1.087906759e-26,"10":null,"11":0.9456071201,"12":0.5205261264,"13":0.7354014959,"14":0.479883428,"15":0.83617914,"16":0.3757016114,"17":0.0305523074,"18":0.0422781462,"19":0.4839119516,"20":0.0000020962,"21":0.6239013235},"count":{"0":518,"1":995,"2":37,"3":1,"4":92,"5":36,"6":5,"7":1,"8":278,"9":15,"10":1,"11":5,"12":16,"13":28,"14":65,"15":103,"16":36,"17":77,"18":471,"19":2066,"20":172,"21":72},"nb_en":{"0":170,"1":974,"2":10,"3":1,"4":86,"5":5,"6":2,"7":0,"8":15,"9":0,"10":0,"11":0,"12":1,"13":1,"14":64,"15":24,"16":0,"17":1,"18":111,"19":935,"20":6,"21":27},"nb_de":{"0":348,"1":21,"2":27,"3":0,"4":6,"5":31,"6":3,"7":1,"8":263,"9":15,"10":1,"11":5,"12":15,"13":27,"14":1,"15":79,"16":36,"17":76,"18":360,"19":1131,"20":166,"21":45}}