{"canton":{"0":"BE","1":"GE","2":"VS","3":"JU","4":"VD","5":"SO","6":"NE","7":"AG","8":"OW","9":"GR","10":"AR","11":"TG","12":"SH","13":"TI","14":"SZ","15":"LU","16":"BL","17":"BS","18":"ZH","19":"SG","20":"FR","21":"UR"},"main_mean":{"0":0.0005211078,"1":0.0110987221,"2":0.0004654017,"3":-0.1538449704,"4":-0.0031363711,"5":-0.0528021052,"6":0.0,"7":0.0102441554,"8":0.0,"9":0.0096634257,"10":0.00246775,"11":-0.0000099999,"12":0.0011393814,"13":0.0128774922,"14":-0.1412604518,"15":0.0139823904,"16":0.0005739142,"17":-0.0012864693,"18":0.0133216851,"19":-0.0053293252,"20":0.0356667853,"21":-0.0002666637},"sentiment_mean":{"0":0.0967741935,"1":0.1348122867,"2":-0.04,"3":1.0,"4":0.1168831169,"5":0.0,"6":0.0,"7":0.0,"8":0.0,"9":0.0526315789,"10":0.2222222222,"11":0.0,"12":0.1063829787,"13":0.1724137931,"14":0.0,"15":0.0833333333,"16":0.0,"17":0.0503432494,"18":0.1602814699,"19":0.0952380952,"20":-0.03125,"21":0.0},"main_std":{"0":0.1187824023,"1":0.1559506004,"2":0.0616126242,"3":null,"4":0.1727324817,"5":0.2473922875,"6":0.0,"7":0.0914912065,"8":null,"9":0.0573053364,"10":0.0376118644,"11":0.0002359153,"12":0.0617691946,"13":0.1611321226,"14":null,"15":0.0695707715,"16":0.0169679901,"17":0.1090512362,"18":0.130844276,"19":0.0390742241,"20":0.1790562559,"21":0.0003771194},"sentiment_std":{"0":0.4332043792,"1":0.6873084247,"2":0.2,"3":null,"4":0.5843130464,"5":0.316227766,"6":0.0,"7":0.2062842493,"8":null,"9":0.2294157339,"10":0.4409585518,"11":0.0,"12":0.3116605283,"13":0.5662412552,"14":null,"15":0.403881873,"16":0.0,"17":0.4144534605,"18":0.5020632693,"19":0.2971017572,"20":0.1767766953,"21":0.0},"sentiment_pv":{"0":0.3467247592,"1":0.6321753619,"2":0.0005716649,"3":null,"4":0.9570272513,"5":0.0983041115,"6":4.810860063e-38,"7":0.0002879108,"8":null,"9":0.2191566407,"10":0.5092169721,"11":4.810860063e-38,"12":0.7618597198,"13":0.4912319145,"14":null,"15":0.5315874739,"16":4.810860063e-38,"17":0.0013965139,"18":0.0179837745,"19":0.591494168,"20":0.0000411353,"21":4.810860063e-38},"main_pv":{"0":0.2786348177,"1":0.6467947771,"2":0.5558233084,"3":null,"4":0.57750639,"5":0.2741348055,"6":0.000762113,"7":0.8651098396,"8":null,"9":0.8994724359,"10":0.6777918117,"11":0.000756243,"12":0.4676605527,"13":0.8178977741,"14":null,"15":0.5614289956,"16":0.2103626092,"17":0.1070817988,"18":0.2177278611,"19":0.0450396853,"20":0.3892438092,"21":0.0005498575},"count":{"0":341,"1":586,"2":25,"3":1,"4":77,"5":21,"6":2,"7":48,"8":1,"9":19,"10":9,"11":8,"12":47,"13":58,"14":1,"15":48,"16":11,"17":437,"18":1279,"19":42,"20":32,"21":2},"nb_en":{"0":128,"1":582,"2":4,"3":1,"4":62,"5":3,"6":2,"7":4,"8":0,"9":1,"10":2,"11":2,"12":3,"13":56,"14":0,"15":11,"16":0,"17":137,"18":580,"19":5,"20":6,"21":0},"nb_de":{"0":213,"1":4,"2":21,"3":0,"4":15,"5":18,"6":0,"7":44,"8":1,"9":18,"10":7,"11":6,"12":44,"13":2,"14":1,"15":37,"16":11,"17":300,"18":699,"19":37,"20":26,"21":2}}