{"canton":{"0":"BE","1":"GE","2":"VS","3":"VD","4":"NW","5":"SO","6":"AI","7":"NE","8":"AG","9":"OW","10":"GR","11":"AR","12":"TG","13":"SH","14":"TI","15":"SZ","16":"LU","17":"BL","18":"GL","19":"BS","20":"ZH","21":"SG","22":"FR","23":"UR"},"main_mean":{"0":0.0050516266,"1":0.0015834431,"2":0.0026167201,"3":-0.0053473252,"4":0.0266497335,"5":-0.0111634399,"6":-0.0088349117,"7":0.0013631027,"8":-0.0746423915,"9":0.053299467,"10":0.0153958021,"11":-0.0613266663,"12":-0.001034122,"13":-0.0018236154,"14":0.003116268,"15":0.1710489356,"16":0.0186808432,"17":0.0144395746,"18":0.0109765572,"19":0.0032218894,"20":0.0095781478,"21":0.0584388658,"22":0.0121790603,"23":0.0104399028},"sentiment_mean":{"0":0.0527638191,"1":0.1221374046,"2":0.06,"3":0.1278195489,"4":0.0,"5":-0.0285714286,"6":0.0,"7":0.1379310345,"8":0.0304878049,"9":0.0,"10":0.0149253731,"11":0.25,"12":0.0416666667,"13":0.0102040816,"14":0.1171875,"15":0.0909090909,"16":0.0640394089,"17":0.0322580645,"18":0.0,"19":0.0601173021,"20":0.1331480546,"21":0.203125,"22":0.0754716981,"23":0.0},"main_std":{"0":0.086120676,"1":0.1336810841,"2":0.112386001,"3":0.1377177268,"4":0.0376884146,"5":0.0623506672,"6":0.0176698233,"7":0.0700248192,"8":0.3069829058,"9":null,"10":0.0579443659,"11":0.083210007,"12":0.0563890411,"13":0.0344433637,"14":0.1500095096,"15":0.4121981258,"16":0.1346097827,"17":0.0575277248,"18":0.0150517954,"19":0.0943568137,"20":0.1292644905,"21":0.1468049039,"22":0.0980221414,"23":0.0239723025},"sentiment_std":{"0":0.3207379847,"1":0.6911966295,"2":0.4242640687,"3":0.6561311518,"4":0.0,"5":0.2956263824,"6":0.0,"7":0.4411136824,"8":0.2049623783,"9":null,"10":0.212669705,"11":0.5,"12":0.2041241452,"13":0.1010152545,"14":0.5968565128,"15":0.53935989,"16":0.3312703398,"17":0.179605302,"18":0.0,"19":0.3992194856,"20":0.4901947273,"21":0.4229512918,"22":0.3847604951,"23":0.0},"sentiment_pv":{"0":0.0000088799,"1":0.4829638498,"2":0.4172662619,"3":0.7463594891,"4":3.630583332e-83,"5":0.0095772057,"6":3.630583332e-83,"7":0.7298029623,"8":0.000005988,"9":null,"10":0.0006805459,"11":0.6129151751,"12":0.1208790158,"13":0.0,"14":0.8819036945,"15":0.9122873659,"16":0.0597308692,"17":0.0249730659,"18":3.630583332e-83,"19":0.0025933889,"20":0.01288444,"21":0.0142982861,"22":0.5272804311,"23":3.630583332e-83},"main_pv":{"0":0.7860326052,"1":0.2318690213,"2":0.8345241764,"3":0.3485069088,"4":0.5796892403,"5":0.116192461,"6":0.1921018954,"7":0.7274195446,"8":0.0009800547,"9":null,"10":0.1960594022,"11":0.2041908842,"12":0.5518161388,"13":0.0404676229,"14":0.8310171902,"15":0.213625356,"16":0.1848803636,"17":0.4229193272,"18":0.7199944927,"19":0.4803475434,"20":0.1502742771,"21":0.0000983329,"22":0.648338425,"23":0.6998050448},"count":{"0":796,"1":1572,"2":50,"3":133,"4":2,"5":35,"6":4,"7":29,"8":164,"9":1,"10":67,"11":4,"12":24,"13":98,"14":128,"15":11,"16":203,"17":31,"18":2,"19":682,"20":3958,"21":128,"22":53,"23":5},"nb_en":{"0":153,"1":1553,"2":14,"3":114,"4":1,"5":3,"6":1,"7":22,"8":33,"9":0,"10":3,"11":2,"12":0,"13":5,"14":125,"15":5,"16":40,"17":2,"18":0,"19":198,"20":1743,"21":18,"22":19,"23":0},"nb_de":{"0":643,"1":19,"2":36,"3":19,"4":1,"5":32,"6":3,"7":7,"8":131,"9":1,"10":64,"11":2,"12":24,"13":93,"14":3,"15":6,"16":163,"17":29,"18":2,"19":484,"20":2215,"21":110,"22":34,"23":5}}