{"canton":{"0":"BE","1":"GR","2":"FR","3":"AR","4":"TI","5":"VS","6":"SH","7":"TG","8":"BS","9":"OW","10":"ZH","11":"NE","12":"BL","13":"SZ","14":"LU","15":"NW","16":"GE","17":"JU","18":"GL","19":"AG","20":"SO","21":"SG","22":"UR","23":"VD"},"main_mean":{"0":0.0055955325,"1":0.0106979084,"2":0.0111449946,"3":0.0208138511,"4":-0.017345081,"5":0.0089796412,"6":0.0147031109,"7":0.0048152044,"8":0.0169062636,"9":0.0002222198,"10":0.0152779069,"11":0.017995797,"12":0.006516498,"13":0.0001904735,"14":0.0272994349,"15":-0.0055851391,"16":-0.0003116667,"17":0.0,"18":0.0006153799,"19":0.0315261206,"20":0.0088585631,"21":0.0320653856,"22":0.0040368089,"23":0.0136697435},"sentiment_mean":{"0":0.0648918469,"1":0.08,"2":0.0714285714,"3":0.0769230769,"4":0.0384615385,"5":0.1132075472,"6":0.0294117647,"7":0.0,"8":0.0451612903,"9":0.0,"10":0.1224199288,"11":0.2142857143,"12":0.0,"13":0.0,"14":0.0661764706,"15":0.0,"16":0.0730223124,"17":0.5,"18":0.0,"19":0.1212121212,"20":0.0,"21":0.0721649485,"22":0.0,"23":0.0701754386},"main_std":{"0":0.0912885947,"1":0.0786426429,"2":0.0968551174,"3":0.0558708713,"4":0.1131164486,"5":0.0716863539,"6":0.0767410841,"7":0.0191947554,"8":0.1182699201,"9":0.0003142662,"10":0.1171613807,"11":0.0357255959,"12":0.0420054541,"13":0.0003299097,"14":0.1213010205,"15":0.0100610949,"16":0.1171743889,"17":0.0,"18":null,"19":0.1382659238,"20":0.0199911884,"21":0.1324407129,"22":0.0083376798,"23":0.1471496763},"sentiment_std":{"0":0.3378096554,"1":0.2768874621,"2":0.3416500237,"3":0.2773500981,"4":0.5684864318,"5":0.3752115997,"6":0.242535625,"7":0.0,"8":0.3715404005,"9":0.0,"10":0.4712781317,"11":0.5789342235,"12":0.0,"13":0.0,"14":0.348588814,"15":0.0,"16":0.7243007435,"17":0.7071067812,"18":null,"19":0.3577916185,"20":0.0,"21":0.3607695098,"22":0.0,"23":0.5755996987},"sentiment_pv":{"0":0.0590459992,"1":0.8069925972,"2":0.6762141033,"3":0.8308611644,"4":0.3952601031,"5":0.7098413494,"6":0.0360627037,"7":4.77888453e-45,"8":0.0086367167,"9":4.77888453e-45,"10":0.0096961931,"11":0.4503486115,"12":4.77888453e-45,"13":4.77888453e-45,"14":0.3687905381,"15":4.77888453e-45,"16":0.3872977072,"17":0.5656295215,"18":null,"19":0.4546070638,"20":4.77888453e-45,"21":0.5628428454,"22":4.77888453e-45,"23":0.6647584843},"main_pv":{"0":0.1216635527,"1":0.9437113081,"2":0.9641033948,"3":0.5741969833,"4":0.0264572063,"5":0.7762625647,"6":0.7610872619,"7":0.1366289237,"8":0.3722835356,"9":0.0,"10":0.1977033835,"11":0.5338432328,"12":0.6350683124,"13":0.0,"14":0.1432120249,"15":0.0867302523,"16":0.0026334319,"17":0.0,"18":null,"19":0.1618204278,"20":0.4446170342,"21":0.1379359755,"22":0.106202137,"23":0.8943903365},"count":{"0":601,"1":25,"2":42,"3":13,"4":78,"5":53,"6":68,"7":20,"8":465,"9":2,"10":2810,"11":14,"12":15,"13":3,"14":136,"15":3,"16":986,"17":2,"18":1,"19":99,"20":32,"21":97,"22":5,"23":114},"nb_en":{"0":149,"1":4,"2":14,"3":1,"4":76,"5":15,"6":6,"7":0,"8":124,"9":0,"10":1150,"11":12,"12":2,"13":1,"14":23,"15":0,"16":980,"17":1,"18":0,"19":17,"20":0,"21":15,"22":0,"23":86},"nb_de":{"0":452,"1":21,"2":28,"3":12,"4":2,"5":38,"6":62,"7":20,"8":341,"9":2,"10":1660,"11":2,"12":13,"13":2,"14":113,"15":3,"16":6,"17":1,"18":1,"19":82,"20":32,"21":82,"22":5,"23":28}}