{"canton":{"0":"BE","1":"GE","2":"VS","3":"JU","4":"VD","5":"NW","6":"SO","7":"NE","8":"GL","9":"AG","10":"OW","11":"GR","12":"AR","13":"TG","14":"UR","15":"TI","16":"SZ","17":"LU","18":"BL","19":"SH","20":"BS","21":"ZH","22":"SG","23":"FR"},"main_mean":{"0":0.0088762303,"1":0.0224599397,"2":0.0097781476,"3":0.0,"4":0.0309814818,"5":0.0087146371,"6":0.076020651,"7":-0.0167859361,"8":0.0,"9":0.0335864753,"10":0.007452671,"11":0.0255493655,"12":0.0030984373,"13":0.0039026623,"14":-0.0570525706,"15":-0.0119398964,"16":-0.0668173038,"17":0.0049519651,"18":-0.0053311116,"19":-0.0006683718,"20":0.0100066635,"21":0.0134744436,"22":0.0342655329,"23":-0.0063899382},"sentiment_mean":{"0":0.0541666667,"1":0.1535008977,"2":0.0555555556,"3":0.0,"4":0.1188118812,"5":0.0,"6":0.0869565217,"7":0.0,"8":0.0,"9":0.0729613734,"10":0.0,"11":0.0,"12":0.0,"13":0.04,"14":0.25,"15":-0.043956044,"16":0.0,"17":0.11875,"18":-0.0277777778,"19":0.0526315789,"20":0.0319829424,"21":0.120596636,"22":0.1720430108,"23":0.012987013},"main_std":{"0":0.0995463487,"1":0.1364300452,"2":0.0794662983,"3":null,"4":0.1706628675,"5":0.0191160289,"6":0.2554285638,"7":0.0618301744,"8":null,"9":0.1246018045,"10":0.0173713209,"11":0.111973366,"12":0.0064841925,"13":0.0286625461,"14":0.1373460396,"15":0.066622601,"16":0.149313439,"17":0.0728099495,"18":0.0336985516,"19":0.0173202114,"20":0.1146717084,"21":0.1071462304,"22":0.202700968,"23":0.0678540323},"sentiment_std":{"0":0.3782830327,"1":0.6892522,"2":0.2323106841,"3":null,"4":0.5529399373,"5":0.0,"6":0.2881040655,"7":0.4472135955,"8":null,"9":0.2766771479,"10":0.0,"11":0.246182982,"12":0.0,"13":0.2,"14":0.4629100499,"15":0.575655914,"16":0.7071067812,"17":0.32450979,"18":0.1666666667,"19":0.2677097926,"20":0.3826366463,"21":0.4867036119,"22":0.480571578,"23":0.3438752257},"sentiment_pv":{"0":0.0011966175,"1":0.0221899216,"2":0.2229835388,"3":null,"4":0.7917265998,"5":9.693346214e-63,"6":0.7784251315,"7":0.4581127287,"8":null,"9":0.1043423114,"10":9.693346214e-63,"11":0.0199352926,"12":9.693346214e-63,"13":0.1254276009,"14":0.4026822896,"15":0.0165338732,"16":0.7584376497,"17":0.5808164039,"18":0.0000399812,"19":0.0700748252,"20":0.0001275495,"21":0.1222205141,"22":0.1795799032,"23":0.0241718924},"main_pv":{"0":0.1616431194,"1":0.0640058251,"2":0.72842187,"3":null,"4":0.3339961316,"5":0.5431493552,"6":0.2601390097,"7":0.1254974335,"8":null,"9":0.0216634077,"10":0.3751983858,"11":0.5678389788,"12":0.0121424791,"13":0.0856118033,"14":0.184521095,"15":0.0003548284,"16":0.2905755588,"17":0.111282416,"18":0.0014941441,"19":0.0000000002,"20":0.4190693632,"21":0.6848935066,"22":0.3491006042,"23":0.0096865323},"count":{"0":720,"1":1114,"2":36,"3":1,"4":101,"5":5,"6":23,"7":11,"8":1,"9":233,"10":6,"11":34,"12":5,"13":25,"14":8,"15":91,"16":5,"17":160,"18":36,"19":95,"20":469,"21":3151,"22":93,"23":77},"nb_en":{"0":208,"1":1104,"2":11,"3":1,"4":84,"5":0,"6":3,"7":4,"8":0,"9":13,"10":0,"11":2,"12":0,"13":1,"14":2,"15":83,"16":2,"17":37,"18":3,"19":7,"20":111,"21":1385,"22":18,"23":19},"nb_de":{"0":512,"1":10,"2":25,"3":0,"4":17,"5":5,"6":20,"7":7,"8":1,"9":220,"10":6,"11":32,"12":5,"13":24,"14":6,"15":8,"16":3,"17":123,"18":33,"19":88,"20":358,"21":1766,"22":75,"23":58}}