{"canton":{"0":"AG","1":"BE","2":"BL","3":"BS","4":"FR","5":"GE","6":"GR","7":"JU","8":"LU","9":"NE","10":"SG","11":"SH","12":"SO","13":"SZ","14":"TG","15":"TI","16":"UR","17":"VD","18":"VS","19":"ZH"},"main_mean":{"0":0.0182688762,"1":0.0102517405,"2":-0.0666653334,"3":0.0018474482,"4":-0.0203064611,"5":0.0121895299,"6":0.0,"7":0.0,"8":0.0067872391,"9":-0.0384612426,"10":0.0148505509,"11":-0.0089285156,"12":0.0,"13":-0.0416663194,"14":0.0833326389,"15":-0.0126233665,"16":-0.0499995,"17":0.0036088441,"18":-0.0010100797,"19":0.0103267842},"sentiment_mean":{"0":0.1538461538,"1":0.1538461538,"2":-0.3333333333,"3":0.027027027,"4":0.0526315789,"5":0.1548913043,"6":0.0,"7":0.0,"8":0.4324324324,"9":0.0,"10":0.3888888889,"11":0.4285714286,"12":0.0,"13":0.0,"14":1.0,"15":-0.0481927711,"16":1.0,"17":0.1428571429,"18":0.1818181818,"19":0.2209386282},"vader_mean":{"0":0.1321461538,"1":0.1379110577,"2":-0.3292666667,"3":0.0812198198,"4":0.0357105263,"5":0.1142910326,"6":0.3182,"7":0.0,"8":0.2936648649,"9":-0.29625,"10":0.2394777778,"11":0.3357428571,"12":0.1133333333,"13":0.4735,"14":0.0,"15":0.0302481928,"16":0.7043,"17":0.0836369048,"18":0.1567636364,"19":0.1481370397},"main_std":{"0":0.0642687245,"1":0.0990226316,"2":0.1154677445,"3":0.1413008871,"4":0.0999927596,"5":0.0838847232,"6":0.0,"7":null,"8":0.045886944,"9":0.0769224852,"10":0.0585723732,"11":0.0236226319,"12":0.0,"13":0.0589250741,"14":null,"15":0.0619673184,"16":0.070709971,"17":0.092319815,"18":0.0472588423,"19":0.0934983479},"sentiment_std":{"0":0.5547001962,"1":0.6705572096,"2":0.5773502692,"3":0.7193363034,"4":0.7050361859,"5":0.6922139098,"6":1.4142135624,"7":null,"8":0.5022472023,"9":0.8164965809,"10":0.777544316,"11":0.7867957925,"12":0.0,"13":1.4142135624,"14":null,"15":0.6029119269,"16":0.0,"17":0.6040597023,"18":0.4045199175,"19":0.6834082281},"vader_std":{"0":0.3685698274,"1":0.3526830404,"2":0.2996271071,"3":0.3382359789,"4":0.3949671391,"5":0.3863032853,"6":0.0,"7":null,"8":0.3312982151,"9":0.4088753804,"10":0.4767820597,"11":0.551399921,"12":0.1962990915,"13":0.418041529,"14":null,"15":0.277718034,"16":0.1531593288,"17":0.3803257519,"18":0.2204200457,"19":0.3659267346},"count":{"0":13,"1":208,"2":3,"3":111,"4":19,"5":1104,"6":2,"7":1,"8":37,"9":4,"10":18,"11":7,"12":3,"13":2,"14":1,"15":83,"16":2,"17":84,"18":11,"19":1385}}