{"canton":{"0":"BE","1":"AG","2":"FR","3":"GE","4":"BL","5":"GR","6":"JU","7":"VS","8":"TG","9":"AR","10":"LU","11":"TI","12":"AI","13":"ZH","14":"SO","15":"VD","16":"SH","17":"BS","18":"SG","19":"OW"},"main_mean":{"0":0.0105977427,"1":-0.0123054636,"2":0.0055732238,"3":0.003125178,"4":-0.0624996094,"5":0.0,"6":0.0,"7":-0.0585755596,"8":0.0,"9":0.0277777006,"10":0.0205533274,"11":-0.0036648787,"12":0.0,"13":0.0146975243,"14":0.0695209162,"15":0.0081831993,"16":-0.0972214988,"17":-0.0020005393,"18":-0.0240492533,"19":-0.1111098766},"sentiment_mean":{"0":0.1592356688,"1":0.3888888889,"2":0.125,"3":0.0806845966,"4":-1.0,"5":0.0,"6":0.5,"7":-0.125,"8":0.0,"9":1.0,"10":0.2121212121,"11":0.1084337349,"12":0.0,"13":0.2970414201,"14":0.2,"15":0.1485148515,"16":-0.3333333333,"17":0.1230769231,"18":0.0625,"19":-1.0},"vader_mean":{"0":0.1273585987,"1":0.1741055556,"2":0.1330333333,"3":0.0649845966,"4":0.7003,"5":0.0,"6":0.29295,"7":0.060225,"8":0.07555,"9":0.0406,"10":0.1202545455,"11":0.055846988,"12":0.0,"13":0.1481532544,"14":0.08305,"15":0.1339673267,"16":-0.2356333333,"17":0.1561192308,"18":0.01240625,"19":0.0},"main_std":{"0":0.0904686342,"1":0.0428748918,"2":0.05430764,"3":0.1017625565,"4":null,"5":null,"6":0.0,"7":0.1143283806,"8":0.0,"9":null,"10":0.0740619914,"11":0.1245093758,"12":null,"13":0.1014232539,"14":0.1670622562,"15":0.1024218813,"16":0.0867354022,"17":0.0884351725,"18":0.1330407137,"19":null},"sentiment_std":{"0":0.6150834229,"1":0.6076849889,"2":0.6796738348,"3":0.7124309897,"4":null,"5":null,"6":0.7071067812,"7":0.8345229604,"8":0.0,"9":null,"10":0.5998737241,"11":0.6986406347,"12":null,"13":0.6888091616,"14":0.632455532,"15":0.6540051776,"16":1.1547005384,"17":0.7154484105,"18":0.6800735254,"19":null},"vader_std":{"0":0.3669400597,"1":0.4142564515,"2":0.2644403848,"3":0.427016078,"4":null,"5":null,"6":0.4142938631,"7":0.2554473765,"8":0.1068438346,"9":null,"10":0.3159621102,"11":0.3672307221,"12":null,"13":0.3676971584,"14":0.2838462035,"15":0.4005019825,"16":0.2859762636,"17":0.4108976481,"18":0.3353925888,"19":null},"sentiment_pv":{"0":0.7236123926,"1":0.159735628,"2":0.7106737476,"3":0.0008480154,"4":null,"5":null,"6":0.6351810615,"7":0.3399316592,"8":1.433120441e-32,"9":null,"10":0.7439077152,"11":0.3796050326,"12":null,"13":0.000018833,"14":0.9126558529,"15":0.6660577366,"16":0.523718193,"17":0.4008147162,"18":0.510907969,"19":null},"vader_pv":{"0":0.5823130053,"1":0.5254103832,"2":0.6847245965,"3":0.0076478404,"4":null,"5":null,"6":0.6455126836,"7":0.5956790045,"8":0.7235372699,"9":null,"10":0.8631058696,"11":0.1868116123,"12":null,"13":0.0130707044,"14":0.7668027131,"15":0.5669211472,"16":0.170613747,"17":0.2202406826,"18":0.261749801,"19":null},"main_pv":{"0":0.6804084564,"1":0.0707433445,"2":0.8663223726,"3":0.2919026314,"4":null,"5":null,"6":0.0004217497,"7":0.1464097372,"8":0.0004217497,"9":null,"10":0.3246319017,"11":0.4220277299,"12":null,"13":0.0778921367,"14":0.2707487453,"15":0.9472595913,"16":0.1714304473,"17":0.239642181,"18":0.3588103614,"19":null},"count":{"0":157,"1":18,"2":24,"3":818,"4":1,"5":1,"6":2,"7":8,"8":2,"9":1,"10":33,"11":83,"12":1,"13":845,"14":10,"15":101,"16":3,"17":130,"18":16,"19":1}}