{"canton":{"0":"BE","1":"GE","2":"VS","3":"VD","4":"NW","5":"SO","6":"NE","7":"GL","8":"AG","9":"UR","10":"AR","11":"TG","12":"GR","13":"TI","14":"SZ","15":"LU","16":"BL","17":"SH","18":"BS","19":"ZH","20":"SG","21":"FR"},"main_mean":{"0":0.0112903784,"1":-0.0000321486,"2":-0.0131782411,"3":0.027867079,"4":0.0,"5":0.0152289718,"6":-0.0577527455,"7":-0.0186907392,"8":0.0104864591,"9":0.0002857102,"10":-0.000338305,"11":0.0060580496,"12":0.0079612891,"13":-0.0011482585,"14":0.2204981151,"15":0.0084498003,"16":-0.0009010932,"17":-0.0012246113,"18":0.0138099286,"19":0.0111876506,"20":0.0202153948,"21":-0.0245342435},"sentiment_mean":{"0":0.0683491062,"1":0.09765625,"2":0.0357142857,"3":0.1404494382,"4":0.0,"5":0.0188679245,"6":0.1538461538,"7":0.0,"8":0.031496063,"9":0.0,"10":0.6363636364,"11":-0.0416666667,"12":0.0322580645,"13":0.1129032258,"14":0.5238095238,"15":0.0445544554,"16":-0.0303030303,"17":0.04,"18":0.0345864662,"19":0.1072925398,"20":0.0633802817,"21":0.0461538462},"main_std":{"0":0.107716404,"1":0.134259205,"2":0.118045863,"3":0.1873639132,"4":null,"5":0.0553288753,"6":0.1262009151,"7":null,"8":0.118043625,"9":0.0004040552,"10":0.0920378994,"11":0.043514765,"12":0.032675453,"13":0.1914782552,"14":0.2960557887,"15":0.0791450334,"16":0.034941102,"17":0.0298166911,"18":0.108376371,"19":0.1272722474,"20":0.0931935813,"21":0.1270515806},"sentiment_std":{"0":0.3620952304,"1":0.6978090188,"2":0.3796786064,"3":0.6616567293,"4":null,"5":0.1373605639,"6":0.6887372317,"7":null,"8":0.1753458204,"9":0.0,"10":0.5045249791,"11":0.2041241452,"12":0.179605302,"13":0.6402448391,"14":0.6015852075,"15":0.2873710821,"16":0.174077656,"17":0.2567994275,"18":0.3475484522,"19":0.4830265078,"20":0.3413529346,"21":0.513285046},"sentiment_pv":{"0":0.0994892637,"1":0.7013020964,"2":0.2934148765,"3":0.3122157104,"4":null,"5":0.0006295596,"6":0.7435352111,"7":null,"8":0.0005555821,"9":3.318409334e-55,"10":0.0049067232,"11":0.0045936233,"12":0.0882550532,"13":0.6907115148,"14":0.0035427249,"15":0.0320384464,"16":0.0004298995,"17":0.1026151389,"18":0.0001683991,"19":0.0777473678,"20":0.3660085753,"21":0.4965389756},"main_pv":{"0":0.6536478436,"1":0.0166904769,"2":0.1560823741,"3":0.1972037243,"4":null,"5":0.4694322333,"6":0.0785158833,"7":null,"8":0.9329536973,"9":0.0000000004,"10":0.7281218892,"11":0.6976726346,"12":0.7884748642,"13":0.53466719,"14":0.0038830376,"15":0.8423021871,"16":0.1018045082,"17":0.0045680639,"18":0.3429355907,"19":0.5350963842,"20":0.183691873,"21":0.0347215877},"count":{"0":951,"1":1280,"2":56,"3":178,"4":1,"5":53,"6":13,"7":1,"8":127,"9":2,"10":11,"11":24,"12":31,"13":124,"14":21,"15":202,"16":33,"17":75,"18":665,"19":3579,"20":142,"21":65},"nb_en":{"0":281,"1":1259,"2":18,"3":163,"4":0,"5":3,"6":12,"7":0,"8":16,"9":0,"10":8,"11":2,"12":2,"13":120,"14":17,"15":26,"16":0,"17":6,"18":146,"19":1541,"20":19,"21":44},"nb_de":{"0":670,"1":21,"2":38,"3":15,"4":1,"5":50,"6":1,"7":1,"8":111,"9":2,"10":3,"11":22,"12":29,"13":4,"14":4,"15":176,"16":33,"17":69,"18":519,"19":2038,"20":123,"21":21}}