{"canton":{"0":"BE","1":"GR","2":"FR","3":"AR","4":"TI","5":"VS","6":"SH","7":"TG","8":"SO","9":"OW","10":"ZH","11":"NE","12":"BL","13":"SZ","14":"LU","15":"BS","16":"NW","17":"GE","18":"GL","19":"AG","20":"SG","21":"AI","22":"UR","23":"VD"},"main_mean":{"0":0.0050516266,"1":0.0153958021,"2":0.0121790603,"3":-0.0613266663,"4":0.003116268,"5":0.0026167201,"6":-0.0018236154,"7":-0.001034122,"8":-0.0111634399,"9":0.053299467,"10":0.0095781478,"11":0.0013631027,"12":0.0144395746,"13":0.1710489356,"14":0.0186808432,"15":0.0032218894,"16":0.0266497335,"17":0.0015834431,"18":0.0109765572,"19":-0.0746423915,"20":0.0584388658,"21":-0.0088349117,"22":0.0104399028,"23":-0.0053473252},"sentiment_mean":{"0":0.0527638191,"1":0.0149253731,"2":0.0754716981,"3":0.25,"4":0.1171875,"5":0.06,"6":0.0102040816,"7":0.0416666667,"8":-0.0285714286,"9":0.0,"10":0.1331480546,"11":0.1379310345,"12":0.0322580645,"13":0.0909090909,"14":0.0640394089,"15":0.0601173021,"16":0.0,"17":0.1221374046,"18":0.0,"19":0.0304878049,"20":0.203125,"21":0.0,"22":0.0,"23":0.1278195489},"main_std":{"0":0.086120676,"1":0.0579443659,"2":0.0980221414,"3":0.083210007,"4":0.1500095096,"5":0.112386001,"6":0.0344433637,"7":0.0563890411,"8":0.0623506672,"9":null,"10":0.1292644905,"11":0.0700248192,"12":0.0575277248,"13":0.4121981258,"14":0.1346097827,"15":0.0943568137,"16":0.0376884146,"17":0.1336810841,"18":0.0150517954,"19":0.3069829058,"20":0.1468049039,"21":0.0176698233,"22":0.0239723025,"23":0.1377177268},"sentiment_std":{"0":0.3207379847,"1":0.212669705,"2":0.3847604951,"3":0.5,"4":0.5968565128,"5":0.4242640687,"6":0.1010152545,"7":0.2041241452,"8":0.2956263824,"9":null,"10":0.4901947273,"11":0.4411136824,"12":0.179605302,"13":0.53935989,"14":0.3312703398,"15":0.3992194856,"16":0.0,"17":0.6911966295,"18":0.0,"19":0.2049623783,"20":0.4229512918,"21":0.0,"22":0.0,"23":0.6561311518},"sentiment_pv":{"0":0.0000088799,"1":0.0006805459,"2":0.5272804311,"3":0.6129151751,"4":0.8819036945,"5":0.4172662619,"6":0.0,"7":0.1208790158,"8":0.0095772057,"9":null,"10":0.01288444,"11":0.7298029623,"12":0.0249730659,"13":0.9122873659,"14":0.0597308692,"15":0.0025933889,"16":3.630583332e-83,"17":0.4829638498,"18":3.630583332e-83,"19":0.000005988,"20":0.0142982861,"21":3.630583332e-83,"22":3.630583332e-83,"23":0.7463594891},"main_pv":{"0":0.7860326052,"1":0.1960594022,"2":0.648338425,"3":0.2041908842,"4":0.8310171902,"5":0.8345241764,"6":0.0404676229,"7":0.5518161388,"8":0.116192461,"9":null,"10":0.1502742771,"11":0.7274195446,"12":0.4229193272,"13":0.213625356,"14":0.1848803636,"15":0.4803475434,"16":0.5796892403,"17":0.2318690213,"18":0.7199944927,"19":0.0009800547,"20":0.0000983329,"21":0.1921018954,"22":0.6998050448,"23":0.3485069088},"count":{"0":796,"1":67,"2":53,"3":4,"4":128,"5":50,"6":98,"7":24,"8":35,"9":1,"10":3958,"11":29,"12":31,"13":11,"14":203,"15":682,"16":2,"17":1572,"18":2,"19":164,"20":128,"21":4,"22":5,"23":133},"nb_en":{"0":153,"1":3,"2":19,"3":2,"4":125,"5":14,"6":5,"7":0,"8":3,"9":0,"10":1743,"11":22,"12":2,"13":5,"14":40,"15":198,"16":1,"17":1553,"18":0,"19":33,"20":18,"21":1,"22":0,"23":114},"nb_de":{"0":643,"1":64,"2":34,"3":2,"4":3,"5":36,"6":93,"7":24,"8":32,"9":1,"10":2215,"11":7,"12":29,"13":6,"14":163,"15":484,"16":1,"17":19,"18":2,"19":131,"20":110,"21":3,"22":5,"23":19}}