{"canton":{"0":"AG","1":"BE","2":"BL","3":"BS","4":"FR","5":"GE","6":"GR","7":"JU","8":"LU","9":"NE","10":"OW","11":"SG","12":"SH","13":"SO","14":"TG","15":"TI","16":"VD","17":"VS","18":"ZH"},"main_mean":{"0":0.0059171142,"1":0.0101453657,"2":0.0,"3":-0.0168082427,"4":-0.0290904265,"5":0.0002503271,"6":-0.0291661076,"7":0.0,"8":0.0333852948,"9":-0.0322211346,"10":0.0,"11":-0.01999371,"12":-0.0221937117,"13":0.0,"14":0.0,"15":-0.014657323,"16":0.0283424955,"17":0.0188188634,"18":0.00935817},"sentiment_mean":{"0":0.4615384615,"1":0.225433526,"2":1.0,"3":0.0204081633,"4":0.1,"5":0.0778894472,"6":0.0,"7":1.0,"8":0.2571428571,"9":0.1,"10":0.0,"11":0.0,"12":-0.2857142857,"13":0.5,"14":0.0,"15":0.0277777778,"16":0.3152173913,"17":0.1666666667,"18":0.3018867925},"vader_mean":{"0":0.2450384615,"1":0.1738213873,"2":0.0,"3":0.1341326531,"4":0.11067,"5":0.0989123116,"6":0.26025,"7":0.7345,"8":0.2254085714,"9":0.21275,"10":0.0,"11":0.0326909091,"12":-0.1809285714,"13":0.0,"14":0.0,"15":-0.0103944444,"16":0.2174195652,"17":0.131125,"18":0.1570037736},"main_std":{"0":0.0213344588,"1":0.0986278604,"2":null,"3":0.0843825124,"4":0.0664999444,"5":0.1139629762,"6":0.1355273806,"7":null,"8":0.1522688664,"9":0.1169363044,"10":0.0,"11":0.106725636,"12":0.0468369266,"13":0.0,"14":0.0,"15":0.1091457909,"16":0.1061054567,"17":0.0633439543,"18":0.0926662238},"sentiment_std":{"0":0.6602252918,"1":0.6828807503,"2":null,"3":0.7862162006,"4":0.5676462122,"5":0.7138969627,"6":0.0,"7":null,"8":0.7005400078,"9":0.7378647874,"10":0.0,"11":0.7745966692,"12":0.755928946,"13":0.7071067812,"14":0.0,"15":0.6914410798,"16":0.7252032353,"17":0.7177405626,"18":0.6962710786},"vader_std":{"0":0.4108016219,"1":0.3746693992,"2":null,"3":0.4058892777,"4":0.2430501368,"5":0.3975343197,"6":0.0819536759,"7":null,"8":0.3279218911,"9":0.4198932834,"10":0.0,"11":0.3086602905,"12":0.5621119334,"13":0.0,"14":0.0,"15":0.3710665416,"16":0.4369523831,"17":0.3200558279,"18":0.3730697781},"count":{"0":13,"1":173,"2":1,"3":98,"4":10,"5":796,"6":2,"7":1,"8":35,"9":10,"10":2,"11":11,"12":7,"13":2,"14":4,"15":72,"16":92,"17":12,"18":1060}}