{"canton":{"0":"TG","1":"BE","2":"FR","3":"AR","4":"TI","5":"VS","6":"SH","7":"GR","8":"SO","9":"OW","10":"ZH","11":"NE","12":"BL","13":"SZ","14":"LU","15":"BS","16":"NW","17":"GE","18":"JU","19":"GL","20":"AG","21":"SG","22":"UR","23":"VD"},"main_mean":{"0":-0.0011448259,"1":0.0048072445,"2":-0.013690276,"3":0.1264250473,"4":0.0116247529,"5":0.0015816788,"6":0.0117914163,"7":0.0167864183,"8":0.0282685101,"9":-0.0147056967,"10":0.010895107,"11":0.0119871205,"12":-0.0025630529,"13":-0.0075368649,"14":0.0020699912,"15":0.000681162,"16":0.000199998,"17":0.0027720698,"18":-0.0238093537,"19":0.0,"20":0.0007311799,"21":0.0289330163,"22":0.0,"23":0.013478583},"sentiment_mean":{"0":0.0,"1":0.0694087404,"2":0.0634920635,"3":0.3333333333,"4":0.1262135922,"5":0.0227272727,"6":0.1071428571,"7":0.0,"8":0.0597014925,"9":0.0,"10":0.1434130072,"11":0.2857142857,"12":0.0322580645,"13":0.25,"14":0.0469483568,"15":0.0195804196,"16":0.0,"17":0.1157742402,"18":0.0,"19":0.5,"20":0.0584415584,"21":0.0625,"22":0.0,"23":0.2},"main_std":{"0":0.0199856713,"1":0.0977322086,"2":0.1015615309,"3":0.217778163,"4":0.1475840165,"5":0.0608625001,"6":0.0830744498,"7":0.0655481879,"8":0.0998871194,"9":0.0542586286,"10":0.1311134099,"11":0.0614713141,"12":0.0147818133,"13":0.0496304802,"14":0.1175550512,"15":0.0877073829,"16":0.0002828399,"17":0.1320965591,"18":0.0412390104,"19":0.0,"20":0.1509841911,"21":0.1223801229,"22":0.0,"23":0.1636054853},"sentiment_std":{"0":0.2886751346,"1":0.3482848729,"2":0.3534628635,"3":0.5,"4":0.571883912,"5":0.3402212935,"6":0.3111524301,"7":0.2062842493,"8":0.2954501965,"9":0.0,"10":0.4780412751,"11":0.4688072309,"12":0.179605302,"13":0.4629100499,"14":0.3603622158,"15":0.3505215684,"16":0.0,"17":0.7217908182,"18":0.0,"19":0.7071067812,"20":0.415972174,"21":0.3787097208,"22":0.0,"23":0.5960066112},"sentiment_pv":{"0":0.0685849775,"1":0.0028660618,"2":0.2987284742,"3":0.2182317554,"4":0.7825577598,"5":0.0959367832,"6":0.9216603575,"7":0.0006317711,"8":0.1687680274,"9":2.31431446e-79,"10":0.0008514685,"11":0.185818896,"12":0.022991847,"13":0.4225501502,"14":0.0128365855,"15":0.0000000003,"16":2.31431446e-79,"17":0.7961599518,"18":2.31431446e-79,"19":0.5787060349,"20":0.1275822497,"21":0.2219181613,"22":2.31431446e-79,"23":0.0853399948},"main_pv":{"0":0.048231668,"1":0.4627026234,"2":0.1033594024,"3":0.1402847917,"4":0.7826856871,"5":0.5212113961,"6":0.6476875503,"7":0.3408194143,"8":0.0968480371,"9":0.4106831016,"10":0.2039044109,"11":0.7935982441,"12":0.0014577215,"13":0.4184516523,"14":0.5008529068,"15":0.053673721,"16":0.000000278,"17":0.2086225791,"18":0.3179278207,"19":0.0000000917,"20":0.5766276567,"21":0.0926416749,"22":0.0000000917,"23":0.6777031293},"count":{"0":25,"1":778,"2":63,"3":9,"4":103,"5":44,"6":84,"7":48,"8":67,"9":5,"10":3598,"11":14,"12":31,"13":8,"14":213,"15":715,"16":2,"17":1382,"18":3,"19":2,"20":154,"21":96,"22":2,"23":135},"nb_en":{"0":4,"1":224,"2":19,"3":1,"4":97,"5":16,"6":8,"7":4,"8":7,"9":0,"10":1504,"11":10,"12":1,"13":2,"14":41,"15":162,"16":0,"17":1365,"18":3,"19":1,"20":26,"21":16,"22":0,"23":121},"nb_de":{"0":21,"1":554,"2":44,"3":8,"4":6,"5":28,"6":76,"7":44,"8":60,"9":5,"10":2094,"11":4,"12":30,"13":6,"14":172,"15":553,"16":2,"17":17,"18":0,"19":1,"20":128,"21":80,"22":2,"23":14}}