{"canton":{"0":"BE","1":"GR","2":"FR","3":"BS","4":"TI","5":"VS","6":"SH","7":"TG","8":"SO","9":"OW","10":"ZH","11":"NE","12":"BL","13":"SZ","14":"LU","15":"NW","16":"GE","17":"GL","18":"AG","19":"SG","20":"AI","21":"UR","22":"AR","23":"VD"},"main_mean":{"0":0.0034331025,"1":0.0287018583,"2":-0.0026045468,"3":0.0096367234,"4":-0.0029324834,"5":0.0112019874,"6":0.0178603969,"7":-0.0108030686,"8":0.0154557041,"9":0.0390251982,"10":0.0063728987,"11":0.0358931309,"12":0.0238046733,"13":0.0167283734,"14":0.0030367109,"15":0.0004444395,"16":-0.0018043979,"17":0.0,"18":-0.0251922013,"19":0.0235403813,"20":0.0,"21":-0.0371711631,"22":-0.0197872796,"23":0.0173900035},"sentiment_mean":{"0":0.0811138015,"1":0.0238095238,"2":0.1020408163,"3":0.0348837209,"4":0.2058823529,"5":0.2105263158,"6":0.1097560976,"7":-0.03125,"8":0.0285714286,"9":0.2,"10":0.1182412359,"11":0.1875,"12":0.0487804878,"13":0.0,"14":0.0459183673,"15":0.0,"16":0.0838323353,"17":0.0,"18":0.1008403361,"19":0.0842105263,"20":0.0,"21":0.0,"22":0.0,"23":0.1428571429},"main_std":{"0":0.0958038907,"1":0.0732300624,"2":0.1553093902,"3":0.1045883932,"4":0.11121469,"5":0.1084279669,"6":0.0644369407,"7":0.053405889,"8":0.0671768651,"9":0.0733314728,"10":0.1165829664,"11":0.1530324464,"12":0.106906891,"13":0.1323347924,"14":0.0991419979,"15":null,"16":0.146847,"17":null,"18":0.1780490274,"19":0.1150680047,"20":0.0,"21":null,"22":0.019305559,"23":0.1824875033},"sentiment_std":{"0":0.4342396703,"1":0.2694253359,"2":0.5101020306,"3":0.3394549761,"4":0.6026054863,"5":0.4905114716,"6":0.3515783656,"7":0.4003526671,"8":0.1690308509,"9":0.4472135955,"10":0.4679759421,"11":0.5439056291,"12":0.21808479,"13":0.0,"14":0.3249199877,"15":null,"16":0.6970299638,"17":null,"18":0.4764799955,"19":0.403789441,"20":0.0,"21":null,"22":0.0,"23":0.6537802165},"sentiment_pv":{"0":0.3241586033,"1":0.0880374745,"2":0.9466397607,"3":0.0000135551,"4":0.0726095401,"5":0.0875683713,"6":0.748489129,"7":0.0802569974,"8":0.0242590737,"9":0.6341948938,"10":0.0348838438,"11":0.5167129743,"12":0.1692703941,"13":2.546895863e-59,"14":0.0336389887,"15":null,"16":0.505810456,"17":null,"18":0.9329163408,"19":0.758335521,"20":2.546895863e-59,"21":null,"22":2.546895863e-59,"23":0.4361289324},"main_pv":{"0":0.6890080161,"1":0.0425409337,"2":0.7377039438,"3":0.2619229934,"4":0.4830200387,"5":0.6631992235,"6":0.0772047057,"7":0.1100379511,"8":0.3619053105,"9":0.3568335014,"10":0.5454183467,"11":0.4305889579,"12":0.2654656965,"13":0.8511698413,"14":0.7983961268,"15":null,"16":0.1167762235,"17":null,"18":0.0688753053,"19":0.1199303524,"20":0.0006025443,"21":null,"22":0.0449963255,"23":0.4449057124},"count":{"0":826,"1":42,"2":49,"3":688,"4":102,"5":57,"6":82,"7":32,"8":35,"9":5,"10":3366,"11":16,"12":41,"13":5,"14":196,"15":1,"16":1336,"17":1,"18":119,"19":95,"20":2,"21":1,"22":5,"23":126},"nb_en":{"0":273,"1":2,"2":24,"3":158,"4":98,"5":22,"6":9,"7":7,"8":2,"9":1,"10":1398,"11":13,"12":1,"13":1,"14":41,"15":0,"16":1323,"17":0,"18":43,"19":17,"20":0,"21":0,"22":0,"23":108},"nb_de":{"0":553,"1":40,"2":25,"3":530,"4":4,"5":35,"6":73,"7":25,"8":33,"9":4,"10":1968,"11":3,"12":40,"13":4,"14":155,"15":1,"16":13,"17":1,"18":76,"19":78,"20":2,"21":1,"22":5,"23":18}}