{"canton":{"0":"BE","1":"NE","2":"VS","3":"SO","4":"SG","5":"AR","6":"FR","7":"JU","8":"AG","9":"TI","10":"SH","11":"BL","12":"LU","13":"ZH","14":"VD","15":"GE","16":"BS","17":"GR"},"main_mean":{"0":0.0163359445,"1":0.0584711072,"2":-0.0256895269,"3":-0.0527269461,"4":0.0030228608,"5":-0.1027625954,"6":0.0872002581,"7":0.0003903794,"8":-0.0065181279,"9":0.0087196723,"10":-0.0434023715,"11":0.0624996094,"12":0.0024601635,"13":0.0152110763,"14":0.0223388783,"15":0.008542332,"16":0.0116391711,"17":0.0383769704},"sentiment_mean":{"0":0.1935483871,"1":0.5833333333,"2":0.4,"3":0.25,"4":0.1176470588,"5":0.0,"6":0.5,"7":0.3846153846,"8":0.1034482759,"9":0.1617647059,"10":-0.25,"11":1.0,"12":0.3,"13":0.2793851718,"14":0.2037037037,"15":0.0815602837,"16":0.1964285714,"17":0.6666666667},"vader_mean":{"0":0.1390188172,"1":0.34285,"2":0.17821,"3":0.172425,"4":-0.0042647059,"5":0.0414,"6":0.226375,"7":0.2731820513,"8":0.0635275862,"9":0.0983617647,"10":0.101475,"11":0.7901,"12":0.20783,"13":0.1571900542,"14":0.1448833333,"15":0.0666317967,"16":0.1648619048,"17":0.1642333333},"main_std":{"0":0.1436518608,"1":0.1454823652,"2":0.2670093848,"3":0.0620313737,"4":0.0265537558,"5":0.0475869523,"6":0.1262345968,"7":0.033523869,"8":0.1501474231,"9":0.0813066693,"10":0.0539028213,"11":null,"12":0.0994741275,"13":0.1266843814,"14":0.1363721991,"15":0.1067529588,"16":0.1150818014,"17":0.0335996989},"sentiment_std":{"0":0.6108578729,"1":0.5149286505,"2":0.5982430416,"3":0.5,"4":0.600245048,"5":0.8164965809,"6":0.755928946,"7":0.5900662146,"8":0.7243138421,"9":0.6373989617,"10":0.9574271078,"11":null,"12":0.5349830806,"13":0.6969032873,"14":0.7105573053,"15":0.7308682851,"16":0.7280433014,"17":0.5773502692},"vader_std":{"0":0.343319824,"1":0.3153792537,"2":0.3855430673,"3":0.2471533717,"4":0.3127869601,"5":0.5590615708,"6":0.2991389202,"7":0.3536899072,"8":0.374234071,"9":0.3517885173,"10":0.6414044349,"11":null,"12":0.307728341,"13":0.3807908549,"14":0.4210711802,"15":0.3999510826,"16":0.4048674701,"17":0.2844604776},"sentiment_pv":{"0":0.8893496661,"1":0.025868167,"2":0.1531834046,"3":0.8546363081,"4":0.5806478534,"5":0.6577818853,"6":0.299192037,"7":0.0604607889,"8":0.4806124194,"9":0.6270964357,"10":0.4165513929,"11":null,"12":0.3191395441,"13":0.0015999331,"14":0.9705149977,"15":0.0000378842,"16":0.949774606,"17":0.296443218},"vader_pv":{"0":0.6366329964,"1":0.0370401898,"2":0.5577256372,"3":0.7355964022,"4":0.105041506,"5":0.7805427471,"6":0.3776493132,"7":0.0142195145,"8":0.3746005619,"9":0.5169957218,"10":0.9425440514,"11":null,"12":0.1621372974,"13":0.0259906579,"14":0.7527046762,"15":0.0001413294,"16":0.2352094462,"17":0.8400589655},"main_pv":{"0":0.6850701177,"1":0.2922121842,"2":0.536202435,"3":0.1280388225,"4":0.2074721214,"5":0.0164719791,"6":0.1358807513,"7":0.0538526527,"8":0.5145302282,"9":0.7508034753,"10":0.1318882359,"11":null,"12":0.6080914667,"13":0.4673316276,"14":0.5809986846,"15":0.4350015417,"16":0.9729075526,"17":0.3056225068},"count":{"0":186,"1":12,"2":20,"3":4,"4":17,"5":4,"6":8,"7":39,"8":29,"9":68,"10":4,"11":1,"12":30,"13":1106,"14":54,"15":846,"16":168,"17":3}}