{"canton":{"0":"BE","1":"NE","2":"VS","3":"SO","4":"SG","5":"AR","6":"FR","7":"TG","8":"AG","9":"TI","10":"SH","11":"BL","12":"LU","13":"SZ","14":"BS","15":"ZH","16":"VD","17":"GE","18":"GR"},"main_mean":{"0":-0.0017617338,"1":-0.0299998167,"2":0.0538656414,"3":0.099998,"4":0.0182759805,"5":-0.0023810471,"6":0.0178568948,"7":0.0375434873,"8":-0.0122678596,"9":0.0072445848,"10":0.0674989188,"11":0.0,"12":0.0371561203,"13":-0.0833326389,"14":-0.0025429787,"15":0.0034350184,"16":0.0300127493,"17":0.0082180696,"18":0.0},"sentiment_mean":{"0":0.1920529801,"1":0.0,"2":0.2307692308,"3":0.5,"4":-0.3333333333,"5":1.0,"6":0.2142857143,"7":0.0,"8":0.2105263158,"9":0.0307692308,"10":0.2,"11":0.0,"12":0.1578947368,"13":-1.0,"14":0.1276595745,"15":0.2618421053,"16":0.2989690722,"17":0.1303155007,"18":0.75},"vader_mean":{"0":0.171394702,"1":0.13332,"2":0.1336,"3":0.3294,"4":-0.2758333333,"5":0.54595,"6":0.1405857143,"7":0.1463666667,"8":0.0309421053,"9":0.0458323077,"10":0.37819,"11":-0.4019,"12":0.1433789474,"13":-0.296,"14":0.099956383,"15":0.1346044737,"16":0.2266876289,"17":0.1020943759,"18":0.409725},"main_std":{"0":0.1533517767,"1":0.0414993931,"2":0.1558795852,"3":0.1414185279,"4":0.0964537229,"5":0.0976475847,"6":0.0482437871,"7":0.0712084996,"8":0.0987034187,"9":0.0926606775,"10":0.1166945891,"11":null,"12":0.0923874365,"13":null,"14":0.1202348145,"15":0.1237558347,"16":0.1657395645,"17":0.1416602888,"18":0.0},"sentiment_std":{"0":0.6704747749,"1":0.7071067812,"2":0.4385290097,"3":0.7071067812,"4":0.8164965809,"5":0.0,"6":0.4258153136,"7":0.0,"8":0.6306035353,"9":0.7282090782,"10":0.4216370214,"11":null,"12":0.6882472016,"13":null,"14":0.6914849621,"15":0.7102611565,"16":0.6318779625,"17":0.7096470523,"18":0.5},"vader_std":{"0":0.3959966533,"1":0.2981125828,"2":0.2737416665,"3":0.4658419474,"4":0.2315357481,"5":0.2037174637,"6":0.2204050986,"7":0.2535145032,"8":0.3520953443,"9":0.3939199495,"10":0.3322766299,"11":null,"12":0.2800575548,"13":null,"14":0.3716735698,"15":0.3797489872,"16":0.3538547764,"17":0.3956463218,"18":0.2925958461},"sentiment_pv":{"0":0.9939901709,"1":0.5759064045,"2":0.7600625156,"3":0.6489425563,"4":0.1756593647,"5":0.0,"6":0.8522873039,"7":1.916885352e-33,"8":0.9026530571,"9":0.0822315688,"10":0.9565288375,"11":null,"12":0.8298530287,"13":null,"14":0.3768034113,"15":0.0216147519,"16":0.1098137655,"17":0.042439924,"18":0.1117478593},"vader_pv":{"0":0.1684882996,"1":0.9548146778,"2":0.9149348565,"3":0.646797628,"4":0.00798543,"5":0.2089440407,"6":0.8008184847,"7":0.898694268,"8":0.2603993498,"9":0.113970603,"10":0.0396168263,"11":null,"12":0.7830327646,"13":null,"14":0.520834392,"15":0.565511531,"16":0.0070919664,"17":0.1728617,"18":0.1469339418},"main_pv":{"0":0.5006739068,"1":0.1176193785,"2":0.2995482677,"3":0.5226511295,"4":0.7846813643,"5":0.914974872,"6":0.4210973487,"7":0.5339714254,"8":0.4120303917,"9":0.9767749588,"10":0.1356450789,"11":null,"12":0.1738680143,"13":null,"14":0.4608612102,"15":0.520627219,"16":0.1791986984,"17":0.8268507977,"18":0.0208073453},"count":{"0":151,"1":5,"2":13,"3":2,"4":6,"5":2,"6":14,"7":3,"8":19,"9":65,"10":10,"11":1,"12":19,"13":1,"14":94,"15":760,"16":97,"17":729,"18":4}}