{"canton":{"0":"BE","1":"NE","2":"SZ","3":"SO","4":"GE","5":"AR","6":"FR","7":"JU","8":"SH","9":"TG","10":"TI","11":"AG","12":"BL","13":"LU","14":"VS","15":"BS","16":"ZH","17":"VD","18":"SG","19":"GR"},"main_mean":{"0":0.0121858656,"1":-0.0539455482,"2":0.0,"3":0.0,"4":-0.0065020253,"5":-0.0985310191,"6":0.0018280123,"7":-0.0624996094,"8":0.0219778904,"9":0.0499995,"10":0.0053745212,"11":-0.006190429,"12":0.0,"13":-0.0061888637,"14":0.0704596095,"15":0.0138498684,"16":0.0063310589,"17":0.0136349365,"18":0.0088292083,"19":-0.0202383888},"sentiment_mean":{"0":0.1921568627,"1":0.0,"2":0.0,"3":0.0,"4":0.0442238267,"5":0.4,"6":0.0256410256,"7":-1.0,"8":0.4,"9":0.5,"10":0.2021276596,"11":0.3,"12":0.0,"13":0.3529411765,"14":0.0625,"15":0.1032258065,"16":0.224,"17":0.1836734694,"18":0.1,"19":0.8333333333},"vader_mean":{"0":0.1445380392,"1":0.1582,"2":0.0,"3":0.0,"4":0.0878654332,"5":0.22262,"6":0.0758410256,"7":-0.1531,"8":0.22572,"9":0.0,"10":0.0972457447,"11":0.10184,"12":0.0,"13":0.1537029412,"14":0.07451875,"15":0.0976070968,"16":0.1377984667,"17":0.1275714286,"18":0.12033,"19":0.49035},"main_std":{"0":0.1536762124,"1":0.178957177,"2":null,"3":0.0,"4":0.1228795164,"5":0.0522856227,"6":0.0898573014,"7":null,"8":0.0322726981,"9":0.070709971,"10":0.0935913952,"11":0.0350980192,"12":0.0,"13":0.1255948247,"14":0.2803400949,"15":0.1183218421,"16":0.1258030825,"17":0.1562633429,"18":0.0800071098,"19":0.3284064753},"sentiment_std":{"0":0.65683659,"1":0.5773502692,"2":null,"3":0.0,"4":0.7079577563,"5":0.894427191,"6":0.6277436406,"7":null,"8":0.5477225575,"9":0.7071067812,"10":0.6321117914,"11":0.5712405706,"12":0.0,"13":0.6458423178,"14":0.4425306016,"15":0.7223176402,"16":0.6856656802,"17":0.7085186925,"18":0.7378647874,"19":0.4082482905},"vader_std":{"0":0.360244452,"1":0.2002749693,"2":null,"3":0.0,"4":0.3900212743,"5":0.467986268,"6":0.3525412561,"7":null,"8":0.4786715231,"9":0.0,"10":0.3775492268,"11":0.2513510763,"12":0.0,"13":0.4179982902,"14":0.1676198485,"15":0.3738951273,"16":0.353794708,"17":0.3657712343,"18":0.3291345995,"19":0.2886710082},"sentiment_pv":{"0":0.370988605,"1":0.5078766963,"2":null,"3":5.486588795e-37,"4":0.000007558,"5":0.5715941604,"6":0.2130715576,"7":null,"8":0.3719346481,"9":0.6144172278,"10":0.4674539641,"11":0.2683076911,"12":5.486588795e-37,"13":0.082792508,"14":0.4246134354,"15":0.3946700298,"16":0.0010244549,"17":0.6812003071,"18":0.8230773717,"19":0.0094595579},"vader_pv":{"0":0.2569076665,"1":0.6146885245,"2":null,"3":2.22978374e-73,"4":0.0242535338,"5":0.6432529443,"6":0.463333439,"7":null,"8":0.6411153862,"9":2.22978374e-73,"10":0.6015246812,"11":0.7792273039,"12":2.22978374e-73,"13":0.6222519524,"14":0.3213841459,"15":0.5091050147,"16":0.074008369,"17":0.7972873122,"18":0.9820376088,"19":0.0250175833},"main_pv":{"0":0.3438573748,"1":0.433625071,"2":null,"3":0.2003234478,"4":0.0302063587,"5":0.012018077,"6":0.9457604206,"7":null,"8":0.256849526,"9":0.5183194569,"10":0.7972921558,"11":0.2806730382,"12":0.2003234478,"13":0.679838263,"14":0.3500271971,"15":0.2600316952,"16":0.3718619042,"17":0.4991587185,"18":0.818309834,"19":0.8701812741},"count":{"0":255,"1":7,"2":1,"3":4,"4":1108,"5":5,"6":39,"7":1,"8":5,"9":2,"10":94,"11":20,"12":2,"13":34,"14":16,"15":155,"16":1500,"17":98,"18":10,"19":6}}