{"canton":{"0":"BE","1":"GR","2":"FR","3":"SO","4":"TI","5":"VS","6":"SH","7":"TG","8":"BS","9":"OW","10":"ZH","11":"AR","12":"BL","13":"SZ","14":"LU","15":"NW","16":"GE","17":"JU","18":"GL","19":"AG","20":"SG","21":"NE","22":"UR","23":"VD"},"main_mean":{"0":0.0104788872,"1":0.0068654009,"2":0.0154119584,"3":0.0073460231,"4":-0.0217351365,"5":-0.0106595149,"6":0.0118462974,"7":-0.0433229288,"8":0.0016111607,"9":-0.0042307198,"10":0.0066360946,"11":-0.0177723355,"12":0.0049017585,"13":-0.0077670234,"14":0.0016785095,"15":-0.0148321825,"16":0.0024629285,"17":0.0,"18":0.0161059416,"19":-0.0026045998,"20":0.0105446445,"21":-0.010801096,"22":-0.0198235863,"23":0.0109525764},"sentiment_mean":{"0":0.0874172185,"1":-0.0178571429,"2":0.137254902,"3":0.0810810811,"4":0.0277777778,"5":0.1041666667,"6":0.0609756098,"7":0.0333333333,"8":0.051457976,"9":0.0,"10":0.1242655699,"11":0.3333333333,"12":0.03125,"13":0.0,"14":-0.0120481928,"15":0.0,"16":0.1275,"17":0.0,"18":0.0,"19":0.0659340659,"20":0.0357142857,"21":0.0,"22":0.0,"23":0.0810810811},"main_std":{"0":0.111850222,"1":0.1069411538,"2":0.1647728036,"3":0.0752473484,"4":0.2018971099,"5":0.0452095746,"6":0.0456769916,"7":0.1928843639,"8":0.1097620671,"9":0.0093999071,"10":0.1196737657,"11":0.0301906973,"12":0.0465431151,"13":0.0139177447,"14":0.1321872108,"15":0.0187700274,"16":0.143433605,"17":null,"18":0.0144275087,"19":0.1320717613,"20":0.1193014903,"21":0.0834306846,"22":0.040649059,"23":0.220572078},"sentiment_std":{"0":0.3788690128,"1":0.2328535575,"2":0.4480896269,"3":0.2767247307,"4":0.5873802655,"5":0.3087092782,"6":0.2407581121,"7":0.1825741858,"8":0.347935148,"9":0.0,"10":0.4933991749,"11":0.5773502692,"12":0.1767766953,"13":0.0,"14":0.3811935293,"15":0.0,"16":0.6879715382,"17":null,"18":0.0,"19":0.3887929412,"20":0.3533258055,"21":0.3922322703,"22":0.0,"23":0.6336753124},"sentiment_pv":{"0":0.300205161,"1":0.000329055,"2":0.5893909597,"3":0.6354419264,"4":0.1883726625,"5":0.9797105285,"6":0.1265851119,"7":0.0481935928,"8":0.0010081173,"9":4.583932018e-64,"10":0.0408545936,"11":0.5610353759,"12":0.0308217631,"13":4.583932018e-64,"14":0.0001903705,"15":4.583932018e-64,"16":0.238381582,"17":null,"18":4.583932018e-64,"19":0.3703881973,"20":0.0495969909,"21":0.1852364955,"22":4.583932018e-64,"23":0.6762921998},"main_pv":{"0":0.2108896917,"1":0.899395784,"2":0.6556786533,"3":0.8542380951,"4":0.1722662131,"5":0.0229476965,"6":0.1994105509,"7":0.180523766,"8":0.4744923907,"9":0.0915082804,"10":0.5316548288,"11":0.3205085277,"12":0.9868834395,"13":0.0516953579,"14":0.7462179684,"15":0.1231601067,"16":0.5589751118,"17":null,"18":0.3142409609,"19":0.5844006773,"20":0.6293660505,"21":0.3348721003,"22":0.1574646237,"23":0.745674053},"count":{"0":755,"1":56,"2":51,"3":37,"4":108,"5":48,"6":82,"7":30,"8":583,"9":5,"10":3404,"11":3,"12":32,"13":7,"14":166,"15":4,"16":1200,"17":1,"18":3,"19":91,"20":112,"21":27,"22":7,"23":148},"nb_en":{"0":229,"1":5,"2":29,"3":7,"4":106,"5":14,"6":5,"7":4,"8":162,"9":0,"10":1494,"11":1,"12":2,"13":1,"14":41,"15":0,"16":1192,"17":1,"18":0,"19":23,"20":22,"21":16,"22":0,"23":136},"nb_de":{"0":526,"1":51,"2":22,"3":30,"4":2,"5":34,"6":77,"7":26,"8":421,"9":5,"10":1910,"11":2,"12":30,"13":6,"14":125,"15":4,"16":8,"17":0,"18":3,"19":68,"20":90,"21":11,"22":7,"23":12}}