{"canton":{"0":"BE","1":"GE","2":"VS","3":"JU","4":"VD","5":"NW","6":"SO","7":"AI","8":"NE","9":"AG","10":"OW","11":"GR","12":"AR","13":"TG","14":"SH","15":"TI","16":"SZ","17":"LU","18":"BL","19":"GL","20":"BS","21":"ZH","22":"SG","23":"FR","24":"UR"},"main_mean":{"0":0.0025710336,"1":0.0001388425,"2":-0.0214956738,"3":0.0,"4":0.0315309253,"5":-0.0681421182,"6":0.0080528796,"7":0.0,"8":-0.0356424116,"9":-0.0051385181,"10":0.0,"11":0.0184453708,"12":0.0208366095,"13":0.0068723664,"14":0.0175797492,"15":0.0029251917,"16":0.0245519247,"17":0.0129093898,"18":0.0024939659,"19":0.02071328,"20":0.0106166839,"21":0.013559301,"22":0.0115860208,"23":0.0014511315,"24":0.0002692279},"sentiment_mean":{"0":0.076372315,"1":0.0924657534,"2":0.0892857143,"3":0.0,"4":0.1463414634,"5":0.2,"6":0.0243902439,"7":0.0,"8":0.4285714286,"9":0.0449438202,"10":0.0,"11":0.0666666667,"12":0.125,"13":0.0333333333,"14":0.0512820513,"15":0.064516129,"16":0.1666666667,"17":0.0957446809,"18":0.0096153846,"19":0.25,"20":0.0625978091,"21":0.1304968589,"22":0.0185185185,"23":-0.023255814,"24":0.0},"main_std":{"0":0.0971175174,"1":0.1471940656,"2":0.116928305,"3":null,"4":0.2302714185,"5":0.1181459357,"6":0.1126026668,"7":null,"8":0.1567129399,"9":0.1434230245,"10":0.0,"11":0.1258691696,"12":0.1229088774,"13":0.0254113726,"14":0.094124725,"15":0.1823331111,"16":0.0499820952,"17":0.0841223383,"18":0.0285552504,"19":0.0396537933,"20":0.0939643171,"21":0.1333549553,"22":0.0742399342,"23":0.1418902597,"24":0.0002522061},"sentiment_std":{"0":0.3866224357,"1":0.7133876567,"2":0.3943595828,"3":null,"4":0.5340423737,"5":0.4472135955,"6":0.1561737619,"7":null,"8":0.5345224838,"9":0.3156953534,"10":0.0,"11":0.2864459496,"12":0.3535533906,"13":0.1825741858,"14":0.2890577393,"15":0.5276373016,"16":0.4082482905,"17":0.329288617,"18":0.0980580676,"19":0.5,"20":0.3909158277,"21":0.4919700632,"22":0.3343701425,"23":0.3421985728,"24":0.0},"sentiment_pv":{"0":0.0948680247,"1":0.6740713546,"2":0.8305320728,"3":null,"4":0.2796562681,"5":0.6456288904,"6":0.003903803,"7":null,"8":0.155785427,"9":0.0231395393,"10":3.514554029e-67,"11":0.2358064558,"12":0.8514210023,"13":0.0554242098,"14":0.0731021917,"15":0.5125205309,"16":0.7086372316,"17":0.8416696309,"18":0.0,"19":0.5924583272,"20":0.0212427695,"21":0.0032084875,"22":0.0133406421,"23":0.0013109214,"24":3.514554029e-67},"main_pv":{"0":0.088415229,"1":0.035460372,"2":0.0584599032,"3":null,"4":0.2099386572,"5":0.2189715635,"6":0.9654139786,"7":null,"8":0.4813246247,"9":0.199847131,"10":0.0000000025,"11":0.438431245,"12":0.7902752241,"13":0.6911687287,"14":0.3230955865,"15":0.7565120614,"16":0.4763787741,"17":0.5179939784,"18":0.0472529145,"19":0.5915146491,"20":0.653971532,"21":0.0789102321,"22":0.7055492111,"23":0.6327471244,"24":0.000000009},"count":{"0":838,"1":1460,"2":56,"3":1,"4":164,"5":5,"6":41,"7":1,"8":7,"9":178,"10":3,"11":105,"12":8,"13":30,"14":117,"15":93,"16":6,"17":188,"18":104,"19":4,"20":639,"21":3502,"22":108,"23":86,"24":3},"nb_en":{"0":245,"1":1446,"2":18,"3":1,"4":149,"5":2,"6":2,"7":0,"8":6,"9":30,"10":0,"11":20,"12":1,"13":4,"14":17,"15":87,"16":2,"17":38,"18":2,"19":0,"20":201,"21":1520,"22":17,"23":34,"24":0},"nb_de":{"0":593,"1":14,"2":38,"3":0,"4":15,"5":3,"6":39,"7":1,"8":1,"9":148,"10":3,"11":85,"12":7,"13":26,"14":100,"15":6,"16":4,"17":150,"18":102,"19":4,"20":438,"21":1982,"22":91,"23":52,"24":3}}