{"canton":{"0":"BE","1":"GE","2":"VS","3":"VD","4":"NW","5":"SO","6":"AI","7":"NE","8":"AG","9":"OW","10":"GR","11":"AR","12":"TG","13":"SH","14":"TI","15":"SZ","16":"LU","17":"BL","18":"GL","19":"BS","20":"ZH","21":"SG","22":"FR","23":"UR"},"main_mean":{"0":0.0034331025,"1":-0.0018043979,"2":0.0112019874,"3":0.0173900035,"4":0.0004444395,"5":0.0154557041,"6":0.0,"7":0.0358931309,"8":-0.0251922013,"9":0.0390251982,"10":0.0287018583,"11":-0.0197872796,"12":-0.0108030686,"13":0.0178603969,"14":-0.0029324834,"15":0.0167283734,"16":0.0030367109,"17":0.0238046733,"18":0.0,"19":0.0096367234,"20":0.0063728987,"21":0.0235403813,"22":-0.0026045468,"23":-0.0371711631},"sentiment_mean":{"0":0.0811138015,"1":0.0838323353,"2":0.2105263158,"3":0.1428571429,"4":0.0,"5":0.0285714286,"6":0.0,"7":0.1875,"8":0.1008403361,"9":0.2,"10":0.0238095238,"11":0.0,"12":-0.03125,"13":0.1097560976,"14":0.2058823529,"15":0.0,"16":0.0459183673,"17":0.0487804878,"18":0.0,"19":0.0348837209,"20":0.1182412359,"21":0.0842105263,"22":0.1020408163,"23":0.0},"main_std":{"0":0.0958038907,"1":0.146847,"2":0.1084279669,"3":0.1824875033,"4":null,"5":0.0671768651,"6":0.0,"7":0.1530324464,"8":0.1780490274,"9":0.0733314728,"10":0.0732300624,"11":0.019305559,"12":0.053405889,"13":0.0644369407,"14":0.11121469,"15":0.1323347924,"16":0.0991419979,"17":0.106906891,"18":null,"19":0.1045883932,"20":0.1165829664,"21":0.1150680047,"22":0.1553093902,"23":null},"sentiment_std":{"0":0.4342396703,"1":0.6970299638,"2":0.4905114716,"3":0.6537802165,"4":null,"5":0.1690308509,"6":0.0,"7":0.5439056291,"8":0.4764799955,"9":0.4472135955,"10":0.2694253359,"11":0.0,"12":0.4003526671,"13":0.3515783656,"14":0.6026054863,"15":0.0,"16":0.3249199877,"17":0.21808479,"18":null,"19":0.3394549761,"20":0.4679759421,"21":0.403789441,"22":0.5101020306,"23":null},"sentiment_pv":{"0":0.3241586033,"1":0.505810456,"2":0.0875683713,"3":0.4361289324,"4":null,"5":0.0242590737,"6":2.546895863e-59,"7":0.5167129743,"8":0.9329163408,"9":0.6341948938,"10":0.0880374745,"11":2.546895863e-59,"12":0.0802569974,"13":0.748489129,"14":0.0726095401,"15":2.546895863e-59,"16":0.0336389887,"17":0.1692703941,"18":null,"19":0.0000135551,"20":0.0348838438,"21":0.758335521,"22":0.9466397607,"23":null},"main_pv":{"0":0.6890080161,"1":0.1167762235,"2":0.6631992235,"3":0.4449057124,"4":null,"5":0.3619053105,"6":0.0006025443,"7":0.4305889579,"8":0.0688753053,"9":0.3568335014,"10":0.0425409337,"11":0.0449963255,"12":0.1100379511,"13":0.0772047057,"14":0.4830200387,"15":0.8511698413,"16":0.7983961268,"17":0.2654656965,"18":null,"19":0.2619229934,"20":0.5454183467,"21":0.1199303524,"22":0.7377039438,"23":null},"count":{"0":826,"1":1336,"2":57,"3":126,"4":1,"5":35,"6":2,"7":16,"8":119,"9":5,"10":42,"11":5,"12":32,"13":82,"14":102,"15":5,"16":196,"17":41,"18":1,"19":688,"20":3366,"21":95,"22":49,"23":1},"nb_en":{"0":273,"1":1323,"2":22,"3":108,"4":0,"5":2,"6":0,"7":13,"8":43,"9":1,"10":2,"11":0,"12":7,"13":9,"14":98,"15":1,"16":41,"17":1,"18":0,"19":158,"20":1398,"21":17,"22":24,"23":0},"nb_de":{"0":553,"1":13,"2":35,"3":18,"4":1,"5":33,"6":2,"7":3,"8":76,"9":4,"10":40,"11":5,"12":25,"13":73,"14":4,"15":4,"16":155,"17":40,"18":1,"19":530,"20":1968,"21":78,"22":25,"23":1}}