{"canton":{"0":"TG","1":"BE","2":"FR","3":"BS","4":"TI","5":"VS","6":"UR","7":"GR","8":"SO","9":"OW","10":"ZH","11":"NE","12":"BL","13":"SZ","14":"LU","15":"NW","16":"GE","17":"JU","18":"GL","19":"AG","20":"SG","21":"AI","22":"SH","23":"AR","24":"VD"},"main_mean":{"0":0.0158175844,"1":0.009744747,"2":0.0392456238,"3":0.0084623684,"4":-0.0075064409,"5":-0.0271141541,"6":-0.0187914077,"7":-0.0084737383,"8":0.0338427666,"9":0.000888879,"10":0.0133432718,"11":0.1214019506,"12":-0.0026872359,"13":0.0501587707,"14":-0.0020809232,"15":0.0002499969,"16":0.0052234361,"17":0.0,"18":0.0129999316,"19":0.0003571037,"20":0.0181604562,"21":-0.0532706676,"22":0.0122515376,"23":0.0497171566,"24":-0.0053006711},"sentiment_mean":{"0":0.0,"1":0.0859259259,"2":0.0625,"3":0.0586419753,"4":0.1162790698,"5":0.0192307692,"6":0.0,"7":0.0,"8":0.1081081081,"9":0.0,"10":0.1356135614,"11":0.1111111111,"12":0.0322580645,"13":0.125,"14":0.0194805195,"15":0.0,"16":0.0909803922,"17":0.0,"18":0.0,"19":0.0445859873,"20":0.0866141732,"21":0.0,"22":0.0365853659,"23":0.125,"24":0.1693548387},"main_std":{"0":0.1169480786,"1":0.1053187063,"2":0.2812863013,"3":0.0910993278,"4":0.1585972442,"5":0.0919830756,"6":0.0470273685,"7":0.1434580468,"8":0.1672309693,"9":null,"10":0.1210636199,"11":0.3341198157,"12":0.0278106154,"13":0.1274086515,"14":0.0561681514,"15":0.000353549,"16":0.1498813757,"17":0.0,"18":0.0183846795,"19":0.0894729728,"20":0.102604593,"21":null,"22":0.0622259716,"23":0.1324275686,"24":0.16859649},"sentiment_std":{"0":0.3333333333,"1":0.3947284239,"2":0.5644009099,"3":0.3640991189,"4":0.5813226699,"5":0.3699700367,"6":0.0,"7":0.3123475238,"8":0.3148000939,"9":null,"10":0.4987086175,"11":0.78173596,"12":0.179605302,"13":0.3535533906,"14":0.2674199953,"15":0.0,"16":0.7051316023,"17":0.0,"18":0.0,"19":0.2617482898,"20":0.3568740396,"21":null,"22":0.245709954,"23":0.3535533906,"24":0.6713870389},"sentiment_pv":{"0":0.18516031,"1":0.2292930746,"2":0.6689609527,"3":0.0026130006,"4":0.8369526451,"5":0.1004048185,"6":1.412651713e-64,"7":0.0353137161,"8":0.9626206156,"9":null,"10":0.0047569694,"11":0.9837937051,"12":0.0324933791,"13":0.8814637329,"14":0.0001676434,"15":1.412651713e-64,"16":0.4783790559,"17":1.412651713e-64,"18":1.412651713e-64,"19":0.0055934635,"20":0.5561589046,"21":null,"22":0.0149268862,"23":0.8814637329,"24":0.295212291},"main_pv":{"0":0.8217441125,"1":0.9871155042,"2":0.5565378863,"3":0.7544242585,"4":0.2233319336,"5":0.0059926475,"6":0.1609313913,"7":0.418027662,"8":0.3858494436,"9":null,"10":0.1536399399,"11":0.3451806562,"12":0.0232269767,"13":0.3988380865,"14":0.0144987805,"15":0.0000000006,"16":0.3176306572,"17":0.0000000001,"18":0.8407509892,"19":0.2031728798,"20":0.3593441871,"21":null,"22":0.7148888117,"23":0.4208958358,"24":0.3268230724},"count":{"0":19,"1":675,"2":32,"3":648,"4":129,"5":52,"6":7,"7":42,"8":37,"9":1,"10":3333,"11":9,"12":31,"13":8,"14":154,"15":2,"16":1275,"17":2,"18":2,"19":157,"20":127,"21":1,"22":82,"23":8,"24":124},"nb_en":{"0":2,"1":217,"2":22,"3":174,"4":125,"5":17,"6":1,"7":2,"8":5,"9":0,"10":1495,"11":7,"12":1,"13":2,"14":35,"15":0,"16":1266,"17":2,"18":0,"19":17,"20":19,"21":0,"22":7,"23":0,"24":108},"nb_de":{"0":17,"1":458,"2":10,"3":474,"4":4,"5":35,"6":6,"7":40,"8":32,"9":1,"10":1838,"11":2,"12":30,"13":6,"14":119,"15":2,"16":9,"17":0,"18":2,"19":140,"20":108,"21":1,"22":75,"23":8,"24":16}}