{"canton":{"0":"BE","1":"GR","2":"FR","3":"BS","4":"TI","5":"VS","6":"UR","7":"TG","8":"SO","9":"OW","10":"ZH","11":"NE","12":"BL","13":"SZ","14":"LU","15":"NW","16":"GE","17":"GL","18":"AG","19":"SG","20":"AI","21":"SH","22":"AR","23":"VD"},"main_mean":{"0":0.0080479276,"1":0.0441865659,"2":-0.0347653916,"3":0.0077441111,"4":0.0027473378,"5":-0.0042102633,"6":-0.0253997487,"7":0.0386740905,"8":0.0141755195,"9":0.000399996,"10":0.0091954189,"11":-0.0820338433,"12":0.007800135,"13":0.0566375486,"14":0.0009588649,"15":-0.07699923,"16":0.001373131,"17":0.0002857122,"18":0.0175298705,"19":0.0562631391,"20":0.0,"21":0.0066351582,"22":-0.0227270661,"23":0.0372610466},"sentiment_mean":{"0":0.0391459075,"1":0.140625,"2":-0.0416666667,"3":0.0631163708,"4":0.1666666667,"5":0.0740740741,"6":-0.3333333333,"7":0.0555555556,"8":0.0952380952,"9":0.0,"10":0.113242346,"11":0.0,"12":0.0,"13":0.3333333333,"14":0.0437956204,"15":0.0,"16":0.1118210863,"17":0.0,"18":0.0446428571,"19":0.1428571429,"20":0.0,"21":0.1,"22":-0.25,"23":0.2826086957},"main_std":{"0":0.1215983199,"1":0.1447115168,"2":0.0995387799,"3":0.1143882002,"4":0.1614575613,"5":0.0925804003,"6":0.0446882518,"7":0.0769542069,"8":0.08800651,"9":null,"10":0.1182752478,"11":0.1461155827,"12":0.0724806185,"13":0.1795365439,"14":0.0761018939,"15":null,"16":0.1457174093,"17":0.0004040581,"18":0.1080163927,"19":0.1944482949,"20":null,"21":0.038630827,"22":0.0454541322,"23":0.1715318894},"sentiment_std":{"0":0.370813025,"1":0.3930825472,"2":0.2886751346,"3":0.4216949522,"4":0.5814018997,"5":0.2643505286,"6":0.5773502692,"7":0.2357022604,"8":0.2971017572,"9":null,"10":0.4729723082,"11":0.5773502692,"12":0.254000254,"13":0.5163977795,"14":0.2937739512,"15":null,"16":0.7251635989,"17":0.0,"18":0.2470872792,"19":0.3847345241,"20":null,"21":0.3016806854,"22":0.5,"23":0.6392186201},"sentiment_pv":{"0":0.0003491229,"1":0.4186896177,"2":0.0014944627,"3":0.0622689981,"4":0.3380178326,"5":0.4770656457,"6":0.3230068968,"7":0.4350037473,"8":0.9140867312,"9":null,"10":0.2504242112,"11":0.6621859168,"12":0.034395657,"13":0.3193883371,"14":0.03123099,"15":null,"16":0.6385972895,"17":1.212102799e-49,"18":0.0236374348,"19":0.3191564308,"20":null,"21":0.9934814875,"22":0.255733772,"23":0.0011234404},"main_pv":{"0":0.8934673673,"1":0.0555937771,"2":0.0041443437,"3":0.8478228179,"4":0.7534219855,"5":0.3115192914,"6":0.3162913232,"7":0.1187027109,"8":0.6947665061,"9":null,"10":0.8799632506,"11":0.1513017436,"12":0.9406118186,"13":0.542614565,"14":0.2462331082,"15":null,"16":0.1422635093,"17":0.0000005817,"18":0.3986895334,"19":0.028297357,"20":null,"21":0.6282449133,"22":0.2599406324,"23":0.0545464576},"count":{"0":562,"1":64,"2":48,"3":507,"4":72,"5":54,"6":3,"7":18,"8":42,"9":1,"10":2711,"11":7,"12":32,"13":6,"14":137,"15":1,"16":939,"17":2,"18":112,"19":84,"20":1,"21":90,"22":4,"23":138},"nb_en":{"0":166,"1":3,"2":27,"3":173,"4":67,"5":13,"6":1,"7":0,"8":10,"9":0,"10":1088,"11":5,"12":4,"13":5,"14":20,"15":0,"16":932,"17":0,"18":8,"19":14,"20":0,"21":10,"22":1,"23":129},"nb_de":{"0":396,"1":61,"2":21,"3":334,"4":5,"5":41,"6":2,"7":18,"8":32,"9":1,"10":1623,"11":2,"12":28,"13":1,"14":117,"15":1,"16":7,"17":2,"18":104,"19":70,"20":1,"21":80,"22":3,"23":9}}