{"canton":{"0":"BE","1":"NE","2":"SZ","3":"SO","4":"GE","5":"AR","6":"FR","7":"AG","8":"TI","9":"SH","10":"BL","11":"LU","12":"VS","13":"BS","14":"ZH","15":"VD","16":"SG","17":"GR"},"main_mean":{"0":0.0122976349,"1":-0.0742076804,"2":-0.0833319445,"3":0.0151431746,"4":0.0013638885,"5":-0.0769224852,"6":-0.0384938738,"7":-0.0064933547,"8":0.0065417573,"9":0.0244442321,"10":-0.0208331597,"11":0.0164716513,"12":0.0044288755,"13":-0.0087949364,"14":0.0071829788,"15":0.0369894622,"16":0.0338851643,"17":0.041061939},"sentiment_mean":{"0":0.0903614458,"1":0.0,"2":0.0,"3":0.4,"4":0.1126609442,"5":-1.0,"6":-0.0740740741,"7":0.25,"8":0.1791044776,"9":0.6,"10":-0.25,"11":0.35,"12":0.3076923077,"13":0.1502890173,"14":0.2171113155,"15":0.2945736434,"16":0.2857142857,"17":0.0},"vader_mean":{"0":0.0746373494,"1":0.0977,"2":-0.12075,"3":0.21417,"4":0.0864921674,"5":-0.5267,"6":-0.0180222222,"7":0.2675125,"8":0.1872835821,"9":0.33615,"10":-0.089025,"11":0.159955,"12":0.0928923077,"13":0.1257011561,"14":0.1381184913,"15":0.155551938,"16":0.12495,"17":0.0693666667},"main_std":{"0":0.1713135237,"1":0.0964442934,"2":0.117849166,"3":0.1656867953,"4":0.1135863837,"5":null,"6":0.0775171497,"7":0.0636223046,"8":0.1480596173,"9":0.0411757348,"10":0.0416663194,"11":0.0714617238,"12":0.1171439386,"13":0.1261179637,"14":0.1397828271,"15":0.1554602736,"16":0.1085769263,"17":0.1109255293},"sentiment_std":{"0":0.6210674014,"1":0.7071067812,"2":0.0,"3":0.5163977795,"4":0.7278196039,"5":null,"6":0.3849001795,"7":0.7071067812,"8":0.6011446943,"9":0.5163977795,"10":0.5,"11":0.6708203932,"12":0.4803844614,"13":0.682388442,"14":0.6871362956,"15":0.6543496387,"16":0.6112498455,"17":1.0},"vader_std":{"0":0.3331062323,"1":0.4047622141,"2":0.1707662877,"3":0.3026875986,"4":0.4094489345,"5":null,"6":0.2077795398,"7":0.373822943,"8":0.3447077583,"9":0.3243095752,"10":0.17805,"11":0.3035237569,"12":0.2438160217,"13":0.3903399557,"14":0.3729428679,"15":0.389613971,"16":0.4493073896,"17":0.2640737081},"sentiment_pv":{"0":0.1115043273,"1":0.618889233,"2":4.532430886e-36,"3":0.1941252232,"4":0.0350213725,"5":null,"6":0.003044793,"7":0.7595997104,"8":0.9069590524,"9":0.0274103446,"10":0.1912265433,"11":0.2473501811,"12":0.3248804445,"13":0.7085266615,"14":0.0591716795,"15":0.0374682127,"16":0.4937879905,"17":0.7957906924},"vader_pv":{"0":0.1239083029,"1":0.9235472453,"2":0.2990691164,"3":0.3338660201,"4":0.0527756631,"5":null,"6":0.0026518522,"7":0.2903806296,"8":0.1009314516,"9":0.0608038517,"10":0.1040348706,"11":0.529122861,"12":0.7376327169,"13":0.7565489405,"14":0.1054472868,"15":0.2641604502,"16":0.9431472514,"17":0.7878429442},"main_pv":{"0":0.6106375109,"1":0.138730357,"2":0.4799458383,"3":0.8566245226,"4":0.3724418871,"5":null,"6":0.0072578858,"7":0.6154156246,"8":0.9499672373,"9":0.182477615,"10":0.2977603472,"11":0.5013907023,"12":0.9769213677,"13":0.1544287388,"14":0.7174724606,"15":0.024811837,"16":0.3455908857,"17":0.6336477685},"count":{"0":166,"1":5,"2":2,"3":10,"4":932,"5":1,"6":27,"7":8,"8":67,"9":10,"10":4,"11":20,"12":13,"13":173,"14":1087,"15":129,"16":14,"17":3}}