{"canton":{"0":"BE","1":"GR","2":"FR","3":"AR","4":"TI","5":"VS","6":"SH","7":"TG","8":"BS","9":"OW","10":"ZH","11":"NE","12":"BL","13":"SZ","14":"LU","15":"NW","16":"GE","17":"JU","18":"GL","19":"AG","20":"SO","21":"SG","22":"AI","23":"UR","24":"VD"},"main_mean":{"0":0.0087126296,"1":0.0166577028,"2":0.0025371202,"3":0.030004576,"4":-0.0009053688,"5":0.0023258799,"6":0.0103486664,"7":0.0095160483,"8":0.0087755335,"9":-0.0038299021,"10":0.0122765336,"11":0.0033615408,"12":0.0090947643,"13":0.0488909686,"14":0.0099118303,"15":0.0004166226,"16":0.0044252664,"17":0.0101212681,"18":0.0093312759,"19":0.0079841694,"20":0.0140690518,"21":0.0265886637,"22":-0.0124372132,"23":-0.0102120363,"24":0.0183352191},"sentiment_mean":{"0":0.0693128553,"1":0.0555555556,"2":0.0353982301,"3":0.2078651685,"4":0.0987925357,"5":0.0613107822,"6":0.0514859774,"7":0.0387596899,"8":0.0525461083,"9":0.0,"10":0.1314365608,"11":0.1614583333,"12":0.0160377358,"13":0.1592039801,"14":0.0591678863,"15":0.0537634409,"16":0.1008395856,"17":0.2857142857,"18":0.0909090909,"19":0.0619633326,"20":0.0382941688,"21":0.0924984107,"22":0.0,"23":0.0222222222,"24":0.1726287263},"main_std":{"0":0.1066196787,"1":0.0963178323,"2":0.1340992383,"3":0.1563622696,"4":0.1542133287,"5":0.1137533584,"6":0.0668274473,"7":0.0708707122,"8":0.1011016552,"9":0.0303933751,"10":0.1231340395,"11":0.131384792,"12":0.0591586225,"13":0.1840028465,"14":0.0964543723,"15":0.0994296495,"16":0.1429623005,"17":0.1132868064,"18":0.0377434813,"19":0.1304173046,"20":0.1041571945,"21":0.1237293993,"22":0.0759304217,"23":0.0455875537,"24":0.1786372148},"sentiment_std":{"0":0.3830065501,"1":0.2744354234,"2":0.4111518445,"3":0.5059476133,"4":0.6029836793,"5":0.3771188021,"6":0.2544966004,"7":0.2493189723,"8":0.3812794321,"9":0.1313064329,"10":0.4923707102,"11":0.5058136772,"12":0.1588656629,"13":0.463170987,"14":0.32084147,"15":0.2267727937,"16":0.7060524261,"17":0.5836602956,"18":0.2901294266,"19":0.3109185295,"20":0.2544294988,"21":0.3680753718,"22":0.3086066999,"23":0.2274671263,"24":0.6378831855},"sentiment_pv":{"0":5.861218759e-32,"1":0.0000000001,"2":0.0000000003,"3":0.0068374811,"4":0.6512876624,"5":0.0000239121,"6":1.734692702e-22,"7":0.0000000001,"8":2.021017649e-60,"9":0.0,"10":1.910965754e-41,"11":0.026834055,"12":2.207205792e-61,"13":0.0930289747,"14":9.765436691e-21,"15":0.0353969312,"16":0.4277304824,"17":0.0018864523,"18":0.738680437,"19":8.76376832e-18,"20":1.573735866e-17,"21":0.0836571651,"22":0.1288334233,"23":0.0000538647,"24":0.0000000001},"main_pv":{"0":0.1027785793,"1":0.0104460179,"2":0.03305343,"3":0.0901048504,"4":0.0002298094,"5":0.0112312518,"6":0.8174395979,"7":0.8557350468,"8":0.1277130094,"9":0.0000029949,"10":0.0000079063,"11":0.3212696343,"12":0.6126583751,"13":0.0031023603,"14":0.9359533647,"15":0.3539387192,"16":0.0,"17":0.9931596694,"18":0.8920590327,"19":0.3090177878,"20":0.1904311327,"21":0.0,"22":0.1798569989,"23":0.0000009209,"24":0.0049448509},"count":{"0":20054,"1":1404,"2":1469,"3":178,"4":2733,"5":1419,"6":2389,"7":645,"8":17242,"9":117,"10":87974,"11":384,"12":1060,"13":201,"14":4783,"15":93,"16":33588,"17":105,"18":55,"19":4309,"20":1149,"21":3146,"22":22,"23":135,"24":3690},"nb_en":{"0":5893,"1":129,"2":655,"3":51,"4":2596,"5":427,"6":179,"7":70,"8":4584,"9":4,"10":38508,"11":263,"12":40,"13":78,"14":943,"15":28,"16":33244,"17":102,"18":3,"19":617,"20":110,"21":446,"22":4,"23":8,"24":3290},"nb_de":{"0":14161,"1":1275,"2":814,"3":127,"4":137,"5":992,"6":2210,"7":575,"8":12658,"9":113,"10":49466,"11":121,"12":1020,"13":123,"14":3840,"15":65,"16":344,"17":3,"18":52,"19":3692,"20":1039,"21":2700,"22":18,"23":127,"24":400}}