{"canton":{"0":"BE","1":"TG","2":"FR","3":"GE","4":"AR","5":"GR","6":"VS","7":"SH","8":"SO","9":"OW","10":"ZH","11":"NE","12":"BL","13":"LU","14":"BS","15":"NW","16":"TI","17":"JU","18":"GL","19":"AG","20":"SG","21":"AI","22":"UR","23":"VD"},"main_mean":{"0":0.0158504908,"1":0.0129013333,"2":0.0115968553,"3":0.0078454791,"4":0.0135807017,"5":0.004795091,"6":-0.0127984525,"7":-0.0000366177,"8":0.0679046338,"9":-0.0291420781,"10":0.0187598185,"11":0.0003333278,"12":0.0062713394,"13":0.02334556,"14":0.0073035481,"15":0.0001904748,"16":0.0004293605,"17":0.0,"18":0.0007058782,"19":0.0207220416,"20":0.0218203991,"21":0.0,"22":-0.0001599968,"23":0.0093398869},"sentiment_mean":{"0":0.0806100218,"1":0.0,"2":0.0681818182,"3":0.08,"4":0.25,"5":0.0,"6":-0.023255814,"7":0.0149253731,"8":0.0789473684,"9":-0.1666666667,"10":0.1551351351,"11":0.0,"12":-0.03125,"13":0.0769230769,"14":0.0446735395,"15":0.0,"16":0.1034482759,"17":0.5,"18":0.0,"19":0.1056338028,"20":0.0683229814,"21":0.0,"22":0.0,"23":0.145631068},"main_std":{"0":0.1123272538,"1":0.0236522646,"2":0.0660867187,"3":0.1574520686,"4":0.0189582197,"5":0.0361478295,"6":0.058625224,"7":0.0537747609,"8":0.2482563769,"9":0.0488742466,"10":0.1198388532,"11":0.0004713967,"12":0.0407090228,"13":0.099424434,"14":0.0898988628,"15":0.0003299121,"16":0.1486068498,"17":0.0,"18":null,"19":0.0805959622,"20":0.1438190924,"21":null,"22":0.0003919105,"23":0.1387990456},"sentiment_std":{"0":0.4020075962,"1":0.0,"2":0.5010559674,"3":0.7094370803,"4":0.5,"5":0.0,"6":0.3442294427,"7":0.2748298269,"8":0.3587952022,"9":0.4082482905,"10":0.5033560792,"11":0.0,"12":0.1767766953,"13":0.3512010465,"14":0.3636648605,"15":0.0,"16":0.6825820124,"17":0.7071067812,"18":null,"19":0.330650476,"20":0.337717034,"21":null,"22":0.0,"23":0.6478889851},"sentiment_pv":{"0":0.244940597,"1":8.386584732e-43,"2":0.6381130043,"3":0.3501054804,"4":0.6006393509,"5":8.386584732e-43,"6":0.0206080211,"7":0.0115004154,"8":0.6701977072,"9":0.165245841,"10":0.0002492479,"11":8.386584732e-43,"12":0.0001704446,"13":0.4157145206,"14":0.0004364843,"15":8.386584732e-43,"16":0.9925721067,"17":0.5736564808,"18":null,"19":0.9584862729,"20":0.196961504,"21":null,"22":8.386584732e-43,"23":0.5199763874},"main_pv":{"0":0.7719827951,"1":0.8795010886,"2":0.7950649959,"3":0.2681007674,"4":0.949373171,"5":0.1407137303,"6":0.0048127672,"7":0.0394521921,"8":0.191256548,"9":0.0817264909,"10":0.1740700768,"11":0.0,"12":0.290090181,"13":0.333078968,"14":0.0943244011,"15":0.0,"16":0.391333792,"17":0.0,"18":null,"19":0.3561072153,"20":0.5100222555,"21":null,"22":0.0,"23":0.7230252663},"count":{"0":459,"1":8,"2":44,"3":825,"4":4,"5":36,"6":43,"7":67,"8":38,"9":6,"10":1850,"11":2,"12":32,"13":117,"14":582,"15":3,"16":87,"17":2,"18":1,"19":142,"20":161,"21":1,"22":6,"23":103},"nb_en":{"0":157,"1":2,"2":24,"3":818,"4":1,"5":1,"6":8,"7":3,"8":10,"9":1,"10":845,"11":0,"12":1,"13":33,"14":130,"15":0,"16":83,"17":2,"18":0,"19":18,"20":16,"21":1,"22":0,"23":101},"nb_de":{"0":302,"1":6,"2":20,"3":7,"4":3,"5":35,"6":35,"7":64,"8":28,"9":5,"10":1005,"11":2,"12":31,"13":84,"14":452,"15":3,"16":4,"17":0,"18":1,"19":124,"20":145,"21":0,"22":6,"23":2}}