{"canton":{"0":"BE","1":"GE","2":"VS","3":"JU","4":"VD","5":"NW","6":"SO","7":"NE","8":"AG","9":"OW","10":"GR","11":"AR","12":"TG","13":"SH","14":"TI","15":"SZ","16":"LU","17":"BL","18":"GL","19":"BS","20":"ZH","21":"SG","22":"FR","23":"UR"},"main_mean":{"0":0.0055955325,"1":-0.0003116667,"2":0.0089796412,"3":0.0,"4":0.0136697435,"5":-0.0055851391,"6":0.0088585631,"7":0.017995797,"8":0.0315261206,"9":0.0002222198,"10":0.0106979084,"11":0.0208138511,"12":0.0048152044,"13":0.0147031109,"14":-0.017345081,"15":0.0001904735,"16":0.0272994349,"17":0.006516498,"18":0.0006153799,"19":0.0169062636,"20":0.0152779069,"21":0.0320653856,"22":0.0111449946,"23":0.0040368089},"sentiment_mean":{"0":0.0648918469,"1":0.0730223124,"2":0.1132075472,"3":0.5,"4":0.0701754386,"5":0.0,"6":0.0,"7":0.2142857143,"8":0.1212121212,"9":0.0,"10":0.08,"11":0.0769230769,"12":0.0,"13":0.0294117647,"14":0.0384615385,"15":0.0,"16":0.0661764706,"17":0.0,"18":0.0,"19":0.0451612903,"20":0.1224199288,"21":0.0721649485,"22":0.0714285714,"23":0.0},"main_std":{"0":0.0912885947,"1":0.1171743889,"2":0.0716863539,"3":0.0,"4":0.1471496763,"5":0.0100610949,"6":0.0199911884,"7":0.0357255959,"8":0.1382659238,"9":0.0003142662,"10":0.0786426429,"11":0.0558708713,"12":0.0191947554,"13":0.0767410841,"14":0.1131164486,"15":0.0003299097,"16":0.1213010205,"17":0.0420054541,"18":null,"19":0.1182699201,"20":0.1171613807,"21":0.1324407129,"22":0.0968551174,"23":0.0083376798},"sentiment_std":{"0":0.3378096554,"1":0.7243007435,"2":0.3752115997,"3":0.7071067812,"4":0.5755996987,"5":0.0,"6":0.0,"7":0.5789342235,"8":0.3577916185,"9":0.0,"10":0.2768874621,"11":0.2773500981,"12":0.0,"13":0.242535625,"14":0.5684864318,"15":0.0,"16":0.348588814,"17":0.0,"18":null,"19":0.3715404005,"20":0.4712781317,"21":0.3607695098,"22":0.3416500237,"23":0.0},"sentiment_pv":{"0":0.0590459992,"1":0.3872977072,"2":0.7098413494,"3":0.5656295215,"4":0.6647584843,"5":4.77888453e-45,"6":4.77888453e-45,"7":0.4503486115,"8":0.4546070638,"9":4.77888453e-45,"10":0.8069925972,"11":0.8308611644,"12":4.77888453e-45,"13":0.0360627037,"14":0.3952601031,"15":4.77888453e-45,"16":0.3687905381,"17":4.77888453e-45,"18":null,"19":0.0086367167,"20":0.0096961931,"21":0.5628428454,"22":0.6762141033,"23":4.77888453e-45},"main_pv":{"0":0.1216635527,"1":0.0026334319,"2":0.7762625647,"3":0.0,"4":0.8943903365,"5":0.0867302523,"6":0.4446170342,"7":0.5338432328,"8":0.1618204278,"9":0.0,"10":0.9437113081,"11":0.5741969833,"12":0.1366289237,"13":0.7610872619,"14":0.0264572063,"15":0.0,"16":0.1432120249,"17":0.6350683124,"18":null,"19":0.3722835356,"20":0.1977033835,"21":0.1379359755,"22":0.9641033948,"23":0.106202137},"count":{"0":601,"1":986,"2":53,"3":2,"4":114,"5":3,"6":32,"7":14,"8":99,"9":2,"10":25,"11":13,"12":20,"13":68,"14":78,"15":3,"16":136,"17":15,"18":1,"19":465,"20":2810,"21":97,"22":42,"23":5},"nb_en":{"0":149,"1":980,"2":15,"3":1,"4":86,"5":0,"6":0,"7":12,"8":17,"9":0,"10":4,"11":1,"12":0,"13":6,"14":76,"15":1,"16":23,"17":2,"18":0,"19":124,"20":1150,"21":15,"22":14,"23":0},"nb_de":{"0":452,"1":6,"2":38,"3":1,"4":28,"5":3,"6":32,"7":2,"8":82,"9":2,"10":21,"11":12,"12":20,"13":62,"14":2,"15":2,"16":113,"17":13,"18":1,"19":341,"20":1660,"21":82,"22":28,"23":5}}