{"canton":{"0":"TG","1":"BE","2":"FR","3":"SO","4":"TI","5":"VS","6":"SH","7":"GR","8":"BS","9":"OW","10":"ZH","11":"AR","12":"BL","13":"SZ","14":"LU","15":"NW","16":"GE","17":"JU","18":"GL","19":"AG","20":"SG","21":"NE","22":"UR","23":"VD"},"main_mean":{"0":0.0063725877,"1":0.0134818796,"2":0.0080717751,"3":0.036802484,"4":-0.0113981731,"5":0.028067619,"6":0.0012843186,"7":0.0325421622,"8":0.0044715478,"9":-0.0026803545,"10":0.017408994,"11":0.5999880002,"12":0.0152957186,"13":0.0114415706,"14":0.0137350772,"15":0.0001428551,"16":0.0141338798,"17":1.0,"18":-0.0086207615,"19":0.0051664416,"20":0.0301413721,"21":-0.0433310112,"22":0.0001142841,"23":0.0612070939},"sentiment_mean":{"0":0.0,"1":0.1077235772,"2":0.0163934426,"3":0.0952380952,"4":0.025974026,"5":0.064516129,"6":0.0,"7":0.1153846154,"8":0.038647343,"9":0.0,"10":0.1804440246,"11":1.0,"12":0.0476190476,"13":0.0,"14":0.0555555556,"15":0.0,"16":0.0772104608,"17":1.0,"18":0.0,"19":0.0604026846,"20":0.0888888889,"21":0.1,"22":0.0,"23":0.29},"main_std":{"0":0.0167541284,"1":0.1158513386,"2":0.1138358612,"3":0.1334540357,"4":0.1369790432,"5":0.1416161392,"6":0.0461176637,"7":0.1248127246,"8":0.0795625323,"9":0.0084460486,"10":0.1199514322,"11":null,"12":0.0809867783,"13":0.0135154888,"14":0.0891995615,"15":0.0002857102,"16":0.1681377159,"17":null,"18":0.0121915978,"19":0.075342522,"20":0.1374156033,"21":0.1728762847,"22":0.000255547,"23":0.2019535723},"sentiment_std":{"0":0.0,"1":0.4451381405,"2":0.2229950133,"3":0.3007926038,"4":0.6683448915,"5":0.4423787119,"6":0.2791452631,"7":0.3258125936,"8":0.4272260957,"9":0.0,"10":0.5338585081,"11":null,"12":0.2155402687,"13":0.0,"14":0.3295878961,"15":0.0,"16":0.7108115479,"17":null,"18":0.0,"19":0.2658029121,"20":0.3551518503,"21":0.7378647874,"22":0.0,"23":0.7005769628},"sentiment_pv":{"0":2.163165016e-56,"1":0.4875023133,"2":0.0006058134,"3":0.6826495994,"4":0.2104250733,"5":0.4720221319,"6":0.0002967938,"7":0.9110675687,"8":0.0001898316,"9":2.163165016e-56,"10":0.0000326429,"11":null,"12":0.0330536245,"13":2.163165016e-56,"14":0.0097610433,"15":2.163165016e-56,"16":0.0835153642,"17":null,"18":2.163165016e-56,"19":0.0076433033,"20":0.221947019,"21":0.9248543841,"22":2.163165016e-56,"23":0.0194437664},"main_pv":{"0":0.0300508092,"1":0.6932938217,"2":0.6070325655,"3":0.4771602421,"4":0.0890410741,"5":0.6302249974,"6":0.0108056425,"7":0.4979996389,"8":0.0097490698,"9":0.0000499746,"10":0.5841949907,"11":null,"12":0.9767720277,"13":0.6460365182,"14":0.7797921289,"15":3.693803805e-17,"16":0.8052076407,"17":null,"18":0.2042924997,"19":0.1047250453,"20":0.16576109,"21":0.3087755361,"22":2.965813501e-17,"23":0.0269004655},"count":{"0":21,"1":492,"2":61,"3":21,"4":77,"5":31,"6":78,"7":26,"8":414,"9":9,"10":2117,"11":1,"12":42,"13":3,"14":180,"15":4,"16":803,"17":1,"18":2,"19":149,"20":180,"21":10,"22":5,"23":100},"nb_en":{"0":4,"1":173,"2":10,"3":2,"4":72,"5":12,"6":7,"7":2,"8":98,"9":2,"10":1060,"11":0,"12":1,"13":0,"14":35,"15":0,"16":796,"17":1,"18":0,"19":13,"20":11,"21":10,"22":0,"23":92},"nb_de":{"0":17,"1":319,"2":51,"3":19,"4":5,"5":19,"6":71,"7":24,"8":316,"9":7,"10":1057,"11":1,"12":41,"13":3,"14":145,"15":4,"16":7,"17":0,"18":2,"19":136,"20":169,"21":0,"22":5,"23":8}}