{"canton":{"0":"BE","1":"GE","2":"VS","3":"VD","4":"NW","5":"SO","6":"NE","7":"AG","8":"OW","9":"GR","10":"AR","11":"TG","12":"SH","13":"TI","14":"SZ","15":"LU","16":"BL","17":"GL","18":"BS","19":"ZH","20":"SG","21":"FR","22":"UR"},"main_mean":{"0":0.0069812075,"1":0.0113340395,"2":0.0311411895,"3":0.0273428154,"4":-0.1246412995,"5":0.0265112646,"6":-0.0209528448,"7":0.0064921553,"8":0.0005714204,"9":0.0308007008,"10":0.0018938196,"11":0.0333696871,"12":0.0329521505,"13":0.0071234082,"14":-0.0192752237,"15":0.0329282767,"16":0.0024061199,"17":0.0332612826,"18":0.0063473337,"19":0.012352823,"20":0.0215570409,"21":0.0229121456,"22":0.0002706309},"sentiment_mean":{"0":0.0871559633,"1":0.1296043656,"2":0.09375,"3":0.2788461538,"4":0.0,"5":0.0740740741,"6":0.0,"7":0.0803571429,"8":0.0,"9":0.1333333333,"10":0.5,"11":0.0625,"12":0.0625,"13":0.0289855072,"14":-0.3333333333,"15":0.0869565217,"16":0.0,"17":0.0,"18":0.0403225806,"19":0.1552119129,"20":0.0,"21":0.125,"22":0.0},"main_std":{"0":0.1331440409,"1":0.1658311539,"2":0.1924696031,"3":0.1949922622,"4":0.2168129382,"5":0.066791425,"6":0.0582133697,"7":0.083503195,"8":null,"9":0.1015782941,"10":0.071167298,"11":0.0980009792,"12":0.1079942436,"13":0.1276001717,"14":0.0869398873,"15":0.1120105976,"16":0.0140257019,"17":null,"18":0.0819446113,"19":0.1313627941,"20":0.1224383127,"21":0.101732528,"22":0.0003448359},"sentiment_std":{"0":0.425314146,"1":0.707770672,"2":0.2961445811,"3":0.6146548604,"4":0.0,"5":0.2668802563,"6":0.5,"7":0.3325682984,"8":null,"9":0.3437758255,"10":0.5773502692,"11":0.25,"12":0.2435886759,"13":0.7065037049,"14":0.5773502692,"15":0.4108502817,"16":0.0,"17":null,"18":0.3611719517,"19":0.516178137,"20":0.4170288281,"21":0.3378319623,"22":0.0},"sentiment_pv":{"0":0.1082014216,"1":0.7978355066,"2":0.5903595086,"3":0.0116001012,"4":1.600905844e-47,"5":0.359468337,"6":0.4835048304,"7":0.1965312859,"8":null,"9":0.8367261156,"10":0.2822626603,"11":0.3553306878,"12":0.037601565,"13":0.2772766169,"14":0.304778941,"15":0.4799772648,"16":1.600905844e-47,"17":null,"18":0.000069021,"19":0.0286763605,"20":0.051623452,"21":0.9724155486,"22":1.600905844e-47},"main_pv":{"0":0.4256209764,"1":0.876628269,"2":0.5852298264,"3":0.4372680441,"4":0.3880239854,"5":0.2862347127,"6":0.125592344,"7":0.4754914369,"8":null,"9":0.2335560393,"10":0.7884446009,"11":0.4057574874,"12":0.0964527195,"13":0.7375334331,"14":0.5932467285,"15":0.135947618,"16":0.0057763386,"17":null,"18":0.2077086526,"19":0.9975127124,"20":0.610750676,"21":0.6172925993,"22":0.0000000163},"count":{"0":436,"1":733,"2":32,"3":104,"4":3,"5":27,"6":9,"7":112,"8":1,"9":45,"10":4,"11":16,"12":80,"13":69,"14":3,"15":69,"16":26,"17":1,"18":372,"19":1746,"20":47,"21":24,"22":6},"nb_en":{"0":151,"1":729,"2":14,"3":99,"4":1,"5":2,"6":5,"7":19,"8":0,"9":4,"10":2,"11":3,"12":10,"13":65,"14":1,"15":19,"16":1,"17":0,"18":94,"19":761,"20":6,"21":14,"22":0},"nb_de":{"0":285,"1":4,"2":18,"3":5,"4":2,"5":25,"6":4,"7":93,"8":1,"9":41,"10":2,"11":13,"12":70,"13":4,"14":2,"15":50,"16":25,"17":1,"18":278,"19":985,"20":41,"21":10,"22":6}}