{"canton":{"0":"BE","1":"ZH","2":"VS","3":"SO","4":"SG","5":"SZ","6":"AR","7":"FR","8":"JU","9":"NW","10":"AG","11":"TI","12":"SH","13":"BL","14":"LU","15":"TG","16":"BS","17":"NE","18":"VD","19":"GE","20":"GR"},"main_mean":{"0":-0.0055568782,"1":0.0086872357,"2":-0.0503549641,"3":-0.1874966146,"4":0.03207879,"5":0.0624992188,"6":0.0,"7":0.0082363315,"8":0.0,"9":0.0,"10":-0.0332985969,"11":-0.0033823871,"12":0.0033060013,"13":0.0,"14":0.0268918063,"15":0.0,"16":0.017057064,"17":-0.0246210593,"18":0.0334457191,"19":0.0005373595,"20":-0.0108332701},"sentiment_mean":{"0":0.2040816327,"1":0.2300593276,"2":0.2777777778,"3":0.0,"4":0.1176470588,"5":0.5,"6":0.0,"7":-0.0882352941,"8":0.0,"9":1.0,"10":0.2413793103,"11":0.0689655172,"12":0.1176470588,"13":0.5,"14":0.4054054054,"15":0.3333333333,"16":0.1393034826,"17":0.5,"18":0.1610738255,"19":0.0933609959,"20":0.1},"vader_mean":{"0":0.1686665306,"1":0.1653021094,"2":0.0622055556,"3":0.0129,"4":0.1684235294,"5":0.1806,"6":0.0,"7":0.0011470588,"8":0.0,"9":0.5886,"10":0.1056655172,"11":0.0618287356,"12":0.0762117647,"13":0.08895,"14":0.2164405405,"15":0.2083,"16":0.109041791,"17":0.29955,"18":0.1532436242,"19":0.0844956432,"20":0.124045},"main_std":{"0":0.1155210552,"1":0.1371763847,"2":0.1947096982,"3":0.4419347409,"4":0.1151335633,"5":0.0883872428,"6":null,"7":0.1970260805,"8":null,"9":null,"10":0.2120804371,"11":0.1247440899,"12":0.0629038068,"13":0.0,"14":0.0933796037,"15":0.0,"16":0.126840075,"17":0.1314277314,"18":0.222749766,"19":0.1207960403,"20":0.0926811637},"sentiment_std":{"0":0.6584753825,"1":0.688536599,"2":0.6691131581,"3":0.0,"4":0.7812132344,"5":0.7071067812,"6":null,"7":0.5144957554,"8":null,"9":null,"10":0.7394579295,"11":0.5454484702,"12":0.600245048,"13":0.7071067812,"14":0.5990482943,"15":0.5773502692,"16":0.6484577954,"17":0.5477225575,"18":0.5583168975,"19":0.7167768425,"20":0.4472135955},"vader_std":{"0":0.3695366612,"1":0.3639119477,"2":0.3015500436,"3":0.018243355,"4":0.3720425875,"5":0.2554069694,"6":null,"7":0.2839603122,"8":null,"9":null,"10":0.3784175993,"11":0.2728718482,"12":0.3402290513,"13":0.1257942964,"14":0.3753676076,"15":0.3607861832,"16":0.3481813163,"17":0.3458882927,"18":0.3732132162,"19":0.398962719,"20":0.2308636223},"sentiment_pv":{"0":0.3579086548,"1":0.0015737123,"2":0.4814826371,"3":4.344540018e-48,"4":0.8100778854,"5":0.6233178666,"6":null,"7":0.0076264315,"8":null,"9":null,"10":0.5788155482,"11":0.1137109752,"12":0.7548593831,"13":0.6233178666,"14":0.0198124002,"15":0.6620338639,"16":0.6000685413,"17":0.193443537,"18":0.9502375226,"19":0.001254424,"20":0.5320232052},"vader_pv":{"0":0.088123268,"1":0.0005853367,"2":0.3766064399,"3":0.0333549178,"4":0.6526241839,"5":0.816172721,"6":null,"7":0.0149552365,"8":null,"9":null,"10":0.765051093,"11":0.0318071469,"12":0.5482775134,"13":0.7430027785,"14":0.1574320619,"15":0.7338494558,"16":0.4798074977,"17":0.2762591768,"18":0.4001602868,"19":0.0004697116,"20":0.9560357109},"main_pv":{"0":0.1615272455,"1":0.4051701344,"2":0.2427364862,"3":0.6481639765,"4":0.3520598716,"5":0.5277419079,"6":null,"7":0.9300546293,"8":null,"9":null,"10":0.3368210679,"11":0.5260610515,"12":0.9015451952,"13":0.0159173803,"14":0.1708239483,"15":0.0159173803,"16":0.2007000484,"17":0.602026303,"18":0.1269287286,"19":0.2217151929,"20":0.4497354645},"count":{"0":245,"1":1517,"2":18,"3":2,"4":17,"5":2,"6":1,"7":34,"8":1,"9":1,"10":29,"11":87,"12":17,"13":2,"14":37,"15":3,"16":201,"17":6,"18":149,"19":1446,"20":20}}