{"canton":{"0":"BE","1":"NE","2":"VS","3":"SO","4":"GE","5":"AR","6":"FR","7":"AG","8":"TI","9":"SH","10":"LU","11":"TG","12":"BS","13":"ZH","14":"VD","15":"SG","16":"GR"},"main_mean":{"0":0.015571582,"1":0.0,"2":-0.0269883377,"3":0.0,"4":0.0018551136,"5":0.0,"6":-0.0258505108,"7":0.0969887716,"8":-0.0016908055,"9":0.049999,"10":-0.0065358751,"11":0.0833326389,"12":-0.0113473275,"13":0.0097658837,"14":0.0277293046,"15":0.0291255466,"16":0.0222220895},"sentiment_mean":{"0":0.1801801802,"1":0.0,"2":-0.125,"3":1.0,"4":0.0609756098,"5":0.5,"6":0.25,"7":0.1052631579,"8":0.1451612903,"9":0.5,"10":0.0588235294,"11":1.0,"12":0.1260504202,"13":0.3106382979,"14":0.2567567568,"15":0.4166666667,"16":0.5},"vader_mean":{"0":0.2589684685,"1":0.29295,"2":-0.0149,"3":0.6588,"4":0.0607825203,"5":0.31845,"6":0.181225,"7":0.2315736842,"8":0.0518,"9":0.1324,"10":0.0498647059,"11":0.0,"12":0.0760352941,"13":0.1726655319,"14":0.1107554054,"15":0.1516666667,"16":0.35475},"main_std":{"0":0.1337347614,"1":0.0,"2":0.0507964551,"3":null,"4":0.1276422473,"5":0.0,"6":0.0917107299,"7":0.271473241,"8":0.0941875946,"9":0.099998,"10":0.0756712205,"11":null,"12":0.0951251232,"13":0.127941534,"14":0.1718518335,"15":0.0712543473,"16":0.0428274894},"sentiment_std":{"0":0.6633002638,"1":0.0,"2":0.6408699445,"3":null,"4":0.7145095362,"5":0.7071067812,"6":0.7537783614,"7":0.6578362547,"8":0.5385704878,"9":0.5773502692,"10":0.4287464629,"11":null,"12":0.6182893548,"13":0.6752211472,"14":0.6206671358,"15":0.5149286505,"16":0.5345224838},"vader_std":{"0":0.3511346294,"1":0.4142938631,"2":0.4377394789,"3":null,"4":0.388735061,"5":0.4503563089,"6":0.3536674276,"7":0.3451615046,"8":0.2716190968,"9":0.470300528,"10":0.2798306875,"11":null,"12":0.3647567649,"13":0.3547412777,"14":0.3821776332,"15":0.2748400736,"16":0.3216271844},"sentiment_pv":{"0":0.9704915526,"1":4.685590349e-30,"2":0.2173604443,"3":null,"4":0.0000769101,"5":0.6398780267,"6":0.7630335981,"7":0.6164053668,"8":0.5956482784,"9":0.3520306547,"10":0.2557549891,"11":null,"12":0.3382271226,"13":0.0000200347,"14":0.3182421886,"15":0.1450373789,"16":0.1374952967},"vader_pv":{"0":0.0001090365,"1":0.6628200856,"2":0.4080234637,"3":null,"4":0.0002822315,"5":0.647305087,"6":0.5712427286,"7":0.1833190105,"8":0.054038967,"9":0.9658214506,"10":0.3103635619,"11":null,"12":0.1903683967,"13":0.0012702599,"14":0.8136300852,"15":0.712040463,"16":0.0795686397},"main_pv":{"0":0.4947210637,"1":0.0242896101,"2":0.1048725957,"3":null,"4":0.387849061,"5":0.0242896101,"6":0.2473905674,"7":0.1644734156,"8":0.5008380682,"9":0.4500026089,"10":0.4879145135,"11":null,"12":0.0525126286,"13":0.5809319897,"14":0.2997780312,"15":0.3015964615,"16":0.3439469687},"count":{"0":111,"1":2,"2":8,"3":1,"4":738,"5":2,"6":12,"7":19,"8":62,"9":4,"10":17,"11":1,"12":119,"13":705,"14":74,"15":12,"16":8}}