{"canton":{"0":"BE","1":"NE","2":"VS","3":"SO","4":"GE","5":"AR","6":"FR","7":"JU","8":"AG","9":"TI","10":"SH","11":"BL","12":"LU","13":"SZ","14":"BS","15":"ZH","16":"VD","17":"SG","18":"GR"},"main_mean":{"0":0.0101899492,"1":-0.0578643486,"2":0.0852084382,"3":-0.0277774691,"4":0.0061228176,"5":0.0028165311,"6":-0.0341466692,"7":0.0,"8":-0.0199069756,"9":-0.0136354179,"10":-0.0166665278,"11":0.0,"12":0.0032892703,"13":0.1249992188,"14":0.0188019635,"15":0.0145041988,"16":0.0152347673,"17":0.0336492949,"18":-0.0119047052},"sentiment_mean":{"0":0.1187214612,"1":0.0,"2":0.1875,"3":-0.25,"4":0.1067556297,"5":0.5,"6":-0.1428571429,"7":0.0,"8":-0.1333333333,"9":0.0862068966,"10":0.2,"11":0.5,"12":0.0714285714,"13":1.0,"14":0.1582278481,"15":0.1993841416,"16":0.1948051948,"17":0.0555555556,"18":0.25},"vader_mean":{"0":0.1237598174,"1":0.0199666667,"2":0.0120375,"3":-0.023,"4":0.1046313595,"5":0.26785,"6":0.145,"7":0.0,"8":0.0711133333,"9":0.1159405172,"10":0.2181,"11":0.3348,"12":0.1172428571,"13":0.7096,"14":0.1577082278,"15":0.1198446497,"16":0.1084922078,"17":0.1653611111,"18":-0.06355},"main_std":{"0":0.1458968695,"1":0.0773633691,"2":0.2669779431,"3":0.0555549383,"4":0.1195991088,"5":0.0822537169,"6":0.1720966108,"7":null,"8":0.0721131566,"9":0.1640930657,"10":0.0372674891,"11":0.0,"12":0.0951757455,"13":null,"14":0.1299406948,"15":0.1232690823,"16":0.176324228,"17":0.129120475,"18":0.0238094104},"sentiment_std":{"0":0.6314147578,"1":0.5,"2":0.6551081336,"3":0.9574271078,"4":0.6899803289,"5":0.5773502692,"6":0.7703288865,"7":null,"8":0.743223353,"9":0.6124642388,"10":0.8366600265,"11":0.7071067812,"12":0.465758754,"13":null,"14":0.6436574622,"15":0.6749761779,"16":0.6575645507,"17":0.6391374907,"18":0.5},"vader_std":{"0":0.3557309738,"1":0.4385274535,"2":0.3850524031,"3":0.3666718878,"4":0.3941175846,"5":0.3189245836,"6":0.4191618138,"7":null,"8":0.374772809,"9":0.3007708624,"10":0.4124181979,"11":0.4734787007,"12":0.2376708593,"13":null,"14":0.3463098221,"15":0.3566354363,"16":0.3848160268,"17":0.384092705,"18":0.421945032},"sentiment_pv":{"0":0.5017131674,"1":0.3998052963,"2":0.815436539,"3":0.4662868617,"4":0.071456461,"5":0.3104739353,"6":0.1810350729,"7":null,"8":0.1646131543,"9":0.2854838782,"10":0.8972131351,"11":0.6098970183,"12":0.3928474018,"13":null,"14":0.8533309797,"15":0.0215296294,"16":0.3948318704,"17":0.5465418737,"18":0.7121506282},"vader_pv":{"0":0.7311461261,"1":0.5333242115,"2":0.3017240223,"3":0.5058613737,"4":0.4197775671,"5":0.4091676191,"6":0.794687828,"7":null,"8":0.6563381725,"9":0.979340861,"10":0.6067896379,"11":0.6304125555,"12":0.9643549577,"13":null,"14":0.1348651336,"15":0.6942606816,"16":0.8326374748,"17":0.5875916361,"18":0.4591782847},"main_pv":{"0":0.9885752161,"1":0.030100412,"2":0.2780272852,"3":0.2667147833,"4":0.3421222126,"5":0.8718053194,"6":0.3546633231,"7":null,"8":0.1319696358,"9":0.1268140395,"10":0.1849088033,"11":0.0000091185,"12":0.7122168775,"13":null,"14":0.4090657252,"15":0.2768195077,"16":0.718780712,"17":0.4497571811,"18":0.1614302969},"count":{"0":219,"1":9,"2":16,"3":4,"4":1199,"5":4,"6":14,"7":1,"8":15,"9":116,"10":5,"11":2,"12":28,"13":1,"14":158,"15":1299,"16":154,"17":18,"18":4}}