{"canton":{"0":"BE","1":"GE","2":"VS","3":"JU","4":"VD","5":"NW","6":"SO","7":"NE","8":"AG","9":"OW","10":"GR","11":"AR","12":"TG","13":"SH","14":"TI","15":"SZ","16":"LU","17":"BL","18":"GL","19":"BS","20":"ZH","21":"SG","22":"FR","23":"UR"},"main_mean":{"0":0.0048072445,"1":0.0027720698,"2":0.0015816788,"3":-0.0238093537,"4":0.013478583,"5":0.000199998,"6":0.0282685101,"7":0.0119871205,"8":0.0007311799,"9":-0.0147056967,"10":0.0167864183,"11":0.1264250473,"12":-0.0011448259,"13":0.0117914163,"14":0.0116247529,"15":-0.0075368649,"16":0.0020699912,"17":-0.0025630529,"18":0.0,"19":0.000681162,"20":0.010895107,"21":0.0289330163,"22":-0.013690276,"23":0.0},"sentiment_mean":{"0":0.0694087404,"1":0.1157742402,"2":0.0227272727,"3":0.0,"4":0.2,"5":0.0,"6":0.0597014925,"7":0.2857142857,"8":0.0584415584,"9":0.0,"10":0.0,"11":0.3333333333,"12":0.0,"13":0.1071428571,"14":0.1262135922,"15":0.25,"16":0.0469483568,"17":0.0322580645,"18":0.5,"19":0.0195804196,"20":0.1434130072,"21":0.0625,"22":0.0634920635,"23":0.0},"main_std":{"0":0.0977322086,"1":0.1320965591,"2":0.0608625001,"3":0.0412390104,"4":0.1636054853,"5":0.0002828399,"6":0.0998871194,"7":0.0614713141,"8":0.1509841911,"9":0.0542586286,"10":0.0655481879,"11":0.217778163,"12":0.0199856713,"13":0.0830744498,"14":0.1475840165,"15":0.0496304802,"16":0.1175550512,"17":0.0147818133,"18":0.0,"19":0.0877073829,"20":0.1311134099,"21":0.1223801229,"22":0.1015615309,"23":0.0},"sentiment_std":{"0":0.3482848729,"1":0.7217908182,"2":0.3402212935,"3":0.0,"4":0.5960066112,"5":0.0,"6":0.2954501965,"7":0.4688072309,"8":0.415972174,"9":0.0,"10":0.2062842493,"11":0.5,"12":0.2886751346,"13":0.3111524301,"14":0.571883912,"15":0.4629100499,"16":0.3603622158,"17":0.179605302,"18":0.7071067812,"19":0.3505215684,"20":0.4780412751,"21":0.3787097208,"22":0.3534628635,"23":0.0},"sentiment_pv":{"0":0.0028660618,"1":0.7961599518,"2":0.0959367832,"3":2.31431446e-79,"4":0.0853399948,"5":2.31431446e-79,"6":0.1687680274,"7":0.185818896,"8":0.1275822497,"9":2.31431446e-79,"10":0.0006317711,"11":0.2182317554,"12":0.0685849775,"13":0.9216603575,"14":0.7825577598,"15":0.4225501502,"16":0.0128365855,"17":0.022991847,"18":0.5787060349,"19":0.0000000003,"20":0.0008514685,"21":0.2219181613,"22":0.2987284742,"23":2.31431446e-79},"main_pv":{"0":0.4627026234,"1":0.2086225791,"2":0.5212113961,"3":0.3179278207,"4":0.6777031293,"5":0.000000278,"6":0.0968480371,"7":0.7935982441,"8":0.5766276567,"9":0.4106831016,"10":0.3408194143,"11":0.1402847917,"12":0.048231668,"13":0.6476875503,"14":0.7826856871,"15":0.4184516523,"16":0.5008529068,"17":0.0014577215,"18":0.0000000917,"19":0.053673721,"20":0.2039044109,"21":0.0926416749,"22":0.1033594024,"23":0.0000000917},"count":{"0":778,"1":1382,"2":44,"3":3,"4":135,"5":2,"6":67,"7":14,"8":154,"9":5,"10":48,"11":9,"12":25,"13":84,"14":103,"15":8,"16":213,"17":31,"18":2,"19":715,"20":3598,"21":96,"22":63,"23":2},"nb_en":{"0":224,"1":1365,"2":16,"3":3,"4":121,"5":0,"6":7,"7":10,"8":26,"9":0,"10":4,"11":1,"12":4,"13":8,"14":97,"15":2,"16":41,"17":1,"18":1,"19":162,"20":1504,"21":16,"22":19,"23":0},"nb_de":{"0":554,"1":17,"2":28,"3":0,"4":14,"5":2,"6":60,"7":4,"8":128,"9":5,"10":44,"11":8,"12":21,"13":76,"14":6,"15":6,"16":172,"17":30,"18":1,"19":553,"20":2094,"21":80,"22":44,"23":2}}