{"canton":{"0":"BE","1":"NE","2":"TG","3":"SO","4":"SG","5":"AR","6":"FR","7":"JU","8":"AG","9":"GR","10":"SH","11":"LU","12":"VS","13":"ZH","14":"VD","15":"GE","16":"BS","17":"TI"},"main_mean":{"0":0.0037538278,"1":0.0085469136,"2":0.0,"3":0.0555537038,"4":0.0165402824,"5":0.0277776235,"6":0.0071004593,"7":0.0,"8":-0.077229481,"9":0.0476843887,"10":-0.0026621081,"11":0.0097805046,"12":-0.007677149,"13":0.0079348208,"14":0.0212202223,"15":0.0076652112,"16":0.0184701521,"17":0.0033806925},"sentiment_mean":{"0":0.1489361702,"1":0.3076923077,"2":0.0,"3":0.3333333333,"4":0.3684210526,"5":0.5,"6":0.0322580645,"7":0.0,"8":0.3529411765,"9":0.2222222222,"10":0.3333333333,"11":0.2571428571,"12":0.0,"13":0.2058823529,"14":0.1456953642,"15":0.1161538462,"16":0.1168831169,"17":0.1075268817},"vader_mean":{"0":0.1227856383,"1":0.2014538462,"2":0.0,"3":0.2153166667,"4":0.2874631579,"5":0.36555,"6":0.0367451613,"7":0.0,"8":0.1995411765,"9":0.1831777778,"10":0.11175,"11":0.0953114286,"12":-0.0963857143,"13":0.1367760402,"14":0.1411675497,"15":0.1063706923,"16":0.1056012987,"17":0.0519516129},"main_std":{"0":0.1382855633,"1":0.0308163352,"2":0.0,"3":0.1360782275,"4":0.0844783757,"5":0.0392834918,"6":0.156767755,"7":null,"8":0.2119608851,"9":0.0800134713,"10":0.0816154887,"11":0.1218463296,"12":0.0972926352,"13":0.1369546756,"14":0.1803245843,"15":0.127416543,"16":0.1489727757,"17":0.1588663031},"sentiment_std":{"0":0.6533737506,"1":0.4803844614,"2":0.0,"3":0.5163977795,"4":0.7608859103,"5":0.7071067812,"6":0.4819315973,"7":null,"8":0.7018882096,"9":0.4409585518,"10":0.6513389473,"11":0.6108266888,"12":0.8770580193,"13":0.7037545524,"14":0.677223262,"15":0.7178901435,"16":0.6562724202,"17":0.6504574576},"vader_std":{"0":0.3505626447,"1":0.2718353595,"2":0.0,"3":0.3629138764,"4":0.4584111367,"5":0.5169657677,"6":0.2523596664,"7":null,"8":0.3395975413,"9":0.3181600178,"10":0.3744075308,"11":0.3500944299,"12":0.387844703,"13":0.36963529,"14":0.3904669682,"15":0.3921192681,"16":0.3908279509,"17":0.3666963323},"sentiment_pv":{"0":0.8153977215,"1":0.2921679728,"2":2.777147188e-40,"3":0.4498718451,"4":0.2498175945,"5":0.6201696795,"6":0.1524551209,"7":null,"8":0.2757202201,"9":0.6860308994,"10":0.3782573917,"11":0.3584353631,"12":0.5062391339,"13":0.0415881626,"14":0.7943310888,"15":0.0565780046,"16":0.4230556933,"17":0.4418542236},"vader_pv":{"0":0.9258673714,"1":0.3044653452,"2":4.655668212e-74,"3":0.5499348778,"4":0.1299650748,"5":0.6238252242,"6":0.0774716745,"7":null,"8":0.3517599189,"9":0.5703878165,"10":0.9382580573,"11":0.6768676841,"12":0.0570164077,"13":0.164071789,"14":0.5213338641,"15":0.2697431519,"16":0.6474543453,"17":0.0793696641},"main_pv":{"0":0.6632276938,"1":0.9752790395,"2":0.0003838444,"3":0.4337789513,"4":0.6765782596,"5":0.609912703,"6":0.9673225016,"7":null,"8":0.1160188223,"9":0.1785986821,"10":0.6531570597,"11":0.9422221317,"12":0.5517274923,"13":0.9389659369,"14":0.3846517826,"15":0.8868183843,"16":0.4052719796,"17":0.7696034528},"count":{"0":188,"1":13,"2":2,"3":6,"4":19,"5":2,"6":31,"7":1,"8":17,"9":9,"10":12,"11":35,"12":14,"13":1394,"14":151,"15":1300,"16":154,"17":93}}