{"canton":{"0":"NE","1":"GE","2":"GL","3":"BE","4":"SZ","5":"TG","6":"UR","7":"FR","8":"BS","9":"BL","10":"ZH","11":"OW","12":"VD","13":"SG","14":"GR","15":"ZG","16":"AR","17":"LU","18":"TI","19":"JU","20":"AG","21":"SH","22":"VS","23":"SO","24":"NW"},"main_mean":{"0":0.0152977979,"1":-0.006506207,"2":-0.0112181225,"3":-0.0059737407,"4":-0.0082499889,"5":-0.0240207565,"6":-0.0108626931,"7":-0.0042267774,"8":0.0053103327,"9":0.0535289247,"10":-0.0002805621,"11":-0.0043749632,"12":0.0191396532,"13":0.0507145808,"14":0.0138304159,"15":-0.0114293479,"16":0.0,"17":0.0069297379,"18":-0.0508735734,"19":0.0156089944,"20":0.0249504688,"21":-0.0047535122,"22":-0.0032769357,"23":-0.0009451705,"24":-0.1090613629},"sentiment_mean":{"0":0.0833333333,"1":0.0800398539,"2":0.2708333333,"3":0.0681586979,"4":0.0,"5":0.0476190476,"6":0.0,"7":0.0039840637,"8":0.061281337,"9":0.0909090909,"10":0.1121227888,"11":0.0,"12":0.0571010249,"13":0.1538461538,"14":0.1,"15":0.2826086957,"16":0.0,"17":0.0531914894,"18":0.0927835052,"19":-0.2,"20":0.0344827586,"21":0.0909090909,"22":0.0285714286,"23":0.0731707317,"24":-0.2},"main_std":{"0":0.0962873883,"1":0.1743161629,"2":0.1708414149,"3":0.1354046765,"4":0.0136927399,"5":0.1398695126,"6":0.0204608999,"7":0.0951731378,"8":0.1285266203,"9":0.2466919449,"10":0.1478590446,"11":0.0083981388,"12":0.1779695661,"13":0.1620060198,"14":0.1175294055,"15":0.1745883368,"16":0.0,"17":0.0898741472,"18":0.2305649127,"19":0.051370136,"20":0.1688663618,"21":0.0494038676,"22":0.08305089,"23":0.0909762675,"24":0.1621002529},"sentiment_std":{"0":0.2787178068,"1":0.463881642,"2":0.6098337176,"3":0.4067072177,"4":0.0,"5":0.2182178902,"6":0.0,"7":0.1896946592,"8":0.3904430505,"9":0.2942449432,"10":0.4792534414,"11":0.0,"12":0.3129020816,"13":0.3767578152,"14":0.3038218101,"15":0.6205031463,"16":0.0,"17":0.3226567944,"18":0.4805048176,"19":0.4216370214,"20":0.3208883741,"21":0.2942449432,"22":0.2934763438,"23":0.2636516549,"24":0.4472135955},"sentiment_pv":{"0":0.9137370036,"1":0.4453598998,"2":0.0427008606,"3":0.162019428,"4":2.686261285e-90,"5":0.4165016679,"6":2.686261285e-90,"7":0.0000000002,"8":0.0873904391,"9":0.954455694,"10":0.004957896,"11":2.686261285e-90,"12":0.0178831032,"13":0.0194880726,"14":0.7932711792,"15":0.0384130796,"16":2.686261285e-90,"17":0.155745219,"18":0.910681742,"19":0.059639086,"20":0.0523155603,"21":0.954455694,"22":0.1010809486,"23":0.7350740996,"24":0.2242709046},"main_pv":{"0":0.2228321645,"1":0.0698097665,"2":0.6554691488,"3":0.2014506168,"4":0.2121665049,"5":0.4433659626,"6":0.2583671252,"7":0.5084386182,"8":0.2801186695,"9":0.3194487771,"10":0.9561086387,"11":0.3971537262,"12":0.0058913397,"13":0.0000412221,"14":0.4585861052,"15":0.6631901735,"16":0.9340769666,"17":0.2955205781,"18":0.0329824946,"19":0.3596226852,"20":0.0775008953,"21":0.6678541304,"22":0.754507874,"23":0.9545120502,"24":0.2073559822},"count":{"0":60,"1":3011,"2":48,"3":983,"4":6,"5":21,"6":6,"7":251,"8":718,"9":22,"10":3844,"11":4,"12":683,"13":182,"14":40,"15":46,"16":4,"17":188,"18":97,"19":10,"20":145,"21":22,"22":70,"23":41,"24":5},"nb_en":{"0":15,"1":1184,"2":30,"3":334,"4":1,"5":4,"6":0,"7":21,"8":193,"9":4,"10":1591,"11":1,"12":131,"13":14,"14":4,"15":30,"16":1,"17":43,"18":89,"19":3,"20":23,"21":3,"22":11,"23":3,"24":2},"nb_de":{"0":5,"1":7,"2":12,"3":593,"4":5,"5":17,"6":6,"7":107,"8":509,"9":18,"10":2147,"11":3,"12":14,"13":168,"14":36,"15":10,"16":3,"17":145,"18":1,"19":0,"20":122,"21":19,"22":27,"23":36,"24":3}}