{"canton":{"0":"SG","1":"GL","2":"VS","3":"SZ","4":"AG","5":"TG","6":"ZH","7":"BE","8":"GE","9":"BS","10":"AR","11":"LU","12":"OW","13":"GR","14":"ZG","15":"VD","16":"SH","17":"BL","18":"TI","19":"SO","20":"NE","21":"FR"},"main_mean":{"0":0.0062755045,"1":0.049930334,"2":0.0204541837,"3":-0.099999,"4":0.0582885026,"5":0.099999,"6":-0.0156493147,"7":-0.0417963665,"8":-0.0165261681,"9":-0.0337639595,"10":0.1666638889,"11":-0.0090280442,"12":0.1249984375,"13":-0.0950845205,"14":0.049930334,"15":-0.0195487957,"16":0.0859776193,"17":-0.299997,"18":-0.0779645015,"19":-0.0333330556,"20":0.0446297856,"21":-0.0065911473},"sentiment_mean":{"0":0.3684210526,"1":0.0909090909,"2":0.4545454545,"3":0.3333333333,"4":0.1666666667,"5":1.0,"6":0.216053108,"7":0.2459677419,"8":0.1214495593,"9":0.2313432836,"10":1.0,"11":0.3137254902,"12":0.5,"13":0.0,"14":0.0909090909,"15":0.1593406593,"16":0.5,"17":0.0,"18":0.1444444444,"19":0.0,"20":0.2941176471,"21":0.2},"main_std":{"0":0.1416527914,"1":0.2919837719,"2":0.1521748886,"3":0.1732033487,"4":0.3669427121,"5":null,"6":0.2169533014,"7":0.2178743155,"8":0.1782782802,"9":0.242209753,"10":null,"11":0.2180898447,"12":0.1767744856,"13":0.1479038822,"14":0.2919837719,"15":0.2164880364,"16":0.1297704697,"17":null,"18":0.1903747476,"19":0.0745349781,"20":0.171611151,"21":0.1000617753},"sentiment_std":{"0":0.6839855681,"1":0.7006490497,"2":0.687551651,"3":0.5773502692,"4":0.7071067812,"5":null,"6":0.6909757276,"7":0.6234161072,"8":0.7021956145,"9":0.6593934226,"10":null,"11":0.6779438348,"12":0.7071067812,"13":0.5,"14":0.7006490497,"15":0.682775943,"16":0.5477225575,"17":null,"18":0.5312929134,"19":0.7071067812,"20":0.6859943406,"21":0.5231483638},"sentiment_pv":{"0":0.2690047688,"1":0.6526853662,"2":0.229662206,"3":0.7073604798,"4":0.8950801101,"5":null,"6":0.1878652638,"7":0.1683347915,"8":0.0065315138,"9":0.4677294498,"10":null,"11":0.1980388248,"12":0.6457721867,"13":0.2903334201,"14":0.6526853662,"15":0.5680050792,"16":0.2232656337,"17":null,"18":0.4374435482,"19":0.5823571031,"20":0.5374265698,"21":0.9265893746},"main_pv":{"0":0.4523719183,"1":0.4532382295,"2":0.4131589823,"3":0.502200146,"4":0.3854381419,"5":null,"6":0.6190081562,"7":0.1084274549,"8":0.727744286,"9":0.4822308454,"10":null,"11":0.751407173,"12":0.4554005305,"13":0.1610097773,"14":0.4532382295,"15":0.9645300194,"16":0.1049181021,"17":null,"18":0.004589221,"19":0.6868159112,"20":0.1479950332,"21":0.5952355972},"count":{"0":19,"1":11,"2":11,"3":3,"4":18,"5":1,"6":1657,"7":248,"8":1021,"9":134,"10":1,"11":51,"12":2,"13":9,"14":11,"15":182,"16":6,"17":1,"18":90,"19":5,"20":17,"21":20},"nb_en":{"0":19,"1":11,"2":11,"3":3,"4":18,"5":1,"6":1657,"7":248,"8":1021,"9":134,"10":1,"11":51,"12":2,"13":9,"14":11,"15":182,"16":6,"17":1,"18":90,"19":5,"20":17,"21":20},"nb_de":{"0":0,"1":0,"2":0,"3":0,"4":0,"5":0,"6":0,"7":0,"8":0,"9":0,"10":0,"11":0,"12":0,"13":0,"14":0,"15":0,"16":0,"17":0,"18":0,"19":0,"20":0,"21":0}}