{"canton":{"0":"NE","1":"GE","2":"GL","3":"UR","4":"SZ","5":"BE","6":"TG","7":"FR","8":"BS","9":"BL","10":"ZH","11":"VD","12":"SG","13":"GR","14":"ZG","15":"AR","16":"LU","17":"TI","18":"JU","19":"AG","20":"SH","21":"VS","22":"AI","23":"SO","24":"NW"},"main_mean":{"0":0.0388344981,"1":-0.0217655779,"2":-0.0101316429,"3":-0.1331279392,"4":-0.0025675594,"5":-0.0093518295,"6":0.0097021421,"7":-0.0003981026,"8":-0.0036206657,"9":-0.0433653639,"10":-0.0024568436,"11":0.0021025381,"12":0.0124137125,"13":0.0235027912,"14":-0.0106799248,"15":0.000206346,"16":0.002444881,"17":-0.0087710941,"18":-0.0067650048,"19":0.0226981307,"20":-0.0061846509,"21":0.0136671892,"22":0.000399996,"23":0.0060317765,"24":-0.0049166127},"sentiment_mean":{"0":0.0166666667,"1":0.0835987261,"2":-0.075,"3":0.0,"4":-0.25,"5":0.0607866508,"6":0.0,"7":0.0176470588,"8":0.0354391371,"9":-0.0714285714,"10":0.1043731778,"11":0.0716845878,"12":0.0902255639,"13":0.0222222222,"14":-0.0789473684,"15":0.0,"16":0.0386740331,"17":0.1339285714,"18":0.0,"19":0.0446428571,"20":0.027027027,"21":0.1230769231,"22":0.0,"23":0.0681818182,"24":0.0},"main_std":{"0":0.1890379993,"1":0.1850268676,"2":0.1069774405,"3":0.2982511161,"4":0.0542090948,"5":0.1422584831,"6":0.2509517597,"7":0.1131993493,"8":0.1349865891,"9":0.2043987303,"10":0.1476823894,"11":0.1709600731,"12":0.0936720821,"13":0.0985766688,"14":0.1098025388,"15":0.0003210853,"16":0.1247245463,"17":0.2032205876,"18":0.0864201367,"19":0.104471357,"20":0.0648015162,"21":0.1144035021,"22":null,"23":0.0750372998,"24":0.0123726594},"sentiment_std":{"0":0.4691017983,"1":0.4664977794,"2":0.4167948521,"3":0.0,"4":0.5,"5":0.3621400868,"6":0.3922322703,"7":0.2545103063,"8":0.3689008111,"9":0.2672612419,"10":0.4868148968,"11":0.3419571311,"12":0.3361692984,"13":0.3363499861,"14":0.4275371928,"15":0.0,"16":0.3225702487,"17":0.5283926965,"18":0.0,"19":0.3115897296,"20":0.1643989873,"21":0.4509605134,"22":null,"23":0.2549717059,"24":0.0},"sentiment_pv":{"0":0.2984195021,"1":0.7567923363,"2":0.0237663844,"3":2.158174173e-66,"4":0.2780828124,"5":0.1419980613,"6":0.4572977718,"7":0.002046659,"8":0.0032106874,"9":0.053565999,"10":0.0117095841,"11":0.5674994888,"12":0.7391722879,"13":0.2542348796,"14":0.0276322796,"15":2.158174173e-66,"16":0.0892703782,"17":0.2878226798,"18":2.158174173e-66,"19":0.2329565571,"20":0.0590928753,"21":0.4495609642,"22":null,"23":0.7542175148,"24":2.158174173e-66},"main_pv":{"0":0.0641890332,"1":0.0003516363,"2":0.8683229968,"3":0.3989121175,"4":0.8727820769,"5":0.6916154129,"6":0.8039482339,"7":0.4361362065,"8":0.5080894998,"9":0.520770251,"10":0.1085579947,"11":0.2059933981,"12":0.0187360401,"13":0.0429739834,"14":0.85097011,"15":0.0000061277,"16":0.3022621846,"17":0.9391195286,"18":0.9875758733,"19":0.0033314693,"20":0.9184577489,"21":0.1470394334,"22":null,"23":0.2498697816,"24":0.6697915151},"count":{"0":60,"1":2512,"2":40,"3":5,"4":4,"5":839,"6":14,"7":170,"8":649,"9":14,"10":3430,"11":558,"12":133,"13":45,"14":38,"15":6,"16":181,"17":112,"18":7,"19":112,"20":37,"21":65,"22":1,"23":44,"24":6},"nb_en":{"0":20,"1":1028,"2":13,"3":1,"4":3,"5":214,"6":3,"7":20,"8":191,"9":0,"10":1367,"11":134,"12":14,"13":4,"14":13,"15":0,"16":38,"17":99,"18":2,"19":10,"20":3,"21":27,"22":0,"23":2,"24":0},"nb_de":{"0":9,"1":7,"2":11,"3":4,"4":1,"5":580,"6":11,"7":42,"8":447,"9":14,"10":1947,"11":10,"12":119,"13":41,"14":9,"15":6,"16":141,"17":6,"18":0,"19":100,"20":34,"21":24,"22":1,"23":42,"24":6}}