{"canton":{"0":"NE","1":"GE","2":"GL","3":"BE","4":"SZ","5":"TG","6":"UR","7":"FR","8":"BS","9":"BL","10":"ZH","11":"VD","12":"SG","13":"GR","14":"ZG","15":"AR","16":"LU","17":"TI","18":"JU","19":"AG","20":"SH","21":"VS","22":"AI","23":"SO","24":"NW"},"main_mean":{"0":0.0225240014,"1":-0.0145851509,"2":-0.0066099232,"3":0.0002130312,"4":-0.000020836,"5":0.0071027791,"6":-0.0071717044,"7":0.0158307196,"8":0.0094033014,"9":-0.0015410373,"10":0.0012237307,"11":0.009528507,"12":0.0041735046,"13":-0.0020557233,"14":-0.0082651001,"15":0.0570337446,"16":0.0093271059,"17":-0.0210229471,"18":-0.0583035039,"19":0.0299088292,"20":0.0141968114,"21":0.0008371332,"22":0.0,"23":0.0362972232,"24":0.0001818165},"sentiment_mean":{"0":0.2424242424,"1":0.070778964,"2":0.1282051282,"3":0.0447761194,"4":0.0,"5":0.0,"6":0.0,"7":0.0430107527,"8":0.0643712575,"9":-0.0714285714,"10":0.1291399944,"11":0.0708401977,"12":0.0512820513,"13":0.0377358491,"14":0.1315789474,"15":0.1666666667,"16":0.0714285714,"17":0.170212766,"18":0.0,"19":0.0797101449,"20":0.0714285714,"21":0.0105263158,"22":0.0,"23":0.0975609756,"24":0.0},"main_std":{"0":0.1192859149,"1":0.1769217955,"2":0.1338685307,"3":0.1295206925,"4":0.0314881342,"5":0.0257382361,"6":0.0303506604,"7":0.141940069,"8":0.1197279091,"9":0.0345692181,"10":0.1509789579,"11":0.1535609467,"12":0.0618704734,"13":0.0802170892,"14":0.1352604766,"15":0.1575284834,"16":0.1224471395,"17":0.2100487037,"18":0.185740119,"19":0.1225879436,"20":0.1008227173,"21":0.1221244504,"22":null,"23":0.1273398532,"24":0.0002571274},"sentiment_std":{"0":0.4351941399,"1":0.4707969297,"2":0.5702948074,"3":0.385444558,"4":0.0,"5":0.0,"6":0.0,"7":0.2916958845,"8":0.3678048582,"9":0.2672612419,"10":0.4789787771,"11":0.3248606492,"12":0.2215211458,"13":0.2747211279,"14":0.5775555493,"15":0.4082482905,"16":0.3470383526,"17":0.5799202369,"18":0.0,"19":0.4018496324,"20":0.2622652642,"21":0.3092453698,"22":null,"23":0.3744915252,"24":0.0},"sentiment_pv":{"0":0.0543560586,"1":0.0538536125,"2":0.6853948046,"3":0.0008938864,"4":7.998263247e-86,"5":7.998263247e-86,"6":7.998263247e-86,"7":0.1209253757,"8":0.0765774891,"9":0.0408922485,"10":0.0000331371,"11":0.1515184235,"12":0.061441632,"13":0.1678620805,"14":0.6668870599,"15":0.6684591803,"16":0.4113429607,"17":0.1892239938,"18":7.998263247e-86,"19":0.7466889997,"20":0.6989701679,"21":0.0138364983,"22":null,"23":0.9098909181,"24":7.998263247e-86},"main_pv":{"0":0.2607546048,"1":0.0005848404,"2":0.8066565455,"3":0.7436016996,"4":0.9116166231,"5":0.2212656612,"6":0.506077815,"7":0.2497444902,"8":0.0288349889,"9":0.9809358343,"10":0.3935633944,"11":0.0922291783,"12":0.3568417407,"13":0.9470443865,"14":0.7537436313,"15":0.4059528935,"16":0.2028550762,"17":0.3665374758,"18":0.3573886307,"19":0.0036205903,"20":0.4242371638,"21":0.8651663336,"22":null,"23":0.0665841217,"24":0.3472030259},"count":{"0":33,"1":2529,"2":39,"3":871,"4":8,"5":16,"6":13,"7":93,"8":668,"9":14,"10":3593,"11":607,"12":117,"13":53,"14":38,"15":6,"16":224,"17":94,"18":10,"19":138,"20":28,"21":95,"22":1,"23":41,"24":2},"nb_en":{"0":11,"1":1062,"2":27,"3":240,"4":0,"5":0,"6":0,"7":18,"8":166,"9":1,"10":1487,"11":131,"12":15,"13":6,"14":27,"15":1,"16":43,"17":79,"18":2,"19":30,"20":2,"21":15,"22":1,"23":2,"24":0},"nb_de":{"0":1,"1":14,"2":4,"3":583,"4":8,"5":16,"6":13,"7":21,"8":484,"9":13,"10":1999,"11":26,"12":102,"13":47,"14":3,"15":5,"16":179,"17":6,"18":0,"19":107,"20":26,"21":57,"22":0,"23":39,"24":2}}