{"canton":{"0":"SG","1":"TI","2":"JU","3":"VS","4":"SO","5":"AG","6":"VD","7":"ZH","8":"TG","9":"BE","10":"BL","11":"GE","12":"SH","13":"GL","14":"SZ","15":"LU","16":"GR","17":"NE","18":"ZG","19":"FR","20":"BS"},"main_mean":{"0":-0.092902527,"1":-0.0142332303,"2":-0.0888876296,"3":-0.01041159,"4":-0.0312496094,"5":0.0312689007,"6":0.0048352633,"7":-0.0136327896,"8":-0.4999916668,"9":-0.0198452178,"10":-0.1499985,"11":-0.0073687845,"12":0.071427551,"13":0.0147304129,"14":0.0,"15":0.0101729375,"16":-0.1211525536,"17":0.1353241012,"18":0.0147304129,"19":0.0278054832,"20":-0.0240561558},"sentiment_mean":{"0":-0.0588235294,"1":0.2068965517,"2":-0.6666666667,"3":0.1875,"4":-0.25,"5":0.3333333333,"6":0.2987804878,"7":0.2788632327,"8":0.0,"9":0.2720848057,"10":0.5,"11":0.170178282,"12":0.5,"13":0.6666666667,"14":0.0,"15":0.1607142857,"16":0.0,"17":0.0,"18":0.6666666667,"19":0.1666666667,"20":0.182320442},"main_std":{"0":0.1858076711,"1":0.2195490762,"2":0.0838856953,"3":0.3099239225,"4":0.0624992188,"5":0.1444778732,"6":0.1465927002,"7":0.2147394753,"8":null,"9":0.1846302927,"10":0.2121299131,"11":0.2008149789,"12":0.1010138114,"13":0.0788296488,"14":null,"15":0.1641842713,"16":0.1735550322,"17":0.3817463812,"18":0.0788296488,"19":0.0847046687,"20":0.2216043421},"sentiment_std":{"0":0.658652814,"1":0.5527506489,"2":0.5773502692,"3":0.6551081336,"4":0.5,"5":0.6172133998,"6":0.675421959,"7":0.7145702329,"8":null,"9":0.714712336,"10":0.7071067812,"11":0.7242677453,"12":0.7071067812,"13":0.5,"14":null,"15":0.5962545434,"16":0.7071067812,"17":0.5773502692,"18":0.5,"19":0.6183469424,"20":0.653976832},"sentiment_pv":{"0":0.0817869317,"1":0.6027492283,"2":0.1127921164,"3":0.7598155788,"4":0.1454813402,"5":0.5632184968,"6":0.2713095218,"7":0.1124708656,"8":null,"9":0.4544768865,"10":0.6933785448,"11":0.0337997619,"12":0.6933785448,"13":0.0333171044,"14":null,"15":0.3389825322,"16":0.4926587704,"17":0.3166114071,"18":0.0333171044,"19":0.629053048,"20":0.2659013468},"main_pv":{"0":0.091666713,"1":0.919165246,"2":0.2519453778,"3":0.9859173491,"4":0.5794537118,"5":0.2697303917,"6":0.171219954,"7":0.8082204684,"8":null,"9":0.4913444094,"10":0.5259984463,"11":0.6226364685,"12":0.4510722189,"13":0.346049554,"14":null,"15":0.3283655484,"16":0.2318193824,"17":0.3473278301,"18":0.346049554,"19":0.0671480635,"20":0.470474865},"count":{"0":17,"1":87,"2":3,"3":16,"4":4,"5":15,"6":164,"7":1126,"8":1,"9":283,"10":2,"11":617,"12":2,"13":9,"14":1,"15":56,"16":5,"17":7,"18":9,"19":18,"20":181},"nb_en":{"0":17,"1":87,"2":3,"3":16,"4":4,"5":15,"6":164,"7":1126,"8":1,"9":283,"10":2,"11":617,"12":2,"13":9,"14":1,"15":56,"16":5,"17":7,"18":9,"19":18,"20":181},"nb_de":{"0":0,"1":0,"2":0,"3":0,"4":0,"5":0,"6":0,"7":0,"8":0,"9":0,"10":0,"11":0,"12":0,"13":0,"14":0,"15":0,"16":0,"17":0,"18":0,"19":0,"20":0}}