{"canton":{"0":"UR","1":"NW","2":"BE","3":"ZG","4":"BL","5":"TI","6":"TG","7":"VD","8":"GR","9":"SG","10":"JU","11":"SH","12":"AG","13":"GE","14":"BS","15":"FR","16":"GL","17":"ZH","18":"SO","19":"NE","20":"LU","21":"VS","22":"SZ"},"main_mean":{"0":-0.1249992188,"1":-0.2857102041,"2":-0.0468505455,"3":0.0416659722,"4":-0.299997,"5":-0.0431547714,"6":-0.1666638889,"7":-0.0037275366,"8":0.2536526878,"9":0.0178143727,"10":0.0,"11":-0.0455550475,"12":-0.0315859573,"13":-0.0181063038,"14":-0.0380218599,"15":0.0832556906,"16":0.0416659722,"17":-0.0289332424,"18":0.0666644445,"19":-0.0052667766,"20":-0.0409875947,"21":-0.0059730701,"22":0.0},"sentiment_mean":{"0":0.5,"1":1.0,"2":0.1488549618,"3":0.25,"4":0.0,"5":0.1612903226,"6":0.3333333333,"7":0.1893939394,"8":1.0,"9":0.2162162162,"10":0.0,"11":0.0,"12":0.1666666667,"13":0.118974359,"14":0.0582010582,"15":0.25,"16":0.25,"17":0.2235294118,"18":0.2,"19":0.0714285714,"20":0.0,"21":0.3125,"22":0.0},"main_std":{"0":0.1767755904,"1":null,"2":0.1794171881,"3":0.0833319445,"4":null,"5":0.2354676804,"6":0.2886703234,"7":0.2036036006,"8":0.5152427515,"9":0.1658010124,"10":null,"11":0.1105809902,"12":0.3702322327,"13":0.1842276204,"14":0.183948258,"15":0.2952641536,"16":0.0833319445,"17":0.2072581956,"18":0.1490662296,"19":0.0860507004,"20":0.176615492,"21":0.2212429551,"22":null},"sentiment_std":{"0":0.7071067812,"1":null,"2":0.6700907941,"3":0.5,"4":null,"5":0.6322882821,"6":0.5773502692,"7":0.6316412132,"8":0.0,"9":0.7503752815,"10":null,"11":0.7071067812,"12":0.7071067812,"13":0.7151908279,"14":0.7009104579,"15":0.6221710168,"16":0.5,"17":0.694421872,"18":0.4472135955,"19":0.6157279262,"20":0.7745966692,"21":0.793200269,"22":null},"sentiment_pv":{"0":0.6324761187,"1":null,"2":0.5542817561,"3":0.7821376717,"4":null,"5":0.8726290796,"6":0.6805211133,"7":0.7896208478,"8":0.0,"9":0.7374784673,"10":null,"11":0.6108981904,"12":0.9638193423,"13":0.0320884913,"14":0.0275924057,"15":0.4990943522,"16":0.7821376717,"17":0.0191946554,"18":0.9042953169,"19":0.5434099253,"20":0.1590908666,"21":0.4973740298,"22":null},"main_pv":{"0":0.5707525157,"1":null,"2":0.061835579,"3":0.2072713263,"4":null,"5":0.5510545718,"6":0.4851660682,"7":0.2380273096,"8":0.3584481365,"9":0.1266128495,"10":null,"11":0.7010146108,"12":0.9417772203,"13":0.3041623608,"14":0.3509390257,"15":0.0466228937,"16":0.2072713263,"17":0.5368429172,"18":0.2407997338,"19":0.4081348924,"20":0.5709842885,"21":0.7345648359,"22":null},"count":{"0":2,"1":1,"2":262,"3":4,"4":1,"5":62,"6":3,"7":132,"8":4,"9":37,"10":1,"11":5,"12":18,"13":975,"14":189,"15":32,"16":4,"17":1615,"18":5,"19":14,"20":41,"21":16,"22":1},"nb_en":{"0":2,"1":1,"2":262,"3":4,"4":1,"5":62,"6":3,"7":132,"8":4,"9":37,"10":1,"11":5,"12":18,"13":975,"14":189,"15":32,"16":4,"17":1615,"18":5,"19":14,"20":41,"21":16,"22":1},"nb_de":{"0":0,"1":0,"2":0,"3":0,"4":0,"5":0,"6":0,"7":0,"8":0,"9":0,"10":0,"11":0,"12":0,"13":0,"14":0,"15":0,"16":0,"17":0,"18":0,"19":0,"20":0,"21":0,"22":0},"nb_fr":{"0":0,"1":0,"2":0,"3":0,"4":0,"5":0,"6":0,"7":0,"8":0,"9":0,"10":0,"11":0,"12":0,"13":0,"14":0,"15":0,"16":0,"17":0,"18":0,"19":0,"20":0,"21":0,"22":0}}