{"canton":{"0":"SG","1":"VS","2":"AG","3":"TG","4":"ZH","5":"BE","6":"GE","7":"BS","8":"GL","9":"LU","10":"OW","11":"GR","12":"ZG","13":"UR","14":"VD","15":"SH","16":"BL","17":"NW","18":"TI","19":"SO","20":"NE","21":"FR"},"main_mean":{"0":-0.0154220604,"1":0.0333418072,"2":0.0833315587,"3":0.0,"4":-0.0313142552,"5":-0.0317714163,"6":-0.0324516323,"7":-0.0229269011,"8":0.0623590519,"9":-0.0080985615,"10":0.0,"11":-0.1573849712,"12":0.0623590519,"13":-0.2999940001,"14":-0.0229717206,"15":0.0034721402,"16":0.0,"17":0.0,"18":-0.0504435208,"19":0.1535680383,"20":0.0082930861,"21":-0.0208870836},"sentiment_mean":{"0":0.0625,"1":0.0,"2":0.1111111111,"3":0.5,"4":0.2509433962,"5":0.3618677043,"6":0.1631097561,"7":0.0532786885,"8":0.3571428571,"9":0.04,"10":0.0,"11":0.0,"12":0.3571428571,"13":0.0,"14":0.0833333333,"15":0.25,"16":0.0,"17":0.0,"18":0.1428571429,"19":0.125,"20":0.5789473684,"21":0.0555555556},"main_std":{"0":0.1573567964,"1":0.4533593326,"2":0.2635177582,"3":0.0,"4":0.2091579394,"5":0.202047865,"6":0.1956195001,"7":0.1888670746,"8":0.2143542602,"9":0.1964175125,"10":null,"11":0.2665523754,"12":0.2143542602,"13":0.4242555836,"14":0.1835389598,"15":0.0964741607,"16":null,"17":null,"18":0.2368378354,"19":0.3070528651,"20":0.1916155304,"21":0.0692969231},"sentiment_std":{"0":0.4425306016,"1":0.4472135955,"2":0.6009252126,"3":0.7071067812,"4":0.6920901112,"5":0.6291931326,"6":0.722112313,"7":0.7378853588,"8":0.6333236938,"9":0.6757711644,"10":null,"11":0.8164965809,"12":0.6333236938,"13":0.0,"14":0.6574518923,"15":0.5,"16":null,"17":null,"18":0.5034443576,"19":0.6408699445,"20":0.5072572735,"21":0.5393048055},"sentiment_pv":{"0":0.2141105797,"1":0.1571806206,"2":0.645817034,"3":0.6624787612,"4":0.0821776499,"5":0.0002295736,"6":0.1625309247,"7":0.00196994,"8":0.3922834175,"9":0.2308059294,"10":null,"11":0.6472467043,"12":0.3922834175,"13":3.01667354e-49,"14":0.0586570452,"15":0.8743307338,"16":null,"17":null,"18":0.3269393831,"19":0.728699898,"20":0.0051122269,"21":0.2523304778},"main_pv":{"0":0.7498856231,"1":0.6619786941,"2":0.2399555243,"3":0.0,"4":0.6874300423,"5":0.7908970904,"6":0.6277331405,"7":0.6761551749,"8":0.1383832112,"9":0.614279067,"10":null,"11":0.4041494328,"12":0.1383832112,"13":0.5314246832,"14":0.7709715433,"15":0.5583283396,"16":null,"17":null,"18":0.4639561325,"19":0.1379775021,"20":0.4183489634,"21":0.6662559607},"count":{"0":16,"1":11,"2":9,"3":2,"4":1060,"5":257,"6":656,"7":244,"8":14,"9":25,"10":1,"11":4,"12":14,"13":2,"14":108,"15":4,"16":1,"17":1,"18":63,"19":8,"20":19,"21":18},"nb_en":{"0":16,"1":11,"2":9,"3":2,"4":1060,"5":257,"6":656,"7":244,"8":14,"9":25,"10":1,"11":4,"12":14,"13":2,"14":108,"15":4,"16":1,"17":1,"18":63,"19":8,"20":19,"21":18},"nb_de":{"0":0,"1":0,"2":0,"3":0,"4":0,"5":0,"6":0,"7":0,"8":0,"9":0,"10":0,"11":0,"12":0,"13":0,"14":0,"15":0,"16":0,"17":0,"18":0,"19":0,"20":0,"21":0}}