{"canton":{"0":"UR","1":"NW","2":"BE","3":"ZG","4":"BL","5":"TI","6":"TG","7":"VD","8":"GR","9":"SG","10":"JU","11":"SH","12":"OW","13":"AG","14":"GE","15":"BS","16":"FR","17":"AR","18":"GL","19":"ZH","20":"VS","21":"NE","22":"LU","23":"SO","24":"SZ"},"main_mean":{"0":-0.0115581494,"1":0.0004571348,"2":-0.0041767951,"3":0.0440998353,"4":0.0166059435,"5":-0.0509077383,"6":0.0451102272,"7":0.002191556,"8":0.0066986571,"9":0.0382246639,"10":-0.2499979167,"11":0.0108126324,"12":0.0001904735,"13":0.0179904566,"14":-0.0370851181,"15":0.0055339846,"16":-0.0250209447,"17":0.0146921947,"18":0.041626041,"19":-0.000995496,"20":-0.0031696922,"21":-0.0026483314,"22":-0.0002828456,"23":-0.0010150102,"24":0.0584118399},"sentiment_mean":{"0":0.0,"1":0.0,"2":0.0855803048,"3":0.2285714286,"4":0.0526315789,"5":0.1818181818,"6":0.0833333333,"7":0.1666666667,"8":0.06,"9":0.1162790698,"10":1.0,"11":0.0416666667,"12":0.0,"13":0.0538461538,"14":0.06105919,"15":0.0506134969,"16":0.0,"17":0.0,"18":0.2105263158,"19":0.107584723,"20":0.06,"21":0.2857142857,"22":0.0549450549,"23":0.0384615385,"24":0.2857142857},"main_std":{"0":0.0220085643,"1":0.0004120552,"2":0.14149371,"3":0.275038904,"4":0.1488507551,"5":0.201019525,"6":0.0780384747,"7":0.183718579,"8":0.1042302273,"9":0.1479495098,"10":null,"11":0.1100234039,"12":0.0003299097,"13":0.116383412,"14":0.1699521696,"15":0.121882568,"16":0.1269589834,"17":null,"18":0.263981904,"19":0.1493829665,"20":0.0429218739,"21":0.0971405812,"22":0.1006720048,"23":0.044883034,"24":0.1575979132},"sentiment_std":{"0":0.0,"1":0.0,"2":0.3857080523,"3":0.7310634593,"4":0.2294157339,"5":0.632455532,"6":0.2886751346,"7":0.4467334949,"8":0.3136356914,"9":0.3452333218,"10":null,"11":0.2019409365,"12":0.0,"13":0.2585450784,"14":0.5748339234,"15":0.3704312151,"16":0.4343722428,"17":null,"18":0.7035775274,"19":0.5020716059,"20":0.3730732816,"21":0.4583492485,"22":0.3105026174,"23":0.2773500981,"24":0.755928946},"sentiment_pv":{"0":5.286694539e-63,"1":5.286694539e-63,"2":0.6659836037,"3":0.2763811483,"4":0.4690945119,"5":0.1214279131,"6":0.9215612207,"7":0.0122838865,"8":0.4807160912,"9":0.4282497008,"10":null,"11":0.0973955547,"12":5.286694539e-63,"13":0.1062560346,"14":0.0455981921,"15":0.0080688466,"16":0.128054427,"17":null,"18":0.305275021,"19":0.1083053326,"20":0.5521865909,"21":0.017458263,"22":0.1212259118,"23":0.1759036764,"24":0.5225718693},"main_pv":{"0":0.5249418506,"1":0.000006824,"2":0.5483521961,"3":0.2773312878,"4":0.4940633293,"5":0.0189436456,"6":0.0404698972,"7":0.4366630684,"8":0.3513683154,"9":0.0007213153,"10":null,"11":0.2634482545,"12":0.000012918,"13":0.0159663789,"14":0.0000000001,"15":0.0117415706,"16":0.3107832643,"17":null,"18":0.2613248126,"19":0.035574885,"20":0.5190834719,"21":0.7816767231,"22":0.3630922871,"23":0.337076312,"24":0.3126155656},"count":{"0":12,"1":3,"2":853,"3":35,"4":19,"5":121,"6":12,"7":234,"8":50,"9":129,"10":1,"11":48,"12":3,"13":130,"14":1605,"15":652,"16":54,"17":1,"18":38,"19":3718,"20":50,"21":35,"22":182,"23":52,"24":7},"nb_en":{"0":0,"1":0,"2":229,"3":27,"4":1,"5":113,"6":3,"7":106,"8":4,"9":17,"10":1,"11":4,"12":1,"13":9,"14":1090,"15":152,"16":27,"17":0,"18":27,"19":1683,"20":15,"21":23,"22":33,"23":6,"24":4},"nb_de":{"0":12,"1":3,"2":551,"3":8,"4":18,"5":6,"6":9,"7":7,"8":46,"9":112,"10":0,"11":44,"12":2,"13":120,"14":14,"15":495,"16":20,"17":1,"18":11,"19":2016,"20":35,"21":8,"22":148,"23":46,"24":3},"nb_fr":{"0":0,"1":0,"2":73,"3":0,"4":0,"5":2,"6":0,"7":121,"8":0,"9":0,"10":0,"11":0,"12":0,"13":1,"14":501,"15":5,"16":7,"17":0,"18":0,"19":19,"20":0,"21":4,"22":1,"23":0,"24":0}}