{"canton":{"0":"NE","1":"GE","2":"GL","3":"BE","4":"SZ","5":"TG","6":"UR","7":"FR","8":"BS","9":"BL","10":"ZH","11":"OW","12":"VD","13":"SG","14":"GR","15":"ZG","16":"AR","17":"LU","18":"TI","19":"JU","20":"AG","21":"SH","22":"VS","23":"SO","24":"NW"},"main_mean":{"0":0.056639611,"1":-0.0058058304,"2":0.0003555121,"3":0.0124704367,"4":-0.0236758307,"5":-0.0628864545,"6":-0.0220553968,"7":0.0003266255,"8":0.0002980649,"9":0.0159052105,"10":0.0016712722,"11":-0.0199223119,"12":0.0101471089,"13":0.0323520655,"14":-0.0047702541,"15":-0.002397908,"16":-0.0189417415,"17":-0.0009833807,"18":-0.0119473771,"19":-0.1238233649,"20":0.0092944736,"21":0.0529651677,"22":-0.0187413188,"23":0.0118259411,"24":-0.0113698312},"sentiment_mean":{"0":0.0322580645,"1":0.060952381,"2":0.2608695652,"3":0.1051428571,"4":0.0,"5":0.0,"6":0.0,"7":0.0211267606,"8":0.0661654135,"9":0.0769230769,"10":0.1406980928,"11":0.0,"12":0.1127819549,"13":0.0925925926,"14":0.0256410256,"15":0.2857142857,"16":0.0,"17":0.0352112676,"18":0.1682242991,"19":-0.1333333333,"20":0.0344827586,"21":0.1111111111,"22":0.0555555556,"23":-0.014084507,"24":0.0},"main_std":{"0":0.2038561817,"1":0.1762249399,"2":0.0664697728,"3":0.1547171142,"4":0.0416391605,"5":0.1766201523,"6":0.0283796526,"7":0.0841582767,"8":0.1305927811,"9":0.135793138,"10":0.1514756521,"11":0.0290397582,"12":0.1345905683,"13":0.1693875907,"14":0.0792267784,"15":0.0684314032,"16":0.0246788547,"17":0.0998349096,"18":0.1992601185,"19":0.2006367711,"20":0.0787542022,"21":0.1786711161,"22":0.1780528507,"23":0.0411948083,"24":0.0225133747},"sentiment_std":{"0":0.3145230217,"1":0.4142518787,"2":0.4489777585,"3":0.4466079339,"4":0.0,"5":0.0,"6":0.0,"7":0.2218014529,"8":0.3744247029,"9":0.2717464882,"10":0.4969261329,"11":0.0,"12":0.4190229032,"13":0.3829528222,"14":0.2797724157,"15":0.4629100499,"16":0.0,"17":0.276576032,"18":0.5044328276,"19":0.3518657753,"20":0.2082294608,"21":0.3233808334,"22":0.3590693772,"23":0.1186781658,"24":0.0},"sentiment_pv":{"0":0.2706480817,"1":0.0006488158,"2":0.0921958663,"3":0.5581530403,"4":3.153952069e-87,"5":3.153952069e-87,"6":3.153952069e-87,"7":0.0001472245,"8":0.0523899507,"9":0.72625506,"10":0.0000227156,"11":3.153952069e-87,"12":0.368227144,"13":0.9145794728,"14":0.1271815607,"15":0.0750747468,"16":3.153952069e-87,"17":0.0004437736,"18":0.142657178,"19":0.0244553338,"20":0.0000865347,"21":0.844123,"22":0.4152398169,"23":0.0000000001,"24":3.153952069e-87},"main_pv":{"0":0.144499919,"1":0.0728257546,"2":0.9225122195,"3":0.0508755725,"4":0.4014396084,"5":0.3353154294,"6":0.014849723,"7":0.8471147173,"8":0.7887144204,"9":0.5998902405,"10":0.9862220904,"11":0.0739193165,"12":0.1662357169,"13":0.0237076102,"14":0.614412246,"15":0.7863656677,"16":0.1922385315,"17":0.6599712419,"18":0.4809319487,"19":0.0295437694,"20":0.1916966879,"21":0.2406743165,"22":0.4030959552,"23":0.0540639966,"24":0.0333605816},"count":{"0":31,"1":2100,"2":23,"3":875,"4":3,"5":8,"6":12,"7":142,"8":665,"9":26,"10":2779,"11":8,"12":532,"13":162,"14":39,"15":21,"16":4,"17":284,"18":107,"19":15,"20":203,"21":18,"22":54,"23":71,"24":17},"nb_en":{"0":7,"1":617,"2":9,"3":283,"4":1,"5":1,"6":0,"7":18,"8":181,"9":2,"10":1126,"11":0,"12":164,"13":17,"14":5,"15":9,"16":0,"17":56,"18":87,"19":3,"20":15,"21":2,"22":16,"23":4,"24":0},"nb_de":{"0":3,"1":11,"2":8,"3":540,"4":2,"5":7,"6":12,"7":54,"8":477,"9":24,"10":1544,"11":8,"12":27,"13":145,"14":34,"15":6,"16":4,"17":226,"18":12,"19":0,"20":188,"21":16,"22":25,"23":67,"24":17}}