{"canton":{"0":"UR","1":"NW","2":"BE","3":"ZG","4":"BL","5":"TI","6":"TG","7":"VD","8":"GR","9":"SG","10":"JU","11":"SH","12":"OW","13":"AG","14":"GE","15":"BS","16":"FR","17":"AR","18":"GL","19":"ZH","20":"SO","21":"NE","22":"LU","23":"VS","24":"SZ"},"main_mean":{"0":-0.0220553968,"1":-0.0113698312,"2":0.0124704367,"3":-0.002397908,"4":0.0159052105,"5":-0.0119473771,"6":-0.0628864545,"7":0.0101471089,"8":-0.0047702541,"9":0.0323520655,"10":-0.1238233649,"11":0.0529651677,"12":-0.0199223119,"13":0.0092944736,"14":-0.0058058304,"15":0.0002980649,"16":0.0003266255,"17":-0.0189417415,"18":0.0003555121,"19":0.0016712722,"20":0.0118259411,"21":0.056639611,"22":-0.0009833807,"23":-0.0187413188,"24":-0.0236758307},"sentiment_mean":{"0":0.0,"1":0.0,"2":0.1051428571,"3":0.2857142857,"4":0.0769230769,"5":0.1682242991,"6":0.0,"7":0.1127819549,"8":0.0256410256,"9":0.0925925926,"10":-0.1333333333,"11":0.1111111111,"12":0.0,"13":0.0344827586,"14":0.060952381,"15":0.0661654135,"16":0.0211267606,"17":0.0,"18":0.2608695652,"19":0.1406980928,"20":-0.014084507,"21":0.0322580645,"22":0.0352112676,"23":0.0555555556,"24":0.0},"main_std":{"0":0.0283796526,"1":0.0225133747,"2":0.1547171142,"3":0.0684314032,"4":0.135793138,"5":0.1992601185,"6":0.1766201523,"7":0.1345905683,"8":0.0792267784,"9":0.1693875907,"10":0.2006367711,"11":0.1786711161,"12":0.0290397582,"13":0.0787542022,"14":0.1762249399,"15":0.1305927811,"16":0.0841582767,"17":0.0246788547,"18":0.0664697728,"19":0.1514756521,"20":0.0411948083,"21":0.2038561817,"22":0.0998349096,"23":0.1780528507,"24":0.0416391605},"sentiment_std":{"0":0.0,"1":0.0,"2":0.4466079339,"3":0.4629100499,"4":0.2717464882,"5":0.5044328276,"6":0.0,"7":0.4190229032,"8":0.2797724157,"9":0.3829528222,"10":0.3518657753,"11":0.3233808334,"12":0.0,"13":0.2082294608,"14":0.4142518787,"15":0.3744247029,"16":0.2218014529,"17":0.0,"18":0.4489777585,"19":0.4969261329,"20":0.1186781658,"21":0.3145230217,"22":0.276576032,"23":0.3590693772,"24":0.0},"sentiment_pv":{"0":3.153952069e-87,"1":3.153952069e-87,"2":0.5581530403,"3":0.0750747468,"4":0.72625506,"5":0.142657178,"6":3.153952069e-87,"7":0.368227144,"8":0.1271815607,"9":0.9145794728,"10":0.0244553338,"11":0.844123,"12":3.153952069e-87,"13":0.0000865347,"14":0.0006488158,"15":0.0523899507,"16":0.0001472245,"17":3.153952069e-87,"18":0.0921958663,"19":0.0000227156,"20":0.0000000001,"21":0.2706480817,"22":0.0004437736,"23":0.4152398169,"24":3.153952069e-87},"main_pv":{"0":0.014849723,"1":0.0333605816,"2":0.0508755725,"3":0.7863656677,"4":0.5998902405,"5":0.4809319487,"6":0.3353154294,"7":0.1662357169,"8":0.614412246,"9":0.0237076102,"10":0.0295437694,"11":0.2406743165,"12":0.0739193165,"13":0.1916966879,"14":0.0728257546,"15":0.7887144204,"16":0.8471147173,"17":0.1922385315,"18":0.9225122195,"19":0.9862220904,"20":0.0540639966,"21":0.144499919,"22":0.6599712419,"23":0.4030959552,"24":0.4014396084},"count":{"0":12,"1":17,"2":875,"3":21,"4":26,"5":107,"6":8,"7":532,"8":39,"9":162,"10":15,"11":18,"12":8,"13":203,"14":2100,"15":665,"16":142,"17":4,"18":23,"19":2779,"20":71,"21":31,"22":284,"23":54,"24":3},"nb_en":{"0":0,"1":0,"2":283,"3":9,"4":2,"5":87,"6":1,"7":164,"8":5,"9":17,"10":3,"11":2,"12":0,"13":15,"14":617,"15":181,"16":18,"17":0,"18":9,"19":1126,"20":4,"21":7,"22":56,"23":16,"24":1},"nb_de":{"0":12,"1":17,"2":540,"3":6,"4":24,"5":12,"6":7,"7":27,"8":34,"9":145,"10":0,"11":16,"12":8,"13":188,"14":11,"15":477,"16":54,"17":4,"18":8,"19":1544,"20":67,"21":3,"22":226,"23":25,"24":2},"nb_fr":{"0":0,"1":0,"2":52,"3":6,"4":0,"5":8,"6":0,"7":341,"8":0,"9":0,"10":12,"11":0,"12":0,"13":0,"14":1472,"15":7,"16":70,"17":0,"18":6,"19":109,"20":0,"21":21,"22":2,"23":13,"24":0}}