{"canton":{"0":"NE","1":"GE","2":"GL","3":"BE","4":"SZ","5":"TG","6":"UR","7":"FR","8":"BS","9":"BL","10":"ZH","11":"OW","12":"VD","13":"SG","14":"GR","15":"ZG","16":"AR","17":"LU","18":"TI","19":"JU","20":"AG","21":"SH","22":"VS","23":"AI","24":"SO","25":"NW"},"main_mean":{"0":0.0169024842,"1":-0.0158959827,"2":0.026840053,"3":-0.0048127852,"4":0.0294901111,"5":-0.0000895582,"6":-0.0160150174,"7":0.001881425,"8":-0.0020857668,"9":-0.0112506231,"10":-0.0043950924,"11":-0.0079609035,"12":0.0047242318,"13":0.0253069886,"14":0.003185888,"15":0.0279771967,"16":0.0268074623,"17":0.0024733824,"18":-0.050118299,"19":-0.0045106254,"20":0.0147782239,"21":0.0011231035,"22":0.0012061125,"23":0.0158191538,"24":0.0232591988,"25":0.0047655315},"sentiment_mean":{"0":0.0845460845,"1":0.0685535192,"2":0.1810449575,"3":0.0827221242,"4":0.1456953642,"5":0.0273556231,"6":0.0142180095,"7":0.0275655022,"8":0.0601343101,"9":0.0271493213,"10":0.1294460578,"11":0.0,"12":0.0788508557,"13":0.1099033816,"14":0.0385220126,"15":0.1907810499,"16":0.0930232558,"17":0.0687071918,"18":0.1267560664,"19":0.0225988701,"20":0.0569767442,"21":0.0628272251,"22":0.0419126328,"23":0.0416666667,"24":0.0654664484,"25":0.1007751938},"main_std":{"0":0.1429856977,"1":0.1789126254,"2":0.1740926198,"3":0.1488158206,"4":0.1531322277,"5":0.1135605058,"6":0.1145528226,"7":0.1328923363,"8":0.1373395273,"9":0.131980453,"10":0.1577683144,"11":0.0438281379,"12":0.169668092,"13":0.1398772853,"14":0.1015116886,"15":0.1785826341,"16":0.1083205985,"17":0.124621974,"18":0.2079984169,"19":0.1798440433,"20":0.1219431384,"21":0.07786024,"22":0.1362926468,"23":0.0562496097,"24":0.1206479325,"25":0.1686358169},"sentiment_std":{"0":0.373985338,"1":0.4926248351,"2":0.5515122997,"3":0.4332084049,"4":0.4675803103,"5":0.2633843952,"6":0.2284246877,"7":0.2900741639,"8":0.4094380544,"9":0.2505061006,"10":0.5190367957,"11":0.158113883,"12":0.3939080998,"13":0.3799549994,"14":0.2820521926,"15":0.5645211535,"16":0.3409971697,"17":0.3550850868,"18":0.5375333854,"19":0.3528262877,"20":0.3292614053,"21":0.2962949303,"22":0.3669965606,"23":0.3586407512,"24":0.3038959208,"25":0.3270359604},"sentiment_pv":{"0":0.3071658148,"1":1.766292363e-32,"2":0.0000082126,"3":0.0001263984,"4":0.1819621253,"5":0.000005407,"6":0.0000007356,"7":7.580835152e-42,"8":7.265876741e-25,"9":0.0000000292,"10":3.717348589e-69,"11":0.0000007159,"12":0.0000103082,"13":0.0224060086,"14":0.0,"15":0.0000023835,"16":0.9567999314,"17":0.0000009547,"18":0.0008948322,"19":0.007283511,"20":0.0,"21":0.0032057918,"22":0.0000000049,"23":0.4765267452,"24":0.0008748681,"25":0.8320748852},"main_pv":{"0":0.000000002,"1":8.026866507e-37,"2":0.0000000927,"3":0.3044927603,"4":0.0051434085,"5":0.354010986,"6":0.201816533,"7":0.0004563931,"8":0.0006693732,"9":0.3959255322,"10":0.0144176663,"11":0.6752865491,"12":0.0,"13":2.82155635e-36,"14":0.0015405619,"15":0.0000001542,"16":0.0008169026,"17":0.000006253,"18":1.018326121e-31,"19":0.9177689264,"20":1.682999522e-22,"21":0.0133830647,"22":0.032675204,"23":0.0711871396,"24":1.091301431e-16,"25":0.4736091856},"count":{"0":1443,"1":62856,"2":823,"3":21542,"4":151,"5":329,"6":211,"7":3664,"8":16380,"9":442,"10":91598,"11":81,"12":13088,"13":3312,"14":1272,"15":781,"16":129,"17":4672,"18":3132,"19":177,"20":3440,"21":764,"22":1694,"23":24,"24":1222,"25":129},"nb_en":{"0":447,"1":29366,"2":534,"3":7617,"4":56,"5":58,"6":21,"7":746,"8":5301,"9":52,"10":45001,"11":13,"12":3988,"13":561,"14":152,"15":533,"16":12,"17":1169,"18":2801,"19":39,"20":550,"21":109,"22":473,"23":4,"24":150,"25":29},"nb_de":{"0":123,"1":285,"2":172,"3":12769,"4":92,"5":271,"6":190,"7":971,"8":10805,"9":390,"10":44677,"11":68,"12":351,"13":2743,"14":1120,"15":131,"16":117,"17":3467,"18":146,"19":1,"20":2854,"21":652,"22":827,"23":20,"24":1063,"25":100},"nb_fr":{"0":873,"1":33205,"2":117,"3":1156,"4":3,"5":0,"6":0,"7":1947,"8":274,"9":0,"10":1920,"11":0,"12":8749,"13":8,"14":0,"15":117,"16":0,"17":36,"18":185,"19":137,"20":36,"21":3,"22":394,"23":0,"24":9,"25":0}}