{"canton":{"0":"SG","1":"JU","2":"VS","3":"SZ","4":"AG","5":"TG","6":"ZH","7":"BE","8":"GE","9":"BS","10":"GL","11":"LU","12":"OW","13":"GR","14":"ZG","15":"VD","16":"SH","17":"BL","18":"TI","19":"SO","20":"NE","21":"FR"},"main_mean":{"0":0.0289657495,"1":-0.2499979167,"2":0.0095237661,"3":0.1017846135,"4":-0.0059522601,"5":0.0909082645,"6":-0.0132842811,"7":-0.0283751673,"8":-0.0247455069,"9":-0.015436923,"10":0.0559657417,"11":-0.035665635,"12":0.0,"13":-0.05555679,"14":0.0559657417,"15":-0.0081509994,"16":-0.0222215309,"17":0.0,"18":-0.0545118259,"19":-0.0484840441,"20":0.0024881371,"21":-0.0507644686},"sentiment_mean":{"0":0.1764705882,"1":1.0,"2":0.2,"3":0.5,"4":0.2222222222,"5":0.3333333333,"6":0.192513369,"7":0.2139737991,"8":0.0899082569,"9":0.0855263158,"10":0.2962962963,"11":0.2424242424,"12":0.0,"13":0.0,"14":0.2962962963,"15":0.3490566038,"16":0.25,"17":0.0,"18":0.1946902655,"19":0.3333333333,"20":0.4347826087,"21":0.0},"main_std":{"0":0.1128063161,"1":null,"2":0.0658529518,"3":0.2093360115,"4":0.1709148717,"5":0.1574577329,"6":0.2022529024,"7":0.2380154645,"8":0.1734787362,"9":0.2104997941,"10":0.3133464272,"11":0.193805975,"12":null,"13":0.3685071655,"14":0.3133464272,"15":0.225117468,"16":0.129574456,"17":null,"18":0.2075981124,"19":0.0826540954,"20":0.108407937,"21":0.1748276947},"sentiment_std":{"0":0.5285941399,"1":null,"2":0.6761234038,"3":1.0,"4":0.6666666667,"5":0.5773502692,"6":0.7056867985,"7":0.6573314067,"8":0.695775651,"9":0.6705150629,"10":0.8234456133,"11":0.6628679653,"12":null,"13":0.8164965809,"14":0.8234456133,"15":0.6022569113,"16":0.5,"17":null,"18":0.6527196822,"19":0.8164965809,"20":0.5068698019,"21":0.6201736729},"sentiment_pv":{"0":0.9336984622,"1":null,"2":0.8469045281,"3":0.5515324568,"4":0.8055114276,"5":0.6648364856,"6":0.1947554897,"7":0.2829365669,"8":0.0016865624,"9":0.1518324428,"10":0.41816203,"11":0.5123152779,"12":null,"13":0.7122833957,"14":0.41816203,"15":0.0026277022,"16":0.7580508098,"17":null,"18":0.642348096,"19":0.6363412911,"20":0.0188034785,"21":0.1788429785},"main_pv":{"0":0.1073233014,"1":null,"2":0.1331854054,"3":0.3356252144,"4":0.838388299,"5":0.3536938661,"6":0.4300902417,"7":0.5181941617,"8":0.2760098798,"9":0.8842101961,"10":0.2317617659,"11":0.6052816352,"12":null,"13":0.8514430834,"14":0.2317617659,"15":0.6577988749,"16":0.9518939518,"17":null,"18":0.067606658,"19":0.4087032339,"20":0.3797512284,"21":0.3408733916},"count":{"0":17,"1":1,"2":15,"3":4,"4":9,"5":3,"6":1683,"7":229,"8":1090,"9":152,"10":27,"11":33,"12":1,"13":4,"14":27,"15":106,"16":4,"17":1,"18":113,"19":6,"20":23,"21":27},"nb_en":{"0":17,"1":1,"2":15,"3":4,"4":9,"5":3,"6":1683,"7":229,"8":1090,"9":152,"10":27,"11":33,"12":1,"13":4,"14":27,"15":106,"16":4,"17":1,"18":113,"19":6,"20":23,"21":27},"nb_de":{"0":0,"1":0,"2":0,"3":0,"4":0,"5":0,"6":0,"7":0,"8":0,"9":0,"10":0,"11":0,"12":0,"13":0,"14":0,"15":0,"16":0,"17":0,"18":0,"19":0,"20":0,"21":0}}