{"canton":{"0":"UR","1":"BE","2":"ZG","3":"BL","4":"JU","5":"TI","6":"NW","7":"VD","8":"SG","9":"GR","10":"SH","11":"OW","12":"AG","13":"GE","14":"BS","15":"FR","16":"AR","17":"GL","18":"ZH","19":"VS","20":"NE","21":"LU","22":"SO","23":"SZ","24":"TG"},"main_mean":{"0":0.0097749185,"1":0.0053997255,"2":0.088167523,"3":-0.0156456822,"4":-0.034899651,"5":-0.051278017,"6":0.0097749185,"7":0.0132313303,"8":0.0247404785,"9":-0.0105921774,"10":-0.002492864,"11":0.0195498371,"12":0.0155898634,"13":-0.0214684766,"14":-0.0048131309,"15":-0.009026526,"16":0.0077316053,"17":0.0816530561,"18":0.0017281414,"19":-0.0201251594,"20":-0.0369843721,"21":-0.0060417476,"22":-0.0005564028,"23":0.0244466285,"24":0.0264593199},"sentiment_mean":{"0":0.0,"1":0.0694006309,"2":0.2,"3":0.0625,"4":0.0,"5":0.1098901099,"6":0.0,"7":0.1,"8":0.1451612903,"9":0.023255814,"10":0.0,"11":0.0,"12":0.045045045,"13":0.0970464135,"14":0.0597014925,"15":0.0,"16":0.0,"17":0.1851851852,"18":0.1535217208,"19":0.0208333333,"20":-0.125,"21":0.0518518519,"22":0.0434782609,"23":0.0,"24":0.0},"main_std":{"0":0.0138238224,"1":0.186236464,"2":0.2670735673,"3":0.0813555607,"4":null,"5":0.1716609175,"6":0.0138238224,"7":0.1547064659,"8":0.1310490667,"9":0.0478968834,"10":0.0144874954,"11":null,"12":0.1000718814,"13":0.1893927081,"14":0.1473356543,"15":0.0968013747,"16":0.0147526554,"17":0.2576671964,"18":0.1604314373,"19":0.0955630743,"20":0.2889190173,"21":0.144558912,"22":0.0117472691,"23":0.0435786412,"24":0.0158950018},"sentiment_std":{"0":0.0,"1":0.4478249564,"2":0.5,"3":0.25,"4":null,"5":0.4582708915,"6":0.0,"7":0.4157659882,"8":0.3759767418,"9":0.1524985703,"10":0.0,"11":null,"12":0.3664916565,"13":0.503232509,"14":0.3237904949,"15":0.1856953382,"16":0.0,"17":0.4833407014,"18":0.5156283675,"19":0.3853477751,"20":0.3415650255,"21":0.3924381978,"22":0.2085144141,"23":0.0,"24":0.0},"sentiment_pv":{"0":7.032385741e-70,"1":0.0320655739,"2":0.3768237434,"3":0.4627986165,"4":null,"5":0.9984845094,"6":7.032385741e-70,"7":0.6752187147,"8":0.3046562564,"9":0.000755153,"10":7.032385741e-70,"11":null,"12":0.0693132583,"13":0.4212812989,"14":0.0010829876,"15":0.0000402923,"16":7.032385741e-70,"17":0.4259652836,"18":0.0003564617,"19":0.1184086452,"20":0.0150007212,"21":0.0935849295,"22":0.1446247798,"23":7.032385741e-70,"24":7.032385741e-70},"main_pv":{"0":0.4202055035,"1":0.3039545229,"2":0.1026640485,"3":0.5308782322,"4":null,"5":0.0084901674,"6":0.4202055035,"7":0.0697494588,"8":0.0242938052,"9":0.2952615205,"10":0.9912622359,"11":null,"12":0.0653449957,"13":0.0013959986,"14":0.7344420266,"15":0.6133237394,"16":0.1249132605,"17":0.1017771329,"18":0.2806847213,"19":0.2135913909,"20":0.6403759936,"21":0.7814351656,"22":0.5485567143,"23":0.1538698897,"24":0.0124365976},"count":{"0":2,"1":634,"2":25,"3":16,"4":1,"5":91,"6":2,"7":340,"8":124,"9":43,"10":29,"11":1,"12":111,"13":1185,"14":536,"15":59,"16":7,"17":27,"18":2371,"19":48,"20":16,"21":135,"22":23,"23":7,"24":5},"nb_en":{"0":0,"1":215,"2":22,"3":3,"4":0,"5":84,"6":0,"7":108,"8":14,"9":0,"10":1,"11":0,"12":22,"13":629,"14":117,"15":11,"16":0,"17":22,"18":1062,"19":14,"20":6,"21":41,"22":4,"23":0,"24":0},"nb_de":{"0":2,"1":377,"2":1,"3":13,"4":0,"5":4,"6":2,"7":18,"8":110,"9":43,"10":28,"11":1,"12":89,"13":7,"14":416,"15":21,"16":7,"17":3,"18":1286,"19":23,"20":2,"21":94,"22":19,"23":7,"24":5},"nb_fr":{"0":0,"1":42,"2":2,"3":0,"4":1,"5":3,"6":0,"7":214,"8":0,"9":0,"10":0,"11":0,"12":0,"13":549,"14":3,"15":27,"16":0,"17":2,"18":23,"19":11,"20":8,"21":0,"22":0,"23":0,"24":0}}