{"canton":{"0":"NE","1":"GE","2":"GL","3":"BE","4":"SZ","5":"TG","6":"UR","7":"FR","8":"BS","9":"BL","10":"ZH","11":"OW","12":"VD","13":"SG","14":"GR","15":"ZG","16":"AR","17":"LU","18":"TI","19":"JU","20":"AG","21":"SH","22":"VS","23":"SO","24":"NW"},"main_mean":{"0":0.0328626109,"1":-0.0146121885,"2":0.0546080218,"3":-0.0087459658,"4":0.1217930676,"5":0.0023355468,"6":-0.0661225185,"7":0.0160904628,"8":-0.007802097,"9":-0.005131607,"10":-0.004713634,"11":-0.0393467295,"12":0.0122846483,"13":0.0393116824,"14":0.0027458092,"15":0.0566238072,"16":0.0656097996,"17":0.004505167,"18":-0.0365735941,"19":0.0024070785,"20":0.0005988354,"21":0.0011926179,"22":-0.0052310389,"23":0.0355534081,"24":-0.0111282491},"sentiment_mean":{"0":0.0923076923,"1":0.0877929346,"2":0.4107142857,"3":0.0480549199,"4":0.1666666667,"5":0.0,"6":-0.1428571429,"7":0.0285714286,"8":0.0440967283,"9":-0.0357142857,"10":0.1080948887,"11":0.0,"12":0.0922401171,"13":0.1487603306,"14":0.0289855072,"15":0.4259259259,"16":0.2,"17":0.03125,"18":0.0666666667,"19":-0.1428571429,"20":0.0492957746,"21":0.0540540541,"22":0.0789473684,"23":0.0816326531,"24":0.0},"main_std":{"0":0.0941620418,"1":0.1763251226,"2":0.1434522927,"3":0.1246541457,"4":0.308650602,"5":0.0216771583,"6":0.1984186619,"7":0.1473567295,"8":0.140613247,"9":0.064893119,"10":0.1562049008,"11":0.0960691182,"12":0.189642419,"13":0.1770157636,"14":0.1031687376,"15":0.1457367038,"16":0.1757695028,"17":0.105288308,"18":0.1814553664,"19":0.0978706455,"20":0.1056049534,"21":0.0228171649,"22":0.1236316449,"23":0.1584626619,"24":0.0657111703},"sentiment_std":{"0":0.4229020618,"1":0.4895564227,"2":0.5649387968,"3":0.3738007833,"4":0.4082482905,"5":0.0,"6":0.377964473,"7":0.3292026492,"8":0.4023311725,"9":0.3313432658,"10":0.4851568984,"11":0.0,"12":0.3696492604,"13":0.4012720819,"14":0.2956057834,"15":0.5697351868,"16":0.4472135955,"17":0.3053836314,"18":0.5353196841,"19":0.377964473,"20":0.2995851692,"21":0.2292434351,"22":0.3563952074,"23":0.2766416676,"24":0.0},"sentiment_pv":{"0":0.9617092743,"1":0.8460452727,"2":0.0000843981,"3":0.0019104577,"4":0.6639884564,"5":2.060271204e-88,"6":0.1546373226,"7":0.0164568678,"8":0.0039807526,"9":0.0556735728,"10":0.0373745941,"11":2.060271204e-88,"12":0.8677928933,"13":0.1110189022,"14":0.0945446981,"15":0.0000663515,"16":0.6109277985,"17":0.0099230857,"18":0.6184917989,"19":0.1546373226,"20":0.1150316022,"21":0.3527372907,"22":0.7931132624,"23":0.8387141151,"24":2.060271204e-88},"main_pv":{"0":0.0020423333,"1":0.0082087269,"2":0.0030527898,"3":0.4008886157,"4":0.3606093775,"5":0.1461829676,"6":0.4460468666,"7":0.0627637442,"8":0.6083728755,"9":0.9896025155,"10":0.929726941,"11":0.7017472621,"12":0.0203471846,"13":0.007086875,"14":0.5396623855,"15":0.0031142602,"16":0.4200576476,"17":0.2232827429,"18":0.0460008334,"19":0.8486448397,"20":0.5369806163,"21":0.1355663576,"22":0.9853967583,"23":0.080383292,"24":0.8633613207},"count":{"0":65,"1":2859,"2":56,"3":874,"4":6,"5":22,"6":7,"7":175,"8":703,"9":28,"10":4089,"11":2,"12":683,"13":121,"14":69,"15":54,"16":5,"17":192,"18":135,"19":7,"20":142,"21":37,"22":76,"23":49,"24":4},"nb_en":{"0":20,"1":1304,"2":43,"3":222,"4":1,"5":9,"6":1,"7":34,"8":217,"9":6,"10":1776,"11":0,"12":157,"13":20,"14":19,"15":43,"16":0,"17":28,"18":110,"19":1,"20":29,"21":2,"22":22,"23":6,"24":0},"nb_de":{"0":3,"1":15,"2":12,"3":609,"4":5,"5":13,"6":6,"7":42,"8":476,"9":22,"10":2224,"11":2,"12":9,"13":100,"14":50,"15":10,"16":5,"17":162,"18":6,"19":0,"20":112,"21":35,"22":33,"23":43,"24":4}}