{"canton":{"0":"SG","1":"JU","2":"VS","3":"SZ","4":"AG","5":"TG","6":"ZH","7":"BE","8":"GE","9":"BS","10":"GL","11":"LU","12":"OW","13":"ZG","14":"VD","15":"SH","16":"BL","17":"NW","18":"TI","19":"SO","20":"NE","21":"FR"},"main_mean":{"0":-0.0222216616,"1":0.0,"2":-0.0214284911,"3":0.0705305806,"4":-0.0097635358,"5":0.0416663194,"6":-0.0183580731,"7":-0.0066806989,"8":-0.0272967213,"9":-0.0668076625,"10":0.0255679139,"11":-0.0214532533,"12":0.0,"13":0.0278922697,"14":-0.0210717201,"15":0.0,"16":-0.299997,"17":0.0,"18":-0.005279072,"19":0.0199998,"20":0.0347247716,"21":-0.0178709505},"sentiment_mean":{"0":0.0588235294,"1":1.0,"2":0.2857142857,"3":0.6666666667,"4":0.1666666667,"5":0.5,"6":0.2300439975,"7":0.2302158273,"8":0.0746691871,"9":-0.0224719101,"10":0.1666666667,"11":0.0465116279,"12":0.0,"13":0.1818181818,"14":0.2782608696,"15":0.0,"16":1.0,"17":0.0,"18":0.1168831169,"19":0.0,"20":0.3181818182,"21":-0.1666666667},"main_std":{"0":0.1583059895,"1":null,"2":0.1074591063,"3":0.0998189205,"4":0.2810200078,"5":0.0589250741,"6":0.1896223871,"7":0.2559747143,"8":0.1782004193,"9":0.2080334951,"10":0.0609300948,"11":0.2361978906,"12":null,"13":0.063343582,"14":0.1977651457,"15":null,"16":null,"17":null,"18":0.2335036169,"19":0.0447209123,"20":0.1447171162,"21":0.1402430102},"sentiment_std":{"0":0.658652814,"1":null,"2":0.4879500365,"3":0.5163977795,"4":0.5773502692,"5":0.7071067812,"6":0.6921863533,"7":0.6628500908,"8":0.694008099,"9":0.712717852,"10":0.3892494721,"11":0.6529598679,"12":null,"13":0.4045199175,"14":0.669482991,"15":null,"16":null,"17":null,"18":0.5843130464,"19":0.0,"20":0.5679003632,"21":0.5144957554},"sentiment_pv":{"0":0.5303591869,"1":null,"2":0.5264766534,"3":0.0618968323,"4":0.9760824202,"5":0.6211507113,"6":0.0011669043,"7":0.2340801715,"8":0.0003932261,"9":0.0009330271,"10":0.964630611,"11":0.2577040054,"12":null,"13":0.8718331348,"14":0.0687561202,"15":null,"16":null,"17":null,"18":0.5110538144,"19":1.749187403e-40,"20":0.2116822664,"21":0.0152023618},"main_pv":{"0":0.9987018153,"1":null,"2":0.9838977607,"3":0.0717328967,"4":0.8802158241,"5":0.3663187014,"6":0.4983093963,"7":0.4785611289,"8":0.4341731928,"9":0.0057524588,"10":0.0205400365,"11":0.9817548918,"12":null,"13":0.0258645841,"14":0.9484662928,"15":null,"16":null,"17":null,"18":0.5278172018,"19":0.1016554613,"20":0.0800592986,"21":0.8958213062},"count":{"0":17,"1":1,"2":7,"3":6,"4":12,"5":2,"6":1591,"7":139,"8":1058,"9":178,"10":12,"11":43,"12":1,"13":11,"14":115,"15":1,"16":1,"17":1,"18":77,"19":5,"20":22,"21":18},"nb_en":{"0":17,"1":1,"2":7,"3":6,"4":12,"5":2,"6":1591,"7":139,"8":1058,"9":178,"10":12,"11":43,"12":1,"13":11,"14":115,"15":1,"16":1,"17":1,"18":77,"19":5,"20":22,"21":18},"nb_de":{"0":0,"1":0,"2":0,"3":0,"4":0,"5":0,"6":0,"7":0,"8":0,"9":0,"10":0,"11":0,"12":0,"13":0,"14":0,"15":0,"16":0,"17":0,"18":0,"19":0,"20":0,"21":0}}