{"canton":{"0":"SG","1":"TI","2":"JU","3":"SH","4":"VS","5":"AG","6":"TG","7":"ZH","8":"VD","9":"BE","10":"GE","11":"BS","12":"GL","13":"SO","14":"LU","15":"GR","16":"NE","17":"ZG","18":"FR"},"main_mean":{"0":-0.0412092522,"1":-0.052636887,"2":0.0,"3":-0.0576918639,"4":-0.1063824351,"5":0.0059537272,"6":-0.2318160289,"7":-0.0287292424,"8":-0.0476635109,"9":-0.0531407593,"10":-0.0117139939,"11":-0.0144183894,"12":0.1320100564,"13":0.0007309091,"14":0.0115642758,"15":-0.082172566,"16":-0.008206968,"17":0.1320100564,"18":-0.0121429664},"sentiment_mean":{"0":0.2105263158,"1":0.1509433962,"2":0.0,"3":-0.25,"4":0.0454545455,"5":0.0833333333,"6":-0.5,"7":0.2010276172,"8":0.1655629139,"9":0.1821862348,"10":0.17839445,"11":0.1058823529,"12":0.347826087,"13":0.5,"14":0.3260869565,"15":0.2857142857,"16":0.25,"17":0.347826087,"18":0.0},"main_std":{"0":0.1041497628,"1":0.2063235815,"2":null,"3":0.1153837278,"4":0.2971756624,"5":0.227787336,"6":0.1864174301,"7":0.1969894101,"8":0.2203329673,"9":0.2138112281,"10":0.1831511133,"11":0.2429234321,"12":0.3306527546,"13":0.0578438126,"14":0.1088160521,"15":0.1524473412,"16":0.0933240555,"17":0.3306527546,"18":0.1263426638},"sentiment_std":{"0":0.7132825035,"1":0.5982904666,"2":null,"3":0.5,"4":0.7222499717,"5":0.6685579234,"6":0.7071067812,"7":0.6905896831,"8":0.6575759888,"9":0.6207837278,"10":0.6999780318,"11":0.6884255154,"12":0.6472807212,"13":0.5345224838,"14":0.6343622458,"15":0.755928946,"16":0.4472135955,"17":0.6472807212,"18":0.5773502692},"sentiment_pv":{"0":0.8837245104,"1":0.553109117,"2":null,"3":0.1793144739,"4":0.3723094714,"5":0.6052215341,"6":0.4007827867,"7":0.4800260364,"8":0.7068118014,"9":0.9224987799,"10":0.7541631133,"11":0.1390755397,"12":0.2453340331,"13":0.1410885391,"14":0.1444957169,"15":0.7396642371,"16":0.5785007537,"17":0.2453340331,"18":0.1214443517},"main_pv":{"0":0.4867819202,"1":0.1629519982,"2":null,"3":0.6014629469,"4":0.2086119176,"5":0.6570538764,"6":0.359832012,"7":0.4424534328,"8":0.1982774117,"9":0.0392195719,"10":0.0648457684,"11":0.6103541834,"12":0.0339175545,"13":0.2682627931,"14":0.0345810851,"15":0.3528414558,"16":0.5104675572,"17":0.0339175545,"18":0.6435548036},"count":{"0":19,"1":106,"2":1,"3":4,"4":22,"5":12,"6":2,"7":1557,"8":151,"9":247,"10":1009,"11":170,"12":23,"13":8,"14":46,"15":7,"16":16,"17":23,"18":25},"nb_en":{"0":19,"1":106,"2":1,"3":4,"4":22,"5":12,"6":2,"7":1557,"8":151,"9":247,"10":1009,"11":170,"12":23,"13":8,"14":46,"15":7,"16":16,"17":23,"18":25},"nb_de":{"0":0,"1":0,"2":0,"3":0,"4":0,"5":0,"6":0,"7":0,"8":0,"9":0,"10":0,"11":0,"12":0,"13":0,"14":0,"15":0,"16":0,"17":0,"18":0}}