{"canton":{"0":"UR","1":"NW","2":"BE","3":"ZG","4":"BL","5":"TI","6":"GR","7":"VD","8":"SG","9":"JU","10":"SH","11":"OW","12":"AG","13":"GE","14":"BS","15":"FR","16":"AR","17":"GL","18":"ZH","19":"SO","20":"NE","21":"LU","22":"AI","23":"VS","24":"SZ","25":"TG"},"main_mean":{"0":-0.0008898289,"1":0.0002222198,"2":0.0089656033,"3":-0.0520814237,"4":-0.0142983489,"5":-0.088368853,"6":0.011279468,"7":-0.0080931107,"8":0.0300011898,"9":0.0,"10":-0.0213695854,"11":0.0001481465,"12":0.0086139565,"13":-0.0311646664,"14":0.0096103067,"15":-0.0166090594,"16":0.0098237017,"17":-0.0434473869,"18":-0.0013660174,"19":0.1063246979,"20":-0.0192882645,"21":0.0111734008,"22":0.0002666613,"23":0.0151629425,"24":0.0642733821,"25":0.0088251088},"sentiment_mean":{"0":0.0,"1":0.0,"2":0.0840764331,"3":-0.0625,"4":0.0,"5":0.1680672269,"6":0.0617283951,"7":0.1028806584,"8":0.0935672515,"9":0.0,"10":0.0930232558,"11":0.0,"12":0.027027027,"13":0.0700466978,"14":0.101836394,"15":0.0106382979,"16":0.0,"17":-0.0526315789,"18":0.120124805,"19":0.2054794521,"20":0.1818181818,"21":0.0956937799,"22":0.0,"23":0.1136363636,"24":0.2105263158,"25":0.0},"main_std":{"0":0.0093361163,"1":0.0003142662,"2":0.1534944356,"3":0.1992392073,"4":0.0795804624,"5":0.1878184347,"6":0.0984579238,"7":0.1790674134,"8":0.1186169116,"9":null,"10":0.0810761568,"11":0.0002565973,"12":0.0716228597,"13":0.1774739375,"14":0.1323206666,"15":0.0791813978,"16":0.0085774724,"17":0.18303458,"18":0.1449278656,"19":0.2489486311,"20":0.0754355012,"21":0.1106098555,"22":0.000461871,"23":0.1483003712,"24":0.2227384772,"25":0.0252396191},"sentiment_std":{"0":0.4714045208,"1":0.0,"2":0.4047721635,"3":0.5737304826,"4":0.0,"5":0.5095582622,"6":0.2421610524,"7":0.4997023227,"8":0.3472829324,"9":null,"10":0.3660570791,"11":0.0,"12":0.3427020826,"13":0.603530499,"14":0.3809598421,"15":0.3737252412,"16":0.0,"17":0.5242650104,"18":0.5013641573,"19":0.4988571414,"20":0.4646601886,"21":0.3402920437,"22":0.0,"23":0.4402668517,"24":0.7873265148,"25":0.0},"sentiment_pv":{"0":0.5139896756,"1":8.820145843e-75,"2":0.2643400267,"3":0.271548661,"4":8.820145843e-75,"5":0.1584865263,"6":0.1528179554,"7":0.9620807072,"8":0.7749091302,"9":null,"10":0.8829231019,"11":8.820145843e-75,"12":0.0261580519,"13":0.0584569592,"14":0.9756731813,"15":0.0219157113,"16":8.820145843e-75,"17":0.2171497811,"18":0.0543987916,"19":0.0798970943,"20":0.3282093216,"21":0.8157099573,"22":8.820145843e-75,"23":0.7951696294,"24":0.5532030429,"25":8.820145843e-75},"main_pv":{"0":0.2982003881,"1":0.0052512596,"2":0.0186245199,"3":0.3553208053,"4":0.6216438167,"5":0.0000038158,"6":0.1564372858,"7":0.7605491772,"8":0.0002424298,"9":null,"10":0.1847081618,"11":0.005736835,"12":0.0625852376,"13":0.0000000581,"14":0.0126602633,"15":0.1513441048,"16":0.087075346,"17":0.3668792791,"18":0.2699089275,"19":0.0002997728,"20":0.273698633,"21":0.0459735678,"22":0.0050049787,"23":0.2182732551,"24":0.1949381606,"25":0.0644341687},"count":{"0":10,"1":2,"2":785,"3":16,"4":17,"5":119,"6":81,"7":243,"8":171,"9":1,"10":43,"11":3,"12":111,"13":1499,"14":599,"15":94,"16":3,"17":19,"18":3846,"19":73,"20":33,"21":209,"22":3,"23":88,"24":19,"25":15},"nb_en":{"0":2,"1":0,"2":169,"3":13,"4":2,"5":115,"6":9,"7":134,"8":22,"9":1,"10":5,"11":0,"12":18,"13":1037,"14":155,"15":36,"16":0,"17":13,"18":1743,"19":16,"20":22,"21":47,"22":0,"23":25,"24":16,"25":0},"nb_de":{"0":8,"1":2,"2":546,"3":3,"4":15,"5":3,"6":72,"7":13,"8":149,"9":0,"10":38,"11":3,"12":92,"13":8,"14":444,"15":44,"16":3,"17":6,"18":2083,"19":57,"20":2,"21":162,"22":3,"23":61,"24":3,"25":15},"nb_fr":{"0":0,"1":0,"2":70,"3":0,"4":0,"5":1,"6":0,"7":96,"8":0,"9":0,"10":0,"11":0,"12":1,"13":454,"14":0,"15":14,"16":0,"17":0,"18":20,"19":0,"20":9,"21":0,"22":0,"23":2,"24":0,"25":0}}