{"canton":{"0":"UR","1":"NW","2":"BE","3":"ZG","4":"BL","5":"TI","6":"TG","7":"VD","8":"GR","9":"SG","10":"JU","11":"SH","12":"OW","13":"AG","14":"GE","15":"BS","16":"FR","17":"AR","18":"GL","19":"ZH","20":"SO","21":"NE","22":"LU","23":"AI","24":"VS","25":"SZ"},"main_mean":{"0":-0.0222979453,"1":-0.0077396009,"2":0.0068544575,"3":0.0123099422,"4":0.0115386805,"5":-0.0577841282,"6":0.0083098199,"7":-0.0050184137,"8":0.0380716449,"9":0.0289036713,"10":0.0696970906,"11":0.0085569239,"12":-0.0454541322,"13":0.0222779655,"14":-0.0151660589,"15":-0.0039486697,"16":-0.0027699196,"17":0.0098890731,"18":0.0121647128,"19":-0.0030583122,"20":0.029985901,"21":0.0311509859,"22":0.0099591168,"23":0.0179837945,"24":0.0132739804,"25":-0.008939668},"sentiment_mean":{"0":0.0,"1":0.0,"2":0.0631578947,"3":0.2,"4":0.15,"5":0.0081300813,"6":0.0,"7":0.0819672131,"8":0.1724137931,"9":0.0915492958,"10":0.0,"11":0.0810810811,"12":-0.5,"13":0.0696202532,"14":0.0457121269,"15":0.0498533724,"16":0.0267857143,"17":0.0,"18":0.1875,"19":0.1046391753,"20":0.1071428571,"21":0.1538461538,"22":0.0358974359,"23":0.0,"24":0.0114942529,"25":0.0},"main_std":{"0":0.0491453619,"1":0.0205240782,"2":0.1582332627,"3":0.2572276213,"4":0.0493642727,"5":0.2392869811,"6":0.0148372953,"7":0.154989048,"8":0.1201832703,"9":0.1484212393,"10":0.3828536114,"11":0.0222976472,"12":0.0642818503,"13":0.1027681155,"14":0.1853445119,"15":0.1055038193,"16":0.1199162303,"17":0.0525234175,"18":0.2488052096,"19":0.1541871396,"20":0.1013720005,"21":0.1169263246,"22":0.059710372,"23":0.0121040743,"24":0.1687757108,"25":0.0238289862},"sentiment_std":{"0":0.0,"1":0.0,"2":0.3969872987,"3":0.4068381022,"4":0.3663475485,"5":0.5653366175,"6":0.0,"7":0.3667225797,"8":0.3844258722,"9":0.3348531927,"10":0.5,"11":0.3634998379,"12":0.7071067812,"13":0.3407950354,"14":0.4430827351,"15":0.3518463683,"16":0.2100532253,"17":0.0,"18":0.3965577695,"19":0.4712722943,"20":0.3657406646,"21":0.4146633591,"22":0.2938257948,"23":0.0,"24":0.1864136981,"25":0.0},"sentiment_pv":{"0":6.647399992e-66,"1":6.647399992e-66,"2":0.4192102707,"3":0.1027612305,"4":0.3699211517,"5":0.1957695669,"6":6.647399992e-66,"7":0.6372596411,"8":0.1825168738,"9":0.5536698639,"10":0.6661032176,"11":0.9154017157,"12":0.4558260834,"13":0.8542350564,"14":0.0026684873,"15":0.0797909798,"16":0.0012550435,"17":6.647399992e-66,"18":0.1182434296,"19":0.0005871881,"20":0.5108248225,"21":0.1756972001,"22":0.0724880165,"23":6.647399992e-66,"24":0.0026335043,"25":6.647399992e-66},"main_pv":{"0":0.4595393705,"1":0.7615098723,"2":0.0483597969,"3":0.7262467907,"4":0.1711024717,"5":0.0148008943,"6":0.015177575,"7":0.9120058034,"8":0.0685189946,"9":0.0090864194,"10":0.5779998512,"11":0.0022724744,"12":0.531494497,"13":0.0016943636,"14":0.0059049834,"15":0.9351738779,"16":0.8513987036,"17":0.4167242342,"18":0.7108350112,"19":0.6732670573,"20":0.0148244039,"21":0.0341328527,"22":0.002001906,"23":0.2235051708,"24":0.3359373809,"25":0.6292485575},"count":{"0":5,"1":4,"2":855,"3":30,"4":20,"5":123,"6":12,"7":610,"8":29,"9":142,"10":9,"11":37,"12":2,"13":158,"14":2647,"15":682,"16":224,"17":10,"18":32,"19":3880,"20":56,"21":52,"22":195,"23":2,"24":87,"25":7},"nb_en":{"0":0,"1":0,"2":237,"3":21,"4":3,"5":96,"6":2,"7":149,"8":2,"9":18,"10":1,"11":5,"12":2,"13":20,"14":1009,"15":180,"16":26,"17":1,"18":21,"19":1502,"20":5,"21":17,"22":34,"23":0,"24":19,"25":0},"nb_de":{"0":5,"1":4,"2":556,"3":4,"4":17,"5":8,"6":10,"7":13,"8":27,"9":124,"10":0,"11":32,"12":0,"13":127,"14":15,"15":490,"16":96,"17":9,"18":6,"19":2274,"20":51,"21":8,"22":158,"23":2,"24":50,"25":6},"nb_fr":{"0":0,"1":0,"2":62,"3":5,"4":0,"5":19,"6":0,"7":448,"8":0,"9":0,"10":8,"11":0,"12":0,"13":11,"14":1623,"15":12,"16":102,"17":0,"18":5,"19":104,"20":0,"21":27,"22":3,"23":0,"24":18,"25":1}}