{"canton":{"0":"NE","1":"GE","2":"GL","3":"BE","4":"SZ","5":"TG","6":"FR","7":"BS","8":"BL","9":"ZH","10":"OW","11":"VD","12":"SG","13":"ZG","14":"LU","15":"TI","16":"JU","17":"AG","18":"SH","19":"VS","20":"SO","21":"NW"},"main_mean":{"0":0.0347247716,"1":-0.0272967213,"2":0.0255679139,"3":-0.0066806989,"4":0.0705305806,"5":0.0416663194,"6":-0.0178709505,"7":-0.0668076625,"8":-0.299997,"9":-0.0183580731,"10":0.0,"11":-0.0210717201,"12":-0.0222216616,"13":0.0278922697,"14":-0.0214532533,"15":-0.005279072,"16":0.0,"17":-0.0097635358,"18":0.0,"19":-0.0214284911,"20":0.0199998,"21":0.0},"sentiment_mean":{"0":0.3181818182,"1":0.0746691871,"2":0.1666666667,"3":0.2302158273,"4":0.6666666667,"5":0.5,"6":-0.1666666667,"7":-0.0224719101,"8":1.0,"9":0.2300439975,"10":0.0,"11":0.2782608696,"12":0.0588235294,"13":0.1818181818,"14":0.0465116279,"15":0.1168831169,"16":1.0,"17":0.1666666667,"18":0.0,"19":0.2857142857,"20":0.0,"21":0.0},"main_std":{"0":0.1447171162,"1":0.1782004193,"2":0.0609300948,"3":0.2559747143,"4":0.0998189205,"5":0.0589250741,"6":0.1402430102,"7":0.2080334951,"8":null,"9":0.1896223871,"10":null,"11":0.1977651457,"12":0.1583059895,"13":0.063343582,"14":0.2361978906,"15":0.2335036169,"16":null,"17":0.2810200078,"18":null,"19":0.1074591063,"20":0.0447209123,"21":null},"sentiment_std":{"0":0.5679003632,"1":0.694008099,"2":0.3892494721,"3":0.6628500908,"4":0.5163977795,"5":0.7071067812,"6":0.5144957554,"7":0.712717852,"8":null,"9":0.6921863533,"10":null,"11":0.669482991,"12":0.658652814,"13":0.4045199175,"14":0.6529598679,"15":0.5843130464,"16":null,"17":0.5773502692,"18":null,"19":0.4879500365,"20":0.0,"21":null},"sentiment_pv":{"0":0.2116822664,"1":0.0003932261,"2":0.964630611,"3":0.2340801715,"4":0.0618968323,"5":0.6211507113,"6":0.0152023618,"7":0.0009330271,"8":null,"9":0.0011669043,"10":null,"11":0.0687561202,"12":0.5303591869,"13":0.8718331348,"14":0.2577040054,"15":0.5110538144,"16":null,"17":0.9760824202,"18":null,"19":0.5264766534,"20":1.749187403e-40,"21":null},"main_pv":{"0":0.0800592986,"1":0.4341731928,"2":0.0205400365,"3":0.4785611289,"4":0.0717328967,"5":0.3663187014,"6":0.8958213062,"7":0.0057524588,"8":null,"9":0.4983093963,"10":null,"11":0.9484662928,"12":0.9987018153,"13":0.0258645841,"14":0.9817548918,"15":0.5278172018,"16":null,"17":0.8802158241,"18":null,"19":0.9838977607,"20":0.1016554613,"21":null},"count":{"0":22,"1":1058,"2":12,"3":139,"4":6,"5":2,"6":18,"7":178,"8":1,"9":1591,"10":1,"11":115,"12":17,"13":11,"14":43,"15":77,"16":1,"17":12,"18":1,"19":7,"20":5,"21":1},"nb_en":{"0":22,"1":1058,"2":12,"3":139,"4":6,"5":2,"6":18,"7":178,"8":1,"9":1591,"10":1,"11":115,"12":17,"13":11,"14":43,"15":77,"16":1,"17":12,"18":1,"19":7,"20":5,"21":1},"nb_de":{"0":0,"1":0,"2":0,"3":0,"4":0,"5":0,"6":0,"7":0,"8":0,"9":0,"10":0,"11":0,"12":0,"13":0,"14":0,"15":0,"16":0,"17":0,"18":0,"19":0,"20":0,"21":0}}