{"canton":{"0":"SG","1":"TI","2":"JU","3":"VS","4":"UR","5":"AG","6":"VD","7":"ZH","8":"SH","9":"SO","10":"BE","11":"BL","12":"GE","13":"BS","14":"GL","15":"SZ","16":"LU","17":"GR","18":"NE","19":"ZG","20":"FR"},"main_mean":{"0":0.0041262694,"1":-0.0914425523,"2":0.0,"3":0.0624310923,"4":0.0,"5":0.0122816729,"6":-0.0172370978,"7":-0.0176366174,"8":0.0222219753,"9":0.127964697,"10":0.0041777821,"11":-0.1499985,"12":-0.0184908401,"13":-0.0024850181,"14":-0.0641002138,"15":0.0762829753,"16":0.0238643606,"17":-0.0021644211,"18":-0.000337243,"19":-0.0641002138,"20":-0.038464063},"sentiment_mean":{"0":0.1818181818,"1":0.1739130435,"2":0.0,"3":0.4,"4":0.0,"5":0.1111111111,"6":0.1791044776,"7":0.2117039587,"8":0.4,"9":0.3125,"10":0.201183432,"11":0.0,"12":0.0993249759,"13":0.2580645161,"14":-0.0769230769,"15":0.25,"16":0.2765957447,"17":0.2222222222,"18":0.2727272727,"19":-0.0769230769,"20":0.0277777778},"main_std":{"0":0.0802688063,"1":0.1903417404,"2":null,"3":0.2711711103,"4":0.0,"5":0.1094623935,"6":0.2202807857,"7":0.1928337497,"8":0.0496898474,"9":0.2723391661,"10":0.2715179356,"11":0.2121299131,"12":0.178113853,"13":0.2211255128,"14":0.2208748958,"15":0.2419928497,"16":0.2044964544,"17":0.1228098774,"18":0.0774663474,"19":0.2208748958,"20":0.115998623},"sentiment_std":{"0":0.6644986392,"1":0.5174307236,"2":null,"3":0.7637626158,"4":1.4142135624,"5":0.8323523638,"6":0.6586697265,"7":0.6972478451,"8":0.5477225575,"9":0.7041543391,"10":0.7446626086,"11":0.0,"12":0.722480663,"13":0.6328528447,"14":0.6405126152,"15":0.8563488386,"16":0.5786839514,"17":0.4409585518,"18":0.5504818826,"19":0.6405126152,"20":0.6087979309},"sentiment_pv":{"0":0.9729681433,"1":0.9513903348,"2":null,"3":0.1581933103,"4":0.8885090994,"5":0.7417119569,"6":0.9703813386,"7":0.0876082132,"8":0.4142708375,"9":0.4540980073,"10":0.6788406174,"11":8.009139339e-51,"12":0.0021593869,"13":0.1216237446,"14":0.1791443435,"15":0.7379968152,"16":0.2479885196,"17":0.7665262325,"18":0.4256395503,"19":0.1791443435,"20":0.152825131},"main_pv":{"0":0.248594651,"1":0.0000613388,"2":null,"3":0.1591152384,"4":0.0000004331,"5":0.2832328926,"6":0.9698891969,"7":0.8416482052,"8":0.1567386928,"9":0.0510595694,"10":0.3291591643,"11":0.5369889534,"12":0.7573684872,"13":0.4385686896,"14":0.452796686,"15":0.1463325538,"16":0.1849304041,"17":0.7358016432,"18":0.3469329409,"19":0.452796686,"20":0.2699657823},"count":{"0":22,"1":115,"2":1,"3":25,"4":2,"5":18,"6":134,"7":1743,"8":5,"9":16,"10":169,"11":2,"12":1037,"13":155,"14":13,"15":16,"16":47,"17":9,"18":22,"19":13,"20":36},"nb_en":{"0":22,"1":115,"2":1,"3":25,"4":2,"5":18,"6":134,"7":1743,"8":5,"9":16,"10":169,"11":2,"12":1037,"13":155,"14":13,"15":16,"16":47,"17":9,"18":22,"19":13,"20":36},"nb_de":{"0":0,"1":0,"2":0,"3":0,"4":0,"5":0,"6":0,"7":0,"8":0,"9":0,"10":0,"11":0,"12":0,"13":0,"14":0,"15":0,"16":0,"17":0,"18":0,"19":0,"20":0}}