{"canton":{"0":"NE","1":"GE","2":"GL","3":"BE","4":"SZ","5":"TG","6":"UR","7":"FR","8":"BS","9":"BL","10":"ZH","11":"OW","12":"VD","13":"SG","14":"GR","15":"ZG","16":"AR","17":"LU","18":"TI","19":"JU","20":"AG","21":"SH","22":"VS","23":"SO","24":"NW"},"main_mean":{"0":0.0186077751,"1":-0.0151300907,"2":0.0233254232,"3":-0.0020419722,"4":-0.000153329,"5":-0.0012889107,"6":-0.119797605,"7":0.0002355909,"8":-0.0010721501,"9":0.0016272049,"10":-0.0031489116,"11":0.0,"12":0.0002861973,"13":0.0391717426,"14":-0.0128101584,"15":0.0231843153,"16":0.0070031964,"17":-0.0009054243,"18":-0.0379297059,"19":-0.0005864384,"20":0.0277908891,"21":0.0171723335,"22":0.0281023903,"23":0.0324451666,"24":0.0},"sentiment_mean":{"0":0.3333333333,"1":0.0670632774,"2":0.1875,"3":0.1845140033,"4":0.0,"5":0.2,"6":0.0,"7":0.027027027,"8":0.0381791483,"9":0.0666666667,"10":0.1421881652,"11":0.0,"12":0.0505319149,"13":0.0909090909,"14":0.023255814,"15":0.1935483871,"16":0.0,"17":0.0229885057,"18":0.1139240506,"19":0.0,"20":0.0310077519,"21":0.0357142857,"22":0.025,"23":0.0350877193,"24":0.0},"main_std":{"0":0.1692258055,"1":0.1865914911,"2":0.179466303,"3":0.1593036411,"4":0.0007419661,"5":0.0253206654,"6":0.2684349407,"7":0.0780100814,"8":0.1347512108,"9":0.0606672841,"10":0.1660608093,"11":null,"12":0.1514836568,"13":0.1750110042,"14":0.0936091076,"15":0.1824310846,"16":0.0093897605,"17":0.1172710307,"18":0.2133932817,"19":0.0278435649,"20":0.098596664,"21":0.0819342903,"22":0.2658843759,"23":0.1285967846,"24":null},"sentiment_std":{"0":0.4787135539,"1":0.4508794638,"2":0.4709290749,"3":0.4690669617,"4":0.0,"5":0.4472135955,"6":0.0,"7":0.2507972546,"8":0.4617857635,"9":0.2581988897,"10":0.5074022564,"11":null,"12":0.3865743348,"13":0.316227766,"14":0.2662233303,"15":0.4774484153,"16":0.0,"17":0.4028102298,"18":0.4525523563,"19":0.0,"20":0.2142568733,"21":0.1889822365,"22":0.2761920551,"23":0.2649064714,"24":null},"sentiment_pv":{"0":0.0088847802,"1":0.0047111728,"2":0.3063647978,"3":0.0000276256,"4":8.097086045e-70,"5":0.6457806539,"6":8.097086045e-70,"7":0.0031434386,"8":0.0007916919,"9":0.6184537762,"10":0.0004947372,"11":null,"12":0.0157943471,"13":0.7379285772,"14":0.0653819735,"15":0.2886561949,"16":8.097086045e-70,"17":0.0776573366,"18":0.7974436428,"19":8.097086045e-70,"20":0.0005288113,"21":0.0827907944,"22":0.0931141202,"23":0.069741859,"24":null},"main_pv":{"0":0.4471305533,"1":0.0215724352,"2":0.3945847988,"3":0.759536653,"4":0.0562008471,"5":0.8172011939,"6":0.3898368267,"7":0.5717480781,"8":0.5832521337,"9":0.7213597877,"10":0.8079137712,"11":null,"12":0.5856647632,"13":0.0079260002,"14":0.5496845695,"15":0.4121336387,"16":0.3244848602,"17":0.8014744099,"18":0.1644233433,"19":0.7713815843,"20":0.0004717995,"21":0.1836864334,"22":0.4485560337,"23":0.0373281837,"24":null},"count":{"0":33,"1":1849,"2":32,"3":607,"4":3,"5":5,"6":5,"7":111,"8":681,"9":15,"10":2349,"11":1,"12":376,"13":121,"14":43,"15":31,"16":2,"17":87,"18":79,"19":6,"20":129,"21":28,"22":40,"23":57,"24":1},"nb_en":{"0":19,"1":656,"2":14,"3":257,"4":0,"5":2,"6":2,"7":18,"8":244,"9":1,"10":1060,"11":1,"12":108,"13":16,"14":4,"15":14,"16":0,"17":25,"18":63,"19":0,"20":9,"21":4,"22":11,"23":8,"24":1},"nb_de":{"0":1,"1":3,"2":4,"3":335,"4":3,"5":3,"6":3,"7":18,"8":432,"9":14,"10":1253,"11":0,"12":12,"13":105,"14":39,"15":3,"16":2,"17":62,"18":11,"19":0,"20":117,"21":24,"22":20,"23":47,"24":0}}