{"canton":{"0":"SG","1":"GL","2":"VS","3":"AG","4":"VD","5":"ZH","6":"SH","7":"BE","8":"NW","9":"BS","10":"TI","11":"SO","12":"LU","13":"GE","14":"GR","15":"NE","16":"ZG","17":"FR"},"main_mean":{"0":0.056878599,"1":0.0746035405,"2":0.0107876809,"3":-0.0159375183,"4":0.0077224552,"5":-0.0235153912,"6":-0.0104165799,"7":-0.0572958825,"8":-0.0833326389,"9":-0.0339007381,"10":-0.0954011288,"11":-0.0416665347,"12":-0.0052732293,"13":-0.0268895962,"14":-0.2544612006,"15":0.0246782945,"16":0.0746035405,"17":-0.006652433},"sentiment_mean":{"0":0.3157894737,"1":0.15,"2":-0.0476190476,"3":0.1071428571,"4":0.2096774194,"5":0.2189384801,"6":0.125,"7":0.2172131148,"8":1.0,"9":0.0802139037,"10":0.0725806452,"11":0.0,"12":0.5,"13":0.1397306397,"14":-0.5,"15":0.4,"16":0.15,"17":-0.1212121212},"main_std":{"0":0.2350487354,"1":0.1901767373,"2":0.0990043197,"3":0.1440035106,"4":0.2218285282,"5":0.1936696646,"6":0.029462537,"7":0.2201970825,"8":null,"9":0.188611509,"10":0.2632465432,"11":0.1717947456,"12":0.1311251051,"13":0.1922900493,"14":0.1925317351,"15":0.1519240231,"16":0.1901767373,"17":0.2121807776},"sentiment_std":{"0":0.6710382982,"1":0.5871429486,"2":0.6690433825,"3":0.7859547492,"4":0.6780434975,"5":0.6743535905,"6":0.6408699445,"7":0.7070710028,"8":null,"9":0.6948226023,"10":0.5867560967,"11":0.7071067812,"12":0.5067117097,"13":0.6995032019,"14":1.0,"15":0.5982430416,"16":0.5871429486,"17":0.6498834394},"sentiment_pv":{"0":0.3863243465,"1":0.8293891297,"2":0.1375555486,"3":0.6343820181,"4":0.6185677308,"5":0.0445409423,"6":0.8193577989,"7":0.4105082737,"8":null,"9":0.0595578747,"10":0.0507093623,"11":0.6021827654,"12":0.0004074566,"13":0.0920676043,"14":0.2677087043,"15":0.115572383,"16":0.8293891297,"17":0.012649252},"main_pv":{"0":0.1394765699,"1":0.028196275,"2":0.1016542909,"3":0.6997599696,"4":0.0912565002,"5":0.5899343315,"6":0.173966223,"7":0.0348254548,"8":null,"9":0.6076999359,"10":0.0046275805,"11":0.8543409357,"12":0.3273729927,"13":0.9662422151,"14":0.0987107331,"15":0.1489520807,"16":0.028196275,"17":0.5939413057},"count":{"0":19,"1":20,"2":21,"3":28,"4":124,"5":1658,"6":8,"7":244,"8":1,"9":187,"10":124,"11":5,"12":38,"13":1188,"14":4,"15":20,"16":20,"17":33},"nb_en":{"0":19,"1":20,"2":21,"3":28,"4":124,"5":1658,"6":8,"7":244,"8":1,"9":187,"10":124,"11":5,"12":38,"13":1188,"14":4,"15":20,"16":20,"17":33},"nb_de":{"0":0,"1":0,"2":0,"3":0,"4":0,"5":0,"6":0,"7":0,"8":0,"9":0,"10":0,"11":0,"12":0,"13":0,"14":0,"15":0,"16":0,"17":0}}