{"canton":{"0":"SG","1":"AR","2":"GL","3":"JU","4":"VS","5":"AG","6":"ZH","7":"BE","8":"GE","9":"BS","10":"AI","11":"LU","12":"OW","13":"GR","14":"ZG","15":"UR","16":"VD","17":"SH","18":"BL","19":"TI","20":"SO","21":"NE","22":"FR"},"main_mean":{"0":0.0088438635,"1":0.0,"2":-0.0030785838,"3":-0.299997,"4":-0.0272002847,"5":-0.0478008103,"6":-0.0317603435,"7":-0.0396648648,"8":-0.0256766378,"9":-0.0439359014,"10":-0.0769224852,"11":-0.0618683638,"12":0.0416663194,"13":0.0,"14":-0.0030785838,"15":-0.3333305556,"16":-0.0481564811,"17":-0.1642138931,"18":-0.3749906252,"19":-0.0830260181,"20":0.1999933336,"21":0.0,"22":-0.0658664786},"sentiment_mean":{"0":0.375,"1":0.0,"2":0.0,"3":0.0,"4":-0.1333333333,"5":0.2307692308,"6":0.1986242476,"7":0.204379562,"8":0.1242774566,"9":0.0909090909,"10":0.0,"11":0.1666666667,"12":0.0,"13":0.0,"14":0.0,"15":-1.0,"16":0.0761904762,"17":0.3333333333,"18":0.0,"19":0.1265822785,"20":0.0,"21":0.4,"22":0.3},"main_std":{"0":0.2196870621,"1":null,"2":0.1598285761,"3":null,"4":0.0593484425,"5":0.3291450749,"6":0.2047777743,"7":0.2151300341,"8":0.1862851863,"9":0.1786238747,"10":null,"11":0.2290698814,"12":0.0589250741,"13":null,"14":0.1598285761,"15":null,"16":0.2215349694,"17":0.0743811349,"18":0.530316828,"19":0.2158478703,"20":0.4471986889,"21":0.0,"22":0.2714187292},"sentiment_std":{"0":0.5535807194,"1":null,"2":0.6831300511,"3":null,"4":0.5163977795,"5":0.7250110521,"6":0.7083943438,"7":0.6754587222,"8":0.6882433634,"9":0.6504260681,"10":null,"11":0.5646597026,"12":0.0,"13":null,"14":0.6831300511,"15":null,"16":0.6459226867,"17":0.5773502692,"18":0.0,"19":0.6069488342,"20":0.7071067812,"21":0.5477225575,"22":0.6512587282},"sentiment_pv":{"0":0.0390127964,"1":null,"2":0.1977350317,"3":null,"4":0.0441068036,"5":0.7405014261,"6":0.1428686037,"7":0.3295841182,"8":0.1933153853,"9":0.1873966972,"10":null,"11":0.971494989,"12":1.833169756e-33,"13":null,"14":0.1977350317,"15":null,"16":0.1831222238,"17":0.6593458851,"18":1.833169756e-33,"19":0.6072430703,"20":0.6346740085,"21":0.3874451932,"22":0.259537959},"main_pv":{"0":0.2864236411,"1":null,"2":0.3021119329,"3":null,"4":0.6966459578,"5":0.8780503284,"6":0.8105205942,"7":0.6489332554,"8":0.3351727553,"9":0.4842630508,"10":null,"11":0.551010928,"12":0.3202005796,"13":null,"14":0.3021119329,"15":null,"16":0.5055261054,"17":0.0918693587,"18":0.5297159692,"19":0.0472642954,"20":0.3079254322,"21":2.122647837e-17,"22":0.519768629},"count":{"0":32,"1":1,"2":31,"3":1,"4":15,"5":13,"6":1163,"7":274,"8":692,"9":154,"10":1,"11":24,"12":2,"13":1,"14":31,"15":1,"16":105,"17":3,"18":2,"19":79,"20":5,"21":5,"22":30},"nb_en":{"0":32,"1":1,"2":31,"3":1,"4":15,"5":13,"6":1163,"7":274,"8":692,"9":154,"10":1,"11":24,"12":2,"13":1,"14":31,"15":1,"16":105,"17":3,"18":2,"19":79,"20":5,"21":5,"22":30},"nb_de":{"0":0,"1":0,"2":0,"3":0,"4":0,"5":0,"6":0,"7":0,"8":0,"9":0,"10":0,"11":0,"12":0,"13":0,"14":0,"15":0,"16":0,"17":0,"18":0,"19":0,"20":0,"21":0,"22":0}}