{"canton":{"0":"UR","1":"BE","2":"ZG","3":"BL","4":"FR","5":"JU","6":"TI","7":"NW","8":"VD","9":"SG","10":"GR","11":"SH","12":"OW","13":"AG","14":"GE","15":"BS","16":"TG","17":"AR","18":"GL","19":"ZH","20":"SO","21":"NE","22":"LU","23":"AI","24":"VS","25":"SZ"},"main_mean":{"0":0.0022481915,"1":0.003163805,"2":0.0165350258,"3":-0.0135160715,"4":0.0081538726,"5":-0.0516781735,"6":-0.0737755679,"7":-0.0506729253,"8":0.006515043,"9":0.0253719921,"10":0.0067549885,"11":-0.0096053654,"12":0.0074580734,"13":0.0167821434,"14":-0.013805613,"15":-0.0024301228,"16":0.0057404453,"17":0.0061230894,"18":0.0141425406,"19":-0.0044270555,"20":0.0415083154,"21":-0.024707661,"22":0.0015605048,"23":0.0,"24":0.0080683048,"25":-0.0165994893},"sentiment_mean":{"0":0.0,"1":0.0711382114,"2":0.2903225806,"3":0.0,"4":0.0571428571,"5":0.0,"6":0.1176470588,"7":0.0,"8":0.045112782,"9":0.0862068966,"10":0.0714285714,"11":0.0243902439,"12":0.0,"13":0.0729927007,"14":0.0612998523,"15":0.0548387097,"16":-0.1111111111,"17":0.0,"18":0.28125,"19":0.1250325606,"20":0.1142857143,"21":0.0779220779,"22":0.1134020619,"23":0.0,"24":0.0454545455,"25":0.0},"main_std":{"0":0.006937048,"1":0.1321687213,"2":0.2469023539,"3":0.148616584,"4":0.0921969375,"5":0.0897895782,"6":0.2336515115,"7":0.1528807735,"8":0.1969148736,"9":0.1322880931,"10":0.091743936,"11":0.0730178748,"12":0.0125348361,"13":0.1381927084,"14":0.1684000617,"15":0.1154726525,"16":0.0428220685,"17":0.0424616576,"18":0.2432641843,"19":0.1535919993,"20":0.1334763666,"21":0.1754903828,"22":0.0916226273,"23":null,"24":0.0966246072,"25":0.028506985},"sentiment_std":{"0":0.0,"1":0.3971161623,"2":0.6425754631,"3":0.3333333333,"4":0.3047247001,"5":0.0,"6":0.5451309531,"7":0.0,"8":0.3215935289,"9":0.3379983411,"10":0.2598700974,"11":0.3526900111,"12":0.0,"13":0.2610791095,"14":0.4539463801,"15":0.3773375906,"16":0.3233808334,"17":0.0,"18":0.6342063875,"19":0.4842448366,"20":0.4037638048,"21":0.3541570335,"22":0.363525873,"23":null,"24":0.4088188684,"25":0.0},"sentiment_pv":{"0":5.734647308e-86,"1":0.1814447498,"2":0.0916791649,"3":0.2598734316,"4":0.2903586703,"5":5.734647308e-86,"6":0.5442215172,"7":5.734647308e-86,"8":0.0027779698,"9":0.927494101,"10":0.6157831492,"11":0.2484809861,"12":5.734647308e-86,"13":0.4801705116,"14":0.0046269407,"15":0.0305125156,"16":0.017772757,"17":5.734647308e-86,"18":0.0967516185,"19":0.0000676626,"20":0.7149384067,"21":0.7838884984,"22":0.3598388716,"23":null,"24":0.3907989887,"25":5.734647308e-86},"main_pv":{"0":0.0101995617,"1":0.0575457581,"2":0.6248692269,"3":0.814424532,"4":0.1410840275,"5":0.2625277581,"6":0.0008750837,"7":0.4299418169,"8":0.1709325061,"9":0.0143891073,"10":0.3301154726,"11":0.7158877368,"12":0.2138063119,"13":0.0648026947,"14":0.0193803023,"15":0.5462321655,"16":0.2905372109,"17":0.4160725763,"18":0.6531034269,"19":0.7438506332,"20":0.0456969838,"21":0.3385114027,"22":0.3055314996,"23":null,"24":0.2660647284,"25":0.5665034817},"count":{"0":10,"1":984,"2":31,"3":19,"4":105,"5":6,"6":136,"7":8,"8":532,"9":116,"10":56,"11":41,"12":3,"13":137,"14":2708,"15":620,"16":18,"17":10,"18":32,"19":3839,"20":35,"21":77,"22":194,"23":1,"24":66,"25":3},"nb_en":{"0":0,"1":279,"2":22,"3":1,"4":11,"5":0,"6":122,"7":3,"8":106,"9":16,"10":8,"11":6,"12":0,"13":13,"14":1055,"15":182,"16":2,"17":0,"18":22,"19":1565,"20":3,"21":15,"22":42,"23":0,"24":18,"25":0},"nb_de":{"0":10,"1":662,"2":4,"3":18,"4":7,"5":0,"6":4,"7":5,"8":21,"9":99,"10":48,"11":35,"12":3,"13":123,"14":12,"15":423,"16":16,"17":10,"18":5,"19":2165,"20":30,"21":21,"22":149,"23":1,"24":26,"25":3},"nb_fr":{"0":0,"1":43,"2":5,"3":0,"4":87,"5":6,"6":10,"7":0,"8":405,"9":1,"10":0,"11":0,"12":0,"13":1,"14":1641,"15":15,"16":0,"17":0,"18":5,"19":109,"20":2,"21":41,"22":3,"23":0,"24":22,"25":0}}