{"canton":{"0":"SG","1":"AI","2":"TI","3":"SH","4":"VS","5":"AG","6":"VD","7":"ZH","8":"TG","9":"BE","10":"GE","11":"BS","12":"GL","13":"SO","14":"LU","15":"GR","16":"NE","17":"ZG","18":"FR"},"main_mean":{"0":0.0508155059,"1":0.0,"2":-0.0536774871,"3":-0.158817357,"4":0.0057630913,"5":0.0202791228,"6":0.0073262928,"7":-0.0283715773,"8":0.0,"9":-0.0160398713,"10":-0.0148283766,"11":-0.0613791089,"12":0.0972193165,"13":0.1269781938,"14":-0.0184322228,"15":-0.1649324985,"16":-0.0905738354,"17":0.0972193165,"18":-0.0293965577},"sentiment_mean":{"0":0.1428571429,"1":-1.0,"2":0.0918367347,"3":0.4,"4":0.0869565217,"5":0.0487804878,"6":0.1835443038,"7":0.2025469982,"8":0.5,"9":0.2365591398,"10":0.1170411985,"11":0.0568181818,"12":0.1818181818,"13":0.3333333333,"14":0.1224489796,"15":0.1428571429,"16":0.0,"17":0.1818181818,"18":0.0465116279},"main_std":{"0":0.3023887347,"1":null,"2":0.1711349552,"3":0.2093895096,"4":0.2267521496,"5":0.2393225876,"6":0.191167614,"7":0.1974017008,"8":0.0,"9":0.2293360328,"10":0.1844495961,"11":0.2328919251,"12":0.2372436557,"13":0.2321378486,"14":0.1303862581,"15":0.185743518,"16":0.2600304342,"17":0.2372436557,"18":0.0843761676},"sentiment_std":{"0":0.8644378215,"1":null,"2":0.593551858,"3":0.894427191,"4":0.5964320794,"5":0.7399736317,"6":0.675679489,"7":0.6863568619,"8":0.7071067812,"9":0.6414548908,"10":0.6943133927,"11":0.620745258,"12":0.7507571935,"13":0.5163977795,"14":0.6656028928,"15":0.6900655593,"16":0.5,"17":0.7507571935,"18":0.3049971407},"sentiment_pv":{"0":0.9321592523,"1":null,"2":0.2464613725,"3":0.5853761493,"4":0.5490317907,"5":0.3313332486,"6":0.7078170072,"7":0.0508253166,"8":0.6223665018,"9":0.0665930528,"10":0.0562240187,"11":0.0285848174,"12":0.935219573,"13":0.4560460409,"14":0.6742698083,"15":0.9412006507,"16":0.1993369443,"17":0.935219573,"18":0.0188130968},"main_pv":{"0":0.3798087904,"1":null,"2":0.0813565053,"3":0.2198243059,"4":0.5540426746,"5":0.2585606949,"6":0.0551417072,"7":0.334303865,"8":0.0,"9":0.636742503,"10":0.2270833593,"11":0.0316291233,"12":0.1247716589,"13":0.1751274787,"14":0.8218612057,"15":0.0892478217,"16":0.2984165637,"17":0.1247716589,"18":0.6169765653},"count":{"0":14,"1":1,"2":98,"3":5,"4":23,"5":41,"6":158,"7":1649,"8":2,"9":279,"10":1068,"11":176,"12":11,"13":6,"14":49,"15":7,"16":17,"17":11,"18":43},"nb_en":{"0":14,"1":1,"2":98,"3":5,"4":23,"5":41,"6":158,"7":1649,"8":2,"9":279,"10":1068,"11":176,"12":11,"13":6,"14":49,"15":7,"16":17,"17":11,"18":43},"nb_de":{"0":0,"1":0,"2":0,"3":0,"4":0,"5":0,"6":0,"7":0,"8":0,"9":0,"10":0,"11":0,"12":0,"13":0,"14":0,"15":0,"16":0,"17":0,"18":0}}