{"canton":{"0":"UR","1":"BE","2":"ZG","3":"BL","4":"FR","5":"NW","6":"TI","7":"VD","8":"GR","9":"SG","10":"JU","11":"SH","12":"OW","13":"AG","14":"GE","15":"BS","16":"TG","17":"AR","18":"GL","19":"ZH","20":"VS","21":"NE","22":"LU","23":"AI","24":"SO","25":"SZ"},"main_mean":{"0":-0.0218104726,"1":-0.0013503555,"2":0.0265088483,"3":0.035952152,"4":0.0082874798,"5":-0.0513459524,"6":-0.0596797091,"7":0.0016782454,"8":-0.0007462817,"9":0.0182294606,"10":0.0418178574,"11":0.0070085012,"12":-0.0389867366,"13":-0.0064460726,"14":-0.0095964612,"15":0.0010552981,"16":0.0116605312,"17":0.1054789765,"18":0.0254052024,"19":-0.0045757898,"20":-0.0140028651,"21":0.0211984462,"22":0.0098600315,"23":0.0,"24":0.0033770747,"25":0.1267845893},"sentiment_mean":{"0":0.1666666667,"1":0.0810546875,"2":0.1363636364,"3":0.1428571429,"4":0.034965035,"5":0.125,"6":0.1344537815,"7":0.0380165289,"8":0.0212765957,"9":0.0777202073,"10":0.0,"11":0.023255814,"12":0.0,"13":0.0445859873,"14":0.0451923077,"15":0.0766961652,"16":0.0,"17":0.0,"18":0.1304347826,"19":0.0940260833,"20":0.1081081081,"21":0.0625,"22":0.0869565217,"23":0.0,"24":0.0444444444,"25":0.4545454545},"main_std":{"0":0.0295719819,"1":0.1372711947,"2":0.1677434114,"3":0.1657403203,"4":0.1291257368,"5":0.0729146951,"6":0.2330031025,"7":0.1540718282,"8":0.0493329682,"9":0.1310752184,"10":0.1018373414,"11":0.0281420387,"12":0.0324545017,"13":0.1203528229,"14":0.1814472157,"15":0.1308817343,"16":0.0464425664,"17":0.1944380999,"18":0.1639721732,"19":0.1451538962,"20":0.1325810952,"21":0.1855530898,"22":0.118002564,"23":0.0,"24":0.1534041526,"25":0.3003505286},"sentiment_std":{"0":0.3892494721,"1":0.403155274,"2":0.5602256812,"3":0.3585685828,"4":0.2761043743,"5":0.3535533906,"6":0.5663497414,"7":0.3905455936,"8":0.2530979412,"9":0.3523300188,"10":0.0,"11":0.1524985703,"12":0.0,"13":0.3270683502,"14":0.4746298011,"15":0.3843538948,"16":0.2886751346,"17":0.632455532,"18":0.5480832573,"19":0.4946527324,"20":0.3905586995,"21":0.3933978962,"22":0.3582236556,"23":0.0,"24":0.298142397,"25":0.687551651},"sentiment_pv":{"0":0.4239188588,"1":0.5595708321,"2":0.6031981353,"3":0.3851599986,"4":0.1047263505,"5":0.6916279888,"6":0.2426748642,"7":0.0322909925,"8":0.0520968904,"9":0.8634030183,"10":4.817592441e-65,"11":0.0399259258,"12":4.817592441e-65,"13":0.2794318112,"14":0.0031545892,"15":0.8246375487,"16":0.2175518714,"17":0.7879261859,"18":0.6222474634,"19":0.0130530152,"20":0.447571381,"21":0.8276640078,"22":0.589070004,"23":4.817592441e-65,"24":0.521550072,"25":0.0957741917},"main_pv":{"0":0.0652675293,"1":0.5303955954,"2":0.400700015,"3":0.2805327925,"4":0.2538966502,"5":0.11027312,"6":0.0107368581,"7":0.3615532316,"8":0.5162618813,"9":0.0197960397,"10":0.1023742451,"11":0.0166825274,"12":0.0295779422,"13":0.816675042,"14":0.1283828689,"15":0.316092707,"16":0.10409234,"17":0.2256713746,"18":0.39642259,"19":0.8800856544,"20":0.528110666,"21":0.2787307351,"22":0.0929841273,"23":0.0036913537,"24":0.7427470906,"25":0.1787340906},"count":{"0":12,"1":1024,"2":22,"3":21,"4":143,"5":8,"6":119,"7":605,"8":94,"9":193,"10":15,"11":43,"12":7,"13":157,"14":3120,"15":678,"16":25,"17":6,"18":23,"19":4754,"20":74,"21":64,"22":207,"23":5,"24":45,"25":11},"nb_en":{"0":3,"1":311,"2":16,"3":2,"4":34,"5":1,"6":106,"7":177,"8":9,"9":26,"10":2,"11":3,"12":0,"13":25,"14":1332,"15":198,"16":2,"17":1,"18":16,"19":2111,"20":16,"21":18,"22":56,"23":0,"24":6,"25":7},"nb_de":{"0":9,"1":673,"2":4,"3":19,"4":28,"5":7,"6":8,"7":26,"8":85,"9":167,"10":0,"11":39,"12":7,"13":129,"14":23,"15":476,"16":23,"17":5,"18":5,"19":2527,"20":52,"21":14,"22":149,"23":5,"24":39,"25":4},"nb_fr":{"0":0,"1":40,"2":2,"3":0,"4":81,"5":0,"6":5,"7":402,"8":0,"9":0,"10":13,"11":1,"12":0,"13":3,"14":1765,"15":4,"16":0,"17":0,"18":2,"19":116,"20":6,"21":32,"22":2,"23":0,"24":0,"25":0}}