{"canton":{"0":"NE","1":"GE","2":"GL","3":"BE","4":"SZ","5":"TG","6":"UR","7":"FR","8":"BS","9":"BL","10":"ZH","11":"OW","12":"VD","13":"SG","14":"GR","15":"ZG","16":"AR","17":"LU","18":"TI","19":"JU","20":"AG","21":"SH","22":"VS","23":"AI","24":"SO","25":"NW"},"main_mean":{"0":0.0032199302,"1":-0.0209970619,"2":-0.0252296465,"3":-0.0043231037,"4":0.0245560386,"5":0.0074130451,"6":0.030176062,"7":0.0029574905,"8":-0.0013873463,"9":-0.0653873351,"10":0.0016239075,"11":-0.0002666637,"12":0.008045694,"13":0.022256345,"14":0.0345555665,"15":-0.0260706348,"16":0.0136427597,"17":-0.0059665335,"18":-0.0687215829,"19":-0.0633692983,"20":0.016405953,"21":-0.0107524577,"22":0.0026395749,"23":0.1003379932,"24":0.0120578024,"25":-0.0002666637},"sentiment_mean":{"0":0.1538461538,"1":0.0692640693,"2":0.064516129,"3":0.0513670257,"4":0.1666666667,"5":0.0,"6":0.0,"7":-0.0071428571,"8":0.0635179153,"9":-0.0526315789,"10":0.1208951593,"11":0.0,"12":0.0800821355,"13":0.0785714286,"14":0.1136363636,"15":0.0666666667,"16":0.0,"17":0.0804020101,"18":0.1153846154,"19":0.0588235294,"20":0.059602649,"21":0.0263157895,"22":0.0327868852,"23":0.0,"24":0.0394736842,"25":0.0},"main_std":{"0":0.1425280809,"1":0.170850112,"2":0.1177467777,"3":0.1552512752,"4":0.027570494,"5":0.0169943437,"6":0.0368896796,"7":0.1374622888,"8":0.119059068,"9":0.174656785,"10":0.1406295198,"11":0.0003771194,"12":0.1674750144,"13":0.0949467689,"14":0.1312961474,"15":0.1196649571,"16":null,"17":0.14655884,"18":0.2146656614,"19":0.1553204992,"20":0.1041129428,"21":0.0376333548,"22":0.0838200632,"23":null,"24":0.0936872319,"25":0.0003771194},"sentiment_std":{"0":0.3643213075,"1":0.4748079057,"2":0.2497310381,"3":0.4773608038,"4":0.4082482905,"5":0.0,"6":0.0,"7":0.349643777,"8":0.3713271496,"9":0.4046513191,"10":0.4860374326,"11":0.0,"12":0.3568171966,"13":0.3612101392,"14":0.3210382206,"15":0.2537081317,"16":null,"17":0.3234408431,"18":0.5375023401,"19":0.242535625,"20":0.2641158352,"21":0.3666386471,"22":0.3144949981,"23":null,"24":0.2551229494,"25":0.0},"sentiment_pv":{"0":0.1951810478,"1":0.0739042927,"2":0.6171828179,"3":0.0131029619,"4":0.6540207634,"5":2.19019372e-82,"6":2.19019372e-82,"7":0.0019261025,"8":0.1292687884,"9":0.149497726,"10":0.0001382022,"11":2.19019372e-82,"12":0.6681732999,"13":0.7781753293,"14":0.590410336,"15":0.6610399397,"16":null,"17":0.7687594254,"18":0.5538872388,"19":0.6360125899,"20":0.2093207212,"21":0.3132986881,"22":0.1835859648,"23":null,"24":0.1104002918,"25":2.19019372e-82},"main_pv":{"0":0.6549735509,"1":0.0000183091,"2":0.3639516061,"3":0.7718082335,"4":0.043149495,"5":0.0306440171,"6":0.1467954458,"7":0.4615695084,"8":0.392625392,"9":0.1537875261,"10":0.0057738916,"11":0.0003416256,"12":0.0762901094,"13":0.0007965021,"14":0.0487665295,"15":0.3595972285,"16":null,"17":0.9789261876,"18":0.0011012587,"19":0.1454909445,"20":0.0111267347,"21":0.4248827359,"22":0.4449612077,"23":null,"24":0.1059081099,"25":0.0003416256},"count":{"0":52,"1":2772,"2":31,"3":1207,"4":6,"5":11,"6":4,"7":140,"8":614,"9":19,"10":4111,"11":2,"12":487,"13":140,"14":44,"15":30,"16":1,"17":199,"18":130,"19":17,"20":151,"21":38,"22":61,"23":1,"24":76,"25":2},"nb_en":{"0":16,"1":1223,"2":13,"3":469,"4":2,"5":1,"6":0,"7":27,"8":154,"9":3,"10":1668,"11":0,"12":134,"13":22,"14":5,"15":13,"16":0,"17":39,"18":111,"19":2,"20":13,"21":9,"22":14,"23":0,"24":8,"25":0},"nb_de":{"0":4,"1":16,"2":11,"3":685,"4":3,"5":10,"6":4,"7":50,"8":446,"9":16,"10":2338,"11":2,"12":16,"13":117,"14":39,"15":10,"16":1,"17":157,"18":8,"19":0,"20":137,"21":29,"22":31,"23":1,"24":68,"25":2}}