{"canton":{"0":"SG","1":"JU","2":"VS","3":"SZ","4":"AG","5":"TG","6":"ZH","7":"BE","8":"GE","9":"BS","10":"GL","11":"LU","12":"GR","13":"ZG","14":"UR","15":"VD","16":"SH","17":"BL","18":"TI","19":"SO","20":"NE","21":"FR"},"main_mean":{"0":0.059781422,"1":0.0,"2":-0.0269281088,"3":0.7499906251,"4":-0.0222141975,"5":0.0,"6":-0.0264413697,"7":-0.060121021,"8":-0.0210398124,"9":-0.0416494012,"10":0.0713808461,"11":-0.008791526,"12":-0.0307010051,"13":0.0713808461,"14":-0.4999750012,"15":0.0321063228,"16":0.0,"17":-0.051067859,"18":-0.0520584149,"19":0.1833248338,"20":0.0182356095,"21":0.0473743213},"sentiment_mean":{"0":0.5,"1":-1.0,"2":0.2727272727,"3":1.0,"4":0.2068965517,"5":0.0,"6":0.1852477477,"7":0.1351351351,"8":0.1794478528,"9":0.1059907834,"10":0.5348837209,"11":0.1071428571,"12":0.1052631579,"13":0.5348837209,"14":-1.0,"15":0.2738853503,"16":0.5,"17":-0.1666666667,"18":0.0818181818,"19":0.3333333333,"20":0.25,"21":0.0882352941},"main_std":{"0":0.3422246277,"1":null,"2":0.1938614052,"3":null,"4":0.0931445586,"5":0.0,"6":0.2078977939,"7":0.1916234183,"8":0.1836836044,"9":0.2271210671,"10":0.1602209972,"11":0.230671357,"12":0.130169765,"13":0.1602209972,"14":null,"15":0.2551320089,"16":0.0,"17":0.132069709,"18":0.1952643977,"19":0.4020576674,"20":0.0897688535,"21":0.2940969252},"sentiment_std":{"0":0.6882472016,"1":null,"2":0.6310850959,"3":null,"4":0.5592923044,"5":0.0,"6":0.6854847122,"7":0.6858160444,"8":0.6986497241,"9":0.6890755078,"10":0.5915611794,"11":0.7373267889,"12":0.5671308728,"13":0.5915611794,"14":null,"15":0.646603205,"16":0.7071067812,"17":0.7527726527,"18":0.5924884264,"19":0.5163977795,"20":0.7163503994,"21":0.6682245612},"sentiment_pv":{"0":0.0546512296,"1":null,"2":0.519287205,"3":null,"4":0.8300138441,"5":7.664933812e-64,"6":0.9602001392,"7":0.2995024935,"8":0.8273063314,"9":0.1041716326,"10":0.000374956,"11":0.585494417,"12":0.5524861412,"13":0.000374956,"14":null,"15":0.0909441959,"16":0.6414282808,"17":0.3053400658,"18":0.0773767496,"19":0.5114859139,"20":0.6867853073,"21":0.409954429},"main_pv":{"0":0.2994636843,"1":null,"2":0.9048122067,"3":null,"4":0.986374592,"5":0.0,"6":0.4406811321,"7":0.0042750495,"8":0.8846013132,"9":0.2112144312,"10":0.0004654111,"11":0.7663298061,"12":0.7730474313,"13":0.0004654111,"14":null,"15":0.0095944825,"16":0.0,"17":0.6123299421,"18":0.1132181459,"19":0.2665294112,"20":0.0622214247,"21":0.1795662625},"count":{"0":20,"1":1,"2":22,"3":1,"4":29,"5":9,"6":1776,"7":222,"8":1304,"9":217,"10":43,"11":28,"12":19,"13":43,"14":1,"15":157,"16":2,"17":6,"18":110,"19":6,"20":20,"21":34},"nb_en":{"0":20,"1":1,"2":22,"3":1,"4":29,"5":9,"6":1776,"7":222,"8":1304,"9":217,"10":43,"11":28,"12":19,"13":43,"14":1,"15":157,"16":2,"17":6,"18":110,"19":6,"20":20,"21":34},"nb_de":{"0":0,"1":0,"2":0,"3":0,"4":0,"5":0,"6":0,"7":0,"8":0,"9":0,"10":0,"11":0,"12":0,"13":0,"14":0,"15":0,"16":0,"17":0,"18":0,"19":0,"20":0,"21":0}}