{"canton":{"0":"UR","1":"NW","2":"BE","3":"ZG","4":"BL","5":"TI","6":"TG","7":"VD","8":"GR","9":"SG","10":"JU","11":"SH","12":"AG","13":"GE","14":"BS","15":"FR","16":"AR","17":"GL","18":"ZH","19":"SO","20":"NE","21":"LU","22":"AI","23":"VS","24":"SZ"},"main_mean":{"0":-0.1331279392,"1":-0.0049166127,"2":-0.0093518295,"3":-0.0106799248,"4":-0.0433653639,"5":-0.0087710941,"6":0.0097021421,"7":0.0021025381,"8":0.0235027912,"9":0.0124137125,"10":-0.0067650048,"11":-0.0061846509,"12":0.0226981307,"13":-0.0217655779,"14":-0.0036206657,"15":-0.0003981026,"16":0.000206346,"17":-0.0101316429,"18":-0.0024568436,"19":0.0060317765,"20":0.0388344981,"21":0.002444881,"22":0.000399996,"23":0.0136671892,"24":-0.0025675594},"sentiment_mean":{"0":0.0,"1":0.0,"2":0.0607866508,"3":-0.0789473684,"4":-0.0714285714,"5":0.1339285714,"6":0.0,"7":0.0716845878,"8":0.0222222222,"9":0.0902255639,"10":0.0,"11":0.027027027,"12":0.0446428571,"13":0.0835987261,"14":0.0354391371,"15":0.0176470588,"16":0.0,"17":-0.075,"18":0.1043731778,"19":0.0681818182,"20":0.0166666667,"21":0.0386740331,"22":0.0,"23":0.1230769231,"24":-0.25},"main_std":{"0":0.2982511161,"1":0.0123726594,"2":0.1422584831,"3":0.1098025388,"4":0.2043987303,"5":0.2032205876,"6":0.2509517597,"7":0.1709600731,"8":0.0985766688,"9":0.0936720821,"10":0.0864201367,"11":0.0648015162,"12":0.104471357,"13":0.1850268676,"14":0.1349865891,"15":0.1131993493,"16":0.0003210853,"17":0.1069774405,"18":0.1476823894,"19":0.0750372998,"20":0.1890379993,"21":0.1247245463,"22":null,"23":0.1144035021,"24":0.0542090948},"sentiment_std":{"0":0.0,"1":0.0,"2":0.3621400868,"3":0.4275371928,"4":0.2672612419,"5":0.5283926965,"6":0.3922322703,"7":0.3419571311,"8":0.3363499861,"9":0.3361692984,"10":0.0,"11":0.1643989873,"12":0.3115897296,"13":0.4664977794,"14":0.3689008111,"15":0.2545103063,"16":0.0,"17":0.4167948521,"18":0.4868148968,"19":0.2549717059,"20":0.4691017983,"21":0.3225702487,"22":null,"23":0.4509605134,"24":0.5},"sentiment_pv":{"0":2.158174173e-66,"1":2.158174173e-66,"2":0.1419980613,"3":0.0276322796,"4":0.053565999,"5":0.2878226798,"6":0.4572977718,"7":0.5674994888,"8":0.2542348796,"9":0.7391722879,"10":2.158174173e-66,"11":0.0590928753,"12":0.2329565571,"13":0.7567923363,"14":0.0032106874,"15":0.002046659,"16":2.158174173e-66,"17":0.0237663844,"18":0.0117095841,"19":0.7542175148,"20":0.2984195021,"21":0.0892703782,"22":null,"23":0.4495609642,"24":0.2780828124},"main_pv":{"0":0.3989121175,"1":0.6697915151,"2":0.6916154129,"3":0.85097011,"4":0.520770251,"5":0.9391195286,"6":0.8039482339,"7":0.2059933981,"8":0.0429739834,"9":0.0187360401,"10":0.9875758733,"11":0.9184577489,"12":0.0033314693,"13":0.0003516363,"14":0.5080894998,"15":0.4361362065,"16":0.0000061277,"17":0.8683229968,"18":0.1085579947,"19":0.2498697816,"20":0.0641890332,"21":0.3022621846,"22":null,"23":0.1470394334,"24":0.8727820769},"count":{"0":5,"1":6,"2":839,"3":38,"4":14,"5":112,"6":14,"7":558,"8":45,"9":133,"10":7,"11":37,"12":112,"13":2512,"14":649,"15":170,"16":6,"17":40,"18":3430,"19":44,"20":60,"21":181,"22":1,"23":65,"24":4},"nb_en":{"0":1,"1":0,"2":214,"3":13,"4":0,"5":99,"6":3,"7":134,"8":4,"9":14,"10":2,"11":3,"12":10,"13":1028,"14":191,"15":20,"16":0,"17":13,"18":1367,"19":2,"20":20,"21":38,"22":0,"23":27,"24":3},"nb_de":{"0":4,"1":6,"2":580,"3":9,"4":14,"5":6,"6":11,"7":10,"8":41,"9":119,"10":0,"11":34,"12":100,"13":7,"14":447,"15":42,"16":6,"17":11,"18":1947,"19":42,"20":9,"21":141,"22":1,"23":24,"24":1},"nb_fr":{"0":0,"1":0,"2":45,"3":16,"4":0,"5":7,"6":0,"7":414,"8":0,"9":0,"10":5,"11":0,"12":2,"13":1477,"14":11,"15":108,"16":0,"17":16,"18":116,"19":0,"20":31,"21":2,"22":0,"23":14,"24":0}}