{"canton":{"0":"NE","1":"GE","2":"GL","3":"BE","4":"SZ","5":"TG","6":"UR","7":"FR","8":"BS","9":"ZH","10":"SO","11":"VD","12":"OW","13":"SG","14":"GR","15":"ZG","16":"AR","17":"LU","18":"TI","19":"JU","20":"AG","21":"SH","22":"VS","23":"BL","24":"NW"},"main_mean":{"0":-0.0185081289,"1":-0.0200707977,"2":0.0389100205,"3":-0.0164780287,"4":0.1979135851,"5":0.0040888257,"6":-0.0289500357,"7":-0.0041028001,"8":-0.005496551,"9":-0.0116921014,"10":0.0055114735,"11":-0.0010208806,"12":-0.001863466,"13":0.029244487,"14":-0.0378467994,"15":0.0403511324,"16":-0.0952377268,"17":0.0063838661,"18":-0.0572576375,"19":0.0,"20":0.030904357,"21":-0.0215100854,"22":-0.0073690609,"23":0.001505652,"24":-0.0487838556},"sentiment_mean":{"0":0.0,"1":0.1270849881,"2":0.4285714286,"3":0.1088435374,"4":0.75,"5":0.0,"6":0.0,"7":0.2068965517,"8":0.0957446809,"9":0.1715828833,"10":0.0454545455,"11":0.2448979592,"12":0.0,"13":0.1136363636,"14":0.0,"15":0.4444444444,"16":0.0,"17":0.0695652174,"18":0.2268041237,"19":1.0,"20":0.0833333333,"21":0.25,"22":0.0975609756,"23":0.0,"24":0.6},"main_std":{"0":0.0603465067,"1":0.1761670277,"2":0.1385727551,"3":0.1581971167,"4":0.2833598015,"5":0.0116459046,"6":0.0542628317,"7":0.2237415124,"8":0.1526916767,"9":0.1656272061,"10":0.0219787349,"11":0.2052794415,"12":0.0038195308,"13":0.1163809987,"14":0.1840162054,"15":0.1409984949,"16":0.0673433025,"17":0.148345832,"18":0.2027587591,"19":null,"20":0.1278342773,"21":0.163925336,"22":0.1245116013,"23":0.0139276328,"24":0.1321208263},"sentiment_std":{"0":0.6900655593,"1":0.635256168,"2":0.5727497953,"3":0.45421138,"4":0.5,"5":0.0,"6":0.0,"7":0.4122508204,"8":0.4576845828,"9":0.5752357821,"10":0.2132007164,"11":0.5804088867,"12":0.0,"13":0.4656430033,"14":0.2773500981,"15":0.5773502692,"16":1.4142135624,"17":0.3434024576,"18":0.4678219622,"19":null,"20":0.3472281323,"21":0.4442616583,"22":0.4361695799,"23":0.0,"24":0.5163977795},"sentiment_pv":{"0":0.3197118511,"1":0.2376035988,"2":0.0160958411,"3":0.0728630463,"4":0.0958544082,"5":9.061610536e-81,"6":9.061610536e-81,"7":0.466703415,"8":0.0290805098,"9":0.1270717387,"10":0.0332278913,"11":0.0525023962,"12":9.061610536e-81,"13":0.469411679,"14":0.0096787468,"15":0.0136972577,"16":0.9051311401,"17":0.0158328862,"18":0.1142706106,"19":null,"20":0.1938659374,"21":0.328665519,"22":0.4475685772,"23":9.061610536e-81,"24":0.0223212502},"main_pv":{"0":0.6302112848,"1":0.1467946566,"2":0.0625432034,"3":0.581019927,"4":0.2348257591,"5":0.0003440415,"6":0.5798685578,"7":0.8484443915,"8":0.4192810606,"9":0.9149459237,"10":0.001910381,"11":0.5166317517,"12":0.010911583,"13":0.0014660738,"14":0.4750560927,"15":0.0648045189,"16":0.3306922111,"17":0.1892997054,"18":0.0317513384,"19":null,"20":0.0249312042,"21":0.8011029866,"22":0.8091679577,"23":0.0111792566,"24":0.4036635531},"count":{"0":22,"1":1259,"2":28,"3":441,"4":4,"5":13,"6":4,"7":29,"8":376,"9":2407,"10":22,"11":147,"12":3,"13":88,"14":27,"15":27,"16":2,"17":115,"18":97,"19":1,"20":48,"21":20,"22":41,"23":11,"24":10},"nb_en":{"0":18,"1":1101,"2":24,"3":190,"4":4,"5":1,"6":0,"7":15,"8":152,"9":1560,"10":4,"11":113,"12":0,"13":16,"14":7,"15":24,"16":2,"17":37,"18":93,"19":1,"20":10,"21":6,"22":14,"23":1,"24":7},"nb_de":{"0":4,"1":3,"2":4,"3":248,"4":0,"5":12,"6":4,"7":12,"8":218,"9":845,"10":18,"11":3,"12":3,"13":72,"14":20,"15":3,"16":0,"17":78,"18":3,"19":0,"20":38,"21":14,"22":27,"23":10,"24":3}}