{"canton":{"0":"SG","1":"TI","2":"VS","3":"AG","4":"VD","5":"ZH","6":"BE","7":"BL","8":"GE","9":"BS","10":"GL","11":"SO","12":"LU","13":"NW","14":"GR","15":"NE","16":"ZG","17":"FR"},"main_mean":{"0":-0.0024290016,"1":-0.0759443845,"2":-0.1361078103,"3":-0.0939082835,"4":-0.0261423444,"5":-0.0148524264,"6":-0.0556117896,"7":0.0,"8":-0.0184126929,"9":-0.030943751,"10":0.082141752,"11":0.0199998,"12":0.0890125333,"13":0.1899954501,"14":-0.042272571,"15":-0.1209580192,"16":0.082141752,"17":-0.0134377182},"sentiment_mean":{"0":0.2105263158,"1":0.1388888889,"2":-0.1666666667,"3":-0.0833333333,"4":0.1805555556,"5":0.2811918063,"6":0.0613207547,"7":0.0,"8":0.1324137931,"9":0.2093023256,"10":0.5454545455,"11":0.0,"12":0.243902439,"13":0.6,"14":0.0,"15":0.1666666667,"16":0.5454545455,"17":0.1481481481},"main_std":{"0":0.1146019309,"1":0.2067183142,"2":0.1826962599,"3":0.2615606697,"4":0.2798755279,"5":0.181464094,"6":0.1819115251,"7":null,"8":0.2196458468,"9":0.2234423902,"10":0.0938954468,"11":0.0447209123,"12":0.2589799699,"13":0.3247995231,"14":0.1370345734,"15":0.1180762747,"16":0.0938954468,"17":0.0775617245},"sentiment_std":{"0":0.6306035353,"1":0.4421344434,"2":0.7527726527,"3":0.5149286505,"4":0.6781580041,"5":0.6955323241,"6":0.6959695416,"7":null,"8":0.6805184446,"9":0.6333741317,"10":0.687551651,"11":0.0,"12":0.58225801,"13":0.5477225575,"14":0.8164965809,"15":0.9831920803,"16":0.687551651,"17":0.3620139929},"sentiment_pv":{"0":0.9500251903,"1":0.1647825977,"2":0.2850631006,"3":0.0825473386,"4":0.7988086707,"5":0.0015538283,"6":0.0052504016,"7":null,"8":0.0165755486,"9":0.8892344195,"10":0.1283344983,"11":1.781034702e-47,"12":0.6454740465,"13":0.1790074617,"14":0.4561315404,"15":0.9346316016,"16":0.1283344983,"17":0.4602993081},"main_pv":{"0":0.4917063441,"1":0.0079145935,"2":0.1838686384,"3":0.3560748,"4":0.8794262958,"5":0.3638775785,"6":0.0090819042,"7":null,"8":0.7693924947,"9":0.6242699657,"10":0.0044729841,"11":0.1089188484,"12":0.0098308865,"13":0.2198792073,"14":0.6378084457,"15":0.0930952486,"16":0.0044729841,"17":0.6246705801},"count":{"0":19,"1":108,"2":6,"3":12,"4":72,"5":1074,"6":212,"7":1,"8":725,"9":129,"10":11,"11":5,"12":41,"13":5,"14":10,"15":6,"16":11,"17":27},"nb_en":{"0":19,"1":108,"2":6,"3":12,"4":72,"5":1074,"6":212,"7":1,"8":725,"9":129,"10":11,"11":5,"12":41,"13":5,"14":10,"15":6,"16":11,"17":27},"nb_de":{"0":0,"1":0,"2":0,"3":0,"4":0,"5":0,"6":0,"7":0,"8":0,"9":0,"10":0,"11":0,"12":0,"13":0,"14":0,"15":0,"16":0,"17":0}}