{"canton":{"0":"NE","1":"GE","2":"GL","3":"BE","4":"SZ","5":"TG","6":"UR","7":"FR","8":"BS","9":"BL","10":"ZH","11":"VD","12":"SG","13":"GR","14":"ZG","15":"LU","16":"TI","17":"JU","18":"AG","19":"SH","20":"VS","21":"AI","22":"SO","23":"NW"},"main_mean":{"0":-0.0803545075,"1":-0.0254357283,"2":0.049308628,"3":-0.0461593246,"4":-0.0833312501,"5":-0.2737996319,"6":-0.0370366255,"7":-0.0241537106,"8":-0.0257320101,"9":-0.052082798,"10":-0.0187710795,"11":-0.0216124025,"12":0.0427938347,"13":-0.010414974,"14":0.049308628,"15":-0.00933966,"16":-0.0258735425,"17":0.0,"18":-0.0370489593,"19":0.0773800811,"20":0.011082929,"21":0.0,"22":0.0833312501,"23":-0.1666638889},"sentiment_mean":{"0":0.0714285714,"1":0.1137440758,"2":0.2307692308,"3":0.1179039301,"4":0.0,"5":0.1666666667,"6":-0.3333333333,"7":-0.1363636364,"8":0.1584699454,"9":0.0,"10":0.1859917599,"11":0.0869565217,"12":0.3157894737,"13":0.5,"14":0.2307692308,"15":0.1,"16":0.0769230769,"17":0.0,"18":0.0909090909,"19":0.5,"20":0.1111111111,"21":0.0,"22":0.6666666667,"23":0.5},"main_std":{"0":0.1971319398,"1":0.1927720312,"2":0.139445348,"3":0.1853475186,"4":0.1443339589,"5":0.4050972179,"6":0.0641493171,"7":0.2149902385,"8":0.1990930182,"9":0.1965390377,"10":0.1895146243,"11":0.2093833876,"12":0.1675115491,"13":0.2266210336,"14":0.139445348,"15":0.2043251413,"16":0.1500505701,"17":null,"18":0.2144882222,"19":0.0602800619,"20":0.120991227,"21":null,"22":0.1443339589,"23":0.2356983321},"sentiment_std":{"0":0.6157279262,"1":0.7026317503,"2":0.5991446895,"3":0.6414641759,"4":0.0,"5":0.7527726527,"6":0.5773502692,"7":0.5602256812,"8":0.6728828074,"9":0.0,"10":0.6937490559,"11":0.6990949401,"12":0.4775669329,"13":1.0,"14":0.5991446895,"15":0.5453768398,"16":0.4995724668,"17":null,"18":0.6101593008,"19":0.5773502692,"20":0.5829830881,"21":null,"22":0.5773502692,"23":0.7071067812},"sentiment_pv":{"0":0.6440822651,"1":0.1446617187,"2":0.6340250615,"3":0.4732906656,"4":2.261769999e-38,"5":0.9574642439,"6":0.2844582405,"7":0.0265745364,"8":0.8595475935,"9":2.261769999e-38,"10":0.0721728908,"11":0.3042279392,"12":0.1479637167,"13":0.5337571829,"14":0.6340250615,"15":0.5730049621,"16":0.1792053747,"17":null,"18":0.658577606,"19":0.3115312236,"20":0.7843963881,"21":null,"22":0.2608197646,"23":0.6106907611},"main_pv":{"0":0.2954961964,"1":0.6998926288,"2":0.0873566493,"3":0.0665200132,"4":0.5434101439,"5":0.1896235339,"6":0.7387895229,"7":0.9774298582,"8":0.8478159515,"9":0.7855019445,"10":0.4672996182,"11":0.9461100011,"12":0.105729622,"13":0.9196386895,"14":0.0873566493,"15":0.6797833342,"16":0.8503973476,"17":null,"18":0.7595845926,"19":0.044052166,"20":0.2530404144,"21":null,"22":0.3306178611,"23":0.5467156416},"count":{"0":14,"1":1055,"2":13,"3":229,"4":3,"5":6,"6":3,"7":22,"8":183,"9":4,"10":1699,"11":138,"12":19,"13":4,"14":13,"15":40,"16":91,"17":1,"18":22,"19":4,"20":18,"21":1,"22":3,"23":2},"nb_en":{"0":14,"1":1055,"2":13,"3":229,"4":3,"5":6,"6":3,"7":22,"8":183,"9":4,"10":1699,"11":138,"12":19,"13":4,"14":13,"15":40,"16":91,"17":1,"18":22,"19":4,"20":18,"21":1,"22":3,"23":2},"nb_de":{"0":0,"1":0,"2":0,"3":0,"4":0,"5":0,"6":0,"7":0,"8":0,"9":0,"10":0,"11":0,"12":0,"13":0,"14":0,"15":0,"16":0,"17":0,"18":0,"19":0,"20":0,"21":0,"22":0,"23":0}}