{"canton":{"0":"SG","1":"GL","2":"JU","3":"VS","4":"AG","5":"VD","6":"ZH","7":"SH","8":"LU","9":"BE","10":"BL","11":"GE","12":"BS","13":"AR","14":"SO","15":"AI","16":"TI","17":"GR","18":"NE","19":"ZG","20":"FR"},"main_mean":{"0":-0.0042592457,"1":-0.029260667,"2":0.0,"3":0.0399982766,"4":0.0204489151,"5":0.0126986971,"6":-0.0193856396,"7":-0.0833326389,"8":0.016223865,"9":-0.0373191143,"10":-0.0833326389,"11":-0.0124111006,"12":0.0102010338,"13":0.0,"14":-0.0555549383,"15":0.0,"16":-0.0364457963,"17":-0.1013880197,"18":-0.0176427108,"19":-0.029260667,"20":0.0558361312},"sentiment_mean":{"0":0.3333333333,"1":0.1481481481,"2":0.0,"3":0.0666666667,"4":0.1333333333,"5":0.2366412214,"6":0.2447881641,"7":0.5,"8":0.3023255814,"9":0.0916666667,"10":-1.0,"11":0.1544256121,"12":0.1746987952,"13":0.0,"14":-0.5,"15":0.0,"16":0.2025316456,"17":0.0,"18":0.6363636364,"19":0.1481481481,"20":0.1111111111},"main_std":{"0":0.0916889526,"1":0.1413530476,"2":0.0,"3":0.1661735556,"4":0.1045935599,"5":0.2060280334,"6":0.2029315213,"7":0.1178501481,"8":0.2357359294,"9":0.1880477283,"10":null,"11":0.1831038341,"12":0.1988579592,"13":null,"14":0.0785665472,"15":null,"16":0.2041201272,"17":0.191513714,"18":0.1170332746,"19":0.1413530476,"20":0.272968814},"sentiment_std":{"0":0.4879500365,"1":0.6623793768,"2":0.0,"3":0.7037315505,"4":0.7302967433,"5":0.5795497068,"6":0.6818632478,"7":0.7071067812,"8":0.6738264479,"9":0.6783666494,"10":null,"11":0.705888922,"12":0.6602742081,"13":null,"14":0.7071067812,"15":null,"16":0.6279749063,"17":0.632455532,"18":0.5045249791,"19":0.6623793768,"20":0.5829830881},"sentiment_pv":{"0":0.3011279378,"1":0.7025788069,"2":9.062854087e-61,"3":0.4839414685,"4":0.6348696241,"5":0.4534598337,"6":0.0262874214,"7":0.6536703141,"8":0.3167694857,"9":0.0202393158,"10":null,"11":0.080326093,"12":0.6641862728,"13":null,"14":0.3958114787,"15":null,"16":0.9448739643,"17":0.4790119837,"18":0.0163111517,"19":0.7025788069,"20":0.5389588094},"main_pv":{"0":0.660869788,"1":0.6062901947,"2":0.0000080965,"3":0.2220709505,"4":0.0774448608,"5":0.1330634388,"6":0.4787123338,"7":0.5625004634,"8":0.3924773207,"9":0.0769698051,"10":null,"11":0.6960731838,"12":0.1127838893,"13":null,"14":0.59814686,"15":null,"16":0.3574401566,"17":0.319564659,"18":0.9412784108,"19":0.6062901947,"20":0.2870210856},"count":{"0":15,"1":27,"2":2,"3":15,"4":30,"5":131,"6":1487,"7":2,"8":43,"9":240,"10":1,"11":1062,"12":166,"13":1,"14":2,"15":1,"16":79,"17":6,"18":11,"19":27,"20":18},"nb_en":{"0":15,"1":27,"2":2,"3":15,"4":30,"5":131,"6":1487,"7":2,"8":43,"9":240,"10":1,"11":1062,"12":166,"13":1,"14":2,"15":1,"16":79,"17":6,"18":11,"19":27,"20":18},"nb_de":{"0":0,"1":0,"2":0,"3":0,"4":0,"5":0,"6":0,"7":0,"8":0,"9":0,"10":0,"11":0,"12":0,"13":0,"14":0,"15":0,"16":0,"17":0,"18":0,"19":0,"20":0}}