{"canton":{"0":"NE","1":"GE","2":"GL","3":"BE","4":"SZ","5":"TG","6":"UR","7":"FR","8":"BS","9":"BL","10":"ZH","11":"OW","12":"VD","13":"SG","14":"GR","15":"ZG","16":"AR","17":"LU","18":"TI","19":"JU","20":"AG","21":"SH","22":"VS","23":"AI","24":"SO","25":"NW"},"main_mean":{"0":-0.024707661,"1":-0.013805613,"2":0.0141425406,"3":0.003163805,"4":-0.0165994893,"5":0.0057404453,"6":0.0022481915,"7":0.0081538726,"8":-0.0024301228,"9":-0.0135160715,"10":-0.0044270555,"11":0.0074580734,"12":0.006515043,"13":0.0253719921,"14":0.0067549885,"15":0.0165350258,"16":0.0061230894,"17":0.0015605048,"18":-0.0737755679,"19":-0.0516781735,"20":0.0167821434,"21":-0.0096053654,"22":0.0080683048,"23":0.0,"24":0.0415083154,"25":-0.0506729253},"sentiment_mean":{"0":0.0779220779,"1":0.0612998523,"2":0.28125,"3":0.0711382114,"4":0.0,"5":-0.1111111111,"6":0.0,"7":0.0571428571,"8":0.0548387097,"9":0.0,"10":0.1250325606,"11":0.0,"12":0.045112782,"13":0.0862068966,"14":0.0714285714,"15":0.2903225806,"16":0.0,"17":0.1134020619,"18":0.1176470588,"19":0.0,"20":0.0729927007,"21":0.0243902439,"22":0.0454545455,"23":0.0,"24":0.1142857143,"25":0.0},"main_std":{"0":0.1754903828,"1":0.1684000617,"2":0.2432641843,"3":0.1321687213,"4":0.028506985,"5":0.0428220685,"6":0.006937048,"7":0.0921969375,"8":0.1154726525,"9":0.148616584,"10":0.1535919993,"11":0.0125348361,"12":0.1969148736,"13":0.1322880931,"14":0.091743936,"15":0.2469023539,"16":0.0424616576,"17":0.0916226273,"18":0.2336515115,"19":0.0897895782,"20":0.1381927084,"21":0.0730178748,"22":0.0966246072,"23":null,"24":0.1334763666,"25":0.1528807735},"sentiment_std":{"0":0.3541570335,"1":0.4539463801,"2":0.6342063875,"3":0.3971161623,"4":0.0,"5":0.3233808334,"6":0.0,"7":0.3047247001,"8":0.3773375906,"9":0.3333333333,"10":0.4842448366,"11":0.0,"12":0.3215935289,"13":0.3379983411,"14":0.2598700974,"15":0.6425754631,"16":0.0,"17":0.363525873,"18":0.5451309531,"19":0.0,"20":0.2610791095,"21":0.3526900111,"22":0.4088188684,"23":null,"24":0.4037638048,"25":0.0},"sentiment_pv":{"0":0.7838884984,"1":0.0046269407,"2":0.0967516185,"3":0.1814447498,"4":5.734647308e-86,"5":0.017772757,"6":5.734647308e-86,"7":0.2903586703,"8":0.0305125156,"9":0.2598734316,"10":0.0000676626,"11":5.734647308e-86,"12":0.0027779698,"13":0.927494101,"14":0.6157831492,"15":0.0916791649,"16":5.734647308e-86,"17":0.3598388716,"18":0.5442215172,"19":5.734647308e-86,"20":0.4801705116,"21":0.2484809861,"22":0.3907989887,"23":null,"24":0.7149384067,"25":5.734647308e-86},"main_pv":{"0":0.3385114027,"1":0.0193803023,"2":0.6531034269,"3":0.0575457581,"4":0.5665034817,"5":0.2905372109,"6":0.0101995617,"7":0.1410840275,"8":0.5462321655,"9":0.814424532,"10":0.7438506332,"11":0.2138063119,"12":0.1709325061,"13":0.0143891073,"14":0.3301154726,"15":0.6248692269,"16":0.4160725763,"17":0.3055314996,"18":0.0008750837,"19":0.2625277581,"20":0.0648026947,"21":0.7158877368,"22":0.2660647284,"23":null,"24":0.0456969838,"25":0.4299418169},"count":{"0":77,"1":2708,"2":32,"3":984,"4":3,"5":18,"6":10,"7":105,"8":620,"9":19,"10":3839,"11":3,"12":532,"13":116,"14":56,"15":31,"16":10,"17":194,"18":136,"19":6,"20":137,"21":41,"22":66,"23":1,"24":35,"25":8},"nb_en":{"0":15,"1":1055,"2":22,"3":279,"4":0,"5":2,"6":0,"7":11,"8":182,"9":1,"10":1565,"11":0,"12":106,"13":16,"14":8,"15":22,"16":0,"17":42,"18":122,"19":0,"20":13,"21":6,"22":18,"23":0,"24":3,"25":3},"nb_de":{"0":21,"1":12,"2":5,"3":662,"4":3,"5":16,"6":10,"7":7,"8":423,"9":18,"10":2165,"11":3,"12":21,"13":99,"14":48,"15":4,"16":10,"17":149,"18":4,"19":0,"20":123,"21":35,"22":26,"23":1,"24":30,"25":5}}