{"canton":{"0":"UR","1":"NW","2":"BE","3":"ZG","4":"BL","5":"TI","6":"GR","7":"VD","8":"SG","9":"JU","10":"SH","11":"AG","12":"GE","13":"BS","14":"FR","15":"AR","16":"GL","17":"ZH","18":"SO","19":"NE","20":"LU","21":"AI","22":"VS","23":"SZ","24":"TG"},"main_mean":{"0":-0.0071717044,"1":0.0001818165,"2":0.0002130312,"3":-0.0082651001,"4":-0.0015410373,"5":-0.0210229471,"6":-0.0020557233,"7":0.009528507,"8":0.0041735046,"9":-0.0583035039,"10":0.0141968114,"11":0.0299088292,"12":-0.0145851509,"13":0.0094033014,"14":0.0158307196,"15":0.0570337446,"16":-0.0066099232,"17":0.0012237307,"18":0.0362972232,"19":0.0225240014,"20":0.0093271059,"21":0.0,"22":0.0008371332,"23":-0.000020836,"24":0.0071027791},"sentiment_mean":{"0":0.0,"1":0.0,"2":0.0447761194,"3":0.1315789474,"4":-0.0714285714,"5":0.170212766,"6":0.0377358491,"7":0.0708401977,"8":0.0512820513,"9":0.0,"10":0.0714285714,"11":0.0797101449,"12":0.070778964,"13":0.0643712575,"14":0.0430107527,"15":0.1666666667,"16":0.1282051282,"17":0.1291399944,"18":0.0975609756,"19":0.2424242424,"20":0.0714285714,"21":0.0,"22":0.0105263158,"23":0.0,"24":0.0},"main_std":{"0":0.0303506604,"1":0.0002571274,"2":0.1295206925,"3":0.1352604766,"4":0.0345692181,"5":0.2100487037,"6":0.0802170892,"7":0.1535609467,"8":0.0618704734,"9":0.185740119,"10":0.1008227173,"11":0.1225879436,"12":0.1769217955,"13":0.1197279091,"14":0.141940069,"15":0.1575284834,"16":0.1338685307,"17":0.1509789579,"18":0.1273398532,"19":0.1192859149,"20":0.1224471395,"21":null,"22":0.1221244504,"23":0.0314881342,"24":0.0257382361},"sentiment_std":{"0":0.0,"1":0.0,"2":0.385444558,"3":0.5775555493,"4":0.2672612419,"5":0.5799202369,"6":0.2747211279,"7":0.3248606492,"8":0.2215211458,"9":0.0,"10":0.2622652642,"11":0.4018496324,"12":0.4707969297,"13":0.3678048582,"14":0.2916958845,"15":0.4082482905,"16":0.5702948074,"17":0.4789787771,"18":0.3744915252,"19":0.4351941399,"20":0.3470383526,"21":null,"22":0.3092453698,"23":0.0,"24":0.0},"sentiment_pv":{"0":7.998263247e-86,"1":7.998263247e-86,"2":0.0008938864,"3":0.6668870599,"4":0.0408922485,"5":0.1892239938,"6":0.1678620805,"7":0.1515184235,"8":0.061441632,"9":7.998263247e-86,"10":0.6989701679,"11":0.7466889997,"12":0.0538536125,"13":0.0765774891,"14":0.1209253757,"15":0.6684591803,"16":0.6853948046,"17":0.0000331371,"18":0.9098909181,"19":0.0543560586,"20":0.4113429607,"21":null,"22":0.0138364983,"23":7.998263247e-86,"24":7.998263247e-86},"main_pv":{"0":0.506077815,"1":0.3472030259,"2":0.7436016996,"3":0.7537436313,"4":0.9809358343,"5":0.3665374758,"6":0.9470443865,"7":0.0922291783,"8":0.3568417407,"9":0.3573886307,"10":0.4242371638,"11":0.0036205903,"12":0.0005848404,"13":0.0288349889,"14":0.2497444902,"15":0.4059528935,"16":0.8066565455,"17":0.3935633944,"18":0.0665841217,"19":0.2607546048,"20":0.2028550762,"21":null,"22":0.8651663336,"23":0.9116166231,"24":0.2212656612},"count":{"0":13,"1":2,"2":871,"3":38,"4":14,"5":94,"6":53,"7":607,"8":117,"9":10,"10":28,"11":138,"12":2529,"13":668,"14":93,"15":6,"16":39,"17":3593,"18":41,"19":33,"20":224,"21":1,"22":95,"23":8,"24":16},"nb_en":{"0":0,"1":0,"2":240,"3":27,"4":1,"5":79,"6":6,"7":131,"8":15,"9":2,"10":2,"11":30,"12":1062,"13":166,"14":18,"15":1,"16":27,"17":1487,"18":2,"19":11,"20":43,"21":1,"22":15,"23":0,"24":0},"nb_de":{"0":13,"1":2,"2":583,"3":3,"4":13,"5":6,"6":47,"7":26,"8":102,"9":0,"10":26,"11":107,"12":14,"13":484,"14":21,"15":5,"16":4,"17":1999,"18":39,"19":1,"20":179,"21":0,"22":57,"23":8,"24":16},"nb_fr":{"0":0,"1":0,"2":48,"3":8,"4":0,"5":9,"6":0,"7":450,"8":0,"9":8,"10":0,"11":1,"12":1453,"13":18,"14":54,"15":0,"16":8,"17":107,"18":0,"19":21,"20":2,"21":0,"22":23,"23":0,"24":0}}