{"canton":{"0":"UR","1":"NW","2":"BE","3":"ZG","4":"BL","5":"TG","6":"TI","7":"VD","8":"GR","9":"SG","10":"JU","11":"SH","12":"OW","13":"AG","14":"GE","15":"BS","16":"FR","17":"AR","18":"GL","19":"ZH","20":"SO","21":"NE","22":"LU","23":"VS","24":"SZ"},"main_mean":{"0":-0.0661225185,"1":-0.0111282491,"2":-0.0087459658,"3":0.0566238072,"4":-0.005131607,"5":0.0023355468,"6":-0.0365735941,"7":0.0122846483,"8":0.0027458092,"9":0.0393116824,"10":0.0024070785,"11":0.0011926179,"12":-0.0393467295,"13":0.0005988354,"14":-0.0146121885,"15":-0.007802097,"16":0.0160904628,"17":0.0656097996,"18":0.0546080218,"19":-0.004713634,"20":0.0355534081,"21":0.0328626109,"22":0.004505167,"23":-0.0052310389,"24":0.1217930676},"sentiment_mean":{"0":-0.1428571429,"1":0.0,"2":0.0480549199,"3":0.4259259259,"4":-0.0357142857,"5":0.0,"6":0.0666666667,"7":0.0922401171,"8":0.0289855072,"9":0.1487603306,"10":-0.1428571429,"11":0.0540540541,"12":0.0,"13":0.0492957746,"14":0.0877929346,"15":0.0440967283,"16":0.0285714286,"17":0.2,"18":0.4107142857,"19":0.1080948887,"20":0.0816326531,"21":0.0923076923,"22":0.03125,"23":0.0789473684,"24":0.1666666667},"main_std":{"0":0.1984186619,"1":0.0657111703,"2":0.1246541457,"3":0.1457367038,"4":0.064893119,"5":0.0216771583,"6":0.1814553664,"7":0.189642419,"8":0.1031687376,"9":0.1770157636,"10":0.0978706455,"11":0.0228171649,"12":0.0960691182,"13":0.1056049534,"14":0.1763251226,"15":0.140613247,"16":0.1473567295,"17":0.1757695028,"18":0.1434522927,"19":0.1562049008,"20":0.1584626619,"21":0.0941620418,"22":0.105288308,"23":0.1236316449,"24":0.308650602},"sentiment_std":{"0":0.377964473,"1":0.0,"2":0.3738007833,"3":0.5697351868,"4":0.3313432658,"5":0.0,"6":0.5353196841,"7":0.3696492604,"8":0.2956057834,"9":0.4012720819,"10":0.377964473,"11":0.2292434351,"12":0.0,"13":0.2995851692,"14":0.4895564227,"15":0.4023311725,"16":0.3292026492,"17":0.4472135955,"18":0.5649387968,"19":0.4851568984,"20":0.2766416676,"21":0.4229020618,"22":0.3053836314,"23":0.3563952074,"24":0.4082482905},"sentiment_pv":{"0":0.1546373226,"1":2.060271204e-88,"2":0.0019104577,"3":0.0000663515,"4":0.0556735728,"5":2.060271204e-88,"6":0.6184917989,"7":0.8677928933,"8":0.0945446981,"9":0.1110189022,"10":0.1546373226,"11":0.3527372907,"12":2.060271204e-88,"13":0.1150316022,"14":0.8460452727,"15":0.0039807526,"16":0.0164568678,"17":0.6109277985,"18":0.0000843981,"19":0.0373745941,"20":0.8387141151,"21":0.9617092743,"22":0.0099230857,"23":0.7931132624,"24":0.6639884564},"main_pv":{"0":0.4460468666,"1":0.8633613207,"2":0.4008886157,"3":0.0031142602,"4":0.9896025155,"5":0.1461829676,"6":0.0460008334,"7":0.0203471846,"8":0.5396623855,"9":0.007086875,"10":0.8486448397,"11":0.1355663576,"12":0.7017472621,"13":0.5369806163,"14":0.0082087269,"15":0.6083728755,"16":0.0627637442,"17":0.4200576476,"18":0.0030527898,"19":0.929726941,"20":0.080383292,"21":0.0020423333,"22":0.2232827429,"23":0.9853967583,"24":0.3606093775},"count":{"0":7,"1":4,"2":874,"3":54,"4":28,"5":22,"6":135,"7":683,"8":69,"9":121,"10":7,"11":37,"12":2,"13":142,"14":2859,"15":703,"16":175,"17":5,"18":56,"19":4089,"20":49,"21":65,"22":192,"23":76,"24":6},"nb_en":{"0":1,"1":0,"2":222,"3":43,"4":6,"5":9,"6":110,"7":157,"8":19,"9":20,"10":1,"11":2,"12":0,"13":29,"14":1304,"15":217,"16":34,"17":0,"18":43,"19":1776,"20":6,"21":20,"22":28,"23":22,"24":1},"nb_de":{"0":6,"1":4,"2":609,"3":10,"4":22,"5":13,"6":6,"7":9,"8":50,"9":100,"10":0,"11":35,"12":2,"13":112,"14":15,"15":476,"16":42,"17":5,"18":12,"19":2224,"20":43,"21":3,"22":162,"23":33,"24":5},"nb_fr":{"0":0,"1":0,"2":43,"3":1,"4":0,"5":0,"6":19,"7":517,"8":0,"9":1,"10":6,"11":0,"12":0,"13":1,"14":1540,"15":10,"16":99,"17":0,"18":1,"19":89,"20":0,"21":42,"22":2,"23":21,"24":0}}