{"canton":{"0":"NE","1":"GE","2":"GL","3":"BE","4":"SZ","5":"TG","6":"UR","7":"FR","8":"BS","9":"BL","10":"ZH","11":"OW","12":"VD","13":"SG","14":"GR","15":"ZG","16":"AR","17":"LU","18":"TI","19":"JU","20":"AG","21":"SH","22":"VS","23":"AI","24":"SO","25":"NW"},"main_mean":{"0":0.0311509859,"1":-0.0151660589,"2":0.0121647128,"3":0.0068544575,"4":-0.008939668,"5":0.0083098199,"6":-0.0222979453,"7":-0.0027699196,"8":-0.0039486697,"9":0.0115386805,"10":-0.0030583122,"11":-0.0454541322,"12":-0.0050184137,"13":0.0289036713,"14":0.0380716449,"15":0.0123099422,"16":0.0098890731,"17":0.0099591168,"18":-0.0577841282,"19":0.0696970906,"20":0.0222779655,"21":0.0085569239,"22":0.0132739804,"23":0.0179837945,"24":0.029985901,"25":-0.0077396009},"sentiment_mean":{"0":0.1538461538,"1":0.0457121269,"2":0.1875,"3":0.0631578947,"4":0.0,"5":0.0,"6":0.0,"7":0.0267857143,"8":0.0498533724,"9":0.15,"10":0.1046391753,"11":-0.5,"12":0.0819672131,"13":0.0915492958,"14":0.1724137931,"15":0.2,"16":0.0,"17":0.0358974359,"18":0.0081300813,"19":0.0,"20":0.0696202532,"21":0.0810810811,"22":0.0114942529,"23":0.0,"24":0.1071428571,"25":0.0},"main_std":{"0":0.1169263246,"1":0.1853445119,"2":0.2488052096,"3":0.1582332627,"4":0.0238289862,"5":0.0148372953,"6":0.0491453619,"7":0.1199162303,"8":0.1055038193,"9":0.0493642727,"10":0.1541871396,"11":0.0642818503,"12":0.154989048,"13":0.1484212393,"14":0.1201832703,"15":0.2572276213,"16":0.0525234175,"17":0.059710372,"18":0.2392869811,"19":0.3828536114,"20":0.1027681155,"21":0.0222976472,"22":0.1687757108,"23":0.0121040743,"24":0.1013720005,"25":0.0205240782},"sentiment_std":{"0":0.4146633591,"1":0.4430827351,"2":0.3965577695,"3":0.3969872987,"4":0.0,"5":0.0,"6":0.0,"7":0.2100532253,"8":0.3518463683,"9":0.3663475485,"10":0.4712722943,"11":0.7071067812,"12":0.3667225797,"13":0.3348531927,"14":0.3844258722,"15":0.4068381022,"16":0.0,"17":0.2938257948,"18":0.5653366175,"19":0.5,"20":0.3407950354,"21":0.3634998379,"22":0.1864136981,"23":0.0,"24":0.3657406646,"25":0.0},"sentiment_pv":{"0":0.1756972001,"1":0.0026684873,"2":0.1182434296,"3":0.4192102707,"4":6.647399992e-66,"5":6.647399992e-66,"6":6.647399992e-66,"7":0.0012550435,"8":0.0797909798,"9":0.3699211517,"10":0.0005871881,"11":0.4558260834,"12":0.6372596411,"13":0.5536698639,"14":0.1825168738,"15":0.1027612305,"16":6.647399992e-66,"17":0.0724880165,"18":0.1957695669,"19":0.6661032176,"20":0.8542350564,"21":0.9154017157,"22":0.0026335043,"23":6.647399992e-66,"24":0.5108248225,"25":6.647399992e-66},"main_pv":{"0":0.0341328527,"1":0.0059049834,"2":0.7108350112,"3":0.0483597969,"4":0.6292485575,"5":0.015177575,"6":0.4595393705,"7":0.8513987036,"8":0.9351738779,"9":0.1711024717,"10":0.6732670573,"11":0.531494497,"12":0.9120058034,"13":0.0090864194,"14":0.0685189946,"15":0.7262467907,"16":0.4167242342,"17":0.002001906,"18":0.0148008943,"19":0.5779998512,"20":0.0016943636,"21":0.0022724744,"22":0.3359373809,"23":0.2235051708,"24":0.0148244039,"25":0.7615098723},"count":{"0":52,"1":2647,"2":32,"3":855,"4":7,"5":12,"6":5,"7":224,"8":682,"9":20,"10":3880,"11":2,"12":610,"13":142,"14":29,"15":30,"16":10,"17":195,"18":123,"19":9,"20":158,"21":37,"22":87,"23":2,"24":56,"25":4},"nb_en":{"0":17,"1":1009,"2":21,"3":237,"4":0,"5":2,"6":0,"7":26,"8":180,"9":3,"10":1502,"11":2,"12":149,"13":18,"14":2,"15":21,"16":1,"17":34,"18":96,"19":1,"20":20,"21":5,"22":19,"23":0,"24":5,"25":0},"nb_de":{"0":8,"1":15,"2":6,"3":556,"4":6,"5":10,"6":5,"7":96,"8":490,"9":17,"10":2274,"11":0,"12":13,"13":124,"14":27,"15":4,"16":9,"17":158,"18":8,"19":0,"20":127,"21":32,"22":50,"23":2,"24":51,"25":4}}