{"canton":{"0":"UR","1":"BE","2":"ZG","3":"BL","4":"JU","5":"TI","6":"NW","7":"VD","8":"SG","9":"GR","10":"SH","11":"OW","12":"AG","13":"GE","14":"BS","15":"FR","16":"AR","17":"GL","18":"ZH","19":"SO","20":"NE","21":"LU","22":"VS","23":"SZ","24":"TG"},"main_mean":{"0":-0.0053403277,"1":-0.0148394312,"2":0.061017316,"3":-0.0000240228,"4":0.0708704471,"5":-0.0822002757,"6":-0.0159688004,"7":0.0099167213,"8":0.0216134652,"9":-0.0111809735,"10":-0.0035502914,"11":-0.0035561205,"12":0.0026892507,"13":-0.0123064981,"14":-0.0000868023,"15":0.0185617448,"16":0.034174908,"17":0.0592770387,"18":-0.002265302,"19":0.0136689814,"20":0.0256203843,"21":0.0017216059,"22":0.0150589117,"23":0.0075722376,"24":0.0375475047},"sentiment_mean":{"0":0.0,"1":0.0690448792,"2":0.075,"3":0.0,"4":0.25,"5":0.0620689655,"6":0.1428571429,"7":0.056726094,"8":0.0782608696,"9":-0.012987013,"10":0.0512820513,"11":0.0,"12":0.0364963504,"13":0.0629032258,"14":0.0428994083,"15":-0.0049261084,"16":0.0,"17":0.0714285714,"18":0.1156445557,"19":0.0555555556,"20":0.1568627451,"21":0.095890411,"22":-0.0104166667,"23":0.0,"24":0.125},"main_std":{"0":0.0300879669,"1":0.1382955993,"2":0.1453537306,"3":0.0126028436,"4":0.0361117746,"5":0.2460456507,"6":0.0535108547,"7":0.1641460232,"8":0.1187601552,"9":0.0919270596,"10":0.0559388406,"11":0.0412656739,"12":0.116048129,"13":0.1799340197,"14":0.1214038501,"15":0.1790274868,"16":0.0249423951,"17":0.1420783747,"18":0.1462800063,"19":0.0542280518,"20":0.1154526027,"21":0.0654537848,"22":0.0830523951,"23":0.0189264913,"24":0.0954905533},"sentiment_std":{"0":0.0,"1":0.3985245068,"2":0.4167948521,"3":0.0,"4":0.5,"5":0.542892071,"6":0.377964473,"7":0.3347187875,"8":0.3284152829,"9":0.2561612616,"10":0.3202563076,"11":0.0,"12":0.3912415969,"13":0.4511409905,"14":0.3920618189,"15":0.290058665,"16":0.0,"17":0.4068233357,"18":0.4711433092,"19":0.2852668081,"20":0.4182128176,"21":0.2951154444,"22":0.3076153328,"23":0.0,"24":0.3535533906},"sentiment_pv":{"0":2.364080001e-78,"1":0.4402904598,"2":0.9402561081,"3":2.364080001e-78,"4":0.5452638723,"5":0.6930053475,"6":0.6753594346,"7":0.1000949934,"8":0.9557214909,"9":0.0022915705,"10":0.5802529207,"11":2.364080001e-78,"12":0.1989573914,"13":0.0618010807,"14":0.0181447441,"15":0.0000621671,"16":2.364080001e-78,"17":0.8925330233,"18":0.0000321515,"19":0.4732966279,"20":0.1963155139,"21":0.4359336892,"22":0.0052715312,"23":2.364080001e-78,"24":0.7294793129},"main_pv":{"0":0.9408040716,"1":0.0420781283,"2":0.006782311,"3":0.1625617187,"4":0.024321199,"5":0.0002304624,"6":0.6018030863,"7":0.0301731702,"8":0.0197081582,"9":0.5488762838,"10":0.8904936388,"11":0.9342765887,"12":0.455907735,"13":0.0356251644,"14":0.3362274183,"15":0.066219607,"16":0.1120842253,"17":0.0056979721,"18":0.3573882297,"19":0.0061736214,"20":0.0666685341,"21":0.1634681281,"22":0.023063027,"23":0.219110036,"24":0.2501667108},"count":{"0":19,"1":869,"2":40,"3":18,"4":4,"5":145,"6":7,"7":617,"8":115,"9":77,"10":39,"11":8,"12":137,"13":3100,"14":676,"15":203,"16":3,"17":42,"18":3995,"19":72,"20":51,"21":219,"22":96,"23":5,"24":8},"nb_en":{"0":0,"1":244,"2":20,"3":0,"4":0,"5":124,"6":1,"7":124,"8":19,"9":4,"10":8,"11":0,"12":28,"13":1188,"14":187,"15":33,"16":0,"17":20,"18":1658,"19":5,"20":20,"21":38,"22":21,"23":0,"24":0},"nb_de":{"0":19,"1":576,"2":9,"3":18,"4":0,"5":13,"6":6,"7":15,"8":95,"9":73,"10":31,"11":8,"12":109,"13":18,"14":473,"15":52,"16":3,"17":11,"18":2243,"19":67,"20":0,"21":178,"22":37,"23":4,"24":8},"nb_fr":{"0":0,"1":49,"2":11,"3":0,"4":4,"5":8,"6":0,"7":478,"8":1,"9":0,"10":0,"11":0,"12":0,"13":1894,"14":16,"15":118,"16":0,"17":11,"18":94,"19":0,"20":31,"21":3,"22":38,"23":1,"24":0}}