{"canton":{"0":"NE","1":"GE","2":"GL","3":"UR","4":"SZ","5":"BE","6":"TG","7":"FR","8":"BS","9":"BL","10":"ZH","11":"OW","12":"VD","13":"SG","14":"GR","15":"ZG","16":"AR","17":"LU","18":"TI","19":"JU","20":"AG","21":"SH","22":"VS","23":"AI","24":"SO","25":"NW"},"main_mean":{"0":0.0125014263,"1":-0.013212568,"2":0.0243640692,"3":-0.0028544119,"4":-0.0514874107,"5":-0.0040355878,"6":0.0663277543,"7":-0.0021982376,"8":0.0000938419,"9":-0.0286784288,"10":-0.000131887,"11":-0.0214406504,"12":0.0116843685,"13":0.0406698541,"14":0.0060847168,"15":0.0254075664,"16":0.0139746872,"17":0.0029312494,"18":-0.0539716101,"19":-0.0032904836,"20":0.0225997224,"21":0.0008048933,"22":-0.0048477302,"23":0.0339940667,"24":0.0078066287,"25":-0.0214406504},"sentiment_mean":{"0":0.0888888889,"1":0.0730671198,"2":0.1666666667,"3":0.0476190476,"4":0.0,"5":0.1124586549,"6":0.0909090909,"7":0.043715847,"8":0.0585831063,"9":0.0,"10":0.1196038598,"11":0.0,"12":0.0542264753,"13":0.1238938053,"14":0.0277777778,"15":0.1739130435,"16":0.0,"17":0.0805687204,"18":0.1092436975,"19":0.2857142857,"20":0.0662650602,"21":0.15,"22":0.0,"23":0.0,"24":0.0289855072,"25":0.0},"main_std":{"0":0.1401296642,"1":0.1796107809,"2":0.0748575118,"3":0.0570985632,"4":0.1544773836,"5":0.1351947549,"6":0.1908092623,"7":0.1478816394,"8":0.1141827968,"9":0.0900791487,"10":0.1640513369,"11":0.0424830609,"12":0.1595464997,"13":0.178817692,"14":0.088032966,"15":0.076361228,"16":0.0194308446,"17":0.147851988,"18":0.201001552,"19":0.2755683455,"20":0.0931630957,"21":0.0204556676,"22":0.1480301668,"23":null,"24":0.0844185368,"25":0.0424830609},"sentiment_std":{"0":0.4168181543,"1":0.4770252663,"2":0.5646597026,"3":0.2182178902,"4":0.0,"5":0.4076113821,"6":0.3015113446,"7":0.3114153548,"8":0.4439696388,"9":0.0,"10":0.4888044493,"11":0.0,"12":0.3250861273,"13":0.445868802,"14":0.2357022604,"15":0.576208131,"16":0.0,"17":0.3354480426,"18":0.5173255207,"19":0.4879500365,"20":0.3140264835,"21":0.3663475485,"22":0.377964473,"23":null,"24":0.2407717062,"25":0.0},"sentiment_pv":{"0":0.9489626228,"1":0.0675863223,"2":0.5287983049,"3":0.3549771295,"4":1.495917388e-89,"5":0.1713323536,"6":0.9829820332,"7":0.0374143054,"8":0.0440362925,"9":1.495917388e-89,"10":0.003137847,"11":1.495917388e-89,"12":0.0050923215,"13":0.4640964079,"14":0.0234626328,"15":0.5074409205,"16":1.495917388e-89,"17":0.6009653806,"18":0.7321617706,"19":0.3361720136,"20":0.2843023773,"21":0.4948291671,"22":0.0268636648,"23":null,"24":0.0327094897,"25":1.495917388e-89},"main_pv":{"0":0.4795575936,"1":0.0076598399,"2":0.0941670012,"3":0.9738329473,"4":0.4719779917,"5":0.737637652,"6":0.2596922937,"7":0.9827637479,"8":0.5750108964,"9":0.3353199154,"10":0.4529967892,"11":0.1708619287,"12":0.0320107591,"13":0.0120696422,"14":0.419573363,"15":0.0955719847,"16":0.1893754071,"17":0.6029358304,"18":0.0062020647,"19":0.993730272,"20":0.0008887936,"21":0.5102113644,"22":0.881609172,"23":null,"24":0.3228439384,"25":0.1708619287},"count":{"0":45,"1":2354,"2":24,"3":21,"4":6,"5":907,"6":11,"7":183,"8":734,"9":12,"10":3938,"11":11,"12":627,"13":113,"14":72,"15":23,"16":4,"17":211,"18":119,"19":7,"20":166,"21":20,"22":85,"23":1,"24":69,"25":11},"nb_en":{"0":14,"1":1032,"2":9,"3":1,"4":1,"5":285,"6":0,"7":31,"8":236,"9":1,"10":1704,"11":2,"12":119,"13":20,"14":4,"15":9,"16":0,"17":38,"18":105,"19":1,"20":11,"21":5,"22":15,"23":0,"24":5,"25":0},"nb_de":{"0":1,"1":10,"2":9,"3":20,"4":5,"5":560,"6":11,"7":39,"8":482,"9":11,"10":2112,"11":9,"12":11,"13":93,"14":68,"15":8,"16":4,"17":173,"18":5,"19":1,"20":153,"21":14,"22":39,"23":1,"24":64,"25":11}}