{"canton":{"0":"UR","1":"BE","2":"ZG","3":"BL","4":"TI","5":"NW","6":"VD","7":"GR","8":"SG","9":"JU","10":"SH","11":"OW","12":"AG","13":"GE","14":"BS","15":"FR","16":"AR","17":"GL","18":"ZH","19":"SO","20":"NE","21":"LU","22":"VS","23":"SZ","24":"TG"},"main_mean":{"0":-0.0289500357,"1":-0.0164780287,"2":0.0403511324,"3":0.001505652,"4":-0.0572576375,"5":-0.0487838556,"6":-0.0010208806,"7":-0.0378467994,"8":0.029244487,"9":0.0,"10":-0.0215100854,"11":-0.001863466,"12":0.030904357,"13":-0.0200707977,"14":-0.005496551,"15":-0.0041028001,"16":-0.0952377268,"17":0.0389100205,"18":-0.0116921014,"19":0.0055114735,"20":-0.0185081289,"21":0.0063838661,"22":-0.0073690609,"23":0.1979135851,"24":0.0040888257},"sentiment_mean":{"0":0.0,"1":0.1088435374,"2":0.4444444444,"3":0.0,"4":0.2268041237,"5":0.6,"6":0.2448979592,"7":0.0,"8":0.1136363636,"9":1.0,"10":0.25,"11":0.0,"12":0.0833333333,"13":0.1270849881,"14":0.0957446809,"15":0.2068965517,"16":0.0,"17":0.4285714286,"18":0.1715828833,"19":0.0454545455,"20":0.0,"21":0.0695652174,"22":0.0975609756,"23":0.75,"24":0.0},"main_std":{"0":0.0542628317,"1":0.1581971167,"2":0.1409984949,"3":0.0139276328,"4":0.2027587591,"5":0.1321208263,"6":0.2052794415,"7":0.1840162054,"8":0.1163809987,"9":null,"10":0.163925336,"11":0.0038195308,"12":0.1278342773,"13":0.1761670277,"14":0.1526916767,"15":0.2237415124,"16":0.0673433025,"17":0.1385727551,"18":0.1656272061,"19":0.0219787349,"20":0.0603465067,"21":0.148345832,"22":0.1245116013,"23":0.2833598015,"24":0.0116459046},"sentiment_std":{"0":0.0,"1":0.45421138,"2":0.5773502692,"3":0.0,"4":0.4678219622,"5":0.5163977795,"6":0.5804088867,"7":0.2773500981,"8":0.4656430033,"9":null,"10":0.4442616583,"11":0.0,"12":0.3472281323,"13":0.635256168,"14":0.4576845828,"15":0.4122508204,"16":1.4142135624,"17":0.5727497953,"18":0.5752357821,"19":0.2132007164,"20":0.6900655593,"21":0.3434024576,"22":0.4361695799,"23":0.5,"24":0.0},"sentiment_pv":{"0":9.061610536e-81,"1":0.0728630463,"2":0.0136972577,"3":9.061610536e-81,"4":0.1142706106,"5":0.0223212502,"6":0.0525023962,"7":0.0096787468,"8":0.469411679,"9":null,"10":0.328665519,"11":9.061610536e-81,"12":0.1938659374,"13":0.2376035988,"14":0.0290805098,"15":0.466703415,"16":0.9051311401,"17":0.0160958411,"18":0.1270717387,"19":0.0332278913,"20":0.3197118511,"21":0.0158328862,"22":0.4475685772,"23":0.0958544082,"24":9.061610536e-81},"main_pv":{"0":0.5798685578,"1":0.581019927,"2":0.0648045189,"3":0.0111792566,"4":0.0317513384,"5":0.4036635531,"6":0.5166317517,"7":0.4750560927,"8":0.0014660738,"9":null,"10":0.8011029866,"11":0.010911583,"12":0.0249312042,"13":0.1467946566,"14":0.4192810606,"15":0.8484443915,"16":0.3306922111,"17":0.0625432034,"18":0.9149459237,"19":0.001910381,"20":0.6302112848,"21":0.1892997054,"22":0.8091679577,"23":0.2348257591,"24":0.0003440415},"count":{"0":4,"1":441,"2":27,"3":11,"4":97,"5":10,"6":147,"7":27,"8":88,"9":1,"10":20,"11":3,"12":48,"13":1259,"14":376,"15":29,"16":2,"17":28,"18":2407,"19":22,"20":22,"21":115,"22":41,"23":4,"24":13},"nb_en":{"0":0,"1":190,"2":24,"3":1,"4":93,"5":7,"6":113,"7":7,"8":16,"9":1,"10":6,"11":0,"12":10,"13":1101,"14":152,"15":15,"16":2,"17":24,"18":1560,"19":4,"20":18,"21":37,"22":14,"23":4,"24":1},"nb_de":{"0":4,"1":248,"2":3,"3":10,"4":3,"5":3,"6":3,"7":20,"8":72,"9":0,"10":14,"11":3,"12":38,"13":3,"14":218,"15":12,"16":0,"17":4,"18":845,"19":18,"20":4,"21":78,"22":27,"23":0,"24":12},"nb_fr":{"0":0,"1":3,"2":0,"3":0,"4":1,"5":0,"6":31,"7":0,"8":0,"9":0,"10":0,"11":0,"12":0,"13":155,"14":6,"15":2,"16":0,"17":0,"18":2,"19":0,"20":0,"21":0,"22":0,"23":0,"24":0}}