{"canton":{"0":"NE","1":"GE","2":"GL","3":"BE","4":"SZ","5":"TG","6":"UR","7":"FR","8":"BS","9":"BL","10":"ZH","11":"OW","12":"VD","13":"SG","14":"GR","15":"ZG","16":"AR","17":"LU","18":"TI","19":"JU","20":"AG","21":"SH","22":"VS","23":"SO","24":"NW"},"main_mean":{"0":-0.0026483314,"1":-0.0370851181,"2":0.041626041,"3":-0.0041767951,"4":0.0584118399,"5":0.0451102272,"6":-0.0115581494,"7":-0.0250209447,"8":0.0055339846,"9":0.0166059435,"10":-0.000995496,"11":0.0001904735,"12":0.002191556,"13":0.0382246639,"14":0.0066986571,"15":0.0440998353,"16":0.0146921947,"17":-0.0002828456,"18":-0.0509077383,"19":-0.2499979167,"20":0.0179904566,"21":0.0108126324,"22":-0.0031696922,"23":-0.0010150102,"24":0.0004571348},"sentiment_mean":{"0":0.2857142857,"1":0.06105919,"2":0.2105263158,"3":0.0855803048,"4":0.2857142857,"5":0.0833333333,"6":0.0,"7":0.0,"8":0.0506134969,"9":0.0526315789,"10":0.107584723,"11":0.0,"12":0.1666666667,"13":0.1162790698,"14":0.06,"15":0.2285714286,"16":0.0,"17":0.0549450549,"18":0.1818181818,"19":1.0,"20":0.0538461538,"21":0.0416666667,"22":0.06,"23":0.0384615385,"24":0.0},"main_std":{"0":0.0971405812,"1":0.1699521696,"2":0.263981904,"3":0.14149371,"4":0.1575979132,"5":0.0780384747,"6":0.0220085643,"7":0.1269589834,"8":0.121882568,"9":0.1488507551,"10":0.1493829665,"11":0.0003299097,"12":0.183718579,"13":0.1479495098,"14":0.1042302273,"15":0.275038904,"16":null,"17":0.1006720048,"18":0.201019525,"19":null,"20":0.116383412,"21":0.1100234039,"22":0.0429218739,"23":0.044883034,"24":0.0004120552},"sentiment_std":{"0":0.4583492485,"1":0.5748339234,"2":0.7035775274,"3":0.3857080523,"4":0.755928946,"5":0.2886751346,"6":0.0,"7":0.4343722428,"8":0.3704312151,"9":0.2294157339,"10":0.5020716059,"11":0.0,"12":0.4467334949,"13":0.3452333218,"14":0.3136356914,"15":0.7310634593,"16":null,"17":0.3105026174,"18":0.632455532,"19":null,"20":0.2585450784,"21":0.2019409365,"22":0.3730732816,"23":0.2773500981,"24":0.0},"sentiment_pv":{"0":0.017458263,"1":0.0455981921,"2":0.305275021,"3":0.6659836037,"4":0.5225718693,"5":0.9215612207,"6":5.286694539e-63,"7":0.128054427,"8":0.0080688466,"9":0.4690945119,"10":0.1083053326,"11":5.286694539e-63,"12":0.0122838865,"13":0.4282497008,"14":0.4807160912,"15":0.2763811483,"16":null,"17":0.1212259118,"18":0.1214279131,"19":null,"20":0.1062560346,"21":0.0973955547,"22":0.5521865909,"23":0.1759036764,"24":5.286694539e-63},"main_pv":{"0":0.7816767231,"1":0.0000000001,"2":0.2613248126,"3":0.5483521961,"4":0.3126155656,"5":0.0404698972,"6":0.5249418506,"7":0.3107832643,"8":0.0117415706,"9":0.4940633293,"10":0.035574885,"11":0.000012918,"12":0.4366630684,"13":0.0007213153,"14":0.3513683154,"15":0.2773312878,"16":null,"17":0.3630922871,"18":0.0189436456,"19":null,"20":0.0159663789,"21":0.2634482545,"22":0.5190834719,"23":0.337076312,"24":0.000006824},"count":{"0":35,"1":1605,"2":38,"3":853,"4":7,"5":12,"6":12,"7":54,"8":652,"9":19,"10":3718,"11":3,"12":234,"13":129,"14":50,"15":35,"16":1,"17":182,"18":121,"19":1,"20":130,"21":48,"22":50,"23":52,"24":3},"nb_en":{"0":23,"1":1090,"2":27,"3":229,"4":4,"5":3,"6":0,"7":27,"8":152,"9":1,"10":1683,"11":1,"12":106,"13":17,"14":4,"15":27,"16":0,"17":33,"18":113,"19":1,"20":9,"21":4,"22":15,"23":6,"24":0},"nb_de":{"0":8,"1":14,"2":11,"3":551,"4":3,"5":9,"6":12,"7":20,"8":495,"9":18,"10":2016,"11":2,"12":7,"13":112,"14":46,"15":8,"16":1,"17":148,"18":6,"19":0,"20":120,"21":44,"22":35,"23":46,"24":3}}