{"canton":{"0":"UR","1":"NW","2":"BE","3":"ZG","4":"BL","5":"TI","6":"TG","7":"VD","8":"GR","9":"SG","10":"JU","11":"SH","12":"OW","13":"AG","14":"GE","15":"BS","16":"FR","17":"AR","18":"GL","19":"ZH","20":"SO","21":"NE","22":"LU","23":"AI","24":"VS","25":"SZ"},"main_mean":{"0":0.030176062,"1":-0.0002666637,"2":-0.0043231037,"3":-0.0260706348,"4":-0.0653873351,"5":-0.0687215829,"6":0.0074130451,"7":0.008045694,"8":0.0345555665,"9":0.022256345,"10":-0.0633692983,"11":-0.0107524577,"12":-0.0002666637,"13":0.016405953,"14":-0.0209970619,"15":-0.0013873463,"16":0.0029574905,"17":0.0136427597,"18":-0.0252296465,"19":0.0016239075,"20":0.0120578024,"21":0.0032199302,"22":-0.0059665335,"23":0.1003379932,"24":0.0026395749,"25":0.0245560386},"sentiment_mean":{"0":0.0,"1":0.0,"2":0.0513670257,"3":0.0666666667,"4":-0.0526315789,"5":0.1153846154,"6":0.0,"7":0.0800821355,"8":0.1136363636,"9":0.0785714286,"10":0.0588235294,"11":0.0263157895,"12":0.0,"13":0.059602649,"14":0.0692640693,"15":0.0635179153,"16":-0.0071428571,"17":0.0,"18":0.064516129,"19":0.1208951593,"20":0.0394736842,"21":0.1538461538,"22":0.0804020101,"23":0.0,"24":0.0327868852,"25":0.1666666667},"main_std":{"0":0.0368896796,"1":0.0003771194,"2":0.1552512752,"3":0.1196649571,"4":0.174656785,"5":0.2146656614,"6":0.0169943437,"7":0.1674750144,"8":0.1312961474,"9":0.0949467689,"10":0.1553204992,"11":0.0376333548,"12":0.0003771194,"13":0.1041129428,"14":0.170850112,"15":0.119059068,"16":0.1374622888,"17":null,"18":0.1177467777,"19":0.1406295198,"20":0.0936872319,"21":0.1425280809,"22":0.14655884,"23":null,"24":0.0838200632,"25":0.027570494},"sentiment_std":{"0":0.0,"1":0.0,"2":0.4773608038,"3":0.2537081317,"4":0.4046513191,"5":0.5375023401,"6":0.0,"7":0.3568171966,"8":0.3210382206,"9":0.3612101392,"10":0.242535625,"11":0.3666386471,"12":0.0,"13":0.2641158352,"14":0.4748079057,"15":0.3713271496,"16":0.349643777,"17":null,"18":0.2497310381,"19":0.4860374326,"20":0.2551229494,"21":0.3643213075,"22":0.3234408431,"23":null,"24":0.3144949981,"25":0.4082482905},"sentiment_pv":{"0":2.19019372e-82,"1":2.19019372e-82,"2":0.0131029619,"3":0.6610399397,"4":0.149497726,"5":0.5538872388,"6":2.19019372e-82,"7":0.6681732999,"8":0.590410336,"9":0.7781753293,"10":0.6360125899,"11":0.3132986881,"12":2.19019372e-82,"13":0.2093207212,"14":0.0739042927,"15":0.1292687884,"16":0.0019261025,"17":null,"18":0.6171828179,"19":0.0001382022,"20":0.1104002918,"21":0.1951810478,"22":0.7687594254,"23":null,"24":0.1835859648,"25":0.6540207634},"main_pv":{"0":0.1467954458,"1":0.0003416256,"2":0.7718082335,"3":0.3595972285,"4":0.1537875261,"5":0.0011012587,"6":0.0306440171,"7":0.0762901094,"8":0.0487665295,"9":0.0007965021,"10":0.1454909445,"11":0.4248827359,"12":0.0003416256,"13":0.0111267347,"14":0.0000183091,"15":0.392625392,"16":0.4615695084,"17":null,"18":0.3639516061,"19":0.0057738916,"20":0.1059081099,"21":0.6549735509,"22":0.9789261876,"23":null,"24":0.4449612077,"25":0.043149495},"count":{"0":4,"1":2,"2":1207,"3":30,"4":19,"5":130,"6":11,"7":487,"8":44,"9":140,"10":17,"11":38,"12":2,"13":151,"14":2772,"15":614,"16":140,"17":1,"18":31,"19":4111,"20":76,"21":52,"22":199,"23":1,"24":61,"25":6},"nb_en":{"0":0,"1":0,"2":469,"3":13,"4":3,"5":111,"6":1,"7":134,"8":5,"9":22,"10":2,"11":9,"12":0,"13":13,"14":1223,"15":154,"16":27,"17":0,"18":13,"19":1668,"20":8,"21":16,"22":39,"23":0,"24":14,"25":2},"nb_de":{"0":4,"1":2,"2":685,"3":10,"4":16,"5":8,"6":10,"7":16,"8":39,"9":117,"10":0,"11":29,"12":2,"13":137,"14":16,"15":446,"16":50,"17":1,"18":11,"19":2338,"20":68,"21":4,"22":157,"23":1,"24":31,"25":3},"nb_fr":{"0":0,"1":0,"2":53,"3":7,"4":0,"5":11,"6":0,"7":337,"8":0,"9":1,"10":15,"11":0,"12":0,"13":1,"14":1533,"15":14,"16":63,"17":0,"18":7,"19":105,"20":0,"21":32,"22":3,"23":0,"24":16,"25":1}}