{"canton":{"0":"NE","1":"GE","2":"GL","3":"BE","4":"SZ","5":"TG","6":"FR","7":"BS","8":"BL","9":"ZH","10":"VD","11":"SG","12":"GR","13":"ZG","14":"AR","15":"LU","16":"TI","17":"JU","18":"AG","19":"SH","20":"VS","21":"SO","22":"NW"},"main_mean":{"0":0.0310406933,"1":-0.0108830616,"2":0.109714568,"3":-0.0214695296,"4":0.0206100866,"5":-0.1159080145,"6":-0.0134623255,"7":0.0009314181,"8":0.0,"9":-0.0160060609,"10":-0.0061607208,"11":0.0015309013,"12":0.0082355406,"13":0.1136109676,"14":-0.0006857045,"15":0.0214884447,"16":-0.0434708618,"17":0.0229947855,"18":0.0014195716,"19":-0.021017622,"20":-0.0347534135,"21":0.0114956121,"22":0.0793447332},"sentiment_mean":{"0":0.0508474576,"1":0.0786984487,"2":0.275862069,"3":0.1293532338,"4":0.0,"5":-0.25,"6":0.0176470588,"7":0.0707692308,"8":0.0,"9":0.1544454629,"10":0.0785714286,"11":0.170212766,"12":0.1176470588,"13":0.2857142857,"14":0.0,"15":0.1648351648,"16":0.1393442623,"17":0.0,"18":0.0317460317,"19":-0.0714285714,"20":0.0166666667,"21":0.25,"22":0.0},"main_std":{"0":0.1280779781,"1":0.1671810002,"2":0.2979862024,"3":0.1825734515,"4":0.0275308431,"5":0.1717460621,"6":0.128750252,"7":0.1855473183,"8":0.0,"9":0.1760512098,"10":0.1801640237,"11":0.1050882179,"12":0.1089008931,"13":0.3027010519,"14":null,"15":0.1307183356,"16":0.20188669,"17":0.0473286076,"18":0.1091322872,"19":0.0635338111,"20":0.2015790911,"21":0.0460629743,"22":null},"sentiment_std":{"0":0.2206229574,"1":0.4544467495,"2":0.5913997756,"3":0.5074842155,"4":0.0,"5":0.5,"6":0.276784782,"7":0.5133174231,"8":0.0,"9":0.5976232457,"10":0.3888951764,"11":0.5241618127,"12":0.409338408,"13":0.5998236072,"14":null,"15":0.4775803891,"16":0.5650360008,"17":0.0,"18":0.3094351758,"19":0.2672612419,"20":0.4314605336,"21":0.4442616583,"22":null},"sentiment_pv":{"0":0.0093857136,"1":0.0090091466,"2":0.1351294985,"3":0.3838028325,"4":2.488317815e-68,"5":0.2489491875,"6":0.0000785032,"7":0.2182623194,"8":2.488317815e-68,"9":0.0007413701,"10":0.108978399,"11":0.4115955809,"12":0.8771175178,"13":0.1263156703,"14":null,"15":0.2516799593,"16":0.5270228861,"17":2.488317815e-68,"18":0.0619805894,"19":0.0271510011,"20":0.1134063843,"21":0.1659738453,"22":null},"main_pv":{"0":0.0007100268,"1":0.9268801874,"2":0.0384957963,"3":0.2420261619,"4":0.3532936406,"5":0.307308924,"6":0.7716037175,"7":0.275756292,"8":0.0000003851,"9":0.202958263,"10":0.5800114142,"11":0.4394354667,"12":0.3250791113,"13":0.039061407,"14":null,"15":0.0230569564,"16":0.0757641003,"17":0.0858869007,"18":0.3933218718,"19":0.5500565957,"20":0.3571854183,"21":0.0486096523,"22":null},"count":{"0":118,"1":2643,"2":29,"3":402,"4":2,"5":4,"6":170,"7":325,"8":4,"9":2182,"10":560,"11":47,"12":34,"13":28,"14":1,"15":91,"16":122,"17":8,"18":63,"19":14,"20":60,"21":20,"22":1},"nb_en":{"0":16,"1":1009,"2":23,"3":247,"4":0,"5":2,"6":25,"7":170,"8":0,"9":1557,"10":151,"11":19,"12":7,"13":23,"14":0,"15":46,"16":106,"17":1,"18":12,"19":4,"20":22,"21":8,"22":0},"nb_de":{"0":10,"1":1,"2":1,"3":126,"4":2,"5":2,"6":2,"7":132,"8":4,"9":541,"10":2,"11":28,"12":27,"13":0,"14":1,"15":45,"16":3,"17":0,"18":50,"19":9,"20":19,"21":12,"22":1}}