{"canton":{"0":"SG","1":"TI","2":"JU","3":"SH","4":"VS","5":"SO","6":"AG","7":"VD","8":"ZH","9":"TG","10":"BE","11":"BL","12":"GE","13":"BS","14":"GL","15":"SZ","16":"LU","17":"GR","18":"NE","19":"ZG","20":"FR"},"main_mean":{"0":-0.0132961008,"1":-0.0730125343,"2":0.0555549383,"3":-0.0123455418,"4":-0.0021255783,"5":0.0444432809,"6":0.0583715371,"7":-0.0162984255,"8":-0.0200820883,"9":0.0,"10":-0.0274036705,"11":-0.3222175186,"12":-0.0390943503,"13":-0.0379434063,"14":-0.0325423944,"15":0.0,"16":-0.0651981033,"17":0.034614253,"18":-0.0832575509,"19":-0.0325423944,"20":-0.0251663948},"sentiment_mean":{"0":0.1363636364,"1":0.1351351351,"2":0.5,"3":0.1111111111,"4":0.1428571429,"5":0.125,"6":0.4615384615,"7":0.2089552239,"8":0.2278177458,"9":0.0,"10":0.091684435,"11":0.0,"12":0.1398201145,"13":0.1428571429,"14":0.1538461538,"15":0.5,"16":0.2051282051,"17":0.6,"18":0.4375,"19":0.1538461538,"20":-0.1111111111},"main_std":{"0":0.1222561146,"1":0.2277420388,"2":0.0785665472,"3":0.0586326681,"4":0.1222431069,"5":0.249933861,"6":0.1757239649,"7":0.182703521,"8":0.1825647647,"9":null,"10":0.2235916036,"11":0.3338827954,"12":0.1842732314,"13":0.2007372385,"14":0.1575010954,"15":0.0,"16":0.2979102612,"17":0.1467067536,"18":0.177188111,"19":0.1575010954,"20":0.1420606493},"sentiment_std":{"0":0.7101612523,"1":0.5797567905,"2":0.7071067812,"3":0.78173596,"4":0.6629935441,"5":0.6408699445,"6":0.6602252918,"7":0.5890559143,"8":0.6985413101,"9":null,"10":0.7353375428,"11":1.0,"12":0.6919520766,"13":0.661040687,"14":0.3755338081,"15":0.7071067812,"16":0.5702948074,"17":0.5477225575,"18":0.5123475383,"19":0.3755338081,"20":0.6405126152},"sentiment_pv":{"0":0.7984336884,"1":0.4720345053,"2":0.6336097171,"3":0.8108503432,"4":0.856408341,"5":0.8297626758,"6":0.1448748665,"7":0.5229840435,"8":0.0102982891,"9":null,"10":0.0190208155,"11":0.7897364728,"12":0.1138848637,"13":0.5477434427,"14":0.8387126895,"15":0.6336097171,"16":0.750067657,"17":0.1582504517,"18":0.0594229395,"19":0.8387126895,"20":0.0285149672},"main_pv":{"0":0.547846251,"1":0.0477032047,"2":0.3683515158,"3":0.4146496451,"4":0.4219387389,"5":0.4316180508,"6":0.0975392481,"7":0.4192533996,"8":0.0877868469,"9":null,"10":0.8587977631,"11":0.2679841996,"12":0.1084240881,"13":0.6010427813,"14":0.9425314573,"15":1.082248832e-21,"16":0.457490654,"17":0.3852460124,"18":0.2430565592,"19":0.9425314573,"20":0.8811299049},"count":{"0":22,"1":111,"2":2,"3":9,"4":14,"5":8,"6":13,"7":134,"8":1668,"9":1,"10":469,"11":3,"12":1223,"13":154,"14":13,"15":2,"16":39,"17":5,"18":16,"19":13,"20":27},"nb_en":{"0":22,"1":111,"2":2,"3":9,"4":14,"5":8,"6":13,"7":134,"8":1668,"9":1,"10":469,"11":3,"12":1223,"13":154,"14":13,"15":2,"16":39,"17":5,"18":16,"19":13,"20":27},"nb_de":{"0":0,"1":0,"2":0,"3":0,"4":0,"5":0,"6":0,"7":0,"8":0,"9":0,"10":0,"11":0,"12":0,"13":0,"14":0,"15":0,"16":0,"17":0,"18":0,"19":0,"20":0}}