{"canton":{"0":"NE","1":"GE","2":"GL","3":"BE","4":"SZ","5":"TG","6":"UR","7":"FR","8":"BS","9":"BL","10":"ZH","11":"OW","12":"VD","13":"SG","14":"GR","15":"ZG","16":"AR","17":"LU","18":"TI","19":"JU","20":"AG","21":"SH","22":"VS","23":"SO","24":"NW"},"main_mean":{"0":-0.0369843721,"1":-0.0214684766,"2":0.0816530561,"3":0.0053997255,"4":0.0244466285,"5":0.0264593199,"6":0.0097749185,"7":-0.009026526,"8":-0.0048131309,"9":-0.0156456822,"10":0.0017281414,"11":0.0195498371,"12":0.0132313303,"13":0.0247404785,"14":-0.0105921774,"15":0.088167523,"16":0.0077316053,"17":-0.0060417476,"18":-0.051278017,"19":-0.034899651,"20":0.0155898634,"21":-0.002492864,"22":-0.0201251594,"23":-0.0005564028,"24":0.0097749185},"sentiment_mean":{"0":-0.125,"1":0.0970464135,"2":0.1851851852,"3":0.0694006309,"4":0.0,"5":0.0,"6":0.0,"7":0.0,"8":0.0597014925,"9":0.0625,"10":0.1535217208,"11":0.0,"12":0.1,"13":0.1451612903,"14":0.023255814,"15":0.2,"16":0.0,"17":0.0518518519,"18":0.1098901099,"19":0.0,"20":0.045045045,"21":0.0,"22":0.0208333333,"23":0.0434782609,"24":0.0},"main_std":{"0":0.2889190173,"1":0.1893927081,"2":0.2576671964,"3":0.186236464,"4":0.0435786412,"5":0.0158950018,"6":0.0138238224,"7":0.0968013747,"8":0.1473356543,"9":0.0813555607,"10":0.1604314373,"11":null,"12":0.1547064659,"13":0.1310490667,"14":0.0478968834,"15":0.2670735673,"16":0.0147526554,"17":0.144558912,"18":0.1716609175,"19":null,"20":0.1000718814,"21":0.0144874954,"22":0.0955630743,"23":0.0117472691,"24":0.0138238224},"sentiment_std":{"0":0.3415650255,"1":0.503232509,"2":0.4833407014,"3":0.4478249564,"4":0.0,"5":0.0,"6":0.0,"7":0.1856953382,"8":0.3237904949,"9":0.25,"10":0.5156283675,"11":null,"12":0.4157659882,"13":0.3759767418,"14":0.1524985703,"15":0.5,"16":0.0,"17":0.3924381978,"18":0.4582708915,"19":null,"20":0.3664916565,"21":0.0,"22":0.3853477751,"23":0.2085144141,"24":0.0},"sentiment_pv":{"0":0.0150007212,"1":0.4212812989,"2":0.4259652836,"3":0.0320655739,"4":7.032385741e-70,"5":7.032385741e-70,"6":7.032385741e-70,"7":0.0000402923,"8":0.0010829876,"9":0.4627986165,"10":0.0003564617,"11":null,"12":0.6752187147,"13":0.3046562564,"14":0.000755153,"15":0.3768237434,"16":7.032385741e-70,"17":0.0935849295,"18":0.9984845094,"19":null,"20":0.0693132583,"21":7.032385741e-70,"22":0.1184086452,"23":0.1446247798,"24":7.032385741e-70},"main_pv":{"0":0.6403759936,"1":0.0013959986,"2":0.1017771329,"3":0.3039545229,"4":0.1538698897,"5":0.0124365976,"6":0.4202055035,"7":0.6133237394,"8":0.7344420266,"9":0.5308782322,"10":0.2806847213,"11":null,"12":0.0697494588,"13":0.0242938052,"14":0.2952615205,"15":0.1026640485,"16":0.1249132605,"17":0.7814351656,"18":0.0084901674,"19":null,"20":0.0653449957,"21":0.9912622359,"22":0.2135913909,"23":0.5485567143,"24":0.4202055035},"count":{"0":16,"1":1185,"2":27,"3":634,"4":7,"5":5,"6":2,"7":59,"8":536,"9":16,"10":2371,"11":1,"12":340,"13":124,"14":43,"15":25,"16":7,"17":135,"18":91,"19":1,"20":111,"21":29,"22":48,"23":23,"24":2},"nb_en":{"0":6,"1":629,"2":22,"3":215,"4":0,"5":0,"6":0,"7":11,"8":117,"9":3,"10":1062,"11":0,"12":108,"13":14,"14":0,"15":22,"16":0,"17":41,"18":84,"19":0,"20":22,"21":1,"22":14,"23":4,"24":0},"nb_de":{"0":2,"1":7,"2":3,"3":377,"4":7,"5":5,"6":2,"7":21,"8":416,"9":13,"10":1286,"11":1,"12":18,"13":110,"14":43,"15":1,"16":7,"17":94,"18":4,"19":0,"20":89,"21":28,"22":23,"23":19,"24":2}}