{"canton":{"0":"UR","1":"BE","2":"ZG","3":"BL","4":"TI","5":"NW","6":"VD","7":"SG","8":"JU","9":"SH","10":"AG","11":"GE","12":"BS","13":"FR","14":"SO","15":"AR","16":"GL","17":"ZH","18":"VS","19":"NE","20":"LU","21":"GR","22":"SZ","23":"TG"},"main_mean":{"0":-0.0187175123,"1":-0.000054306,"2":-0.001863559,"3":-0.0625651698,"4":-0.0903076223,"5":0.0002499969,"6":0.0189087254,"7":0.0328750323,"8":-0.0406820328,"9":0.0028037315,"10":0.0104158998,"11":-0.0184283299,"12":-0.0018145333,"13":-0.0007617597,"14":-0.0137431211,"15":0.0049926356,"16":-0.0017194587,"17":-0.0010687944,"18":-0.0047923752,"19":0.0303422584,"20":-0.0093120649,"21":0.0275304597,"22":0.0019501652,"23":0.0194543686},"sentiment_mean":{"0":0.0,"1":0.0334394904,"2":0.2307692308,"3":-0.0555555556,"4":0.1369863014,"5":0.0,"6":0.1094619666,"7":0.1515151515,"8":0.0,"9":0.1363636364,"10":0.0274725275,"11":0.0409219191,"12":0.0583468395,"13":0.0170940171,"14":0.0571428571,"15":0.0,"16":0.2142857143,"17":0.1241935484,"18":-0.0666666667,"19":0.0319148936,"20":0.022556391,"21":0.0444444444,"22":0.0,"23":0.0},"main_std":{"0":0.0587560995,"1":0.1255567742,"2":0.147727661,"3":0.2481161949,"4":0.1909201413,"5":0.000353549,"6":0.1674121181,"7":0.1401225935,"8":0.2459910594,"9":0.0200390758,"10":0.0706130453,"11":0.1842084744,"12":0.1476052159,"13":0.1436314799,"14":0.127457569,"15":0.0084012792,"16":0.1421519989,"17":0.1637744139,"18":0.1337453519,"19":0.0988019862,"20":0.1625093394,"21":0.1541813319,"22":0.0303879047,"23":0.0275126319},"sentiment_std":{"0":0.0,"1":0.3959479182,"2":0.5144077999,"3":0.2357022604,"4":0.6081636406,"5":0.0,"6":0.4279755751,"7":0.3805349486,"8":0.4714045208,"9":0.3512500867,"10":0.1639066801,"11":0.3828314284,"12":0.3820219485,"13":0.2267805404,"14":0.235504108,"15":0.0,"16":0.4986754944,"17":0.5259496059,"18":0.3931226966,"19":0.1767160203,"20":0.3787172411,"21":0.2084090771,"22":0.0,"23":0.0},"sentiment_pv":{"0":3.405035416e-51,"1":0.0085763302,"2":0.1408785625,"3":0.0291117091,"4":0.4047669973,"5":3.405035416e-51,"6":0.0919392141,"7":0.028185674,"8":0.6172808301,"9":0.4391712094,"10":0.0002007388,"11":0.0001991163,"12":0.2452720075,"13":0.0061488976,"14":0.620621155,"15":3.405035416e-51,"16":0.1577682375,"17":0.0000619376,"18":0.0184747442,"19":0.0184760196,"20":0.102470664,"21":0.3037525076,"22":3.405035416e-51,"23":3.405035416e-51},"main_pv":{"0":0.4884862948,"1":0.4131229333,"2":0.9299167125,"3":0.3344477564,"4":0.0002697046,"5":0.014548105,"6":0.0018237616,"7":0.0029844368,"8":0.6524634742,"9":0.1317155752,"10":0.0081700462,"11":0.0015898308,"12":0.6737182772,"13":0.7842414014,"14":0.6698577348,"15":0.1793570854,"16":0.9201958622,"17":0.3745882173,"18":0.9861495109,"19":0.0011224449,"20":0.732540545,"21":0.172526746,"22":0.6312306664,"23":0.4335446353},"count":{"0":9,"1":628,"2":26,"3":18,"4":73,"5":2,"6":539,"7":132,"8":10,"9":22,"10":182,"11":2126,"12":617,"13":117,"14":35,"15":3,"16":28,"17":2480,"18":45,"19":94,"20":133,"21":45,"22":6,"23":2},"nb_en":{"0":1,"1":177,"2":17,"3":3,"4":65,"5":0,"6":171,"7":11,"8":1,"9":1,"10":15,"11":581,"12":166,"13":10,"14":5,"15":0,"16":17,"17":1140,"18":12,"19":7,"20":35,"21":2,"22":1,"23":0},"nb_de":{"0":8,"1":422,"2":3,"3":15,"4":2,"5":2,"6":19,"7":121,"8":0,"9":21,"10":167,"11":17,"12":442,"13":17,"14":30,"15":3,"16":5,"17":1262,"18":19,"19":2,"20":98,"21":43,"22":5,"23":2},"nb_fr":{"0":0,"1":29,"2":6,"3":0,"4":6,"5":0,"6":349,"7":0,"8":9,"9":0,"10":0,"11":1528,"12":9,"13":90,"14":0,"15":0,"16":6,"17":78,"18":14,"19":85,"20":0,"21":0,"22":0,"23":0}}