{"canton":{"0":"NE","1":"GE","2":"GL","3":"BE","4":"SZ","5":"TG","6":"UR","7":"FR","8":"BS","9":"BL","10":"ZH","11":"OW","12":"VD","13":"SG","14":"GR","15":"ZG","16":"AR","17":"LU","18":"TI","19":"JU","20":"AG","21":"SH","22":"VS","23":"AI","24":"SO","25":"NW"},"main_mean":{"0":-0.0192882645,"1":-0.0311646664,"2":-0.0434473869,"3":0.0089656033,"4":0.0642733821,"5":0.0088251088,"6":-0.0008898289,"7":-0.0166090594,"8":0.0096103067,"9":-0.0142983489,"10":-0.0013660174,"11":0.0001481465,"12":-0.0080931107,"13":0.0300011898,"14":0.011279468,"15":-0.0520814237,"16":0.0098237017,"17":0.0111734008,"18":-0.088368853,"19":0.0,"20":0.0086139565,"21":-0.0213695854,"22":0.0151629425,"23":0.0002666613,"24":0.1063246979,"25":0.0002222198},"sentiment_mean":{"0":0.1818181818,"1":0.0700466978,"2":-0.0526315789,"3":0.0840764331,"4":0.2105263158,"5":0.0,"6":0.0,"7":0.0106382979,"8":0.101836394,"9":0.0,"10":0.120124805,"11":0.0,"12":0.1028806584,"13":0.0935672515,"14":0.0617283951,"15":-0.0625,"16":0.0,"17":0.0956937799,"18":0.1680672269,"19":0.0,"20":0.027027027,"21":0.0930232558,"22":0.1136363636,"23":0.0,"24":0.2054794521,"25":0.0},"main_std":{"0":0.0754355012,"1":0.1774739375,"2":0.18303458,"3":0.1534944356,"4":0.2227384772,"5":0.0252396191,"6":0.0093361163,"7":0.0791813978,"8":0.1323206666,"9":0.0795804624,"10":0.1449278656,"11":0.0002565973,"12":0.1790674134,"13":0.1186169116,"14":0.0984579238,"15":0.1992392073,"16":0.0085774724,"17":0.1106098555,"18":0.1878184347,"19":null,"20":0.0716228597,"21":0.0810761568,"22":0.1483003712,"23":0.000461871,"24":0.2489486311,"25":0.0003142662},"sentiment_std":{"0":0.4646601886,"1":0.603530499,"2":0.5242650104,"3":0.4047721635,"4":0.7873265148,"5":0.0,"6":0.4714045208,"7":0.3737252412,"8":0.3809598421,"9":0.0,"10":0.5013641573,"11":0.0,"12":0.4997023227,"13":0.3472829324,"14":0.2421610524,"15":0.5737304826,"16":0.0,"17":0.3402920437,"18":0.5095582622,"19":null,"20":0.3427020826,"21":0.3660570791,"22":0.4402668517,"23":0.0,"24":0.4988571414,"25":0.0},"sentiment_pv":{"0":0.3282093216,"1":0.0584569592,"2":0.2171497811,"3":0.2643400267,"4":0.5532030429,"5":8.820145843e-75,"6":0.5139896756,"7":0.0219157113,"8":0.9756731813,"9":8.820145843e-75,"10":0.0543987916,"11":8.820145843e-75,"12":0.9620807072,"13":0.7749091302,"14":0.1528179554,"15":0.271548661,"16":8.820145843e-75,"17":0.8157099573,"18":0.1584865263,"19":null,"20":0.0261580519,"21":0.8829231019,"22":0.7951696294,"23":8.820145843e-75,"24":0.0798970943,"25":8.820145843e-75},"main_pv":{"0":0.273698633,"1":0.0000000581,"2":0.3668792791,"3":0.0186245199,"4":0.1949381606,"5":0.0644341687,"6":0.2982003881,"7":0.1513441048,"8":0.0126602633,"9":0.6216438167,"10":0.2699089275,"11":0.005736835,"12":0.7605491772,"13":0.0002424298,"14":0.1564372858,"15":0.3553208053,"16":0.087075346,"17":0.0459735678,"18":0.0000038158,"19":null,"20":0.0625852376,"21":0.1847081618,"22":0.2182732551,"23":0.0050049787,"24":0.0002997728,"25":0.0052512596},"count":{"0":33,"1":1499,"2":19,"3":785,"4":19,"5":15,"6":10,"7":94,"8":599,"9":17,"10":3846,"11":3,"12":243,"13":171,"14":81,"15":16,"16":3,"17":209,"18":119,"19":1,"20":111,"21":43,"22":88,"23":3,"24":73,"25":2},"nb_en":{"0":22,"1":1037,"2":13,"3":169,"4":16,"5":0,"6":2,"7":36,"8":155,"9":2,"10":1743,"11":0,"12":134,"13":22,"14":9,"15":13,"16":0,"17":47,"18":115,"19":1,"20":18,"21":5,"22":25,"23":0,"24":16,"25":0},"nb_de":{"0":2,"1":8,"2":6,"3":546,"4":3,"5":15,"6":8,"7":44,"8":444,"9":15,"10":2083,"11":3,"12":13,"13":149,"14":72,"15":3,"16":3,"17":162,"18":3,"19":0,"20":92,"21":38,"22":61,"23":3,"24":57,"25":2}}