{"canton":{"0":"UR","1":"BE","2":"ZG","3":"BL","4":"TI","5":"TG","6":"VD","7":"SG","8":"JU","9":"SH","10":"OW","11":"AG","12":"GE","13":"BS","14":"FR","15":"SO","16":"AR","17":"GL","18":"ZH","19":"VS","20":"NE","21":"LU","22":"AI","23":"GR","24":"SZ"},"main_mean":{"0":0.0,"1":-0.011490654,"2":0.0435274946,"3":-0.0005879114,"4":-0.0423104679,"5":0.0498989503,"6":-0.0109953063,"7":0.0292174732,"8":0.2333261114,"9":0.0022470227,"10":0.0,"11":0.0122139568,"12":-0.0325310122,"13":0.0028090614,"14":0.0035795053,"15":0.0285950069,"16":0.0146921947,"17":0.0432653637,"18":-0.0029951643,"19":-0.0208483596,"20":0.0333794888,"21":0.0100660214,"22":0.0406595934,"23":0.0174091754,"24":0.0242219531},"sentiment_mean":{"0":0.0,"1":0.046474359,"2":0.0833333333,"3":0.0,"4":0.09375,"5":0.125,"6":0.0837209302,"7":0.1460674157,"8":0.4,"9":0.0714285714,"10":0.0,"11":0.0797546012,"12":0.0782073814,"13":0.0416047548,"14":-0.0153846154,"15":0.0377358491,"16":0.0,"17":0.0816326531,"18":0.142053973,"19":-0.025,"20":0.0588235294,"21":0.0424242424,"22":0.0,"23":0.0,"24":0.0},"main_std":{"0":0.0,"1":0.1342918295,"2":0.1709163376,"3":0.0129919415,"4":0.1822031179,"5":0.1166177921,"6":0.1460098048,"7":0.1539539202,"8":0.3248843104,"9":0.0115717663,"10":null,"11":0.0809930296,"12":0.1731630641,"13":0.1507169882,"14":0.0919174066,"15":0.0996101084,"16":null,"17":0.169136542,"18":0.1604476487,"19":0.1090991571,"20":0.1764592885,"21":0.128445357,"22":null,"23":0.0360927773,"24":0.0342550146},"sentiment_std":{"0":0.0,"1":0.3750917354,"2":0.7096098219,"3":0.0,"4":0.4606202912,"5":0.3535533906,"6":0.5046189608,"7":0.3551747904,"8":0.5477225575,"9":0.2672612419,"10":null,"11":0.3682054427,"12":0.537134276,"13":0.3911884115,"14":0.3303552866,"15":0.2747211279,"16":null,"17":0.7022800573,"18":0.4864730178,"19":0.2761920551,"20":0.4287464629,"21":0.3377023359,"22":null,"23":0.0,"24":0.0},"sentiment_pv":{"0":4.297976571e-58,"1":0.001847248,"2":0.8949624862,"3":4.297976571e-58,"4":0.9462671189,"5":0.8290302324,"6":0.7051894289,"7":0.2007940935,"8":0.2837317837,"9":0.7274101107,"10":null,"11":0.5600208414,"12":0.2705154604,"13":0.0006721247,"14":0.0084761978,"15":0.1269279149,"16":null,"17":0.8794849811,"18":0.0000532275,"19":0.0084920735,"20":0.7190802976,"21":0.0445858277,"22":null,"23":4.297976571e-58,"24":4.297976571e-58},"main_pv":{"0":0.0004867861,"1":0.4264746022,"2":0.0470475001,"3":0.1523131246,"4":0.0614972541,"5":0.2108216776,"6":0.6893089739,"7":0.0304334061,"8":0.1735556752,"9":0.019206366,"10":null,"11":0.0044207502,"12":0.0000035902,"13":0.1130390253,"14":0.3669832067,"15":0.0129667867,"16":null,"17":0.0437372658,"18":0.2858193875,"19":0.4275624763,"20":0.3607030994,"21":0.0972401817,"22":null,"23":0.0096712223,"24":0.4196401064},"count":{"0":2,"1":624,"2":48,"3":12,"4":96,"5":8,"6":215,"7":89,"8":5,"9":14,"10":1,"11":163,"12":1138,"13":673,"14":65,"15":53,"16":1,"17":49,"18":2668,"19":40,"20":17,"21":165,"22":1,"23":19,"24":2},"nb_en":{"0":0,"1":179,"2":42,"3":0,"4":87,"5":1,"6":113,"7":12,"8":5,"9":1,"10":1,"11":19,"12":640,"13":183,"14":23,"15":3,"16":0,"17":42,"18":1128,"19":10,"20":5,"21":38,"22":0,"23":0,"24":0},"nb_de":{"0":2,"1":389,"2":6,"3":12,"4":7,"5":7,"6":15,"7":77,"8":0,"9":13,"10":0,"11":144,"12":17,"13":488,"14":31,"15":50,"16":1,"17":7,"18":1534,"19":18,"20":0,"21":127,"22":1,"23":19,"24":2},"nb_fr":{"0":0,"1":56,"2":0,"3":0,"4":2,"5":0,"6":87,"7":0,"8":0,"9":0,"10":0,"11":0,"12":481,"13":2,"14":11,"15":0,"16":0,"17":0,"18":6,"19":12,"20":12,"21":0,"22":0,"23":0,"24":0}}