{"canton":{"0":"NE","1":"GE","2":"GL","3":"BE","4":"SZ","5":"TG","6":"UR","7":"FR","8":"BS","9":"BL","10":"ZH","11":"OW","12":"VD","13":"SG","14":"GR","15":"ZG","16":"AR","17":"LU","18":"TI","19":"JU","20":"AG","21":"SH","22":"VS","23":"AI","24":"SO"},"main_mean":{"0":0.0333794888,"1":-0.0325310122,"2":0.0432653637,"3":-0.011490654,"4":0.0242219531,"5":0.0498989503,"6":0.0,"7":0.0035795053,"8":0.0028090614,"9":-0.0005879114,"10":-0.0029951643,"11":0.0,"12":-0.0109953063,"13":0.0292174732,"14":0.0174091754,"15":0.0435274946,"16":0.0146921947,"17":0.0100660214,"18":-0.0423104679,"19":0.2333261114,"20":0.0122139568,"21":0.0022470227,"22":-0.0208483596,"23":0.0406595934,"24":0.0285950069},"sentiment_mean":{"0":0.0588235294,"1":0.0782073814,"2":0.0816326531,"3":0.046474359,"4":0.0,"5":0.125,"6":0.0,"7":-0.0153846154,"8":0.0416047548,"9":0.0,"10":0.142053973,"11":0.0,"12":0.0837209302,"13":0.1460674157,"14":0.0,"15":0.0833333333,"16":0.0,"17":0.0424242424,"18":0.09375,"19":0.4,"20":0.0797546012,"21":0.0714285714,"22":-0.025,"23":0.0,"24":0.0377358491},"main_std":{"0":0.1764592885,"1":0.1731630641,"2":0.169136542,"3":0.1342918295,"4":0.0342550146,"5":0.1166177921,"6":0.0,"7":0.0919174066,"8":0.1507169882,"9":0.0129919415,"10":0.1604476487,"11":null,"12":0.1460098048,"13":0.1539539202,"14":0.0360927773,"15":0.1709163376,"16":null,"17":0.128445357,"18":0.1822031179,"19":0.3248843104,"20":0.0809930296,"21":0.0115717663,"22":0.1090991571,"23":null,"24":0.0996101084},"sentiment_std":{"0":0.4287464629,"1":0.537134276,"2":0.7022800573,"3":0.3750917354,"4":0.0,"5":0.3535533906,"6":0.0,"7":0.3303552866,"8":0.3911884115,"9":0.0,"10":0.4864730178,"11":null,"12":0.5046189608,"13":0.3551747904,"14":0.0,"15":0.7096098219,"16":null,"17":0.3377023359,"18":0.4606202912,"19":0.5477225575,"20":0.3682054427,"21":0.2672612419,"22":0.2761920551,"23":null,"24":0.2747211279},"sentiment_pv":{"0":0.7190802976,"1":0.2705154604,"2":0.8794849811,"3":0.001847248,"4":4.297976571e-58,"5":0.8290302324,"6":4.297976571e-58,"7":0.0084761978,"8":0.0006721247,"9":4.297976571e-58,"10":0.0000532275,"11":null,"12":0.7051894289,"13":0.2007940935,"14":4.297976571e-58,"15":0.8949624862,"16":null,"17":0.0445858277,"18":0.9462671189,"19":0.2837317837,"20":0.5600208414,"21":0.7274101107,"22":0.0084920735,"23":null,"24":0.1269279149},"main_pv":{"0":0.3607030994,"1":0.0000035902,"2":0.0437372658,"3":0.4264746022,"4":0.4196401064,"5":0.2108216776,"6":0.0004867861,"7":0.3669832067,"8":0.1130390253,"9":0.1523131246,"10":0.2858193875,"11":null,"12":0.6893089739,"13":0.0304334061,"14":0.0096712223,"15":0.0470475001,"16":null,"17":0.0972401817,"18":0.0614972541,"19":0.1735556752,"20":0.0044207502,"21":0.019206366,"22":0.4275624763,"23":null,"24":0.0129667867},"count":{"0":17,"1":1138,"2":49,"3":624,"4":2,"5":8,"6":2,"7":65,"8":673,"9":12,"10":2668,"11":1,"12":215,"13":89,"14":19,"15":48,"16":1,"17":165,"18":96,"19":5,"20":163,"21":14,"22":40,"23":1,"24":53},"nb_en":{"0":5,"1":640,"2":42,"3":179,"4":0,"5":1,"6":0,"7":23,"8":183,"9":0,"10":1128,"11":1,"12":113,"13":12,"14":0,"15":42,"16":0,"17":38,"18":87,"19":5,"20":19,"21":1,"22":10,"23":0,"24":3},"nb_de":{"0":0,"1":17,"2":7,"3":389,"4":2,"5":7,"6":2,"7":31,"8":488,"9":12,"10":1534,"11":0,"12":15,"13":77,"14":19,"15":6,"16":1,"17":127,"18":7,"19":0,"20":144,"21":13,"22":18,"23":1,"24":50}}