{"canton":{"0":"UR","1":"BE","2":"ZG","3":"BL","4":"TI","5":"GR","6":"VD","7":"SG","8":"JU","9":"SH","10":"OW","11":"AG","12":"GE","13":"BS","14":"FR","15":"AR","16":"GL","17":"ZH","18":"VS","19":"NE","20":"LU","21":"AI","22":"SO","23":"SZ","24":"TG"},"main_mean":{"0":-0.0977898981,"1":-0.0195676399,"2":-0.0029219805,"3":-0.0521883425,"4":-0.0763947891,"5":0.0018840539,"6":0.0018915504,"7":0.0195530785,"8":-0.0252527126,"9":0.009591497,"10":0.0416663194,"11":0.03468519,"12":-0.0154326913,"13":-0.0094303447,"14":0.004985705,"15":0.0,"16":-0.0023837266,"17":-0.012644596,"18":-0.0109232935,"19":0.0102653179,"20":-0.0354400433,"21":-0.0769224852,"22":0.0378200806,"23":-0.0207429566,"24":0.054888279},"sentiment_mean":{"0":-0.25,"1":0.1092592593,"2":0.0,"3":0.0,"4":0.1176470588,"5":0.0,"6":0.0346320346,"7":0.1851851852,"8":0.0,"9":0.1666666667,"10":0.0,"11":0.1304347826,"12":0.0454148472,"13":0.0571428571,"14":0.0952380952,"15":0.0,"16":0.0,"17":0.1436842105,"18":-0.0625,"19":0.0666666667,"20":0.0625,"21":0.0,"22":-0.0263157895,"23":0.0,"24":0.0},"main_std":{"0":0.1593662034,"1":0.1672444027,"2":0.1441609009,"3":0.221123221,"4":0.2095014494,"5":0.034886021,"6":0.1606417369,"7":0.1691502228,"8":0.1448194864,"9":0.178285863,"10":0.0589250741,"11":0.2500562802,"12":0.1683681859,"13":0.1334719374,"14":0.1928827132,"15":0.0,"16":0.1423413955,"17":0.1740531037,"18":0.0646071695,"19":0.1146383034,"20":0.1533146442,"21":null,"22":0.2176020093,"23":0.0357157616,"24":null},"sentiment_std":{"0":0.5,"1":0.4959084984,"2":0.6069769787,"3":0.0,"4":0.5857791861,"5":0.0,"6":0.3340603016,"7":0.4135135105,"8":0.0,"9":0.3892494721,"10":0.0,"11":0.4525824984,"12":0.3950749971,"13":0.4352407653,"14":0.357566611,"15":0.0,"16":0.5991446895,"17":0.5777032345,"18":0.3535533906,"19":0.2537081317,"20":0.3316147681,"21":null,"22":0.3666386471,"23":0.0,"24":null},"sentiment_pv":{"0":0.2736424519,"1":0.258244558,"2":0.3926152971,"3":4.820958588e-45,"4":0.6014866269,"5":4.820958588e-45,"6":0.0030037559,"7":0.0134933579,"8":4.820958588e-45,"9":0.478847426,"10":4.820958588e-45,"11":0.4935489037,"12":0.0001379334,"13":0.2393572194,"14":0.7140475689,"15":4.820958588e-45,"16":0.3804592261,"17":0.0000430817,"18":0.0259739313,"19":0.7100381788,"20":0.5649481742,"21":null,"22":0.0723189389,"23":4.820958588e-45,"24":null},"main_pv":{"0":0.3620996397,"1":0.3346489145,"2":0.687393178,"3":0.5451877198,"4":0.0061856063,"5":0.1105426946,"6":0.0679742159,"7":0.054710892,"8":0.8355911436,"9":0.6787246496,"10":0.4180152796,"11":0.2095707137,"12":0.4493118955,"13":0.6852806917,"14":0.2826378914,"15":0.0000000076,"16":0.6626341154,"17":0.942979189,"18":0.9049737138,"19":0.2916810857,"20":0.1844686396,"21":null,"22":0.1645395231,"23":0.7231591164,"24":null},"count":{"0":4,"1":540,"2":39,"3":12,"4":85,"5":18,"6":462,"7":108,"8":6,"9":12,"10":2,"11":46,"12":2290,"13":385,"14":147,"15":2,"16":40,"17":1900,"18":32,"19":30,"20":80,"21":1,"22":38,"23":3,"24":1},"nb_en":{"0":1,"1":274,"2":31,"3":2,"4":79,"5":1,"6":105,"7":32,"8":1,"9":3,"10":2,"11":13,"12":692,"13":154,"14":30,"15":1,"16":31,"17":1163,"18":15,"19":5,"20":24,"21":1,"22":5,"23":0,"24":0},"nb_de":{"0":3,"1":241,"2":2,"3":10,"4":2,"5":17,"6":9,"7":76,"8":0,"9":9,"10":0,"11":31,"12":7,"13":222,"14":25,"15":1,"16":3,"17":633,"18":11,"19":1,"20":54,"21":0,"22":33,"23":3,"24":1},"nb_fr":{"0":0,"1":25,"2":6,"3":0,"4":4,"5":0,"6":348,"7":0,"8":5,"9":0,"10":0,"11":2,"12":1591,"13":9,"14":92,"15":0,"16":6,"17":104,"18":6,"19":24,"20":2,"21":0,"22":0,"23":0,"24":0}}