{"canton":{"0":"SG","1":"TI","2":"JU","3":"VS","4":"AG","5":"TG","6":"ZH","7":"VD","8":"BE","9":"GE","10":"BS","11":"GL","12":"SO","13":"LU","14":"OW","15":"SH","16":"NE","17":"ZG","18":"FR"},"main_mean":{"0":0.0176221316,"1":-0.0397909991,"2":0.2333261114,"3":-0.0628561306,"4":0.0438565981,"5":0.3333222226,"6":-0.0205089999,"7":-0.0217793195,"8":-0.0471540879,"9":-0.0336913758,"10":-0.0230727833,"11":0.0506503765,"12":0.0,"13":0.0058937646,"14":0.0,"15":0.0,"16":0.1377724249,"17":0.0506503765,"18":-0.0237073596},"sentiment_mean":{"0":0.5,"1":0.1034482759,"2":0.4,"3":-0.1,"4":0.3684210526,"5":1.0,"6":0.2668439716,"7":0.1504424779,"8":0.1173184358,"9":0.128125,"10":0.0928961749,"11":0.0952380952,"12":0.3333333333,"13":0.1578947368,"14":0.0,"15":1.0,"16":0.2,"17":0.0952380952,"18":-0.0434782609},"main_std":{"0":0.2583216687,"1":0.1813364421,"2":0.3248843104,"3":0.1581043434,"4":0.1146499653,"5":null,"6":0.2273711959,"7":0.1775885341,"8":0.2138360885,"9":0.1764428211,"10":0.2607393443,"11":0.1816179189,"12":0.0,"13":0.2523041738,"14":null,"15":null,"16":0.2536791286,"17":0.1816179189,"18":0.0734102344},"sentiment_std":{"0":0.5222329679,"1":0.4830735598,"2":0.5477225575,"3":0.5676462122,"4":0.8306975861,"5":null,"6":0.6797097119,"7":0.6842780207,"8":0.6557280577,"9":0.7048832021,"10":0.708739653,"11":0.7589956075,"12":0.5773502692,"13":0.6788828578,"14":null,"15":null,"16":0.8366600265,"17":0.7589956075,"18":0.5623215571},"sentiment_pv":{"0":0.0639017821,"1":0.1142850791,"2":0.4375316462,"3":0.1427579245,"4":0.3594357093,"5":null,"6":0.0014002764,"7":0.5611746592,"8":0.1615920861,"9":0.0508238763,"10":0.0779973309,"11":0.4320006862,"12":0.7069360119,"13":0.7822456691,"14":null,"15":null,"16":0.9775326195,"17":0.4320006862,"18":0.0615045036},"main_pv":{"0":0.602568588,"1":0.3844758095,"2":0.1532018862,"3":0.4406768013,"4":0.0223430043,"5":null,"6":0.8114544017,"7":0.9708192741,"8":0.1359187801,"9":0.166366785,"10":0.9732648768,"11":0.0134526098,"12":0.0000001095,"13":0.495702589,"14":null,"15":null,"16":0.2308973757,"17":0.0134526098,"18":0.9355446724},"count":{"0":12,"1":87,"2":5,"3":10,"4":19,"5":1,"6":1128,"7":113,"8":179,"9":640,"10":183,"11":42,"12":3,"13":38,"14":1,"15":1,"16":5,"17":42,"18":23},"nb_en":{"0":12,"1":87,"2":5,"3":10,"4":19,"5":1,"6":1128,"7":113,"8":179,"9":640,"10":183,"11":42,"12":3,"13":38,"14":1,"15":1,"16":5,"17":42,"18":23},"nb_de":{"0":0,"1":0,"2":0,"3":0,"4":0,"5":0,"6":0,"7":0,"8":0,"9":0,"10":0,"11":0,"12":0,"13":0,"14":0,"15":0,"16":0,"17":0,"18":0}}