{"canton":{"0":"SG","1":"TI","2":"UR","3":"SH","4":"VS","5":"JU","6":"AG","7":"VD","8":"ZH","9":"TG","10":"SO","11":"BE","12":"GE","13":"BS","14":"GL","15":"SZ","16":"LU","17":"GR","18":"NE","19":"ZG","20":"FR"},"main_mean":{"0":-0.0363647069,"1":-0.0122527487,"2":-0.6666555557,"3":-0.0972208912,"4":0.0297967346,"5":0.0,"6":0.076899669,"7":-0.0054425702,"8":-0.0297960239,"9":-0.228203142,"10":-0.0416663194,"11":-0.065065183,"12":-0.0342482636,"13":-0.0368340055,"14":-0.0540935417,"15":-0.0238093537,"16":0.0011555317,"17":0.0145830538,"18":-0.0121642601,"19":-0.0540935417,"20":-0.0173041059},"sentiment_mean":{"0":0.3571428571,"1":0.1515151515,"2":0.0,"3":0.3333333333,"4":0.2962962963,"5":0.0,"6":0.3,"7":0.223880597,"8":0.1836137527,"9":-0.3333333333,"10":0.5,"11":0.1728971963,"12":0.1887159533,"13":0.0732984293,"14":-0.2307692308,"15":-0.3333333333,"16":0.1052631579,"17":-0.25,"18":0.0,"19":-0.2307692308,"20":0.1},"main_std":{"0":0.1809832337,"1":0.2155751164,"2":null,"3":0.2441414632,"4":0.1642811741,"5":0.0,"6":0.2307694987,"7":0.1955542113,"8":0.1903244833,"9":0.2021075162,"10":0.0589250741,"11":0.249694608,"12":0.199432163,"13":0.2115510553,"14":0.1290728597,"15":0.0412390104,"16":0.245851199,"17":0.0800381841,"18":0.1471418719,"19":0.1290728597,"20":0.1027457685},"sentiment_std":{"0":0.7449463437,"1":0.5599496399,"2":null,"3":0.5773502692,"4":0.6688000055,"5":0.0,"6":0.8232726023,"7":0.5835049793,"8":0.7122197109,"9":0.5773502692,"10":0.7071067812,"11":0.6593594976,"12":0.6931217958,"13":0.6447105511,"14":0.7250110521,"15":0.5773502692,"16":0.6488856845,"17":0.9574271078,"18":0.7947194142,"19":0.7250110521,"20":0.7181848465},"sentiment_pv":{"0":0.3736828958,"1":0.7043247575,"2":null,"3":0.6788430204,"4":0.3505152537,"5":1.276346918e-44,"6":0.6387650838,"7":0.3321591953,"8":0.6549066021,"9":0.2677221619,"10":0.6316420133,"11":0.9909928506,"12":0.5378469157,"13":0.0390101801,"14":0.0677141882,"15":0.2677221619,"16":0.5239311287,"17":0.4416204256,"18":0.3423611421,"19":0.0677141882,"20":0.6535670309},"main_pv":{"0":0.9240085434,"1":0.3789730031,"2":null,"3":0.6875654321,"4":0.0641190535,"5":5.137331382e-19,"6":0.1713602164,"7":0.1310697687,"8":0.7665886579,"9":0.2340494546,"10":0.8498818137,"11":0.0564476415,"12":0.7163313021,"13":0.741680785,"14":0.5441231808,"15":0.7743945873,"16":0.4177636764,"17":0.3320672877,"18":0.5627568207,"19":0.5441231808,"20":0.5441383741},"count":{"0":14,"1":99,"2":1,"3":3,"4":27,"5":2,"6":10,"7":134,"8":1367,"9":3,"10":2,"11":214,"12":1028,"13":191,"14":13,"15":3,"16":38,"17":4,"18":20,"19":13,"20":20},"nb_en":{"0":14,"1":99,"2":1,"3":3,"4":27,"5":2,"6":10,"7":134,"8":1367,"9":3,"10":2,"11":214,"12":1028,"13":191,"14":13,"15":3,"16":38,"17":4,"18":20,"19":13,"20":20},"nb_de":{"0":0,"1":0,"2":0,"3":0,"4":0,"5":0,"6":0,"7":0,"8":0,"9":0,"10":0,"11":0,"12":0,"13":0,"14":0,"15":0,"16":0,"17":0,"18":0,"19":0,"20":0}}