{"canton":{"0":"UR","1":"NW","2":"BE","3":"ZG","4":"BL","5":"JU","6":"TG","7":"TI","8":"VD","9":"SG","10":"GR","11":"SH","12":"OW","13":"AG","14":"GE","15":"BS","16":"FR","17":"AR","18":"GL","19":"ZH","20":"SO","21":"NE","22":"LU","23":"AI","24":"VS","25":"SZ"},"main_mean":{"0":-0.0070676731,"1":-0.0123453423,"2":0.0031270105,"3":0.0541069441,"4":-0.0079413673,"5":0.0871717622,"6":0.0095990417,"7":-0.0410570174,"8":0.0147080879,"9":0.0379637319,"10":-0.0067990554,"11":-0.0264371098,"12":-0.0082302282,"13":0.0197923809,"14":-0.0071200897,"15":-0.0106186515,"16":-0.0011989221,"17":0.0805342382,"18":0.0489962293,"19":-0.003575023,"20":0.0287243655,"21":-0.0334985323,"22":0.0010211527,"23":0.0813632078,"24":0.0098572021,"25":0.0109278603},"sentiment_mean":{"0":0.0,"1":0.0,"2":0.0968421053,"3":0.1052631579,"4":0.0,"5":0.25,"6":0.0333333333,"7":0.0818181818,"8":0.0746031746,"9":0.1567164179,"10":0.0188679245,"11":0.0555555556,"12":0.0,"13":0.06,"14":0.0589254766,"15":0.0292397661,"16":0.0200803213,"17":0.2,"18":0.0952380952,"19":0.1132603716,"20":0.0769230769,"21":0.0,"22":0.0711297071,"23":0.3333333333,"24":0.024691358,"25":0.0},"main_std":{"0":0.0173883909,"1":0.0174589505,"2":0.144388195,"3":0.1854486427,"4":0.0319685463,"5":0.3728348886,"6":0.0183832249,"7":0.1684630041,"8":0.1555699245,"9":0.1611459958,"10":0.0647967123,"11":0.0923920645,"12":0.0142551734,"13":0.1566121882,"14":0.1854486004,"15":0.1287117598,"16":0.1431461241,"17":0.2355282005,"18":0.1766709936,"19":0.1511282548,"20":0.1091348245,"21":0.1865178745,"22":0.0744330039,"23":0.1402329737,"24":0.1359213552,"25":0.0553952405},"sentiment_std":{"0":0.0,"1":0.0,"2":0.3936944067,"3":0.5671308728,"4":0.0,"5":0.5,"6":0.1825741858,"7":0.5606650406,"8":0.3855367097,"9":0.4396594309,"10":0.1942571725,"11":0.3333333333,"12":0.0,"13":0.4370431459,"14":0.4522952211,"15":0.3366687305,"16":0.1894346256,"17":0.4216370214,"18":0.5389584311,"19":0.4825359264,"20":0.2685430778,"21":0.3086066999,"22":0.3654788213,"23":1.1547005384,"24":0.3152502435,"25":0.0},"sentiment_pv":{"0":6.454472922e-80,"1":6.454472922e-80,"2":0.2737613258,"3":0.860671457,"4":6.454472922e-80,"5":0.5499248161,"6":0.1572923406,"7":0.9960356151,"8":0.6391490372,"9":0.0529258621,"10":0.001430237,"11":0.6369188364,"12":6.454472922e-80,"13":0.5398207585,"14":0.0143400098,"15":0.0001064853,"16":0.0000018308,"17":0.3996989062,"18":0.9121252714,"19":0.0004094823,"20":0.8783102043,"21":0.0896034909,"22":0.6488234969,"23":0.7425001196,"24":0.1076985353,"25":6.454472922e-80},"main_pv":{"0":0.3915987317,"1":0.5612994897,"2":0.279870604,"3":0.2024342603,"4":0.5197774412,"5":0.6644049635,"6":0.0026361782,"7":0.0177064921,"8":0.0082820145,"9":0.0047889582,"10":0.4799687752,"11":0.1262477348,"12":0.5422531112,"13":0.0896745227,"14":0.1941275459,"15":0.1033586789,"16":0.9128882443,"17":0.2954786648,"18":0.1993950017,"19":0.6329003176,"20":0.0264813311,"21":0.2782023258,"22":0.5238109508,"23":0.4104601443,"24":0.4291236139,"25":0.5249505989},"count":{"0":11,"1":2,"2":950,"3":19,"4":14,"5":4,"6":30,"7":110,"8":630,"9":134,"10":106,"11":36,"12":3,"13":150,"14":2885,"15":684,"16":249,"17":10,"18":21,"19":3929,"20":65,"21":43,"22":239,"23":3,"24":81,"25":8},"nb_en":{"0":0,"1":0,"2":279,"3":11,"4":0,"5":0,"6":2,"7":98,"8":158,"9":14,"10":7,"11":5,"12":0,"13":41,"14":1068,"15":176,"16":43,"17":0,"18":11,"19":1649,"20":6,"21":17,"22":49,"23":1,"24":23,"25":0},"nb_de":{"0":11,"1":2,"2":616,"3":7,"4":14,"5":0,"6":28,"7":3,"8":5,"9":120,"10":99,"11":31,"12":3,"13":108,"14":10,"15":492,"16":111,"17":10,"18":9,"19":2198,"20":59,"21":3,"22":189,"23":2,"24":39,"25":8},"nb_fr":{"0":0,"1":0,"2":55,"3":1,"4":0,"5":4,"6":0,"7":9,"8":467,"9":0,"10":0,"11":0,"12":0,"13":1,"14":1807,"15":16,"16":95,"17":0,"18":1,"19":82,"20":0,"21":23,"22":1,"23":0,"24":19,"25":0}}