{"canton":{"0":"NE","1":"GE","2":"GL","3":"BE","4":"SZ","5":"TG","6":"UR","7":"FR","8":"BS","9":"BL","10":"ZH","11":"OW","12":"VD","13":"SG","14":"GR","15":"ZG","16":"AR","17":"LU","18":"TI","19":"JU","20":"AG","21":"SH","22":"VS","23":"SO","24":"NW"},"main_mean":{"0":0.0256203843,"1":-0.0123064981,"2":0.0592770387,"3":-0.0148394312,"4":0.0075722376,"5":0.0375475047,"6":-0.0053403277,"7":0.0185617448,"8":-0.0000868023,"9":-0.0000240228,"10":-0.002265302,"11":-0.0035561205,"12":0.0099167213,"13":0.0216134652,"14":-0.0111809735,"15":0.061017316,"16":0.034174908,"17":0.0017216059,"18":-0.0822002757,"19":0.0708704471,"20":0.0026892507,"21":-0.0035502914,"22":0.0150589117,"23":0.0136689814,"24":-0.0159688004},"sentiment_mean":{"0":0.1568627451,"1":0.0629032258,"2":0.0714285714,"3":0.0690448792,"4":0.0,"5":0.125,"6":0.0,"7":-0.0049261084,"8":0.0428994083,"9":0.0,"10":0.1156445557,"11":0.0,"12":0.056726094,"13":0.0782608696,"14":-0.012987013,"15":0.075,"16":0.0,"17":0.095890411,"18":0.0620689655,"19":0.25,"20":0.0364963504,"21":0.0512820513,"22":-0.0104166667,"23":0.0555555556,"24":0.1428571429},"main_std":{"0":0.1154526027,"1":0.1799340197,"2":0.1420783747,"3":0.1382955993,"4":0.0189264913,"5":0.0954905533,"6":0.0300879669,"7":0.1790274868,"8":0.1214038501,"9":0.0126028436,"10":0.1462800063,"11":0.0412656739,"12":0.1641460232,"13":0.1187601552,"14":0.0919270596,"15":0.1453537306,"16":0.0249423951,"17":0.0654537848,"18":0.2460456507,"19":0.0361117746,"20":0.116048129,"21":0.0559388406,"22":0.0830523951,"23":0.0542280518,"24":0.0535108547},"sentiment_std":{"0":0.4182128176,"1":0.4511409905,"2":0.4068233357,"3":0.3985245068,"4":0.0,"5":0.3535533906,"6":0.0,"7":0.290058665,"8":0.3920618189,"9":0.0,"10":0.4711433092,"11":0.0,"12":0.3347187875,"13":0.3284152829,"14":0.2561612616,"15":0.4167948521,"16":0.0,"17":0.2951154444,"18":0.542892071,"19":0.5,"20":0.3912415969,"21":0.3202563076,"22":0.3076153328,"23":0.2852668081,"24":0.377964473},"sentiment_pv":{"0":0.1963155139,"1":0.0618010807,"2":0.8925330233,"3":0.4402904598,"4":2.364080001e-78,"5":0.7294793129,"6":2.364080001e-78,"7":0.0000621671,"8":0.0181447441,"9":2.364080001e-78,"10":0.0000321515,"11":2.364080001e-78,"12":0.1000949934,"13":0.9557214909,"14":0.0022915705,"15":0.9402561081,"16":2.364080001e-78,"17":0.4359336892,"18":0.6930053475,"19":0.5452638723,"20":0.1989573914,"21":0.5802529207,"22":0.0052715312,"23":0.4732966279,"24":0.6753594346},"main_pv":{"0":0.0666685341,"1":0.0356251644,"2":0.0056979721,"3":0.0420781283,"4":0.219110036,"5":0.2501667108,"6":0.9408040716,"7":0.066219607,"8":0.3362274183,"9":0.1625617187,"10":0.3573882297,"11":0.9342765887,"12":0.0301731702,"13":0.0197081582,"14":0.5488762838,"15":0.006782311,"16":0.1120842253,"17":0.1634681281,"18":0.0002304624,"19":0.024321199,"20":0.455907735,"21":0.8904936388,"22":0.023063027,"23":0.0061736214,"24":0.6018030863},"count":{"0":51,"1":3100,"2":42,"3":869,"4":5,"5":8,"6":19,"7":203,"8":676,"9":18,"10":3995,"11":8,"12":617,"13":115,"14":77,"15":40,"16":3,"17":219,"18":145,"19":4,"20":137,"21":39,"22":96,"23":72,"24":7},"nb_en":{"0":20,"1":1188,"2":20,"3":244,"4":0,"5":0,"6":0,"7":33,"8":187,"9":0,"10":1658,"11":0,"12":124,"13":19,"14":4,"15":20,"16":0,"17":38,"18":124,"19":0,"20":28,"21":8,"22":21,"23":5,"24":1},"nb_de":{"0":0,"1":18,"2":11,"3":576,"4":4,"5":8,"6":19,"7":52,"8":473,"9":18,"10":2243,"11":8,"12":15,"13":95,"14":73,"15":9,"16":3,"17":178,"18":13,"19":0,"20":109,"21":31,"22":37,"23":67,"24":6}}