{"canton":{"0":"UR","1":"BE","2":"BL","3":"JU","4":"NW","5":"TI","6":"VD","7":"SG","8":"GR","9":"SH","10":"OW","11":"AG","12":"GE","13":"BS","14":"FR","15":"AR","16":"GL","17":"ZH","18":"SO","19":"NE","20":"LU","21":"VS","22":"SZ","23":"TG"},"main_mean":{"0":-0.0005992378,"1":0.0125121241,"2":0.0093446828,"3":-0.013393575,"4":-0.0002181798,"5":-0.000564958,"6":0.0258781692,"7":0.0444984232,"8":-0.0115369535,"9":0.0222826154,"10":-0.0004363597,"11":-0.0054277219,"12":0.0158123728,"13":0.0098043801,"14":0.0260050956,"15":-0.0049950089,"16":-0.0054598799,"17":0.0235740252,"18":0.0358765962,"19":0.0629134871,"20":0.0034520216,"21":0.0089151513,"22":-0.0157526814,"23":0.024877694},"sentiment_mean":{"0":0.0,"1":0.0156046814,"2":0.0,"3":0.0,"4":0.0,"5":0.0,"6":0.0250391236,"7":0.0916666667,"8":0.0,"9":0.05,"10":0.0,"11":0.0,"12":0.0023781213,"13":0.0134228188,"14":0.0,"15":0.0,"16":0.0,"17":0.0298637286,"18":0.0909090909,"19":0.0333333333,"20":0.0064935065,"21":0.0,"22":0.0,"23":0.0},"main_std":{"0":0.0110797757,"1":0.0892438177,"2":0.0416090776,"3":0.0772331756,"4":0.0003085529,"5":0.0771173915,"6":0.1453359804,"7":0.1484716591,"8":0.0248547784,"9":0.0784122612,"10":null,"11":0.0553618235,"12":0.1385124149,"13":0.1096986325,"14":0.1066059145,"15":0.0199718808,"16":0.0405898379,"17":0.1363817716,"18":0.1291915026,"19":0.1691896648,"20":0.0641197302,"21":0.1312079996,"22":0.069387043,"23":0.0585361796},"sentiment_std":{"0":0.0,"1":0.1434904533,"2":0.0,"3":0.0,"4":0.0,"5":0.0,"6":0.166088006,"7":0.3428950726,"8":0.0,"9":0.2193200078,"10":null,"11":0.0,"12":0.1053406002,"13":0.1528035893,"14":0.0,"15":0.0,"16":0.0,"17":0.1736098547,"18":0.2942449432,"19":0.1825741858,"20":0.0805822964,"21":0.0,"22":0.0,"23":0.0},"sentiment_pv":{"0":1.911079385e-30,"1":0.5877374004,"2":1.911079385e-30,"3":1.911079385e-30,"4":1.911079385e-30,"5":1.911079385e-30,"6":0.3372949298,"7":0.021319896,"8":1.911079385e-30,"9":0.2042282227,"10":null,"11":1.911079385e-30,"12":0.000000001,"13":0.4284509395,"14":1.911079385e-30,"15":1.911079385e-30,"16":1.911079385e-30,"17":0.00077767,"18":0.2617840864,"19":0.6609136498,"20":0.0734311588,"21":1.911079385e-30,"22":1.911079385e-30,"23":1.911079385e-30},"main_pv":{"0":0.0012304647,"1":0.0732316067,"2":0.1436934758,"3":0.2470464814,"4":5.813096588e-40,"5":0.003502666,"6":0.2307114622,"7":0.061501623,"8":0.0005163485,"9":0.6946586536,"10":null,"11":0.0012230024,"12":0.3343703855,"13":0.0563224657,"14":0.5346121347,"15":0.0117000618,"16":0.4095609382,"17":0.0761298853,"18":0.5421028544,"19":0.1641875998,"20":0.0046348832,"21":0.6251060611,"22":0.0984049058,"23":0.6325119048},"count":{"0":8,"1":769,"2":45,"3":9,"4":2,"5":146,"6":639,"7":120,"8":14,"9":80,"10":1,"11":62,"12":2523,"13":596,"14":86,"15":8,"16":3,"17":3449,"18":22,"19":30,"20":154,"21":43,"22":13,"23":22},"nb_en":{"0":0,"1":246,"2":2,"3":0,"4":0,"5":72,"6":110,"7":12,"8":2,"9":11,"10":0,"11":8,"12":1166,"13":198,"14":18,"15":3,"16":0,"17":1709,"18":1,"19":7,"20":41,"21":20,"22":3,"23":0},"nb_de":{"0":8,"1":473,"2":43,"3":0,"4":2,"5":8,"6":23,"7":108,"8":12,"9":69,"10":1,"11":53,"12":16,"13":392,"14":2,"15":5,"16":3,"17":1649,"18":21,"19":2,"20":112,"21":20,"22":9,"23":20},"nb_fr":{"0":0,"1":50,"2":0,"3":9,"4":0,"5":66,"6":506,"7":0,"8":0,"9":0,"10":0,"11":1,"12":1341,"13":6,"14":66,"15":0,"16":0,"17":91,"18":0,"19":21,"20":1,"21":3,"22":1,"23":2}}