{"canton":{"0":"UR","1":"NW","2":"BE","3":"BL","4":"JU","5":"TI","6":"TG","7":"VD","8":"SG","9":"GR","10":"SH","11":"OW","12":"AG","13":"GE","14":"BS","15":"FR","16":"AR","17":"GL","18":"ZH","19":"SO","20":"NE","21":"LU","22":"VS","23":"SZ"},"main_mean":{"0":-0.0077909597,"1":0.0343545811,"2":0.0095431293,"3":0.005862594,"4":0.0039782884,"5":0.0026218543,"6":0.0041153478,"7":0.0145429868,"8":0.0206664997,"9":0.009253153,"10":0.0037558271,"11":-0.0208592252,"12":0.0193978752,"13":0.0308096208,"14":0.0075731147,"15":0.034369257,"16":0.099999,"17":0.0221398524,"18":0.0184120776,"19":0.0207920767,"20":0.0272340763,"21":0.0107231767,"22":-0.0037219022,"23":-0.0201836792},"sentiment_mean":{"0":0.0,"1":0.0,"2":0.0178306092,"3":0.0,"4":0.0,"5":0.0,"6":0.0,"7":0.0215264188,"8":0.025862069,"9":0.0172413793,"10":0.0166666667,"11":0.0,"12":0.036036036,"13":0.0110736639,"14":0.0148975791,"15":0.017699115,"16":0.3333333333,"17":0.0,"18":0.0290086069,"19":0.0344827586,"20":0.05,"21":0.0065789474,"22":0.0120481928,"23":0.0},"main_std":{"0":0.0222993184,"1":0.1143733626,"2":0.0866963265,"3":0.055251428,"4":0.108252391,"5":0.0610507021,"6":0.0195625452,"7":0.121860027,"8":0.1516515468,"9":0.0490690215,"10":0.0672720438,"11":0.0364761929,"12":0.1040273816,"13":0.1374634658,"14":0.0898619081,"15":0.1237052749,"16":0.1732033487,"17":null,"18":0.1172935843,"19":0.0878440899,"20":0.105558206,"21":0.0915854557,"22":0.0963442872,"23":0.0708324342},"sentiment_std":{"0":0.0,"1":0.0,"2":0.1324339047,"3":0.0,"4":0.0,"5":0.0,"6":0.0,"7":0.1581957672,"8":0.2453464949,"9":0.1313064329,"10":0.1290994449,"11":0.0,"12":0.1872250919,"13":0.1255916743,"14":0.1357732098,"15":0.1324427696,"16":0.5773502692,"17":null,"18":0.1734628342,"19":0.1856953382,"20":0.2207214279,"21":0.0811107106,"22":0.10976426,"23":0.0},"sentiment_pv":{"0":8.214871568e-33,"1":8.214871568e-33,"2":0.6401389454,"3":8.214871568e-33,"4":8.214871568e-33,"5":8.214871568e-33,"6":8.214871568e-33,"7":0.8699223078,"8":0.8096325411,"9":0.8583738502,"10":0.8268771293,"11":8.214871568e-33,"12":0.3813467848,"13":0.0041944149,"14":0.3720488584,"15":0.8336065611,"16":0.4468710894,"17":null,"18":0.0142196235,"19":0.6853090412,"20":0.4012121365,"21":0.0442803254,"22":0.4970659178,"23":8.214871568e-33},"main_pv":{"0":0.0108658393,"1":0.8082952584,"2":0.0072533427,"3":0.1205067809,"4":0.8302224836,"5":0.0007874385,"6":0.0012350754,"7":0.4009129607,"8":0.9179947514,"9":0.135180481,"10":0.0835134394,"11":0.1970093156,"12":0.9847708909,"13":0.0004278982,"14":0.0046289836,"15":0.1980366734,"16":0.5039593024,"17":null,"18":0.7477408984,"19":0.9235365506,"20":0.6342697281,"21":0.2624242189,"22":0.0342760585,"23":0.2817197549},"count":{"0":8,"1":4,"2":673,"3":44,"4":3,"5":170,"6":24,"7":511,"8":116,"9":58,"10":60,"11":3,"12":111,"13":2077,"14":537,"15":113,"16":3,"17":1,"18":3137,"19":29,"20":40,"21":152,"22":83,"23":5},"nb_en":{"0":1,"1":1,"2":170,"3":1,"4":0,"5":72,"6":2,"7":94,"8":17,"9":2,"10":13,"11":0,"12":14,"13":835,"14":137,"15":35,"16":0,"17":0,"18":1330,"19":1,"20":6,"21":27,"22":21,"23":1},"nb_de":{"0":7,"1":3,"2":470,"3":43,"4":0,"5":6,"6":22,"7":14,"8":99,"9":56,"10":47,"11":3,"12":97,"13":16,"14":392,"15":14,"16":3,"17":1,"18":1740,"19":28,"20":21,"21":122,"22":45,"23":4},"nb_fr":{"0":0,"1":0,"2":33,"3":0,"4":3,"5":92,"6":0,"7":403,"8":0,"9":0,"10":0,"11":0,"12":0,"13":1226,"14":8,"15":64,"16":0,"17":0,"18":67,"19":0,"20":13,"21":3,"22":17,"23":0}}