{"canton":{"0":"SG","1":"UR","2":"VS","3":"JU","4":"AG","5":"VD","6":"ZH","7":"SH","8":"BE","9":"BL","10":"GE","11":"BS","12":"TI","13":"SZ","14":"LU","15":"GR","16":"NE","17":"FR"},"main_mean":{"0":0.0249995486,"1":0.0208334201,"2":-0.0171409062,"3":0.0,"4":0.001452169,"5":0.0137345363,"6":0.020885814,"7":0.0,"8":-0.020338125,"9":0.0,"10":0.0090129306,"11":0.0117673532,"12":0.0298018846,"13":0.2083274307,"14":-0.0264383682,"15":-0.149997625,"16":-0.0074992007,"17":0.0413830753},"sentiment_mean":{"0":0.2666666667,"1":0.0,"2":0.0,"3":0.0,"4":-0.0666666667,"5":0.0641025641,"6":0.2986247544,"7":0.3333333333,"8":0.0943396226,"9":0.0,"10":0.0890243902,"11":0.1597222222,"12":0.2222222222,"13":0.1666666667,"14":0.2083333333,"15":0.0,"16":0.3,"17":0.3},"main_std":{"0":0.14923503,"1":0.2062373909,"2":0.2021250042,"3":null,"4":0.2978539397,"5":0.1626003216,"6":0.1379164122,"7":0.0527041885,"8":0.13177408,"9":0.0,"10":0.156426328,"11":0.1338888522,"12":0.1542384041,"13":0.2969662389,"14":0.1096220976,"15":0.1322856285,"16":0.1755219964,"17":0.1038697939},"sentiment_std":{"0":0.7037315505,"1":0.0,"2":0.6666666667,"3":null,"4":0.7037315505,"5":0.7087531321,"6":0.7145200579,"7":0.8164965809,"8":0.6731040211,"9":0.0,"10":0.7165420451,"11":0.7448019819,"12":0.6102925233,"13":0.7527726527,"14":0.6580053301,"15":0.0,"16":0.6749485577,"17":0.5712405706},"sentiment_pv":{"0":0.6775821206,"1":1.639562491e-37,"2":0.3934962671,"3":null,"4":0.1817909335,"5":0.1286313235,"6":0.0000439445,"7":0.6838621251,"8":0.0878151866,"9":1.639562491e-37,"10":0.0005465283,"11":0.6433977763,"12":0.6548369982,"13":0.9442203013,"14":0.889103023,"15":1.639562491e-37,"16":0.617172386,"17":0.3996134494},"main_pv":{"0":0.7623063597,"1":0.966196426,"2":0.6478883281,"3":null,"4":0.8820373123,"5":0.9721939813,"6":0.1382965907,"7":0.572364103,"8":0.0024339434,"9":0.0000137029,"10":0.5139658317,"11":0.9095296264,"12":0.3670430797,"13":0.1682496156,"14":0.0928982955,"15":0.1660837987,"16":0.7197006479,"17":0.2412265242},"count":{"0":15,"1":2,"2":10,"3":1,"4":15,"5":78,"6":1018,"7":6,"8":159,"9":6,"10":820,"11":144,"12":72,"13":6,"14":24,"15":3,"16":10,"17":20},"nb_en":{"0":15,"1":2,"2":10,"3":1,"4":15,"5":78,"6":1018,"7":6,"8":159,"9":6,"10":820,"11":144,"12":72,"13":6,"14":24,"15":3,"16":10,"17":20},"nb_de":{"0":0,"1":0,"2":0,"3":0,"4":0,"5":0,"6":0,"7":0,"8":0,"9":0,"10":0,"11":0,"12":0,"13":0,"14":0,"15":0,"16":0,"17":0}}