{"canton":{"0":"SG","1":"TI","2":"VS","3":"AG","4":"VD","5":"ZH","6":"TG","7":"BE","8":"BL","9":"GE","10":"BS","11":"AR","12":"SO","13":"LU","14":"OW","15":"GR","16":"NE","17":"FR"},"main_mean":{"0":0.0455765195,"1":0.0021377266,"2":0.0476478853,"3":-0.0122446006,"4":0.0301287284,"5":0.0117185273,"6":0.0,"7":0.0060979686,"8":-0.1666611113,"9":0.0321537084,"10":0.0098175181,"11":0.0892841624,"12":0.0,"13":0.0017470017,"14":0.099999,"15":0.0333327778,"16":-0.025640171,"17":0.0144962536},"sentiment_mean":{"0":0.1333333333,"1":0.0097087379,"2":0.0,"3":0.0,"4":0.0458715596,"5":0.0204350692,"6":0.0,"7":0.0045248869,"8":0.0,"9":0.0106485963,"10":0.0296296296,"11":0.0,"12":0.0,"13":0.0,"14":0.0,"15":0.0,"16":0.0,"17":0.0},"main_std":{"0":0.1735775794,"1":0.1132785635,"2":0.0836315126,"3":0.1417627179,"4":0.2021556315,"5":0.1478171163,"6":0.0,"7":0.1562097517,"8":0.2356944039,"9":0.1454259598,"10":0.1187852376,"11":0.0951613589,"12":0.0,"13":0.2145650523,"14":null,"15":0.074534357,"16":0.0924469511,"17":0.0615000759},"sentiment_std":{"0":0.3518657753,"1":0.0985329278,"2":0.0,"3":0.0,"4":0.2101728169,"5":0.1590840223,"6":0.0,"7":0.0672672794,"8":0.0,"9":0.1026908577,"10":0.1701948287,"11":0.0,"12":0.0,"13":0.0,"14":null,"15":0.0,"16":0.0,"17":0.0},"sentiment_pv":{"0":0.2210226298,"1":0.4724097172,"2":0.0,"3":0.0,"4":0.1561831546,"5":0.4597349197,"6":0.0,"7":0.016222763,"8":0.0,"9":0.1178632849,"10":0.3935481889,"11":0.0,"12":0.0,"13":0.0,"14":null,"15":0.0,"16":0.0,"17":0.0},"main_pv":{"0":0.5510858531,"1":0.1648647804,"2":0.1813416295,"3":0.5913470183,"4":0.5412981265,"5":0.1615894282,"6":0.0,"7":0.2662842177,"8":0.4671088987,"9":0.0073790135,"10":0.430354592,"11":0.1267829768,"12":0.0,"13":0.6237963339,"14":null,"15":0.6731882053,"16":0.1144625785,"17":0.8012410606},"count":{"0":15,"1":103,"2":16,"3":7,"4":109,"5":1517,"6":3,"7":221,"8":2,"9":1033,"10":135,"11":6,"12":3,"13":42,"14":1,"15":5,"16":13,"17":19},"nb_en":{"0":15,"1":103,"2":16,"3":7,"4":109,"5":1517,"6":3,"7":221,"8":2,"9":1033,"10":135,"11":6,"12":3,"13":42,"14":1,"15":5,"16":13,"17":19},"nb_de":{"0":0,"1":0,"2":0,"3":0,"4":0,"5":0,"6":0,"7":0,"8":0,"9":0,"10":0,"11":0,"12":0,"13":0,"14":0,"15":0,"16":0,"17":0}}