{"canton":{"0":"SG","1":"UR","2":"VS","3":"SO","4":"AG","5":"TG","6":"ZH","7":"VD","8":"BE","9":"BL","10":"NW","11":"SH","12":"TI","13":"SZ","14":"LU","15":"GE","16":"GR","17":"NE","18":"FR","19":"BS"},"main_mean":{"0":0.0235289412,"1":0.0,"2":-0.0378984854,"3":0.0,"4":0.0441908295,"5":0.0,"6":0.027504176,"7":0.0310506481,"8":0.0158367299,"9":0.3333222226,"10":0.1999960001,"11":0.0139089354,"12":0.0006443428,"13":-0.1428551021,"14":0.0723563677,"15":0.0189976927,"16":0.0000003333,"17":0.0388883519,"18":0.0194728531,"19":0.0013558898},"sentiment_mean":{"0":0.0,"1":0.0,"2":0.0,"3":0.0,"4":0.0714285714,"5":0.0,"6":0.0330827068,"7":0.0425531915,"8":0.0117647059,"9":0.0,"10":0.0,"11":0.0,"12":0.0,"13":0.0,"14":0.037037037,"15":0.005988024,"16":0.5,"17":0.0,"18":0.0285714286,"19":0.0},"main_std":{"0":0.129701214,"1":null,"2":0.1436009914,"3":null,"4":0.2333146686,"5":0.0,"6":0.1564890642,"7":0.1882907621,"8":0.1405668511,"9":null,"10":null,"11":0.0992008398,"12":0.0788973195,"13":null,"14":0.2023296377,"15":0.1408521213,"16":0.2828403555,"17":0.0680403022,"18":0.1343251247,"19":0.1280627896},"sentiment_std":{"0":0.0,"1":null,"2":0.0,"3":null,"4":0.2672612419,"5":0.0,"6":0.1830770373,"7":0.2503714925,"8":0.1081438497,"9":null,"10":null,"11":0.0,"12":0.0,"13":null,"14":0.1924500897,"15":0.1146889228,"16":0.7071067812,"17":0.0,"18":0.1690308509,"19":0.0},"sentiment_pv":{"0":0.0,"1":null,"2":0.0,"3":null,"4":0.4948492189,"5":0.0,"6":0.041985059,"7":0.4139132171,"8":0.2840511543,"9":null,"10":null,"11":0.0,"12":0.0,"13":null,"14":0.6738430813,"15":0.0021247879,"16":0.5137984185,"17":0.0,"18":0.7995958452,"19":0.0},"main_pv":{"0":0.9690372764,"1":null,"2":0.0699773288,"3":null,"4":0.7312199117,"5":0.0,"6":0.3102627196,"7":0.6561079015,"8":0.5637108445,"9":null,"10":null,"11":0.7671252132,"12":0.0286636567,"13":null,"14":0.2108513863,"15":0.5601781676,"16":0.9293613308,"17":0.5774380959,"18":0.9029241999,"19":0.0659907963},"count":{"0":17,"1":1,"2":21,"3":1,"4":14,"5":2,"6":1330,"7":94,"8":170,"9":1,"10":1,"11":13,"12":72,"13":1,"14":27,"15":835,"16":2,"17":6,"18":35,"19":137},"nb_en":{"0":17,"1":1,"2":21,"3":1,"4":14,"5":2,"6":1330,"7":94,"8":170,"9":1,"10":1,"11":13,"12":72,"13":1,"14":27,"15":835,"16":2,"17":6,"18":35,"19":137},"nb_de":{"0":0,"1":0,"2":0,"3":0,"4":0,"5":0,"6":0,"7":0,"8":0,"9":0,"10":0,"11":0,"12":0,"13":0,"14":0,"15":0,"16":0,"17":0,"18":0,"19":0}}