{"canton":{"0":"NE","1":"GE","2":"TG","3":"BE","4":"SZ","5":"GL","6":"UR","7":"FR","8":"BS","9":"BL","10":"ZH","11":"OW","12":"VD","13":"SG","14":"GR","15":"AR","16":"LU","17":"TI","18":"JU","19":"AG","20":"SH","21":"VS","22":"SO","23":"NW"},"main_mean":{"0":0.0386656621,"1":0.0234338218,"2":-0.0094712373,"3":0.0118607352,"4":-0.0000999992,"5":0.0,"6":-0.0160706994,"7":0.0201902217,"8":0.0075465712,"9":0.0268034718,"10":0.0156289846,"11":0.0003851775,"12":0.0235444441,"13":0.0420527774,"14":0.0105957891,"15":0.0146921947,"16":0.0289823463,"17":0.0088257349,"18":-0.0066812514,"19":0.0110086838,"20":0.00107806,"21":0.0096861322,"22":0.0314454044,"23":0.0},"sentiment_mean":{"0":0.2631578947,"1":0.0626450116,"2":0.0,"3":0.0802792321,"4":0.0,"5":0.0,"6":0.0,"7":0.0454545455,"8":0.0406779661,"9":0.027027027,"10":0.2176566314,"11":0.0,"12":0.0688172043,"13":0.1512195122,"14":0.0,"15":0.0,"16":0.0873786408,"17":0.048951049,"18":-0.125,"19":0.0823529412,"20":0.0222222222,"21":0.0697674419,"22":0.08,"23":0.0},"main_std":{"0":0.1453664005,"1":0.1404505802,"2":0.0663977143,"3":0.120058676,"4":0.0001999983,"5":null,"6":0.0321413988,"7":0.115069483,"8":0.0855788325,"9":0.1648367366,"10":0.1308405475,"11":0.0004073319,"12":0.1297785549,"13":0.1471253488,"14":0.0368589817,"15":null,"16":0.1073477859,"17":0.1172696675,"18":0.026832143,"19":0.0904374713,"20":0.0266449209,"21":0.1034810441,"22":0.1535225273,"23":null},"sentiment_std":{"0":0.4524139284,"1":0.4355078591,"2":0.3651483717,"3":0.4229168513,"4":0.0,"5":null,"6":0.0,"7":0.2586032735,"8":0.3568959958,"9":0.1643989873,"10":0.5430411142,"11":0.0,"12":0.3141691611,"13":0.3979863231,"14":0.0,"15":null,"16":0.3460362702,"17":0.5350881371,"18":0.3535533906,"19":0.3522635886,"20":0.2108185107,"21":0.5068741197,"22":0.2768874621,"23":null},"sentiment_pv":{"0":0.1785527173,"1":0.0000004112,"2":0.2174637839,"3":0.0434016213,"4":4.546947646e-100,"5":null,"6":4.546947646e-100,"7":0.0117195434,"8":0.000001093,"9":0.0021401729,"10":4.20759777e-16,"11":4.546947646e-100,"12":0.0017607811,"13":0.2379117891,"14":4.546947646e-100,"15":null,"16":0.3818941029,"17":0.1294078528,"18":0.0934153137,"19":0.3623253006,"20":0.0000643114,"21":0.5395404562,"22":0.5044838775,"23":null},"main_pv":{"0":0.5458875383,"1":0.1161680789,"2":0.1183201009,"3":0.2327851688,"4":6.727515107e-33,"5":null,"6":0.1228341703,"7":0.8671941205,"8":0.0059674743,"9":0.7507850177,"10":0.4134256369,"11":2.465987921e-31,"12":0.3822448165,"13":0.0221614339,"14":0.4800906909,"15":null,"16":0.3115456344,"17":0.3505771335,"18":0.0348722073,"19":0.4757491045,"20":0.0000003419,"21":0.5975870513,"22":0.6684731409,"23":null},"count":{"0":19,"1":2155,"2":16,"3":573,"4":4,"5":1,"6":4,"7":88,"8":590,"9":37,"10":2458,"11":27,"12":465,"13":205,"14":13,"15":1,"16":103,"17":143,"18":8,"19":85,"20":90,"21":43,"22":25,"23":1},"nb_en":{"0":5,"1":743,"2":5,"3":174,"4":1,"5":0,"6":0,"7":16,"8":143,"9":0,"10":1181,"11":1,"12":81,"13":14,"14":1,"15":0,"16":27,"17":95,"18":3,"19":14,"20":8,"21":16,"22":3,"23":0},"nb_de":{"0":0,"1":13,"2":11,"3":381,"4":3,"5":1,"6":4,"7":11,"8":441,"9":37,"10":1233,"11":26,"12":21,"13":191,"14":12,"15":1,"16":76,"17":4,"18":0,"19":70,"20":82,"21":18,"22":22,"23":1}}