{"canton":{"0":"SG","1":"JU","2":"VS","3":"UR","4":"AG","5":"VD","6":"ZH","7":"TG","8":"SO","9":"BE","10":"BL","11":"GE","12":"SH","13":"TI","14":"SZ","15":"LU","16":"GR","17":"NE","18":"FR","19":"BS"},"main_mean":{"0":0.1233395628,"1":0.0416661458,"2":-0.0011872291,"3":0.0,"4":0.1213657313,"5":0.0310901568,"6":0.0197968628,"7":0.0,"8":0.1833299445,"9":0.0202226021,"10":0.099998,"11":0.0156532737,"12":-0.0103534251,"13":0.029172882,"14":-0.0481470206,"15":0.0349485422,"16":0.0109889265,"17":0.0204078717,"18":0.0059830395,"19":0.0159242526},"sentiment_mean":{"0":0.2352941176,"1":0.6666666667,"2":0.0,"3":1.0,"4":0.2857142857,"5":0.2989690722,"6":0.2017368069,"7":0.1666666667,"8":1.0,"9":0.2262443439,"10":0.5,"11":0.1194464676,"12":0.2,"13":0.2528735632,"14":0.1666666667,"15":0.25,"16":0.5714285714,"17":0.4285714286,"18":0.0384615385,"19":0.22},"main_std":{"0":0.2132520307,"1":0.0721678816,"2":0.1316534533,"3":null,"4":0.2673298526,"5":0.1881481405,"6":0.1363364547,"7":0.0,"8":0.0235693618,"9":0.1128942412,"10":0.1414185279,"11":0.1140768695,"12":0.0542444178,"13":0.1300651714,"14":0.1780057254,"15":0.1115067966,"16":0.0290739666,"17":0.0539941534,"18":0.1628562477,"19":0.1258622184},"sentiment_std":{"0":0.6642111642,"1":0.5773502692,"2":0.7302967433,"3":null,"4":0.6112498455,"5":0.6481536028,"6":0.7244191313,"7":0.4082482905,"8":0.0,"9":0.6898213959,"10":0.7071067812,"11":0.7031845405,"12":0.632455532,"13":0.5544406527,"14":0.7527726527,"15":0.6454972244,"16":0.5345224838,"17":0.5345224838,"18":0.5987165761,"19":0.6841444959},"sentiment_pv":{"0":0.724259786,"1":0.2797297076,"2":0.3477117278,"3":null,"4":0.5195093397,"5":0.0717364312,"6":0.2697016279,"7":0.9516488604,"8":0.0,"9":0.3077361348,"10":0.6351246732,"11":0.0096515253,"12":0.9123023428,"13":0.2155660463,"14":0.9737257501,"15":0.5579531935,"16":0.0990803857,"17":0.2604313708,"18":0.2502167866,"19":0.4556957054},"main_pv":{"0":0.0616089478,"1":0.6455622903,"2":0.5433897605,"3":null,"4":0.1769341416,"5":0.5417686269,"6":0.9079744219,"7":5.463374242e-19,"8":0.0605862521,"9":0.9089842284,"10":0.567784875,"11":0.3296075426,"12":0.1192003258,"13":0.4867698814,"14":0.3959388495,"15":0.466854874,"16":0.4830900492,"17":0.9593770398,"18":0.6804911796,"19":0.7468803383},"count":{"0":17,"1":3,"2":16,"3":1,"4":14,"5":97,"6":1497,"7":6,"8":2,"9":221,"10":2,"11":1373,"12":10,"13":87,"14":6,"15":28,"16":7,"17":7,"18":26,"19":150},"nb_en":{"0":17,"1":3,"2":16,"3":1,"4":14,"5":97,"6":1497,"7":6,"8":2,"9":221,"10":2,"11":1373,"12":10,"13":87,"14":6,"15":28,"16":7,"17":7,"18":26,"19":150},"nb_de":{"0":0,"1":0,"2":0,"3":0,"4":0,"5":0,"6":0,"7":0,"8":0,"9":0,"10":0,"11":0,"12":0,"13":0,"14":0,"15":0,"16":0,"17":0,"18":0,"19":0}}