{"canton":{"0":"UR","1":"NW","2":"BE","3":"BL","4":"JU","5":"TI","6":"TG","7":"VD","8":"SG","9":"GR","10":"SH","11":"OW","12":"AG","13":"GE","14":"BS","15":"FR","16":"AR","17":"ZH","18":"SO","19":"NE","20":"LU","21":"VS","22":"SZ"},"main_mean":{"0":0.0005117796,"1":-0.0189481406,"2":0.0140855237,"3":0.0027219056,"4":0.0431652234,"5":0.0042112946,"6":-0.0068531584,"7":0.0262395787,"8":0.0222397874,"9":0.0144279136,"10":0.0104268974,"11":-0.1274368557,"12":0.0069917246,"13":0.0147615702,"14":0.0192409762,"15":0.0491860353,"16":0.0174150026,"17":0.0150462444,"18":0.0087276968,"19":0.0327625377,"20":0.0044074138,"21":0.0006123133,"22":-0.0222391362},"sentiment_mean":{"0":0.0,"1":0.0,"2":0.0657395702,"3":0.0666666667,"4":0.0,"5":0.0693069307,"6":0.0,"7":0.0867346939,"8":0.0810810811,"9":0.0333333333,"10":0.0617283951,"11":-0.3333333333,"12":0.0416666667,"13":0.0399070128,"14":0.0747028862,"15":0.0317460317,"16":0.125,"17":0.2374287195,"18":0.0227272727,"19":0.1891891892,"20":0.0337078652,"21":0.0666666667,"22":0.0},"main_std":{"0":0.0004013338,"1":0.0280537822,"2":0.102147376,"3":0.0326723904,"4":0.0210187147,"5":0.0670711398,"6":0.0511039193,"7":0.1534970971,"8":0.1188723973,"9":0.0718126104,"10":0.0700395829,"11":0.179980922,"12":0.0693707776,"13":0.142539458,"14":0.1183086477,"15":0.1479386518,"16":0.0332752707,"17":0.1131112084,"18":0.0825631254,"19":0.080320615,"20":0.064251746,"21":0.0894178798,"22":0.0655813234},"sentiment_std":{"0":0.0,"1":0.0,"2":0.3460107966,"3":0.2537081317,"4":0.0,"5":0.4174651233,"6":0.0,"7":0.3564363906,"8":0.3597715358,"9":0.1810203347,"10":0.2892092241,"11":0.5773502692,"12":0.2866493191,"13":0.5159808818,"14":0.3704957907,"15":0.3081949496,"16":0.3415650255,"17":0.5452116241,"18":0.2631328574,"19":0.397061277,"20":0.2792013712,"21":0.3620406694,"22":0.3922322703},"sentiment_pv":{"0":3.698306173e-141,"1":3.698306173e-141,"2":0.0000028726,"3":0.196721438,"4":3.698306173e-141,"5":0.0493905294,"6":3.698306173e-141,"7":0.0077306863,"8":0.1182438165,"9":0.0001835637,"10":0.0441040311,"11":0.3004093194,"12":0.000517166,"13":0.0,"14":0.0009101833,"15":0.0007352071,"16":0.9707229043,"17":4.604961796e-27,"18":0.0114613267,"19":0.3576086873,"20":0.0000182855,"21":0.1955211848,"22":0.2434934674},"main_pv":{"0":6.927099595e-33,"1":0.3313930604,"2":0.7048291938,"3":0.0434562594,"4":0.0774120539,"5":0.0211239179,"6":0.0178144232,"7":0.0976574363,"8":0.4973943314,"9":0.9057692391,"10":0.5182291038,"11":0.3026518226,"12":0.150240673,"13":0.7997553311,"14":0.4621024695,"15":0.0122314194,"16":0.8264475653,"17":0.8227679926,"18":0.5887906707,"19":0.2022010385,"20":0.0262796453,"21":0.2034524164,"22":0.0507510031},"count":{"0":6,"1":2,"2":791,"3":30,"4":4,"5":202,"6":33,"7":588,"8":148,"9":60,"10":81,"11":3,"12":144,"13":2581,"14":589,"15":126,"16":16,"17":3858,"18":44,"19":37,"20":178,"21":60,"22":14},"nb_en":{"0":1,"1":0,"2":142,"3":3,"4":0,"5":75,"6":1,"7":102,"8":16,"9":8,"10":8,"11":1,"12":20,"13":1219,"14":161,"15":26,"16":2,"17":1891,"18":2,"19":18,"20":36,"21":15,"22":6},"nb_de":{"0":5,"1":2,"2":598,"3":27,"4":0,"5":2,"6":32,"7":8,"8":132,"9":52,"10":73,"11":2,"12":123,"13":17,"14":414,"15":36,"16":14,"17":1889,"18":42,"19":6,"20":141,"21":27,"22":8},"nb_fr":{"0":0,"1":0,"2":51,"3":0,"4":4,"5":125,"6":0,"7":478,"8":0,"9":0,"10":0,"11":0,"12":1,"13":1345,"14":14,"15":64,"16":0,"17":78,"18":0,"19":13,"20":1,"21":18,"22":0}}