{"canton":{"0":"SG","1":"TI","2":"JU","3":"VS","4":"SZ","5":"AG","6":"VD","7":"ZH","8":"TG","9":"BE","10":"GE","11":"SH","12":"AR","13":"SO","14":"LU","15":"GR","16":"NE","17":"FR","18":"BS"},"main_mean":{"0":0.151785523,"1":-0.0376662325,"2":0.0,"3":-0.000396931,"4":0.0235288028,"5":0.0889215395,"6":-0.0235270142,"7":0.0194926765,"8":0.0,"9":0.0118161249,"10":0.0164893859,"11":0.0518509794,"12":0.0,"13":-0.0624968752,"14":-0.047880121,"15":-0.1111098766,"16":0.0104163629,"17":0.0383109196,"18":0.0140747014},"sentiment_mean":{"0":0.125,"1":0.0,"2":0.0,"3":0.0,"4":0.0,"5":0.0952380952,"6":0.0133333333,"7":0.0114660115,"8":0.0,"9":0.0,"10":0.0072463768,"11":0.0,"12":0.0,"13":0.0,"14":-0.0476190476,"15":0.0,"16":0.0,"17":0.0,"18":0.0111111111},"main_std":{"0":0.3548856056,"1":0.1990697828,"2":null,"3":0.0624330399,"4":0.1064570944,"5":0.3098552527,"6":0.2169411499,"7":0.1321713472,"8":null,"9":0.1130634198,"10":0.1442947784,"11":0.0851030673,"12":null,"13":0.1767678569,"14":0.1250085216,"15":null,"16":0.1196765903,"17":0.0892340436,"18":0.1371261433},"sentiment_std":{"0":0.3535533906,"1":0.0,"2":null,"3":0.0,"4":0.0,"5":0.3007926038,"6":0.1154700538,"7":0.10650743,"8":null,"9":0.0,"10":0.1202401956,"11":0.0,"12":null,"13":0.0,"14":0.2182178902,"15":null,"16":0.0,"17":0.0,"18":0.1051144037},"sentiment_pv":{"0":0.3850381618,"1":0.0000131055,"2":null,"3":0.0000131055,"4":0.0000131055,"5":0.2048784641,"6":0.7591946504,"7":0.537250601,"8":null,"9":0.0000131055,"10":0.6792499231,"11":0.0000131055,"12":null,"13":0.0000131055,"14":0.2472978788,"15":null,"16":0.0000131055,"17":0.0000131055,"18":0.8121752723},"main_pv":{"0":0.3100220774,"1":0.0081756724,"2":null,"3":0.4319066534,"4":0.8430768921,"5":0.2841743481,"6":0.1359640533,"7":0.2822664725,"8":null,"9":0.7571044064,"10":0.7222336256,"11":0.3317193089,"12":null,"13":0.2582572838,"14":0.0339419284,"15":null,"16":0.9504932972,"17":0.2076199246,"18":0.971514511},"count":{"0":8,"1":108,"2":1,"3":12,"4":6,"5":21,"6":75,"7":1221,"8":1,"9":197,"10":828,"11":6,"12":1,"13":8,"14":21,"15":1,"16":4,"17":24,"18":180},"nb_en":{"0":8,"1":108,"2":1,"3":12,"4":6,"5":21,"6":75,"7":1221,"8":1,"9":197,"10":828,"11":6,"12":1,"13":8,"14":21,"15":1,"16":4,"17":24,"18":180},"nb_de":{"0":0,"1":0,"2":0,"3":0,"4":0,"5":0,"6":0,"7":0,"8":0,"9":0,"10":0,"11":0,"12":0,"13":0,"14":0,"15":0,"16":0,"17":0,"18":0}}