{"canton":{"0":"UR","1":"BE","2":"BL","3":"TI","4":"NW","5":"VD","6":"GR","7":"SG","8":"JU","9":"SH","10":"OW","11":"AG","12":"GE","13":"BS","14":"FR","15":"AR","16":"GL","17":"ZH","18":"SO","19":"NE","20":"LU","21":"AI","22":"VS","23":"SZ","24":"TG"},"main_mean":{"0":0.0021920107,"1":0.0133712027,"2":0.0042273861,"3":0.0130875422,"4":0.00005202,"5":0.0338445861,"6":-0.0177713861,"7":0.0338671726,"8":0.0663151273,"9":0.0032167202,"10":-0.0122137143,"11":0.0496673616,"12":0.02008996,"13":0.0122133197,"14":0.0225811948,"15":0.0259959928,"16":0.0179284434,"17":0.0194127189,"18":0.0105365557,"19":0.0436801261,"20":0.0140760065,"21":0.0119110063,"22":0.0080133288,"23":0.0804886568,"24":0.0046436712},"sentiment_mean":{"0":0.0,"1":0.0592885375,"2":0.0,"3":0.0970149254,"4":0.0,"5":0.0745098039,"6":-0.0769230769,"7":0.1194029851,"8":0.0,"9":0.0142857143,"10":0.0,"11":0.0943396226,"12":0.0589569161,"13":0.0415282392,"14":0.0555555556,"15":0.0714285714,"16":0.0,"17":0.1255592007,"18":0.0882352941,"19":0.064516129,"20":0.0875576037,"21":0.0,"22":0.0909090909,"23":0.4,"24":0.0},"main_std":{"0":0.0326505491,"1":0.1103668056,"2":0.0122167141,"3":0.1132249582,"4":0.0004757178,"5":0.1332010178,"6":0.0982227411,"7":0.1298190001,"8":0.0610054014,"9":0.0223249358,"10":0.0243274912,"11":0.1939841868,"12":0.1305311279,"13":0.0940488335,"14":0.1268544304,"15":0.102835365,"16":0.0253546478,"17":0.1190892017,"18":0.0255125967,"19":0.1299511719,"20":0.0651462397,"21":0.0197707875,"22":0.1177785213,"23":0.0754642097,"24":0.017212097},"sentiment_std":{"0":0.0,"1":0.4082461617,"2":0.0,"3":0.4728636642,"4":0.0,"5":0.3578165269,"6":0.2699527624,"7":0.3701919265,"8":0.0,"9":0.1195228609,"10":0.0,"11":0.4030432303,"12":0.5080831396,"13":0.4756321549,"14":0.2584996457,"15":0.2672612419,"16":0.0,"17":0.500041638,"18":0.2879022413,"19":0.4423787119,"20":0.2833039652,"21":0.0,"22":0.3481553119,"23":0.5477225575,"24":0.0},"sentiment_pv":{"0":6.685681819e-64,"1":0.0980900753,"2":6.685681819e-64,"3":0.774260878,"4":6.685681819e-64,"5":0.5207064668,"6":0.0006161865,"7":0.4546995347,"8":6.685681819e-64,"9":0.0000103083,"10":6.685681819e-64,"11":0.8170651976,"12":0.0178951272,"13":0.0295495795,"14":0.1821987639,"15":0.8505558474,"16":6.685681819e-64,"17":0.0000531579,"18":0.9514032743,"19":0.7968843895,"20":0.9051891985,"21":6.685681819e-64,"22":0.9039901376,"23":0.268116644,"24":6.685681819e-64},"main_pv":{"0":0.2142290754,"1":0.1533623686,"2":0.0000160112,"3":0.5245454503,"4":1.905300469e-47,"5":0.0168874996,"6":0.023753316,"7":0.3658719545,"8":0.2214986965,"9":0.000000322,"10":0.0797547462,"11":0.1117487686,"12":0.8030497205,"13":0.0765473433,"14":0.7641970102,"15":0.8137345951,"16":0.9485625334,"17":0.9895562334,"18":0.0596530147,"19":0.3068134596,"20":0.2503116234,"21":0.5807544473,"22":0.4785841524,"23":0.1444474565,"24":0.0013607108},"count":{"0":7,"1":759,"2":21,"3":134,"4":4,"5":510,"6":39,"7":67,"8":4,"9":70,"10":4,"11":106,"12":2646,"13":602,"14":144,"15":14,"16":2,"17":3353,"18":34,"19":31,"20":217,"21":3,"22":55,"23":5,"24":20},"nb_en":{"0":0,"1":225,"2":0,"3":81,"4":0,"5":109,"6":2,"7":13,"8":1,"9":6,"10":0,"11":22,"12":1320,"13":202,"14":33,"15":0,"16":0,"17":1488,"18":4,"19":13,"20":28,"21":0,"22":12,"23":2,"24":2},"nb_de":{"0":7,"1":488,"2":21,"3":3,"4":4,"5":17,"6":36,"7":53,"8":0,"9":64,"10":4,"11":84,"12":13,"13":390,"14":44,"15":14,"16":2,"17":1782,"18":30,"19":5,"20":189,"21":3,"22":34,"23":2,"24":18},"nb_fr":{"0":0,"1":46,"2":0,"3":50,"4":0,"5":384,"6":1,"7":1,"8":3,"9":0,"10":0,"11":0,"12":1313,"13":10,"14":67,"15":0,"16":0,"17":83,"18":0,"19":13,"20":0,"21":0,"22":9,"23":1,"24":0}}