{"canton":{"0":"NE","1":"GE","2":"TG","3":"BE","4":"SZ","5":"SO","6":"UR","7":"FR","8":"BS","9":"ZH","10":"OW","11":"VD","12":"SG","13":"GR","14":"AR","15":"LU","16":"GL","17":"TI","18":"JU","19":"AG","20":"SH","21":"VS","22":"AI","23":"BL","24":"NW"},"main_mean":{"0":0.0436801261,"1":0.02008996,"2":0.0046436712,"3":0.0133712027,"4":0.0804886568,"5":0.0105365557,"6":0.0021920107,"7":0.0225811948,"8":0.0122133197,"9":0.0194127189,"10":-0.0122137143,"11":0.0338445861,"12":0.0338671726,"13":-0.0177713861,"14":0.0259959928,"15":0.0140760065,"16":0.0179284434,"17":0.0130875422,"18":0.0663151273,"19":0.0496673616,"20":0.0032167202,"21":0.0080133288,"22":0.0119110063,"23":0.0042273861,"24":0.00005202},"sentiment_mean":{"0":0.064516129,"1":0.0589569161,"2":0.0,"3":0.0592885375,"4":0.4,"5":0.0882352941,"6":0.0,"7":0.0555555556,"8":0.0415282392,"9":0.1255592007,"10":0.0,"11":0.0745098039,"12":0.1194029851,"13":-0.0769230769,"14":0.0714285714,"15":0.0875576037,"16":0.0,"17":0.0970149254,"18":0.0,"19":0.0943396226,"20":0.0142857143,"21":0.0909090909,"22":0.0,"23":0.0,"24":0.0},"main_std":{"0":0.1299511719,"1":0.1305311279,"2":0.017212097,"3":0.1103668056,"4":0.0754642097,"5":0.0255125967,"6":0.0326505491,"7":0.1268544304,"8":0.0940488335,"9":0.1190892017,"10":0.0243274912,"11":0.1332010178,"12":0.1298190001,"13":0.0982227411,"14":0.102835365,"15":0.0651462397,"16":0.0253546478,"17":0.1132249582,"18":0.0610054014,"19":0.1939841868,"20":0.0223249358,"21":0.1177785213,"22":0.0197707875,"23":0.0122167141,"24":0.0004757178},"sentiment_std":{"0":0.4423787119,"1":0.5080831396,"2":0.0,"3":0.4082461617,"4":0.5477225575,"5":0.2879022413,"6":0.0,"7":0.2584996457,"8":0.4756321549,"9":0.500041638,"10":0.0,"11":0.3578165269,"12":0.3701919265,"13":0.2699527624,"14":0.2672612419,"15":0.2833039652,"16":0.0,"17":0.4728636642,"18":0.0,"19":0.4030432303,"20":0.1195228609,"21":0.3481553119,"22":0.0,"23":0.0,"24":0.0},"sentiment_pv":{"0":0.7968843895,"1":0.0178951272,"2":6.685681819e-64,"3":0.0980900753,"4":0.268116644,"5":0.9514032743,"6":6.685681819e-64,"7":0.1821987639,"8":0.0295495795,"9":0.0000531579,"10":6.685681819e-64,"11":0.5207064668,"12":0.4546995347,"13":0.0006161865,"14":0.8505558474,"15":0.9051891985,"16":6.685681819e-64,"17":0.774260878,"18":6.685681819e-64,"19":0.8170651976,"20":0.0000103083,"21":0.9039901376,"22":6.685681819e-64,"23":6.685681819e-64,"24":6.685681819e-64},"main_pv":{"0":0.3068134596,"1":0.8030497205,"2":0.0013607108,"3":0.1533623686,"4":0.1444474565,"5":0.0596530147,"6":0.2142290754,"7":0.7641970102,"8":0.0765473433,"9":0.9895562334,"10":0.0797547462,"11":0.0168874996,"12":0.3658719545,"13":0.023753316,"14":0.8137345951,"15":0.2503116234,"16":0.9485625334,"17":0.5245454503,"18":0.2214986965,"19":0.1117487686,"20":0.000000322,"21":0.4785841524,"22":0.5807544473,"23":0.0000160112,"24":1.905300469e-47},"count":{"0":31,"1":2646,"2":20,"3":759,"4":5,"5":34,"6":7,"7":144,"8":602,"9":3353,"10":4,"11":510,"12":67,"13":39,"14":14,"15":217,"16":2,"17":134,"18":4,"19":106,"20":70,"21":55,"22":3,"23":21,"24":4},"nb_en":{"0":13,"1":1320,"2":2,"3":225,"4":2,"5":4,"6":0,"7":33,"8":202,"9":1488,"10":0,"11":109,"12":13,"13":2,"14":0,"15":28,"16":0,"17":81,"18":1,"19":22,"20":6,"21":12,"22":0,"23":0,"24":0},"nb_de":{"0":5,"1":13,"2":18,"3":488,"4":2,"5":30,"6":7,"7":44,"8":390,"9":1782,"10":4,"11":17,"12":53,"13":36,"14":14,"15":189,"16":2,"17":3,"18":0,"19":84,"20":64,"21":34,"22":3,"23":21,"24":4}}