{"canton":{"0":"SG","1":"TI","2":"UR","3":"VS","4":"SO","5":"AG","6":"TG","7":"ZH","8":"VD","9":"BE","10":"BL","11":"NW","12":"SH","13":"AI","14":"SZ","15":"LU","16":"GE","17":"GR","18":"NE","19":"FR","20":"BS"},"main_mean":{"0":0.0561553486,"1":0.020313668,"2":-0.3999920002,"3":0.0106060076,"4":0.0357137755,"5":0.0283499996,"6":0.0833315278,"7":0.0300006812,"8":0.0444242094,"9":0.0267576558,"10":0.0884607426,"11":0.0,"12":0.0102040087,"13":0.0,"14":-0.0833326389,"15":0.1005515556,"16":0.0138510147,"17":0.0374973751,"18":0.0551277426,"19":0.0325810378,"20":0.0137721625},"sentiment_mean":{"0":0.4444444444,"1":0.1944444444,"2":-1.0,"3":0.3636363636,"4":0.0,"5":0.2962962963,"6":0.8,"7":0.3065057009,"8":0.3092783505,"9":0.2094240838,"10":0.0,"11":0.0,"12":0.4285714286,"13":0.0,"14":-0.5,"15":0.3255813953,"16":0.0879864636,"17":0.25,"18":0.5,"19":0.2105263158,"20":0.0993377483},"main_std":{"0":0.1352392191,"1":0.1548700388,"2":null,"3":0.0578656272,"4":0.071427551,"5":0.2757506077,"6":0.1178484295,"7":0.163057607,"8":0.1743286689,"9":0.1675969054,"10":0.0163175601,"11":null,"12":0.0269972695,"13":null,"14":0.1178501481,"15":0.2402855147,"16":0.1332745796,"17":0.199544115,"18":0.0653463628,"19":0.0798539568,"20":0.1315350415},"sentiment_std":{"0":0.7838233761,"1":0.5873802655,"2":null,"3":0.6741998625,"4":0.8164965809,"5":0.6688000055,"6":0.4472135955,"7":0.7051711652,"8":0.7124024018,"9":0.6473550911,"10":0.0,"11":null,"12":0.5345224838,"13":null,"14":0.7071067812,"15":0.6063524919,"16":0.7000964055,"17":0.7071067812,"18":0.5477225575,"19":0.6306035353,"20":0.7188413537},"sentiment_pv":{"0":0.2258625582,"1":0.7638166699,"2":null,"3":0.4730885021,"4":0.639743807,"5":0.5192594102,"6":0.0422039804,"7":0.0000159831,"8":0.1869980286,"9":0.9600203838,"10":6.725430959e-66,"11":null,"12":0.3251544265,"13":null,"14":0.3897114148,"15":0.229210585,"16":0.0000001858,"17":0.8831405457,"18":0.2542208611,"19":0.9928139595,"20":0.0614016185},"main_pv":{"0":0.335225428,"1":0.7853619092,"2":null,"3":0.4502885118,"4":0.7734332629,"5":0.9419823722,"6":0.3266849523,"7":0.2652995784,"8":0.2669751117,"9":0.8524229276,"10":0.0991206658,"11":null,"12":0.2197391151,"13":null,"14":0.4188402305,"15":0.0444228834,"16":0.0241587984,"17":0.8585577398,"18":0.3032883379,"19":0.6653170058,"20":0.3344810183},"count":{"0":18,"1":108,"2":1,"3":11,"4":4,"5":27,"6":5,"7":1491,"8":97,"9":191,"10":2,"11":1,"12":7,"13":1,"14":2,"15":43,"16":1182,"17":8,"18":6,"19":19,"20":151},"nb_en":{"0":18,"1":108,"2":1,"3":11,"4":4,"5":27,"6":5,"7":1491,"8":97,"9":191,"10":2,"11":1,"12":7,"13":1,"14":2,"15":43,"16":1182,"17":8,"18":6,"19":19,"20":151},"nb_de":{"0":0,"1":0,"2":0,"3":0,"4":0,"5":0,"6":0,"7":0,"8":0,"9":0,"10":0,"11":0,"12":0,"13":0,"14":0,"15":0,"16":0,"17":0,"18":0,"19":0,"20":0}}