{"canton":{"0":"UR","1":"NW","2":"BE","3":"BL","4":"TI","5":"TG","6":"VD","7":"SG","8":"JU","9":"SH","10":"OW","11":"AG","12":"GE","13":"BS","14":"FR","15":"SO","16":"AR","17":"ZH","18":"VS","19":"NE","20":"LU","21":"GR","22":"SZ"},"main_mean":{"0":0.000121211,"1":0.000238092,"2":0.003085068,"3":0.0011407645,"4":-0.0044090141,"5":-0.0033412654,"6":0.0121470013,"7":0.0281110106,"8":0.0122828992,"9":0.0108319762,"10":0.0029239805,"11":0.017685687,"12":0.0223601086,"13":0.007642955,"14":0.0199597942,"15":-0.0024339856,"16":0.0857940459,"17":0.0153855374,"18":0.0098309543,"19":0.0903116286,"20":0.0125044254,"21":0.002973132,"22":-0.0674077084},"sentiment_mean":{"0":0.0,"1":0.0,"2":0.0644567219,"3":0.0,"4":0.0459183673,"5":0.0,"6":0.0185614849,"7":0.0746268657,"8":0.0,"9":0.0681818182,"10":0.0,"11":0.0529411765,"12":0.0673740053,"13":0.0317460317,"14":-0.0280373832,"15":0.0588235294,"16":0.3333333333,"17":0.2821075741,"18":-0.0606060606,"19":0.1176470588,"20":0.0306122449,"21":0.0697674419,"22":0.1666666667},"main_std":{"0":0.0002099436,"1":0.0003158639,"2":0.0748483755,"3":0.0035037533,"4":0.095770306,"5":0.0734821412,"6":0.1239191269,"7":0.122808218,"8":0.0562779007,"9":0.0440339319,"10":0.0065382192,"11":0.1336797288,"12":0.1509365571,"13":0.087335072,"14":0.0904840729,"15":0.0340438325,"16":0.1472234889,"17":0.1056084943,"18":0.0409754536,"19":0.1884659994,"20":0.0614425278,"21":0.125649611,"22":0.2215218141},"sentiment_std":{"0":0.0,"1":0.0,"2":0.3859717566,"3":0.0,"4":0.4448378252,"5":0.2773500981,"6":0.2634807619,"7":0.2817853528,"8":0.0,"9":0.2535021161,"10":0.0,"11":0.2245775707,"12":0.5091745856,"13":0.3355983651,"14":0.165856492,"15":0.2388325736,"16":0.5163977795,"17":0.5769787584,"18":0.2423058423,"19":0.3321055821,"20":0.2002092051,"21":0.457495711,"22":0.7527726527},"sentiment_pv":{"0":1.119097873e-122,"1":1.119097873e-122,"2":0.000022172,"3":1.119097873e-122,"4":0.0041952655,"5":0.0151300711,"6":3.972733804e-17,"7":0.0019715465,"8":1.119097873e-122,"9":0.0114809352,"10":1.119097873e-122,"11":0.0000036354,"12":0.0000000399,"13":0.0000000005,"14":1.597839167e-17,"15":0.0595713672,"16":0.3999967476,"17":6.960830786e-30,"18":0.0000441671,"19":0.7907905669,"20":0.0,"21":0.3253400547,"22":0.9328244285},"main_pv":{"0":1.246762061e-27,"1":4.621948039e-27,"2":0.0005320609,"3":4.226649458e-20,"4":0.0053197859,"5":0.2021440686,"6":0.6136235982,"7":0.1437969519,"8":0.9026841698,"9":0.3694167533,"10":0.0089368846,"11":0.8135216908,"12":0.0570421087,"13":0.0833619184,"14":0.5952329983,"15":0.0055467936,"16":0.2933830514,"17":0.9531234338,"18":0.461416854,"19":0.1201503846,"20":0.5522999208,"21":0.5264898774,"22":0.402719718},"count":{"0":3,"1":4,"2":543,"3":33,"4":196,"5":27,"6":431,"7":201,"8":6,"9":88,"10":5,"11":170,"12":1885,"13":441,"14":107,"15":34,"16":6,"17":2733,"18":33,"19":17,"20":196,"21":43,"22":6},"nb_en":{"0":0,"1":0,"2":146,"3":0,"4":86,"5":3,"6":64,"7":8,"8":1,"9":4,"10":3,"11":17,"12":855,"13":98,"14":8,"15":2,"16":0,"17":1543,"18":6,"19":5,"20":17,"21":3,"22":3},"nb_de":{"0":3,"1":4,"2":374,"3":33,"4":7,"5":23,"6":12,"7":193,"8":0,"9":84,"10":2,"11":152,"12":10,"13":337,"14":37,"15":32,"16":6,"17":1149,"18":17,"19":2,"20":179,"21":40,"22":3},"nb_fr":{"0":0,"1":0,"2":23,"3":0,"4":103,"5":1,"6":355,"7":0,"8":5,"9":0,"10":0,"11":1,"12":1020,"13":6,"14":62,"15":0,"16":0,"17":41,"18":10,"19":10,"20":0,"21":0,"22":0}}