{"canton":{"0":"SG","1":"TI","2":"VS","3":"SZ","4":"AG","5":"VD","6":"ZH","7":"SH","8":"BE","9":"BL","10":"GE","11":"BS","12":"AR","13":"SO","14":"LU","15":"GR","16":"NE","17":"FR"},"main_mean":{"0":0.0116162641,"1":-0.0063729674,"2":0.0142262395,"3":-0.1037019589,"4":-0.0677353011,"5":0.0836755992,"6":0.034670756,"7":0.0303020202,"8":0.0206872976,"9":0.0,"10":0.0093214958,"11":0.0107367893,"12":-0.0175437673,"13":0.0,"14":-0.0044526258,"15":-0.0333331111,"16":0.0857125715,"17":-0.0045888321},"sentiment_mean":{"0":0.0,"1":0.0,"2":0.0,"3":0.0,"4":0.0,"5":0.0727272727,"6":0.0310122879,"7":0.0,"8":0.0162601626,"9":0.0,"10":0.0034305317,"11":0.0050505051,"12":0.0,"13":0.0,"14":0.0,"15":0.0,"16":0.0,"17":0.0},"main_std":{"0":0.0767585192,"1":0.0885596264,"2":0.1611799866,"3":0.1002035825,"4":0.1174173384,"5":0.217488761,"6":0.1653846735,"7":0.1005004315,"8":0.1193139268,"9":0.0,"10":0.1297978897,"11":0.1263118658,"12":0.0303866963,"13":null,"14":0.1048426351,"15":0.0471401378,"16":0.2267741483,"17":0.0502287384},"sentiment_std":{"0":0.0,"1":0.0,"2":0.0,"3":0.0,"4":0.0,"5":0.2608768175,"6":0.1800278874,"7":0.0,"8":0.1556416521,"9":0.0,"10":0.082795979,"11":0.0710669055,"12":0.0,"13":null,"14":0.0,"15":0.0,"16":0.0,"17":0.0},"sentiment_pv":{"0":0.0,"1":0.0,"2":0.0,"3":0.0,"4":0.0,"5":0.0347004965,"6":0.0189657174,"7":0.0,"8":0.7671690566,"9":0.0,"10":0.0000042431,"11":0.0116658991,"12":0.0,"13":null,"14":0.0,"15":0.0,"16":0.0,"17":0.0},"main_pv":{"0":0.5968085846,"1":0.0062740837,"2":0.7948095017,"3":0.1582207298,"4":0.063468879,"5":0.0049201278,"6":0.0205318158,"7":0.8337398284,"8":0.7019048291,"9":2.253392764e-21,"10":0.0015069481,"11":0.163636261,"12":0.1401500796,"13":null,"14":0.0959591278,"15":0.3351831891,"16":0.4970877117,"17":0.0304691245},"count":{"0":12,"1":72,"2":20,"3":3,"4":8,"5":110,"6":1709,"7":11,"8":246,"9":2,"10":1166,"11":198,"12":3,"13":1,"14":41,"15":2,"16":7,"17":18},"nb_en":{"0":12,"1":72,"2":20,"3":3,"4":8,"5":110,"6":1709,"7":11,"8":246,"9":2,"10":1166,"11":198,"12":3,"13":1,"14":41,"15":2,"16":7,"17":18},"nb_de":{"0":0,"1":0,"2":0,"3":0,"4":0,"5":0,"6":0,"7":0,"8":0,"9":0,"10":0,"11":0,"12":0,"13":0,"14":0,"15":0,"16":0,"17":0}}