{"canton":{"0":"VD","1":"SG","2":"VS","3":"AG","4":"TG","5":"ZH","6":"SH","7":"BE","8":"GE","9":"BS","10":"TI","11":"SZ","12":"LU","13":"GR","14":"NE","15":"FR"},"main_mean":{"0":0.0343302404,"1":0.0499995,"2":0.0162034283,"3":0.0208331597,"4":0.0249989063,"5":0.0260188058,"6":-0.0464360937,"7":0.0143832326,"8":0.0222186811,"9":0.0413474035,"10":0.00179652,"11":0.0571420408,"12":0.0380939048,"13":0.0,"14":0.0394499576,"15":-0.0227304758},"sentiment_mean":{"0":0.0238095238,"1":0.0,"2":0.0,"3":0.0,"4":0.0,"5":0.0279441118,"6":0.0,"7":0.0,"8":0.0054347826,"9":0.0217391304,"10":0.0,"11":0.0,"12":0.0,"13":0.0,"14":0.0,"15":0.0},"main_std":{"0":0.1128291698,"1":0.070709971,"2":0.061052768,"3":0.0416663194,"4":0.136927858,"5":0.1528835134,"6":0.0721287625,"7":0.1589391149,"8":0.1239445071,"9":0.1548575174,"10":0.0616971389,"11":0.1277734877,"12":0.1243983811,"13":null,"14":0.0996339426,"15":0.0489440409},"sentiment_std":{"0":0.15430335,"1":0.0,"2":0.0,"3":0.0,"4":0.0,"5":0.1649774678,"6":0.0,"7":0.0,"8":0.0736204723,"9":0.1474419562,"10":0.0,"11":0.0,"12":0.0,"13":null,"14":0.0,"15":0.0},"sentiment_pv":{"0":0.7302165528,"1":0.0000207721,"2":0.0000207721,"3":0.0000207721,"4":0.0000207721,"5":0.1284704316,"6":0.0000207721,"7":0.0000207721,"8":0.0577438595,"9":0.7766146516,"10":0.0000207721,"11":0.0000207721,"12":0.0000207721,"13":null,"14":0.0000207721,"15":0.0000207721},"main_pv":{"0":0.5354189706,"1":0.6864346591,"2":0.645929245,"3":0.918686906,"4":0.9776773604,"5":0.7194616201,"6":0.0201344791,"7":0.638981974,"8":0.9001661359,"9":0.4369132617,"10":0.047709607,"11":0.584784198,"12":0.5923695244,"13":null,"14":0.6202726298,"15":0.0015572833},"count":{"0":42,"1":2,"2":18,"3":4,"4":5,"5":501,"6":9,"7":76,"8":368,"9":46,"10":40,"11":5,"12":21,"13":1,"14":10,"15":17},"nb_en":{"0":42,"1":2,"2":18,"3":4,"4":5,"5":501,"6":9,"7":76,"8":368,"9":46,"10":40,"11":5,"12":21,"13":1,"14":10,"15":17},"nb_de":{"0":0,"1":0,"2":0,"3":0,"4":0,"5":0,"6":0,"7":0,"8":0,"9":0,"10":0,"11":0,"12":0,"13":0,"14":0,"15":0}}