{"canton":{"0":"UR","1":"NW","2":"BE","3":"BL","4":"TI","5":"TG","6":"VD","7":"SG","8":"JU","9":"SH","10":"OW","11":"AG","12":"GE","13":"BS","14":"FR","15":"SO","16":"AR","17":"ZH","18":"VS","19":"NE","20":"LU","21":"GR","22":"SZ"},"main_mean":{"0":-0.0110831104,"1":0.0001666646,"2":0.0083662062,"3":0.0021230276,"4":-0.0142750681,"5":0.0166976035,"6":0.0153779409,"7":0.087805872,"8":0.0042414648,"9":0.0165747918,"10":0.0002499969,"11":0.0278468591,"12":0.0222455697,"13":0.0162875262,"14":0.0514625522,"15":0.0069973567,"16":0.0039791335,"17":0.0181507842,"18":-0.0047467995,"19":0.0055886675,"20":-0.0002735191,"21":0.0107582328,"22":0.0717529876},"sentiment_mean":{"0":0.0,"1":0.0,"2":0.0034722222,"3":0.0,"4":0.0,"5":0.0,"6":0.0088495575,"7":0.1414141414,"8":0.0,"9":0.0317460317,"10":0.0,"11":0.0588235294,"12":0.0103252452,"13":0.0223463687,"14":0.0275229358,"15":0.0303030303,"16":0.0,"17":0.0218917803,"18":0.0,"19":0.0,"20":0.0,"21":0.0,"22":0.1},"main_std":{"0":0.0275897672,"1":0.0002886715,"2":0.0863108786,"3":0.0156880594,"4":0.1492767386,"5":0.0883833125,"6":0.1415534875,"7":0.2049139427,"8":0.0713522064,"9":0.0691354937,"10":0.000353549,"11":0.1556559774,"12":0.1421746703,"13":0.1022471472,"14":0.1171495841,"15":0.1319960586,"16":0.007958267,"17":0.1145944801,"18":0.0482502417,"19":0.0643239956,"20":0.0894789033,"21":0.0405183789,"22":0.203501259},"sentiment_std":{"0":0.0,"1":0.0,"2":0.0588743032,"3":0.0,"4":0.0,"5":0.0,"6":0.1150012221,"7":0.3502215337,"8":0.0,"9":0.1767314318,"10":0.0,"11":0.236456071,"12":0.119817128,"13":0.1479451515,"14":0.1643570862,"15":0.174077656,"16":0.0,"17":0.1463604399,"18":0.0,"19":0.0,"20":0.1507556723,"21":0.0,"22":0.316227766},"sentiment_pv":{"0":2.783341356e-25,"1":2.783341356e-25,"2":0.0000036271,"3":2.783341356e-25,"4":2.783341356e-25,"5":2.783341356e-25,"6":0.1387084095,"7":0.0006465329,"8":2.783341356e-25,"9":0.5181552155,"10":2.783341356e-25,"11":0.0794032584,"12":0.030066871,"13":0.4387177479,"14":0.5171355939,"15":0.669656825,"16":2.783341356e-25,"17":0.1713488996,"18":2.783341356e-25,"19":2.783341356e-25,"20":0.2861906393,"21":2.783341356e-25,"22":0.4293243088},"main_pv":{"0":0.0483652138,"1":4.299059827e-32,"2":0.0124451341,"3":0.0,"4":0.0022053726,"5":0.958262742,"6":0.6870161474,"7":0.0010577675,"8":0.7231983207,"9":0.8609077426,"10":3.858035316e-30,"11":0.5317123435,"12":0.2480782829,"13":0.6928193855,"14":0.0039368675,"15":0.6320391908,"16":0.0301318928,"17":0.9939069351,"18":0.0016739001,"19":0.4642934516,"20":0.0584040263,"21":0.4094496756,"22":0.426349944},"count":{"0":6,"1":3,"2":576,"3":92,"4":208,"5":11,"6":452,"7":99,"8":4,"9":63,"10":2,"11":102,"12":1937,"13":537,"14":109,"15":33,"16":4,"17":2421,"18":51,"19":15,"20":89,"21":22,"22":10},"nb_en":{"0":0,"1":0,"2":197,"3":0,"4":108,"5":1,"6":75,"7":8,"8":1,"9":6,"10":0,"11":21,"12":828,"13":180,"14":24,"15":8,"16":1,"17":1221,"18":12,"19":4,"20":21,"21":1,"22":6},"nb_de":{"0":6,"1":3,"2":348,"3":92,"4":6,"5":9,"6":16,"7":90,"8":0,"9":57,"10":2,"11":81,"12":11,"13":346,"14":7,"15":25,"16":3,"17":1129,"18":31,"19":5,"20":67,"21":21,"22":4},"nb_fr":{"0":0,"1":0,"2":31,"3":0,"4":94,"5":1,"6":361,"7":1,"8":3,"9":0,"10":0,"11":0,"12":1098,"13":11,"14":78,"15":0,"16":0,"17":71,"18":8,"19":6,"20":1,"21":0,"22":0}}