{"canton":{"0":"UR","1":"BE","2":"BL","3":"TI","4":"NW","5":"VD","6":"GR","7":"SG","8":"JU","9":"SH","10":"OW","11":"AG","12":"GE","13":"BS","14":"FR","15":"AR","16":"GL","17":"ZH","18":"SO","19":"NE","20":"LU","21":"AI","22":"VS","23":"SZ","24":"TG"},"main_mean":{"0":0.0001667707,"1":0.0086221242,"2":0.0070815604,"3":-0.0012356438,"4":0.0004148105,"5":0.0094671202,"6":0.0218783574,"7":0.0458416233,"8":0.0623964719,"9":0.0048476126,"10":-0.0073443625,"11":0.0098875996,"12":0.0214543334,"13":0.0134271658,"14":0.0190673747,"15":0.0,"16":0.0003333306,"17":0.020105427,"18":0.0093455658,"19":0.0076310393,"20":0.0079689832,"21":0.0,"22":-0.0091036223,"23":-0.0428880095,"24":0.005974266},"sentiment_mean":{"0":0.0666666667,"1":0.0238764045,"2":0.0,"3":0.0,"4":0.0,"5":0.0277777778,"6":0.0576923077,"7":0.0838323353,"8":0.1666666667,"9":0.0229885057,"10":0.0,"11":0.0392156863,"12":0.0099750623,"13":0.0290598291,"14":-0.0326086957,"15":0.0,"16":0.0,"17":0.069208587,"18":0.0,"19":0.0256410256,"20":0.0733333333,"21":0.0,"22":0.0,"23":0.0,"24":0.0},"main_std":{"0":0.0002657169,"1":0.0799711657,"2":0.0420332999,"3":0.0842806016,"4":0.0004008182,"5":0.1328445525,"6":0.0988284589,"7":0.1435766437,"8":0.1329221793,"9":0.0557062059,"10":0.0134195851,"11":0.1037661284,"12":0.1323715526,"13":0.1023806336,"14":0.1066906587,"15":null,"16":null,"17":0.1380540946,"18":0.0269244929,"19":0.1236149779,"20":0.0850014048,"21":0.0,"22":0.1794242895,"23":0.1605521611,"24":0.0123333917},"sentiment_std":{"0":0.2581988897,"1":0.1527714026,"2":0.0,"3":0.0,"4":0.0,"5":0.1741370013,"6":0.2354354779,"7":0.2988567302,"8":0.4082482905,"9":0.1507355218,"10":0.0,"11":0.2405261818,"12":0.1184806773,"13":0.1681180221,"14":0.1785833727,"15":null,"16":null,"17":0.2697642283,"18":0.0,"19":0.1601281538,"20":0.2615561758,"21":0.0,"22":0.0,"23":0.0,"24":0.0},"sentiment_pv":{"0":0.6787740775,"1":0.0179563067,"2":1.370661298e-64,"3":1.370661298e-64,"4":1.370661298e-64,"5":0.148798511,"6":0.5592598358,"7":0.0524843149,"8":0.476514185,"9":0.3456575303,"10":1.370661298e-64,"11":0.97475976,"12":7.28858254e-18,"13":0.1987180597,"14":0.0002668621,"15":null,"16":null,"17":0.0000000083,"18":1.370661298e-64,"19":0.6213703178,"20":0.1064153274,"21":1.370661298e-64,"22":1.370661298e-64,"23":1.370661298e-64,"24":1.370661298e-64},"main_pv":{"0":4.704281874e-36,"1":0.0074059228,"2":0.0598089298,"3":0.0155685066,"4":2.278525045e-33,"5":0.1493847034,"6":0.7500117513,"7":0.0121510838,"8":0.4454857464,"9":0.042196165,"10":0.0808771528,"11":0.4663154449,"12":0.1878179082,"13":0.3642999292,"14":0.8867221068,"15":null,"16":null,"17":0.3505101817,"18":0.1269845337,"19":0.6229372737,"20":0.1813327049,"21":8.455739047e-37,"22":0.3320396122,"23":0.1676405903,"24":0.0019261014},"count":{"0":15,"1":712,"2":64,"3":126,"4":3,"5":612,"6":52,"7":167,"8":6,"9":87,"10":3,"11":102,"12":2406,"13":585,"14":92,"15":1,"16":1,"17":3121,"18":29,"19":39,"20":150,"21":2,"22":44,"23":15,"24":17},"nb_en":{"0":2,"1":174,"2":0,"3":89,"4":0,"5":145,"6":9,"7":25,"8":2,"9":5,"10":0,"11":32,"12":1258,"13":193,"14":22,"15":0,"16":0,"17":1374,"18":5,"19":10,"20":38,"21":0,"22":15,"23":7,"24":1},"nb_de":{"0":13,"1":491,"2":64,"3":4,"4":3,"5":19,"6":43,"7":141,"8":0,"9":81,"10":3,"11":68,"12":11,"13":386,"14":3,"15":1,"16":1,"17":1704,"18":24,"19":4,"20":112,"21":2,"22":20,"23":8,"24":16},"nb_fr":{"0":0,"1":47,"2":0,"3":33,"4":0,"5":448,"6":0,"7":1,"8":4,"9":1,"10":0,"11":2,"12":1137,"13":6,"14":67,"15":0,"16":0,"17":43,"18":0,"19":25,"20":0,"21":0,"22":9,"23":0,"24":0}}