{"canton":{"0":"UR","1":"BE","2":"BL","3":"JU","4":"TI","5":"TG","6":"VD","7":"SG","8":"GR","9":"SH","10":"OW","11":"AG","12":"GE","13":"BS","14":"FR","15":"AR","16":"ZH","17":"SO","18":"NE","19":"LU","20":"VS","21":"SZ"},"main_mean":{"0":0.0112807056,"1":0.0137323289,"2":0.0244204449,"3":-0.0849951208,"4":0.0017109714,"5":0.0754607543,"6":0.0300318459,"7":0.0492660019,"8":0.0206610448,"9":0.0106148322,"10":0.0004999938,"11":0.0297658432,"12":0.0242739496,"13":0.0294136296,"14":0.0177505506,"15":0.0359547037,"16":0.0221865103,"17":0.004411545,"18":0.0359875834,"19":0.0299347826,"20":0.0091857449,"21":0.0327377905},"sentiment_mean":{"0":0.0,"1":0.0201612903,"2":0.0714285714,"3":0.0,"4":0.0,"5":0.0625,"6":0.025974026,"7":0.0882352941,"8":0.1428571429,"9":0.1,"10":0.0,"11":0.0,"12":0.0072115385,"13":0.04,"14":0.0204081633,"15":0.0,"16":0.030848329,"17":0.0,"18":0.0,"19":0.0263157895,"20":0.0285714286,"21":0.0},"main_std":{"0":0.019250804,"1":0.1115877692,"2":0.0742333018,"3":0.0866136718,"4":0.0601747635,"5":0.2570605297,"6":0.1158381704,"7":0.1855807503,"8":0.0577229599,"9":0.100579541,"10":null,"11":0.1455201528,"12":0.1283243186,"13":0.1301428927,"14":0.0826374007,"15":0.1378490409,"16":0.1279528078,"17":0.0078487416,"18":0.0756128832,"19":0.120759187,"20":0.0512468738,"21":0.0949106143},"sentiment_std":{"0":0.0,"1":0.2100625851,"2":0.2672612419,"3":0.0,"4":0.0,"5":0.25,"6":0.1595767256,"7":0.2879022413,"8":0.3631365196,"9":0.3077935056,"10":null,"11":0.0,"12":0.1094606115,"13":0.1966156609,"14":0.1428571429,"15":0.0,"16":0.1778696599,"17":0.0,"18":0.0,"19":0.1611363158,"20":0.1690308509,"21":0.0},"sentiment_pv":{"0":0.0,"1":0.8002938084,"2":0.5153729908,"3":0.0,"4":0.0,"5":0.5437010162,"6":0.8590590686,"7":0.2004749764,"8":0.2411973033,"9":0.2813710323,"10":null,"11":0.0,"12":0.0007341007,"13":0.3176708827,"14":0.8767329165,"15":0.0,"16":0.230464114,"17":0.0,"18":0.0,"19":0.8861181172,"20":0.864300174,"21":0.0},"main_pv":{"0":0.399992083,"1":0.2102092092,"2":0.9476280148,"3":0.0491581154,"4":0.0303177386,"5":0.4280706737,"6":0.4707376858,"7":0.4177454758,"8":0.8788431304,"9":0.5875518676,"10":null,"11":0.7507032284,"12":0.8120494595,"13":0.5611668713,"14":0.6592721984,"15":0.8132626347,"16":0.8381262427,"17":0.0000006379,"18":0.3976030427,"19":0.6269303396,"20":0.1289856636,"21":0.7685446531},"count":{"0":3,"1":248,"2":14,"3":5,"4":42,"5":16,"6":154,"7":34,"8":14,"9":20,"10":1,"11":49,"12":832,"13":150,"14":49,"15":7,"16":1167,"17":12,"18":26,"19":76,"20":35,"21":9},"nb_en":{"0":0,"1":76,"2":0,"3":0,"4":40,"5":5,"6":42,"7":2,"8":1,"9":9,"10":0,"11":4,"12":368,"13":46,"14":17,"15":0,"16":501,"17":0,"18":10,"19":21,"20":18,"21":5},"nb_de":{"0":3,"1":161,"2":14,"3":0,"4":1,"5":11,"6":0,"7":32,"8":13,"9":11,"10":1,"11":44,"12":5,"13":102,"14":2,"15":7,"16":641,"17":12,"18":1,"19":54,"20":12,"21":4},"nb_fr":{"0":0,"1":11,"2":0,"3":5,"4":1,"5":0,"6":112,"7":0,"8":0,"9":0,"10":0,"11":1,"12":459,"13":2,"14":30,"15":0,"16":25,"17":0,"18":15,"19":1,"20":5,"21":0}}