{"canton":{"0":"SG","1":"JU","2":"SH","3":"VS","4":"AG","5":"VD","6":"ZH","7":"TG","8":"BE","9":"GE","10":"BS","11":"TI","12":"SO","13":"LU","14":"GR","15":"NE","16":"FR"},"main_mean":{"0":-0.0224056178,"1":0.0,"2":0.0138887346,"3":0.0290171357,"4":0.0648128859,"5":0.042652161,"6":0.02701467,"7":-0.0952367347,"8":0.0203712921,"9":0.0085167914,"10":0.0198260141,"11":0.011275102,"12":0.0,"13":0.0790075489,"14":0.033333,"15":0.0381814529,"16":-0.0005772559},"sentiment_mean":{"0":0.1818181818,"1":0.0,"2":0.125,"3":0.25,"4":0.2222222222,"5":0.2808988764,"6":0.2390710383,"7":-0.3333333333,"8":0.1612903226,"9":0.1518046709,"10":0.2117647059,"11":0.141025641,"12":0.0,"13":0.4736842105,"14":0.3333333333,"15":0.0,"16":-0.1333333333},"main_std":{"0":0.0827056982,"1":0.0,"2":0.0392832736,"3":0.1145133251,"4":0.2627838464,"5":0.1427531525,"6":0.141117504,"7":0.1649548633,"8":0.1149948575,"9":0.1278266334,"10":0.1802133095,"11":0.0781692958,"12":null,"13":0.2447750177,"14":0.0577344496,"15":0.0523808071,"16":0.0809465513},"sentiment_std":{"0":0.8738628975,"1":0.0,"2":0.3535533906,"3":0.7071067812,"4":0.4409585518,"5":0.6569344101,"6":0.6908864488,"7":0.5773502692,"8":0.670462891,"9":0.7106985174,"10":0.7169618366,"11":0.5518412856,"12":null,"13":0.6117752903,"14":1.1547005384,"15":0.7071067812,"16":0.6288102248},"sentiment_pv":{"0":0.9441297249,"1":2.152622593e-56,"2":0.5650447198,"3":0.8496447571,"4":0.8879255269,"5":0.2602003826,"6":0.0807403722,"7":0.2501460999,"8":0.4371064624,"9":0.0626442405,"10":0.8136121082,"11":0.3510665679,"12":null,"13":0.0683634556,"14":0.8607783436,"15":0.5601874266,"16":0.0070754095},"main_pv":{"0":0.118418026,"1":4.446522013e-16,"2":0.6614254981,"3":0.8363263537,"4":0.6253294953,"5":0.1487163936,"6":0.1325641671,"7":0.3488225221,"8":0.9955087987,"9":0.0150596241,"10":0.9658137894,"11":0.3277682135,"12":null,"13":0.3102332032,"14":0.7342547714,"15":0.4896980319,"16":0.1731845398},"count":{"0":11,"1":2,"2":8,"3":8,"4":9,"5":89,"6":1464,"7":3,"8":186,"9":942,"10":255,"11":78,"12":1,"13":19,"14":3,"15":5,"16":30},"nb_en":{"0":11,"1":2,"2":8,"3":8,"4":9,"5":89,"6":1464,"7":3,"8":186,"9":942,"10":255,"11":78,"12":1,"13":19,"14":3,"15":5,"16":30},"nb_de":{"0":0,"1":0,"2":0,"3":0,"4":0,"5":0,"6":0,"7":0,"8":0,"9":0,"10":0,"11":0,"12":0,"13":0,"14":0,"15":0,"16":0}}