{"canton":{"0":"NE","1":"GE","2":"TG","3":"BE","4":"SZ","5":"UR","6":"FR","7":"BS","8":"BL","9":"ZH","10":"OW","11":"VD","12":"SG","13":"GR","14":"AR","15":"LU","16":"TI","17":"JU","18":"AG","19":"SH","20":"VS","21":"SO","22":"NW"},"main_mean":{"0":-0.003203616,"1":0.0147830598,"2":0.0166948358,"3":0.0135891533,"4":0.250099999,"5":-0.0150782573,"6":0.017894853,"7":0.0050436003,"8":0.0133145424,"9":0.0159586626,"10":0.01014201,"11":0.0142665916,"12":0.084301057,"13":0.007829271,"14":0.1019139072,"15":0.0027305461,"16":-0.0028458962,"17":0.0350337564,"18":0.0160229081,"19":0.0011109641,"20":0.0053565886,"21":0.0252381952,"22":-0.031543435},"sentiment_mean":{"0":-0.0909090909,"1":0.0333601286,"2":0.037037037,"3":0.0581947743,"4":0.5,"5":0.0,"6":0.045112782,"7":0.0385802469,"8":0.0,"9":0.2047419805,"10":0.1428571429,"11":0.0683229814,"12":0.1774193548,"13":0.0588235294,"14":0.1666666667,"15":0.0377358491,"16":0.045045045,"17":0.0,"18":0.0655737705,"19":0.0243902439,"20":0.0384615385,"21":-0.0263157895,"22":0.0},"main_std":{"0":0.1710668642,"1":0.1174208674,"2":0.0368523261,"3":0.1201116164,"4":0.4999333696,"5":0.0292110439,"6":0.085810148,"7":0.0851842454,"8":0.0768337319,"9":0.1085503769,"10":0.0410582704,"11":0.1207002068,"12":0.2321230731,"13":0.0925164317,"14":0.2599625268,"15":0.0795178646,"16":0.0937573774,"17":0.1083805014,"18":0.0789796673,"19":0.0511736934,"20":0.0579380002,"21":0.0878950586,"22":0.1360075978},"sentiment_std":{"0":0.2942449432,"1":0.4871617203,"2":0.1924500897,"3":0.3811061815,"4":0.5773502692,"5":0.0,"6":0.2714903217,"7":0.3812358773,"8":0.2182178902,"9":0.5396446485,"10":0.377964473,"11":0.3505023918,"12":0.4238497029,"13":0.3105971478,"14":0.3892494721,"15":0.3712243249,"16":0.4230333767,"17":0.0,"18":0.333716981,"19":0.1552067324,"20":0.3407913778,"21":0.3666386471,"22":0.7071067812},"sentiment_pv":{"0":0.0048561698,"1":0.0,"2":0.0724525088,"3":0.0005399807,"4":0.2665226852,"5":2.827413182e-101,"6":0.011235754,"7":0.0000166912,"8":0.002722275,"9":2.484249642e-21,"10":0.8097327591,"11":0.0087149667,"12":0.0684783467,"13":0.2772466697,"14":0.6056459821,"15":0.0217340646,"16":0.0328903892,"17":2.827413182e-101,"18":0.1795093307,"19":0.0000118063,"20":0.1557996979,"21":0.0316672985,"22":0.7523590646},"main_pv":{"0":0.6278675685,"1":0.9889736278,"2":0.7884006748,"3":0.7878845873,"4":0.4158907795,"5":0.0354480545,"6":0.6766157832,"7":0.0063269342,"8":0.9037623264,"9":0.5742396227,"10":0.777181999,"11":0.9219329628,"12":0.0011392336,"13":0.5971780588,"14":0.2700514365,"15":0.0627176602,"16":0.0064437118,"17":0.5686572479,"18":0.8604662561,"19":0.0203342713,"20":0.2526263323,"21":0.4679074217,"22":0.4890703399},"count":{"0":22,"1":2488,"2":27,"3":842,"4":4,"5":7,"6":133,"7":648,"8":43,"9":3585,"10":7,"11":644,"12":124,"13":51,"14":12,"15":159,"16":222,"17":10,"18":122,"19":82,"20":52,"21":38,"22":5},"nb_en":{"0":3,"1":1142,"2":1,"3":215,"4":3,"5":2,"6":25,"7":167,"8":1,"9":1707,"10":2,"11":130,"12":22,"13":9,"14":0,"15":37,"16":93,"17":0,"18":15,"19":8,"20":15,"21":3,"22":2},"nb_de":{"0":2,"1":19,"2":26,"3":570,"4":1,"5":5,"6":20,"7":471,"8":42,"9":1800,"10":5,"11":8,"12":102,"13":42,"14":12,"15":121,"16":3,"17":0,"18":105,"19":74,"20":30,"21":35,"22":3}}