{"canton":{"0":"UR","1":"BE","2":"BL","3":"NW","4":"TI","5":"VD","6":"SG","7":"JU","8":"SH","9":"OW","10":"AG","11":"GE","12":"BS","13":"FR","14":"SO","15":"AR","16":"GL","17":"ZH","18":"VS","19":"NE","20":"LU","21":"GR","22":"SZ","23":"TG"},"main_mean":{"0":0.0137483992,"1":0.0036591405,"2":0.0130658879,"3":0.0,"4":0.0256585966,"5":0.0221378997,"6":0.0644823748,"7":-0.015989128,"8":0.0016688324,"9":0.0,"10":0.0243902777,"11":0.0179929016,"12":0.028759158,"13":0.0171320077,"14":0.0675309481,"15":0.0023684449,"16":0.0339247173,"17":0.0188090095,"18":0.0073714261,"19":0.0026330439,"20":-0.0024435756,"21":-0.0030024238,"22":0.145920977,"23":0.0283345389},"sentiment_mean":{"0":0.0,"1":0.0510638298,"2":0.0256410256,"3":0.0,"4":0.170212766,"5":0.0243902439,"6":0.1917808219,"7":0.0,"8":0.0476190476,"9":0.0,"10":0.0169491525,"11":0.0444915254,"12":0.0842911877,"13":0.0535714286,"14":0.0689655172,"15":0.0,"16":0.0,"17":0.1725724804,"18":0.0,"19":0.1304347826,"20":0.0357142857,"21":0.0,"22":0.1111111111,"23":0.0625},"main_std":{"0":0.0853672143,"1":0.1074791612,"2":0.0611264242,"3":0.0,"4":0.1373897739,"5":0.1170463312,"6":0.1980520217,"7":0.0316227924,"8":0.021817069,"9":0.0,"10":0.1992285605,"11":0.1434370837,"12":0.139158646,"13":0.0714510999,"14":0.2428484269,"15":0.0071023776,"16":null,"17":0.1206620909,"18":0.1072641218,"19":0.1268539085,"20":0.0590717542,"21":0.0731229193,"22":0.2534068412,"23":0.0790880801},"sentiment_std":{"0":0.0,"1":0.4201087992,"2":0.1601281538,"3":0.0,"4":0.5415687661,"5":0.3152836723,"6":0.4903948026,"7":0.0,"8":0.2645642885,"9":0.0,"10":0.3935482017,"11":0.483025437,"12":0.438745349,"13":0.2630139144,"14":0.3713906764,"15":0.0,"16":null,"17":0.5326733888,"18":0.3380617019,"19":0.4576965873,"20":0.2790197199,"21":0.0,"22":0.6009252126,"23":0.25},"sentiment_pv":{"0":3.724171607e-55,"1":0.0334248741,"2":0.01254229,"3":3.724171607e-55,"4":0.1797825801,"5":0.0000146917,"6":0.095394164,"7":3.724171607e-55,"8":0.1167937146,"9":3.724171607e-55,"10":0.1390193981,"11":0.0000808281,"12":0.6189494454,"13":0.1136136793,"14":0.7171151077,"15":3.724171607e-55,"16":null,"17":0.0000000014,"18":0.1047848398,"19":0.7090880008,"20":0.0171817549,"21":3.724171607e-55,"22":0.9351929637,"23":0.6197680524},"main_pv":{"0":0.8871102719,"1":0.0045193425,"2":0.5847410688,"3":8.282333765e-30,"4":0.6184938189,"5":0.5306150708,"6":0.0517830545,"7":0.0707175666,"8":0.0000000231,"9":8.282333765e-30,"10":0.8224455862,"11":0.883482931,"12":0.1052711282,"13":0.8405344033,"14":0.2867857641,"15":0.0034228901,"16":null,"17":0.927856307,"18":0.5380809477,"19":0.5546226254,"20":0.000096182,"21":0.0840177653,"22":0.1699996367,"23":0.6282986672},"count":{"0":7,"1":470,"2":39,"3":2,"4":94,"5":451,"6":73,"7":5,"8":84,"9":3,"10":59,"11":1888,"12":522,"13":112,"14":29,"15":5,"16":1,"17":2173,"18":36,"19":23,"20":140,"21":37,"22":9,"23":16},"nb_en":{"0":2,"1":159,"2":6,"3":0,"4":72,"5":78,"6":15,"7":1,"8":6,"9":0,"10":15,"11":820,"12":144,"13":20,"14":0,"15":0,"16":0,"17":1018,"18":10,"19":10,"20":24,"21":3,"22":6,"23":0},"nb_de":{"0":5,"1":286,"2":33,"3":2,"4":2,"5":5,"6":58,"7":0,"8":78,"9":3,"10":44,"11":4,"12":369,"13":34,"14":29,"15":5,"16":1,"17":1119,"18":21,"19":0,"20":115,"21":33,"22":3,"23":16},"nb_fr":{"0":0,"1":25,"2":0,"3":0,"4":20,"5":368,"6":0,"7":4,"8":0,"9":0,"10":0,"11":1064,"12":9,"13":58,"14":0,"15":0,"16":0,"17":36,"18":5,"19":13,"20":1,"21":1,"22":0,"23":0}}