{"canton":{"0":"VD","1":"SG","2":"TI","3":"JU","4":"VS","5":"UR","6":"AG","7":"TG","8":"ZH","9":"SH","10":"SO","11":"BE","12":"BL","13":"GE","14":"BS","15":"AR","16":"SZ","17":"LU","18":"GR","19":"NE","20":"FR"},"main_mean":{"0":-0.002490962,"1":0.1167701703,"2":0.0043070907,"3":0.0559435832,"4":-0.014492226,"5":0.0,"6":-0.074416462,"7":0.0,"8":0.0219715322,"9":-0.0151513594,"10":0.0116355692,"11":0.0349014337,"12":0.0,"13":0.0153683154,"14":0.0217531381,"15":0.0007309862,"16":-0.1527778935,"17":-0.0061358308,"18":0.1083340208,"19":0.0060605657,"20":-0.0277770834},"sentiment_mean":{"0":-0.0096153846,"1":0.0666666667,"2":-0.012195122,"3":0.0,"4":0.0,"5":0.0,"6":0.0769230769,"7":0.0,"8":0.0294314381,"9":0.0,"10":0.0,"11":0.0091324201,"12":0.0,"13":0.0042060988,"14":0.0,"15":0.0,"16":0.0,"17":0.0,"18":0.1666666667,"19":0.0,"20":0.0},"main_std":{"0":0.1041952419,"1":0.2614625863,"2":0.1190305464,"3":0.048950627,"4":0.1557238715,"5":null,"6":0.2918396947,"7":0.0,"8":0.1524917095,"9":0.106059678,"10":0.255089532,"11":0.1611414405,"12":null,"13":0.1314659611,"14":0.1385273312,"15":0.0441750384,"16":0.4163887175,"17":0.0965694944,"18":0.4406430434,"19":0.0453530322,"20":0.0833312501},"sentiment_std":{"0":0.0980580676,"1":0.2581988897,"2":0.1104315261,"3":0.0,"4":0.0,"5":null,"6":0.2773500981,"7":0.0,"8":0.1768098547,"9":0.0,"10":0.0,"11":0.0953442618,"12":null,"13":0.0916697482,"14":0.0,"15":0.0,"16":0.0,"17":0.0,"18":0.4082482905,"19":0.0,"20":0.0},"sentiment_pv":{"0":0.0104232558,"1":0.462378701,"2":0.024711743,"3":0.0000000001,"4":0.0000000001,"5":null,"6":0.4458220021,"7":0.0000000001,"8":0.0116476856,"9":0.0000000001,"10":0.0000000001,"11":0.3037475595,"12":null,"13":0.0019865121,"14":0.0000000001,"15":0.0000000001,"16":0.0000000001,"17":0.0000000001,"18":0.4082165419,"19":0.0000000001,"20":0.0000000001},"main_pv":{"0":0.0484330878,"1":0.1679759069,"2":0.2909566891,"3":0.3164579056,"4":0.3956048499,"5":null,"6":0.273318422,"7":0.0,"8":0.4701136401,"9":0.433418815,"10":0.9269359398,"11":0.1455977392,"12":null,"13":0.5254156379,"14":0.7925976021,"15":0.4801958408,"16":0.3598082606,"17":0.1059243966,"18":0.6389102376,"19":0.3894415394,"20":0.1347547493},"count":{"0":104,"1":15,"2":82,"3":3,"4":17,"5":1,"6":13,"7":2,"8":1495,"9":7,"10":12,"11":219,"12":1,"13":951,"14":136,"15":4,"16":6,"17":43,"18":6,"19":11,"20":9},"nb_en":{"0":104,"1":15,"2":82,"3":3,"4":17,"5":1,"6":13,"7":2,"8":1495,"9":7,"10":12,"11":219,"12":1,"13":951,"14":136,"15":4,"16":6,"17":43,"18":6,"19":11,"20":9},"nb_de":{"0":0,"1":0,"2":0,"3":0,"4":0,"5":0,"6":0,"7":0,"8":0,"9":0,"10":0,"11":0,"12":0,"13":0,"14":0,"15":0,"16":0,"17":0,"18":0,"19":0,"20":0}}