{"canton":{"0":"UR","1":"NW","2":"BE","3":"BL","4":"JU","5":"TI","6":"TG","7":"VD","8":"SG","9":"GR","10":"SH","11":"OW","12":"AG","13":"GE","14":"BS","15":"FR","16":"AR","17":"ZH","18":"SO","19":"NE","20":"LU","21":"AI","22":"VS","23":"SZ"},"main_mean":{"0":-0.0445652088,"1":0.0,"2":0.0158955754,"3":0.0134317646,"4":0.0076156536,"5":0.0162604171,"6":0.076290181,"7":0.0168824797,"8":0.0693224516,"9":0.0154778543,"10":0.0229491079,"11":0.0,"12":0.0138846795,"13":0.0232952747,"14":0.0131823758,"15":0.0278316182,"16":0.1332546305,"17":0.0187560674,"18":0.0206211896,"19":-0.0097165544,"20":0.0262681538,"21":0.000153845,"22":0.0183998049,"23":-0.0254701526},"sentiment_mean":{"0":-0.1,"1":0.0,"2":0.0718870347,"3":0.0243902439,"4":0.0,"5":0.1288343558,"6":0.2413793103,"7":0.0627062706,"8":0.2066666667,"9":0.0519480519,"10":0.0714285714,"11":0.0,"12":0.0789473684,"13":0.049777418,"14":0.055062167,"15":0.0526315789,"16":0.2,"17":0.155761436,"18":0.0555555556,"19":0.125,"20":0.1038251366,"21":0.0,"22":0.0769230769,"23":-0.1111111111},"main_std":{"0":0.1253963716,"1":0.0,"2":0.1036191171,"3":0.0643356621,"4":0.0052852793,"5":0.1272268933,"6":0.1996709645,"7":0.1140823641,"8":0.1727342557,"9":0.0993175871,"10":0.0702823261,"11":null,"12":0.1479662607,"13":0.1316045069,"14":0.0946222603,"15":0.0918495201,"16":0.2611311732,"17":0.123592495,"18":0.0714406144,"19":0.1912251381,"20":0.1324212902,"21":0.0002175696,"22":0.0626743971,"23":0.056802643},"sentiment_std":{"0":0.316227766,"1":0.0,"2":0.358471344,"3":0.1561737619,"4":0.0,"5":0.4861950945,"6":0.4354941704,"7":0.3242720053,"8":0.4531273384,"9":0.2760674925,"10":0.2590861738,"11":null,"12":0.3556058483,"13":0.4956806867,"14":0.4074333184,"15":0.2927472939,"16":0.4472135955,"17":0.5066028968,"18":0.3333333333,"19":0.3378319623,"20":0.3557017704,"21":0.0,"22":0.33408663,"23":0.3333333333},"sentiment_pv":{"0":0.0766139951,"1":3.749564318e-91,"2":0.040550365,"3":0.003980245,"4":3.749564318e-91,"5":0.4547443532,"6":0.0920080969,"7":0.0079927536,"8":0.0048750107,"9":0.1346492783,"10":0.3208812435,"11":null,"12":0.5316108856,"13":0.0000061153,"14":0.0119421934,"15":0.0911074973,"16":0.6436119081,"17":0.0000000199,"18":0.4300995598,"19":0.7216144458,"20":0.8883893741,"21":3.749564318e-91,"22":0.6214233593,"23":0.0940049611},"main_pv":{"0":0.1363117525,"1":1.127532386e-54,"2":0.2606595047,"3":0.5002571368,"4":0.0090885347,"5":0.686650911,"6":0.1425837259,"7":0.4750814981,"8":0.0007023538,"9":0.6718952355,"10":0.7362570001,"11":null,"12":0.6446381032,"13":0.3130912831,"14":0.0891138723,"15":0.3897246586,"16":0.388295703,"17":0.5263491026,"18":0.9801642012,"19":0.4496354141,"20":0.5477291004,"21":4.625511953e-52,"22":0.8277467072,"23":0.0420479872},"count":{"0":10,"1":3,"2":779,"3":41,"4":4,"5":163,"6":29,"7":606,"8":150,"9":77,"10":84,"11":1,"12":114,"13":2471,"14":563,"15":114,"16":5,"17":3454,"18":36,"19":24,"20":183,"21":2,"22":52,"23":9},"nb_en":{"0":1,"1":1,"2":191,"3":2,"4":0,"5":108,"6":5,"7":97,"8":18,"9":8,"10":7,"11":0,"12":27,"13":1182,"14":151,"15":19,"16":0,"17":1491,"18":4,"19":6,"20":43,"21":1,"22":11,"23":2},"nb_de":{"0":9,"1":2,"2":551,"3":39,"4":0,"5":2,"6":24,"7":6,"8":130,"9":68,"10":77,"11":1,"12":85,"13":7,"14":405,"15":35,"16":5,"17":1914,"18":32,"19":1,"20":139,"21":1,"22":26,"23":7},"nb_fr":{"0":0,"1":0,"2":37,"3":0,"4":4,"5":53,"6":0,"7":503,"8":2,"9":1,"10":0,"11":0,"12":2,"13":1282,"14":7,"15":60,"16":0,"17":49,"18":0,"19":17,"20":1,"21":0,"22":15,"23":0}}