{"canton":{"0":"UR","1":"NW","2":"BE","3":"BL","4":"TI","5":"TG","6":"VD","7":"GR","8":"SG","9":"JU","10":"SH","11":"OW","12":"AG","13":"GE","14":"BS","15":"FR","16":"AR","17":"GL","18":"ZH","19":"SO","20":"NE","21":"LU","22":"AI","23":"VS","24":"SZ"},"main_mean":{"0":0.0222220741,"1":0.0,"2":0.0055572308,"3":-0.0014024037,"4":-0.012001426,"5":0.0204864359,"6":0.0333656395,"7":0.0256472362,"8":0.0400301332,"9":0.0028096525,"10":0.0036756468,"11":-0.0001999983,"12":0.0125615783,"13":0.0186159008,"14":0.0086389646,"15":0.0104684135,"16":0.0036730487,"17":0.0006666611,"18":0.0166998815,"19":0.0115337555,"20":0.010926737,"21":0.0144131424,"22":0.0,"23":-0.0036268143,"24":0.0069112454},"sentiment_mean":{"0":0.0,"1":0.0,"2":0.0110041265,"3":0.0,"4":0.0,"5":0.0434782609,"6":0.0210325048,"7":0.0588235294,"8":0.1219512195,"9":0.0,"10":0.0,"11":0.0,"12":0.0427350427,"13":0.0095155709,"14":0.0172711572,"15":0.0192307692,"16":0.0,"17":0.0,"18":0.0251881876,"19":0.0,"20":0.0,"21":0.0344827586,"22":0.0,"23":0.0,"24":0.0434782609},"main_std":{"0":0.0384897613,"1":null,"2":0.11858018,"3":0.007181834,"4":0.1278169656,"5":0.0553002305,"6":0.1515167368,"7":0.1362097278,"8":0.1409001279,"9":0.0333763899,"10":0.024860737,"11":0.0002828404,"12":0.12119044,"13":0.1253634215,"14":0.0798664501,"15":0.1430203125,"16":0.0073460973,"17":null,"18":0.1249613702,"19":0.0490455474,"20":0.0766184106,"21":0.0968569035,"22":null,"23":0.075861443,"24":0.1186093478},"sentiment_std":{"0":0.0,"1":null,"2":0.1280924199,"3":0.0,"4":0.0940720868,"5":0.2085144141,"6":0.1792312364,"7":0.2388325736,"8":0.3282316966,"9":0.0,"10":0.0,"11":0.0,"12":0.2031290737,"13":0.0971035693,"14":0.1303925961,"15":0.1380002273,"16":0.0,"17":null,"18":0.1657011952,"19":0.0,"20":0.0,"21":0.1830980727,"22":null,"23":0.0,"24":0.2085144141},"sentiment_pv":{"0":9.198380665e-36,"1":null,"2":0.0708924166,"3":9.198380665e-36,"4":0.0020575088,"5":0.5959341328,"6":0.9041867746,"7":0.3512841438,"8":0.0001083694,"9":9.198380665e-36,"10":9.198380665e-36,"11":9.198380665e-36,"12":0.2315449764,"13":0.000042686,"14":0.6206171966,"15":0.9510527547,"16":9.198380665e-36,"17":null,"18":0.1144007912,"19":9.198380665e-36,"20":9.198380665e-36,"21":0.3473728362,"22":null,"23":9.198380665e-36,"24":0.5959341328},"main_pv":{"0":0.8041706051,"1":null,"2":0.0239588457,"3":2.246956936e-17,"4":0.0013006821,"5":0.6989728963,"6":0.010144538,"7":0.6809102663,"8":0.0311114677,"9":0.4893904954,"10":0.000097962,"11":2.070632591e-32,"12":0.7650495687,"13":0.3598052643,"14":0.0412098677,"15":0.6984378957,"16":0.0369769405,"17":null,"18":0.7614990785,"19":0.6080037311,"20":0.6984282678,"21":0.8515801661,"22":null,"23":0.132532751,"24":0.7188857687},"count":{"0":3,"1":1,"2":727,"3":34,"4":227,"5":23,"6":523,"7":34,"8":164,"9":4,"10":82,"11":2,"12":117,"13":2312,"14":579,"15":104,"16":4,"17":1,"18":3454,"19":34,"20":36,"21":145,"22":1,"23":36,"24":23},"nb_en":{"0":1,"1":0,"2":185,"3":0,"4":114,"5":5,"6":116,"7":7,"8":21,"9":1,"10":6,"11":0,"12":14,"13":1157,"14":162,"15":19,"16":1,"17":0,"18":1550,"19":4,"20":12,"21":28,"22":0,"23":12,"24":11},"nb_de":{"0":2,"1":1,"2":507,"3":34,"4":7,"5":16,"6":12,"7":27,"8":143,"9":0,"10":76,"11":2,"12":103,"13":22,"14":410,"15":17,"16":3,"17":1,"18":1856,"19":30,"20":7,"21":116,"22":1,"23":12,"24":12},"nb_fr":{"0":0,"1":0,"2":35,"3":0,"4":106,"5":2,"6":395,"7":0,"8":0,"9":3,"10":0,"11":0,"12":0,"13":1133,"14":7,"15":68,"16":0,"17":0,"18":48,"19":0,"20":17,"21":1,"22":0,"23":12,"24":0}}