{"canton":{"0":"NE","1":"GE","2":"TG","3":"BE","4":"SZ","5":"UR","6":"FR","7":"BS","8":"BL","9":"ZH","10":"OW","11":"VD","12":"SG","13":"GR","14":"AR","15":"LU","16":"TI","17":"JU","18":"AG","19":"SH","20":"VS","21":"AI","22":"SO","23":"NW"},"main_mean":{"0":0.0333825978,"1":0.0169891698,"2":0.0274053991,"3":0.0073945799,"4":0.0082527292,"5":0.0139013564,"6":0.032183621,"7":0.0045367205,"8":0.0002460487,"9":0.0279975882,"10":0.0,"11":0.0127120553,"12":0.0747473023,"13":-0.0031948339,"14":0.0005714204,"15":0.0088824251,"16":0.0038171688,"17":0.0395219459,"18":0.0210255598,"19":0.0018877966,"20":0.0090929313,"21":0.0218330199,"22":0.0095188199,"23":0.0},"sentiment_mean":{"0":0.0322580645,"1":0.0099750623,"2":0.0344827586,"3":0.018549747,"4":0.0,"5":0.0,"6":0.0361445783,"7":0.0242537313,"8":0.0,"9":0.03591739,"10":0.0,"11":0.0145190563,"12":0.1517241379,"13":0.0,"14":0.0,"15":0.0071428571,"16":0.0,"17":0.0,"18":0.021978022,"19":0.0,"20":0.0,"21":0.0,"22":0.0,"23":0.0},"main_std":{"0":0.0843362446,"1":0.1221762346,"2":0.1030336639,"3":0.0829848722,"4":0.0139696327,"5":0.0360033745,"6":0.1254009982,"7":0.0774811942,"8":0.0205139336,"9":0.1369373487,"10":0.0,"11":0.1248420024,"12":0.1891794525,"13":0.0392832732,"14":null,"15":0.0617628418,"16":0.1088717316,"17":0.1050619402,"18":0.121278053,"19":0.0266691043,"20":0.068209731,"21":0.0371252481,"22":0.0423591863,"23":0.0},"sentiment_std":{"0":0.179605302,"1":0.1149176665,"2":0.1856953382,"3":0.1350422405,"4":0.0,"5":0.0,"6":0.1877844595,"7":0.1539796169,"8":0.0,"9":0.1955262462,"10":0.0,"11":0.1340545856,"12":0.3967057838,"13":0.0,"14":null,"15":0.0845154255,"16":0.0,"17":0.0,"18":0.1474239524,"19":0.0,"20":0.0,"21":0.0,"22":0.0,"23":0.0},"sentiment_pv":{"0":0.8119335927,"1":0.0000008661,"2":0.7746901156,"3":0.3073229049,"4":4.126913125e-42,"5":4.126913125e-42,"6":0.5751826424,"7":0.9710988502,"8":4.126913125e-42,"9":0.0028801008,"10":4.126913125e-42,"11":0.095769759,"12":0.000172844,"13":4.126913125e-42,"14":null,"15":0.0196355093,"16":4.126913125e-42,"17":4.126913125e-42,"18":0.8714067374,"19":4.126913125e-42,"20":4.126913125e-42,"21":4.126913125e-42,"22":4.126913125e-42,"23":4.126913125e-42},"main_pv":{"0":0.3884835135,"1":0.2747693036,"2":0.7053204389,"3":0.000561318,"4":0.0268942844,"5":0.6670112856,"6":0.3839309729,"7":0.0000185095,"8":0.0000006318,"9":0.0036382257,"10":4.404464199e-50,"11":0.1797193609,"12":0.0006911417,"13":0.0044633135,"14":null,"15":0.0393709647,"16":0.0459179653,"17":0.5941657408,"18":0.9411247238,"19":0.0000000062,"20":0.2645954689,"21":0.9422870049,"22":0.2828979765,"23":4.404464199e-50},"count":{"0":31,"1":2406,"2":29,"3":593,"4":10,"5":7,"6":83,"7":536,"8":40,"9":3341,"10":3,"11":551,"12":145,"13":28,"14":1,"15":140,"16":186,"17":9,"18":91,"19":102,"20":50,"21":3,"22":20,"23":2},"nb_en":{"0":19,"1":1163,"2":5,"3":122,"4":3,"5":0,"6":19,"7":171,"8":0,"9":1610,"10":0,"11":107,"12":21,"13":3,"14":0,"15":26,"16":106,"17":2,"18":19,"19":12,"20":18,"21":0,"22":3,"23":0},"nb_de":{"0":0,"1":18,"2":23,"3":444,"4":7,"5":7,"6":10,"7":353,"8":40,"9":1691,"10":3,"11":15,"12":123,"13":25,"14":1,"15":111,"16":7,"17":0,"18":71,"19":90,"20":21,"21":3,"22":17,"23":2}}