{"canton":{"0":"SG","1":"JU","2":"VS","3":"SZ","4":"AG","5":"TG","6":"ZH","7":"BE","8":"GE","9":"BS","10":"GL","11":"LU","12":"GR","13":"UR","14":"VD","15":"SH","16":"BL","17":"NW","18":"TI","19":"SO","20":"NE","21":"FR"},"main_mean":{"0":-0.0235873112,"1":0.0,"2":0.0764673226,"3":-0.0357143112,"4":0.0101834816,"5":-0.199998,"6":0.0175900449,"7":0.0183743554,"8":0.0128282929,"9":0.0041011698,"10":0.0,"11":0.0242060713,"12":-0.0333323334,"13":0.0,"14":0.0291603734,"15":0.0214284184,"16":0.0,"17":0.0,"18":0.0117878432,"19":0.0,"20":0.0555549383,"21":0.0142509129},"sentiment_mean":{"0":-0.0909090909,"1":0.0,"2":0.4117647059,"3":0.4,"4":0.0625,"5":-1.0,"6":0.4497084548,"7":0.0921052632,"8":0.0967283073,"9":0.1065989848,"10":0.0,"11":0.1428571429,"12":0.3333333333,"13":1.0,"14":0.2452830189,"15":0.2,"16":0.0,"17":0.0,"18":0.1363636364,"19":-1.0,"20":0.5,"21":0.0434782609},"main_std":{"0":0.0415264585,"1":0.0,"2":0.2978012807,"3":0.244840528,"4":0.0518157857,"5":null,"6":0.1257321372,"7":0.1344273764,"8":0.1635385078,"9":0.1249057206,"10":null,"11":0.2215051988,"12":0.1527499046,"13":null,"14":0.1871537593,"15":0.0677626087,"16":null,"17":null,"18":0.0951286924,"19":null,"20":0.0785665472,"21":0.0946778408},"sentiment_std":{"0":0.53935989,"1":0.0,"2":0.7952062256,"3":0.5477225575,"4":0.6800735254,"5":null,"6":0.6829858308,"7":0.6646740291,"8":0.7014661844,"9":0.4560333708,"10":null,"11":0.7703288865,"12":1.1547005384,"13":null,"14":0.7571622217,"15":0.4216370214,"16":null,"17":null,"18":0.5709805678,"19":null,"20":0.7071067812,"21":0.4746540242},"sentiment_pv":{"0":0.0440511317,"1":5.039268169e-93,"2":0.5183711723,"3":0.6611174784,"4":0.213167687,"5":null,"6":0.0,"7":0.0006897656,"8":0.0000000004,"9":0.0000008047,"10":null,"11":0.5054776421,"12":0.9478697008,"13":null,"14":0.7126108381,"15":0.5454912763,"16":null,"17":null,"18":0.0197429328,"19":null,"20":0.7405182914,"21":0.0244512757},"main_pv":{"0":0.0113027584,"1":0.0000000126,"2":0.4101887131,"3":0.6653093215,"4":0.7013860517,"5":null,"6":0.6044296604,"7":0.7877913473,"8":0.7082637916,"9":0.2276289041,"10":null,"11":0.8834455545,"12":0.6364625515,"13":null,"14":0.5952759597,"15":0.784419116,"16":null,"17":null,"18":0.7351519202,"19":null,"20":0.6010582169,"21":0.9566185153},"count":{"0":11,"1":3,"2":17,"3":5,"4":16,"5":1,"6":1372,"7":152,"8":703,"9":197,"10":1,"11":14,"12":3,"13":1,"14":53,"15":10,"16":1,"17":1,"18":88,"19":1,"20":2,"21":23},"nb_en":{"0":11,"1":3,"2":17,"3":5,"4":16,"5":1,"6":1372,"7":152,"8":703,"9":197,"10":1,"11":14,"12":3,"13":1,"14":53,"15":10,"16":1,"17":1,"18":88,"19":1,"20":2,"21":23},"nb_de":{"0":0,"1":0,"2":0,"3":0,"4":0,"5":0,"6":0,"7":0,"8":0,"9":0,"10":0,"11":0,"12":0,"13":0,"14":0,"15":0,"16":0,"17":0,"18":0,"19":0,"20":0,"21":0}}