{"canton":{"0":"UR","1":"NW","2":"BE","3":"BL","4":"TI","5":"GR","6":"VD","7":"SG","8":"JU","9":"SH","10":"OW","11":"AG","12":"GE","13":"BS","14":"FR","15":"AR","16":"GL","17":"ZH","18":"SO","19":"NE","20":"LU","21":"VS","22":"SZ","23":"TG"},"main_mean":{"0":-0.0124760437,"1":-0.0057443809,"2":0.0114690635,"3":0.0063994734,"4":0.0135663498,"5":0.0082220876,"6":0.0119866946,"7":0.0335002816,"8":0.0132079969,"9":0.008039115,"10":-0.0011178936,"11":0.0170472677,"12":0.020758793,"13":0.0120414673,"14":0.00615183,"15":0.0,"16":-0.0442450523,"17":0.0200855812,"18":-0.0087872115,"19":0.0152402552,"20":0.0098451153,"21":0.005502313,"22":0.0023768231,"23":0.0095908955},"sentiment_mean":{"0":0.0,"1":0.0,"2":0.0554054054,"3":0.0625,"4":0.0975609756,"5":0.0465116279,"6":0.0587275693,"7":0.1318681319,"8":0.0,"9":0.0306122449,"10":0.0,"11":0.0530973451,"12":0.0702586207,"13":0.0873308733,"14":-0.0350877193,"15":0.0,"16":0.0,"17":0.1331592689,"18":0.0,"19":0.0,"20":0.0727272727,"21":0.0476190476,"22":0.0,"23":0.0263157895},"main_std":{"0":0.0433726699,"1":0.0134061673,"2":0.0784361234,"3":0.0387753154,"4":0.0720578233,"5":0.0319741728,"6":0.1105275024,"7":0.1206240069,"8":0.0224300734,"9":0.0402553131,"10":0.007147917,"11":0.0923997128,"12":0.1289175259,"13":0.1109329191,"14":0.0770750606,"15":null,"16":null,"17":0.1132599916,"18":0.0293176719,"19":0.0582994406,"20":0.0888609985,"21":0.0941871414,"22":0.012169762,"23":0.0921311895},"sentiment_std":{"0":0.0,"1":0.0,"2":0.3617884802,"3":0.2459346884,"4":0.4511303499,"5":0.3049971407,"6":0.3021864969,"7":0.4271037139,"8":0.0,"9":0.1731504103,"10":0.0,"11":0.2252263926,"12":0.4705871686,"13":0.4337934232,"14":0.3239639596,"15":null,"16":null,"17":0.4919195867,"18":0.0,"19":0.2773500981,"20":0.2829210948,"21":0.3086066999,"22":0.0,"23":0.2834957557},"sentiment_pv":{"0":3.560865328e-83,"1":3.560865328e-83,"2":0.0096399485,"3":0.5047749721,"4":0.8922561292,"5":0.33596914,"6":0.011163417,"7":0.3781969287,"8":3.560865328e-83,"9":0.0009700488,"10":3.560865328e-83,"11":0.0755083343,"12":0.0450739134,"13":0.7693086822,"14":0.0000655795,"15":null,"16":null,"17":0.0000188678,"18":3.560865328e-83,"19":0.0976877142,"20":0.3932482847,"21":0.3589721552,"22":3.560865328e-83,"23":0.1635509935},"main_pv":{"0":0.0933142497,"1":0.0169598811,"2":0.0603058833,"3":0.1256285586,"4":0.5695916953,"5":0.0758311539,"6":0.2475769939,"7":0.2061995359,"8":0.6000958463,"9":0.0302639588,"10":0.0000000001,"11":0.9742100943,"12":0.2416985091,"13":0.193655722,"14":0.1290981362,"15":null,"16":null,"17":0.2238011491,"18":0.0004477144,"19":0.8543551365,"20":0.2876044765,"21":0.4218509539,"22":0.0098843872,"23":0.6086812935},"count":{"0":8,"1":5,"2":740,"3":32,"4":123,"5":43,"6":613,"7":91,"8":9,"9":98,"10":18,"11":113,"12":2320,"13":813,"14":114,"15":1,"16":1,"17":3447,"18":22,"19":27,"20":165,"21":42,"22":8,"23":38},"nb_en":{"0":0,"1":0,"2":186,"3":0,"4":78,"5":3,"6":89,"7":11,"8":2,"9":8,"10":0,"11":9,"12":942,"13":255,"14":30,"15":0,"16":0,"17":1464,"18":1,"19":5,"20":19,"21":8,"22":0,"23":3},"nb_de":{"0":8,"1":5,"2":506,"3":32,"4":5,"5":40,"6":4,"7":80,"8":0,"9":90,"10":18,"11":100,"12":12,"13":548,"14":13,"15":1,"16":1,"17":1907,"18":21,"19":7,"20":145,"21":28,"22":8,"23":34},"nb_fr":{"0":0,"1":0,"2":48,"3":0,"4":40,"5":0,"6":520,"7":0,"8":7,"9":0,"10":0,"11":4,"12":1366,"13":10,"14":71,"15":0,"16":0,"17":76,"18":0,"19":15,"20":1,"21":6,"22":0,"23":1}}