{"canton":{"0":"UR","1":"NW","2":"BE","3":"BL","4":"TI","5":"TG","6":"VD","7":"SG","8":"JU","9":"SH","10":"OW","11":"AG","12":"GE","13":"BS","14":"FR","15":"SO","16":"AR","17":"GL","18":"ZH","19":"VS","20":"NE","21":"LU","22":"GR","23":"SZ"},"main_mean":{"0":0.0172956541,"1":-0.0121910591,"2":0.00317756,"3":0.0051207583,"4":-0.0020155221,"5":0.0032912525,"6":0.0200176014,"7":0.0424594263,"8":-0.0111190687,"9":0.0061237906,"10":0.0,"11":0.0102851973,"12":0.0185966176,"13":0.009151186,"14":0.0222952971,"15":-0.0378822727,"16":0.1278306252,"17":0.0,"18":0.0131577653,"19":-0.0161055093,"20":-0.0056856547,"21":0.0163445133,"22":0.0225084921,"23":-0.0084059159},"sentiment_mean":{"0":0.0,"1":0.0,"2":0.0431432974,"3":-0.0153846154,"4":-0.0062111801,"5":0.0,"6":0.061633282,"7":0.2210526316,"8":0.0714285714,"9":0.0229885057,"10":0.0,"11":0.0566037736,"12":0.0538254517,"13":0.0310077519,"14":0.0420168067,"15":-0.06,"16":0.2307692308,"17":0.0,"18":0.1917659805,"19":0.0,"20":0.0606060606,"21":0.0396825397,"22":0.1212121212,"23":0.0},"main_std":{"0":0.0386742583,"1":0.0246251369,"2":0.0986836721,"3":0.0194785704,"4":0.1497702301,"5":0.0373831513,"6":0.1306980491,"7":0.1285116479,"8":0.0435691868,"9":0.0544161892,"10":0.0,"11":0.121309284,"12":0.1256297216,"13":0.0987235147,"14":0.1182172348,"15":0.1677519714,"16":0.2990890102,"17":0.0,"18":0.1075132721,"19":0.1307584333,"20":0.0841802137,"21":0.095481572,"22":0.0709582281,"23":0.0325488565},"sentiment_std":{"0":0.0,"1":0.0,"2":0.3258227659,"3":0.1240347346,"4":0.5533635154,"5":0.0,"6":0.3547183475,"7":0.4419239216,"8":0.2672612419,"9":0.3402123651,"10":0.0,"11":0.333243474,"12":0.5085667783,"13":0.4482191209,"14":0.272930052,"15":0.4699109772,"16":0.4385290097,"17":0.0,"18":0.5041764574,"19":0.2773500981,"20":0.2423058423,"21":0.2653539116,"22":0.3314339826,"23":0.0},"sentiment_pv":{"0":2.410689355e-100,"1":2.410689355e-100,"2":0.0000049207,"3":0.0000000001,"4":0.0113556736,"5":2.410689355e-100,"6":0.0026519397,"7":0.0134151641,"8":0.6355737274,"9":0.0262690068,"10":2.410689355e-100,"11":0.1329699799,"12":0.0000026284,"13":0.0000455724,"14":0.0131305848,"15":0.0160342168,"16":0.3261280074,"17":2.410689355e-100,"18":9.465549525e-19,"19":0.007811705,"20":0.2911819465,"21":0.0067109321,"22":0.7966025264,"23":2.410689355e-100},"main_pv":{"0":0.8509492369,"1":0.1245229984,"2":0.0088035745,"3":0.0016857157,"4":0.1837116791,"5":0.2658066032,"6":0.2400329233,"7":0.0330372869,"8":0.0523449703,"9":0.1992114707,"10":9.401532583e-31,"11":0.7656930905,"12":0.0813358791,"13":0.2509366751,"14":0.4386537612,"15":0.034322408,"16":0.1944840869,"17":9.401532583e-31,"18":0.7551649878,"19":0.1023452611,"20":0.193800381,"21":0.7696169564,"22":0.4889906069,"23":0.0597093874},"count":{"0":5,"1":4,"2":649,"3":65,"4":161,"5":17,"6":649,"7":95,"8":14,"9":87,"10":2,"11":106,"12":2601,"13":645,"14":119,"15":50,"16":13,"17":2,"18":3692,"19":53,"20":33,"21":126,"22":33,"23":10},"nb_en":{"0":1,"1":0,"2":138,"3":1,"4":114,"5":1,"6":119,"7":17,"8":4,"9":11,"10":0,"11":13,"12":1231,"13":221,"14":19,"15":22,"16":3,"17":0,"18":1586,"19":9,"20":9,"21":22,"22":3,"23":3},"nb_de":{"0":4,"1":4,"2":465,"3":64,"4":3,"5":16,"6":22,"7":78,"8":0,"9":76,"10":2,"11":91,"12":11,"13":416,"14":46,"15":28,"16":10,"17":2,"18":2024,"19":36,"20":2,"21":104,"22":30,"23":7},"nb_fr":{"0":0,"1":0,"2":46,"3":0,"4":44,"5":0,"6":508,"7":0,"8":10,"9":0,"10":0,"11":2,"12":1359,"13":8,"14":54,"15":0,"16":0,"17":0,"18":82,"19":8,"20":22,"21":0,"22":0,"23":0}}