{"canton":{"0":"SG","1":"VS","2":"SO","3":"AG","4":"VD","5":"ZH","6":"SH","7":"BE","8":"GE","9":"BS","10":"TI","11":"SZ","12":"LU","13":"GR","14":"NE","15":"FR"},"main_mean":{"0":0.0321193635,"1":0.0980237761,"2":0.1249984375,"3":-0.010988854,"4":0.0166073873,"5":0.0288348141,"6":0.0117415521,"7":0.0175007569,"8":0.0140223903,"9":0.009259375,"10":0.0013146363,"11":-0.0555546296,"12":-0.0076081134,"13":0.0228935892,"14":-0.0328276024,"15":0.021426897},"sentiment_mean":{"0":0.1428571429,"1":0.2777777778,"2":1.0,"3":0.2307692308,"4":0.2452830189,"5":0.4021276596,"6":0.2,"7":0.196969697,"8":0.0827129859,"9":0.0945945946,"10":0.1123595506,"11":-0.3333333333,"12":-0.0357142857,"13":0.1428571429,"14":0.3636363636,"15":0.1176470588},"main_std":{"0":0.0648350464,"1":0.2768247196,"2":null,"3":0.0396208766,"4":0.1577048438,"5":0.157999987,"6":0.1218441562,"7":0.1631253863,"8":0.1171001671,"9":0.1416927419,"10":0.1495097643,"11":0.0962234411,"12":0.1774026518,"13":0.0391420117,"14":0.0793650512,"15":0.0411575145},"sentiment_std":{"0":0.8644378215,"1":0.6691131581,"2":null,"3":0.7250110521,"4":0.7011734485,"5":0.6835680617,"6":0.632455532,"7":0.6424816331,"8":0.6987030922,"9":0.6424637721,"10":0.5923413145,"11":0.5773502692,"12":0.5762035942,"13":0.6900655593,"14":0.5045249791,"15":0.600245048},"sentiment_pv":{"0":0.6308816855,"1":0.895323443,"2":null,"3":0.8998168416,"4":0.8693955225,"5":0.0,"6":0.7836439723,"7":0.2059622681,"8":0.0,"9":0.0031310891,"10":0.0260478137,"11":0.2186333143,"12":0.0125511358,"13":0.6780834085,"14":0.4989652505,"15":0.3550917988},"main_pv":{"0":0.5470066465,"1":0.2561976012,"2":null,"3":0.0129330967,"4":0.761933081,"5":0.0837846102,"6":0.809668374,"7":0.747526982,"8":0.0767845221,"9":0.3120049056,"10":0.2151637318,"11":0.3005638687,"12":0.396989162,"13":0.9193465654,"14":0.0475643671,"15":0.9913976016},"count":{"0":14,"1":18,"2":1,"3":13,"4":106,"5":1880,"6":10,"7":198,"8":1209,"9":148,"10":89,"11":3,"12":28,"13":7,"14":11,"15":17},"nb_en":{"0":14,"1":18,"2":1,"3":13,"4":106,"5":1880,"6":10,"7":198,"8":1209,"9":148,"10":89,"11":3,"12":28,"13":7,"14":11,"15":17},"nb_de":{"0":0,"1":0,"2":0,"3":0,"4":0,"5":0,"6":0,"7":0,"8":0,"9":0,"10":0,"11":0,"12":0,"13":0,"14":0,"15":0}}