{"canton":{"0":"NE","1":"GE","2":"TG","3":"SO","4":"BE","5":"SZ","6":"GL","7":"UR","8":"FR","9":"BS","10":"ZH","11":"OW","12":"VD","13":"SG","14":"GR","15":"AR","16":"LU","17":"TI","18":"JU","19":"AG","20":"SH","21":"VS","22":"AI","23":"BL","24":"NW"},"main_mean":{"0":0.0251184366,"1":0.0275801602,"2":0.003767189,"3":0.0131416463,"4":0.0083201802,"5":-0.0076608323,"6":0.0283164307,"7":-0.014541161,"8":0.0225876701,"9":0.0095500827,"10":0.0114118616,"11":0.033333,"12":0.0133470701,"13":0.0657782414,"14":0.0125771937,"15":0.0485451842,"16":0.0137311325,"17":0.0086556183,"18":0.0085162693,"19":0.0029526743,"20":0.0056877184,"21":0.0286036246,"22":0.0,"23":0.0110554646,"24":0.018053252},"sentiment_mean":{"0":0.0444444444,"1":0.0117203851,"2":0.0,"3":0.0454545455,"4":0.0157894737,"5":0.0,"6":0.0,"7":0.0,"8":0.0,"9":0.0291411043,"10":0.021817095,"11":0.0,"12":0.0120845921,"13":0.1631205674,"14":0.0,"15":0.0,"16":0.0,"17":0.0054054054,"18":0.0,"19":0.0,"20":0.0,"21":0.0,"22":0.0,"23":0.0163934426,"24":0.0},"main_std":{"0":0.1175092079,"1":0.1331558836,"2":0.0141300942,"3":0.0589518976,"4":0.1111965144,"5":0.0139035377,"6":null,"7":0.0270879215,"8":0.0659175938,"9":0.0840676501,"10":0.1195360494,"11":0.0577344496,"12":0.126195196,"13":0.1827351099,"14":0.0318766926,"15":0.0774677539,"16":0.137831395,"17":0.0930281483,"18":0.0556984789,"19":0.0819372957,"20":0.0390465861,"21":0.0622208226,"22":null,"23":0.1073952409,"24":0.0167356987},"sentiment_std":{"0":0.2084090771,"1":0.1151647084,"2":0.0,"3":0.2107070549,"4":0.1531854401,"5":0.0,"6":null,"7":0.0,"8":0.0,"9":0.1683311007,"10":0.1634890067,"11":0.0,"12":0.1224023478,"13":0.370792847,"14":0.0,"15":0.0,"16":0.0,"17":0.0735214622,"18":0.0,"19":0.1360827635,"20":0.0,"21":0.0,"22":null,"23":0.1280368799,"24":0.0},"sentiment_pv":{"0":0.4167585312,"1":0.0108649119,"2":5.276956004e-33,"3":0.4091197202,"4":0.5850943212,"5":5.276956004e-33,"6":null,"7":5.276956004e-33,"8":5.276956004e-33,"9":0.1329191068,"10":0.3747192357,"11":5.276956004e-33,"12":0.171477462,"13":0.0000089041,"14":5.276956004e-33,"15":5.276956004e-33,"16":5.276956004e-33,"17":0.0170375234,"18":5.276956004e-33,"19":0.1518665506,"20":5.276956004e-33,"21":5.276956004e-33,"22":null,"23":0.8774315111,"24":5.276956004e-33},"main_pv":{"0":0.6267275237,"1":0.0002372968,"2":0.0022291414,"3":0.7087222978,"4":0.0529262544,"5":0.0912666013,"6":null,"7":0.0087503495,"8":0.3773684557,"9":0.0487227317,"10":0.0354516079,"11":0.6641015669,"12":0.5317718415,"13":0.0017503865,"14":0.4635605356,"15":0.1803589814,"16":0.7718532645,"17":0.2598467539,"18":0.6971620193,"19":0.09072488,"20":0.0301709094,"21":0.1525445062,"22":null,"23":0.6938555424,"24":0.8670599422},"count":{"0":45,"1":2389,"2":17,"3":44,"4":760,"5":3,"6":1,"7":9,"8":96,"9":652,"10":3346,"11":3,"12":662,"13":141,"14":38,"15":12,"16":210,"17":185,"18":8,"19":109,"20":68,"21":57,"22":1,"23":61,"24":4},"nb_en":{"0":13,"1":1033,"2":3,"3":3,"4":221,"5":0,"6":0,"7":0,"8":19,"9":135,"10":1517,"11":1,"12":109,"13":15,"14":5,"15":6,"16":42,"17":103,"18":0,"19":7,"20":0,"21":16,"22":0,"23":2,"24":0},"nb_de":{"0":9,"1":10,"2":14,"3":41,"4":505,"5":3,"6":1,"7":9,"8":12,"9":505,"10":1785,"11":2,"12":22,"13":125,"14":33,"15":6,"16":161,"17":8,"18":0,"19":102,"20":68,"21":20,"22":1,"23":59,"24":4}}