{"canton":{"0":"NE","1":"GE","2":"TG","3":"BE","4":"SZ","5":"GL","6":"UR","7":"FR","8":"BS","9":"ZH","10":"SO","11":"VD","12":"OW","13":"SG","14":"GR","15":"AR","16":"LU","17":"TI","18":"JU","19":"AG","20":"SH","21":"VS","22":"AI","23":"BL","24":"NW"},"main_mean":{"0":0.0147619487,"1":0.015892929,"2":-0.0134756996,"3":0.0073911717,"4":-0.0233124485,"5":0.0002222185,"6":0.0001025633,"7":-0.0019363787,"8":0.0080513998,"9":0.0152032491,"10":0.0069889584,"11":0.0177873336,"12":0.0066999589,"13":0.0420637174,"14":0.0275187657,"15":0.0146921947,"16":0.0080299997,"17":0.0149709025,"18":0.0263897984,"19":0.0256139112,"20":0.0206767205,"21":0.0221049654,"22":-0.0003428522,"23":0.001949278,"24":0.0002857102},"sentiment_mean":{"0":0.0666666667,"1":0.0405616225,"2":-0.0588235294,"3":0.0454545455,"4":0.25,"5":0.3333333333,"6":0.1666666667,"7":0.0070422535,"8":0.0535714286,"9":0.2505478451,"10":-0.0434782609,"11":0.0381861575,"12":0.0,"13":0.0540540541,"14":0.08,"15":0.0,"16":0.0243902439,"17":0.0609137056,"18":0.0,"19":0.0615384615,"20":0.1111111111,"21":0.1794871795,"22":0.0,"23":0.0,"24":0.0},"main_std":{"0":0.109806482,"1":0.1445229178,"2":0.0579452944,"3":0.0927046953,"4":0.1861171239,"5":0.0003848938,"6":0.0002512278,"7":0.0700856134,"8":0.1143694313,"9":0.1100028889,"10":0.0300557306,"11":0.1360946511,"12":0.0087680748,"13":0.1594812383,"14":0.1084791593,"15":null,"16":0.093072334,"17":0.0815486744,"18":0.0470765377,"19":0.1319499236,"20":0.0720235611,"21":0.2047520013,"22":0.0004848663,"23":0.0224718329,"24":0.0004040552},"sentiment_std":{"0":0.2581988897,"1":0.4368772175,"2":0.242535625,"3":0.3820177403,"4":0.4629100499,"5":0.5773502692,"6":0.4082482905,"7":0.1881782343,"8":0.3103424357,"9":0.5467291315,"10":0.2085144141,"11":0.3069724887,"12":0.0,"13":0.3265381679,"14":0.4,"15":null,"16":0.3133100762,"17":0.3864347473,"18":0.0,"19":0.3467198712,"20":0.3164751089,"21":0.5559153131,"22":0.0,"23":0.0,"24":0.0},"sentiment_pv":{"0":0.402297787,"1":0.0,"2":0.0067459643,"3":0.0000077241,"4":0.4681702322,"5":0.5948478265,"6":0.8100672216,"7":0.0,"8":0.000000267,"9":2.645820257e-26,"10":0.00087011,"11":0.0000001011,"12":2.179527061e-109,"13":0.0704831571,"14":0.5847008398,"15":null,"16":0.0054013162,"17":0.0247203553,"18":2.179527061e-109,"19":0.043794007,"20":0.7250903783,"21":0.5406008689,"22":2.179527061e-109,"23":2.179527061e-109,"24":2.179527061e-109},"main_pv":{"0":0.9871969887,"1":0.657198453,"2":0.0665213853,"3":0.1071024746,"4":0.5855597122,"5":6.185930104e-22,"6":6.233785646e-23,"7":0.0080939797,"8":0.195848637,"9":0.721954744,"10":0.266586331,"11":0.6081768436,"12":0.4284036038,"13":0.1396407827,"14":0.5488257544,"15":null,"16":0.5474437072,"17":0.9105976913,"18":0.4923250904,"19":0.3336126815,"20":0.4610000901,"21":0.8132467693,"22":1.544813018e-20,"23":0.0050232654,"24":1.852752783e-20},"count":{"0":15,"1":1923,"2":17,"3":528,"4":8,"5":3,"6":6,"7":142,"8":616,"9":2738,"10":23,"11":419,"12":2,"13":74,"14":25,"15":1,"16":82,"17":197,"18":8,"19":130,"20":72,"21":39,"22":2,"23":33,"24":2},"nb_en":{"0":2,"1":703,"2":1,"3":152,"4":5,"5":1,"6":1,"7":23,"8":197,"9":1372,"10":1,"11":53,"12":0,"13":11,"14":3,"15":0,"16":14,"17":88,"18":3,"19":16,"20":10,"21":17,"22":0,"23":1,"24":1},"nb_de":{"0":2,"1":10,"2":16,"3":352,"4":3,"5":2,"6":5,"7":69,"8":413,"9":1324,"10":22,"11":14,"12":2,"13":63,"14":21,"15":1,"16":67,"17":1,"18":0,"19":113,"20":62,"21":17,"22":2,"23":32,"24":1}}