{"canton":{"0":"NE","1":"GE","2":"TG","3":"BE","4":"SZ","5":"GL","6":"UR","7":"FR","8":"BS","9":"BL","10":"ZH","11":"OW","12":"VD","13":"SG","14":"GR","15":"AR","16":"LU","17":"TI","18":"JU","19":"AG","20":"SH","21":"VS","22":"SO","23":"NW"},"main_mean":{"0":-0.0038277279,"1":0.0239365053,"2":0.0158973897,"3":0.0134493572,"4":0.0017461404,"5":-0.0000205127,"6":-0.0195887392,"7":0.0267863364,"8":0.0124497586,"9":0.002534773,"10":0.0166828718,"11":0.0,"12":0.0068756023,"13":0.0449648654,"14":0.0140676377,"15":0.0009969261,"16":0.0184306239,"17":-0.009664559,"18":0.0363090642,"19":0.0338663124,"20":0.0123716164,"21":-0.0063994405,"22":0.0288793671,"23":0.000121211},"sentiment_mean":{"0":0.0,"1":0.0544554455,"2":0.0384615385,"3":0.067294751,"4":0.0,"5":0.0,"6":0.0,"7":0.0469798658,"8":0.0376068376,"9":0.0,"10":0.1987197328,"11":0.0,"12":0.0555555556,"13":0.1075268817,"14":0.0333333333,"15":0.1111111111,"16":0.0526315789,"17":0.0120481928,"18":0.0,"19":0.053030303,"20":0.0107526882,"21":0.025,"22":0.0833333333,"23":0.0},"main_std":{"0":0.0809714739,"1":0.1313052352,"2":0.0451450829,"3":0.0841952759,"4":0.0039044887,"5":0.0003389248,"6":0.0419839786,"7":0.1786078593,"8":0.0848809885,"9":0.0213886566,"10":0.1172228613,"11":null,"12":0.1150087562,"13":0.1298062864,"14":0.0888470597,"15":0.006074236,"16":0.0915921546,"17":0.1209687809,"18":0.0501837504,"19":0.1572871603,"20":0.0635554323,"21":0.0923144081,"22":0.1526761315,"23":0.0002099436},"sentiment_std":{"0":0.0,"1":0.5101681782,"2":0.1961161351,"3":0.3571285272,"4":0.7071067812,"5":0.0,"6":0.0,"7":0.3148481073,"8":0.3951171353,"9":0.0,"10":0.5308191423,"11":null,"12":0.3244296468,"13":0.3445969792,"14":0.319841915,"15":0.3333333333,"16":0.2557161505,"17":0.4797467995,"18":0.0,"19":0.3341708193,"20":0.2328753938,"21":0.2761920551,"22":0.4391550328,"23":0.0},"sentiment_pv":{"0":4.531534468e-104,"1":0.0000010443,"2":0.0811182571,"3":0.0030853743,"4":0.7480296565,"5":4.531534468e-104,"6":4.531534468e-104,"7":0.0197060378,"8":0.0000338361,"9":4.531534468e-104,"10":1.105315416e-18,"11":null,"12":0.0000715036,"13":0.9707031372,"14":0.2075598997,"15":0.9843130862,"16":0.014492438,"17":0.0108081755,"18":4.531534468e-104,"19":0.0605758241,"20":0.0001310088,"21":0.0635931062,"22":0.7299815308,"23":4.531534468e-104},"main_pv":{"0":0.2820231268,"1":0.0217029809,"2":0.8665433893,"3":0.2330558293,"4":0.0000459757,"5":3.413845213e-43,"6":0.029602633,"7":0.5242688999,"8":0.1820829513,"9":0.0000003157,"10":0.7512554351,"11":null,"12":0.0212193026,"13":0.044335732,"14":0.8384204796,"15":0.0000048798,"16":0.8995495954,"17":0.0047672916,"18":0.3582631571,"19":0.2334503381,"20":0.4536752406,"21":0.1119365033,"22":0.6554440355,"23":3.445433967e-44},"count":{"0":18,"1":2626,"2":26,"3":743,"4":5,"5":3,"6":9,"7":149,"8":585,"9":76,"10":3593,"11":1,"12":684,"13":93,"14":30,"15":9,"16":133,"17":166,"18":7,"19":132,"20":93,"21":40,"22":36,"23":3},"nb_en":{"0":3,"1":1206,"2":1,"3":199,"4":2,"5":0,"6":0,"7":30,"8":154,"9":0,"10":1669,"11":0,"12":111,"13":11,"14":6,"15":0,"16":23,"17":80,"18":1,"19":16,"20":10,"21":9,"22":12,"23":0},"nb_de":{"0":5,"1":11,"2":25,"3":505,"4":3,"5":3,"6":9,"7":39,"8":413,"9":76,"10":1843,"11":1,"12":13,"13":82,"14":24,"15":9,"16":108,"17":2,"18":0,"19":116,"20":83,"21":24,"22":24,"23":3}}