{"canton":{"0":"UR","1":"NW","2":"BE","3":"BL","4":"TI","5":"TG","6":"VD","7":"GR","8":"SG","9":"JU","10":"SH","11":"OW","12":"AG","13":"GE","14":"BS","15":"FR","16":"AR","17":"GL","18":"ZH","19":"SO","20":"NE","21":"LU","22":"VS","23":"SZ"},"main_mean":{"0":-0.0357472512,"1":-0.0499995,"2":0.0107197744,"3":0.0093926666,"4":0.0196164693,"5":0.022465787,"6":0.0201438385,"7":0.0107544278,"8":0.0477493576,"9":0.0484405489,"10":0.0045980425,"11":-0.0495550605,"12":0.0378648223,"13":0.0208608284,"14":0.009973812,"15":0.0221550719,"16":0.0882942697,"17":0.0063275112,"18":0.0164421355,"19":0.0229857507,"20":-0.006301605,"21":0.0095790671,"22":0.0051842828,"23":-0.0322197244},"sentiment_mean":{"0":0.3333333333,"1":0.0,"2":0.0809399478,"3":0.0243902439,"4":0.1360946746,"5":0.0714285714,"6":0.0649350649,"7":0.2333333333,"8":0.1165048544,"9":0.2,"10":0.0465116279,"11":0.0,"12":0.08,"13":0.0649926145,"14":0.0744680851,"15":0.0189873418,"16":0.1666666667,"17":0.0,"18":0.1080783016,"19":0.0967741935,"20":0.09375,"21":0.0558659218,"22":0.0,"23":0.1},"main_std":{"0":0.0557613646,"1":0.070709971,"2":0.0915861141,"3":0.0323549097,"4":0.1029587017,"5":0.0694053634,"6":0.1414562744,"7":0.0527772881,"8":0.1485963361,"9":0.1395106278,"10":0.0489625977,"11":0.0713385034,"12":0.1476365003,"13":0.1158874565,"14":0.0871094084,"15":0.1149823198,"16":0.2018151172,"17":0.0103467998,"18":0.1099194865,"19":0.0665347068,"20":0.0778880382,"21":0.0915019807,"22":0.0903322034,"23":0.1346468158},"sentiment_std":{"0":0.5773502692,"1":0.0,"2":0.4106136381,"3":0.1561737619,"4":0.4216592966,"5":0.2622652642,"6":0.3247168418,"7":0.4301830672,"8":0.4034403733,"9":0.4216370214,"10":0.2615328905,"11":0.0,"12":0.3262692338,"13":0.5094457972,"14":0.38826558,"15":0.26400924,"16":0.4082482905,"17":0.0,"18":0.498102662,"19":0.3005371535,"20":0.2961445811,"21":0.294532011,"22":0.4417261043,"23":0.5676462122},"sentiment_pv":{"0":0.534338025,"1":9.511947307e-69,"2":0.7811114149,"3":0.0184640557,"4":0.1230150678,"5":0.7830304188,"6":0.1696491867,"7":0.0698925883,"8":0.4372305142,"9":0.4121251548,"10":0.178853991,"11":9.511947307e-69,"12":0.858698327,"13":0.0631858067,"14":0.5262657385,"15":0.0024375882,"16":0.6460718714,"17":9.511947307e-69,"18":0.0172859348,"19":0.8333918752,"20":0.872981866,"21":0.1934349462,"22":0.2190419749,"23":0.9364436335},"main_pv":{"0":0.2400114318,"1":0.4059046591,"2":0.0542534412,"3":0.1261088708,"4":0.7891311115,"5":0.7074547552,"6":0.6668152653,"7":0.4941042951,"8":0.0417706365,"9":0.5005812158,"10":0.0192290786,"11":0.4106262125,"12":0.1264565801,"13":0.1767224506,"14":0.0515362094,"15":0.6122498434,"16":0.4293249228,"17":0.199433649,"18":0.6330493257,"19":0.6493365701,"20":0.095141379,"21":0.256507192,"22":0.3846582589,"23":0.273295884},"count":{"0":3,"1":2,"2":766,"3":41,"4":169,"5":28,"6":539,"7":30,"8":103,"9":10,"10":86,"11":2,"12":125,"13":2708,"14":564,"15":158,"16":6,"17":3,"18":3627,"19":31,"20":32,"21":179,"22":42,"23":10},"nb_en":{"0":1,"1":0,"2":221,"3":2,"4":87,"5":6,"6":97,"7":7,"8":17,"9":3,"10":10,"11":0,"12":14,"13":1373,"14":150,"15":26,"16":0,"17":0,"18":1497,"19":2,"20":7,"21":28,"22":16,"23":6},"nb_de":{"0":2,"1":2,"2":495,"3":39,"4":4,"5":22,"6":20,"7":23,"8":86,"9":0,"10":76,"11":2,"12":110,"13":18,"14":408,"15":57,"16":6,"17":3,"18":2062,"19":29,"20":5,"21":151,"22":14,"23":4},"nb_fr":{"0":0,"1":0,"2":50,"3":0,"4":78,"5":0,"6":422,"7":0,"8":0,"9":7,"10":0,"11":0,"12":1,"13":1317,"14":6,"15":75,"16":0,"17":0,"18":68,"19":0,"20":20,"21":0,"22":12,"23":0}}