{"canton":{"0":"NE","1":"GE","2":"TG","3":"BE","4":"SZ","5":"GL","6":"UR","7":"FR","8":"BS","9":"ZH","10":"SO","11":"VD","12":"SG","13":"GR","14":"AR","15":"LU","16":"TI","17":"JU","18":"AG","19":"SH","20":"VS","21":"BL","22":"NW"},"main_mean":{"0":0.0844084136,"1":0.0195517997,"2":0.0109257628,"3":0.0042461861,"4":0.0168748128,"5":0.0192998865,"6":0.0000369233,"7":-0.0011143842,"8":0.0173893851,"9":0.0121741915,"10":-0.0027119194,"11":0.0380552668,"12":0.0257689086,"13":0.0017276683,"14":0.054868934,"15":0.0132580202,"16":0.0031128896,"17":0.0087624272,"18":0.023448912,"19":0.0072674561,"20":0.0250293629,"21":-0.0039183176,"22":0.0},"sentiment_mean":{"0":0.0555555556,"1":0.0603598375,"2":0.0,"3":0.0663430421,"4":0.0,"5":0.0,"6":0.0,"7":0.0277777778,"8":0.0721868365,"9":0.2485182049,"10":0.023255814,"11":0.1049382716,"12":0.0787037037,"13":0.0,"14":0.25,"15":0.0284090909,"16":0.1153846154,"17":0.0,"18":0.1142857143,"19":0.0337078652,"20":0.1363636364,"21":0.0,"22":0.0},"main_std":{"0":0.2856575103,"1":0.158269303,"2":0.0512225032,"3":0.0857845396,"4":0.0338854487,"5":0.0272941612,"6":0.0001956347,"7":0.0961584393,"8":0.1441701404,"9":0.1112028216,"10":0.0229854292,"11":0.1520151295,"12":0.1263131589,"13":0.052291731,"14":0.1811655904,"15":0.0677466772,"16":0.1237445704,"17":0.0319501291,"18":0.0965562073,"19":0.0438921872,"20":0.1096389649,"21":0.0332913975,"22":null},"sentiment_std":{"0":0.4161761819,"1":0.4454718472,"2":0.0,"3":0.4031479358,"4":0.0,"5":0.0,"6":0.0,"7":0.3194134032,"8":0.4009182215,"9":0.5579959807,"10":0.1524985703,"11":0.3358465058,"12":0.3174171713,"13":0.3086066999,"14":0.4629100499,"15":0.2710609267,"16":0.4923384382,"17":0.0,"18":0.3484660262,"19":0.1814986979,"20":0.4620937734,"21":0.0,"22":null},"sentiment_pv":{"0":0.444162465,"1":0.0000000039,"2":5.769994482e-110,"3":0.0001328904,"4":5.769994482e-110,"5":5.769994482e-110,"6":5.769994482e-110,"7":0.0011002844,"8":0.0019346794,"9":3.361323725e-19,"10":0.000036368,"11":0.1589824849,"12":0.016870542,"13":0.0576621943,"14":0.496352715,"15":0.0000019465,"16":0.6946499654,"17":5.769994482e-110,"18":0.5981056864,"19":0.0000032864,"20":0.9564768205,"21":5.769994482e-110,"22":null},"main_pv":{"0":0.319432901,"1":0.3066851033,"2":0.7722318054,"3":0.0035389699,"4":0.9335110614,"5":0.8710885339,"6":3.777485646e-22,"7":0.0823662997,"8":0.7635862827,"9":0.2549169851,"10":0.0000155585,"11":0.0085455188,"12":0.2336329535,"13":0.2397414466,"14":0.5567199548,"15":0.6978628798,"16":0.267045762,"17":0.4616936785,"18":0.3975414575,"19":0.1033036919,"20":0.5622993004,"21":0.0027760662,"22":null},"count":{"0":18,"1":1723,"2":12,"3":618,"4":4,"5":2,"6":4,"7":108,"8":471,"9":2362,"10":43,"11":324,"12":216,"13":22,"14":8,"15":176,"16":130,"17":14,"18":105,"19":89,"20":44,"21":33,"22":1},"nb_en":{"0":6,"1":623,"2":2,"3":183,"4":1,"5":0,"6":0,"7":20,"8":137,"9":1219,"10":2,"11":56,"12":23,"13":2,"14":0,"15":19,"16":80,"17":1,"18":15,"19":5,"20":12,"21":0,"22":0},"nb_de":{"0":3,"1":18,"2":9,"3":413,"4":3,"5":2,"6":4,"7":21,"8":329,"9":1113,"10":41,"11":13,"12":191,"13":20,"14":8,"15":157,"16":3,"17":1,"18":90,"19":84,"20":26,"21":33,"22":1}}