{"canton":{"0":"SG","1":"GL","2":"UR","3":"VS","4":"SO","5":"AG","6":"VD","7":"ZH","8":"TG","9":"BE","10":"BL","11":"GE","12":"SH","13":"AR","14":"SZ","15":"LU","16":"TI","17":"GR","18":"NE","19":"FR","20":"BS"},"main_mean":{"0":0.0103444146,"1":0.0,"2":0.0,"3":-0.0038168175,"4":0.0,"5":0.0702079372,"6":0.0435435778,"7":0.0162255717,"8":0.0,"9":-0.0014477412,"10":0.0,"11":0.0133204848,"12":-0.0181816529,"13":-0.013888831,"14":-0.0178564413,"15":0.0617932956,"16":0.0074260253,"17":0.0357140306,"18":0.0292660628,"19":-0.0800503634,"20":0.0130562905},"sentiment_mean":{"0":0.0454545455,"1":0.0,"2":0.0,"3":0.0,"4":0.0,"5":0.1111111111,"6":0.0196078431,"7":0.0139534884,"8":0.0,"9":0.0,"10":0.0,"11":0.0149082569,"12":0.0,"13":0.0,"14":0.0,"15":0.0526315789,"16":0.0,"17":0.1666666667,"18":0.0,"19":0.0,"20":0.0130718954},"main_std":{"0":0.1378280298,"1":null,"2":null,"3":0.0882631146,"4":null,"5":0.2098755544,"6":0.1705734931,"7":0.1365462184,"8":null,"9":0.111656327,"10":0.0,"11":0.1629840334,"12":0.0574954348,"13":0.024056161,"14":0.1272724167,"15":0.1965797527,"16":0.1193224189,"17":0.0874811517,"18":0.1858405089,"19":0.2612532059,"20":0.1407114556},"sentiment_std":{"0":0.2132007164,"1":null,"2":null,"3":0.0,"4":null,"5":0.3233808334,"6":0.139333076,"7":0.1519093391,"8":null,"9":0.0,"10":0.0,"11":0.1389074668,"12":0.0,"13":0.0,"14":0.0,"15":0.2262942859,"16":0.0,"17":0.4082482905,"18":0.0,"19":0.0,"20":0.1139556761},"sentiment_pv":{"0":0.501774417,"1":null,"2":null,"3":0.0000000213,"4":null,"5":0.2215490586,"6":0.7081393916,"7":0.9338436372,"8":null,"9":0.0000000213,"10":0.0000000213,"11":0.9157013374,"12":0.0000000213,"13":0.0000000213,"14":0.0000000213,"15":0.3047806804,"16":0.0000000213,"17":0.40269707,"18":0.0000000213,"19":0.0000000213,"20":0.8944946011},"main_pv":{"0":0.8777363459,"1":null,"2":null,"3":0.4432853837,"4":null,"5":0.2799874438,"6":0.0971919406,"7":0.7697328123,"8":null,"9":0.0625475618,"10":0.0000000162,"11":0.7915078796,"12":0.1035770243,"13":0.1694937341,"14":0.5560122809,"15":0.1514422186,"16":0.5267794379,"17":0.5867108388,"18":0.7945675684,"19":0.1811465708,"20":0.8721823183},"count":{"0":22,"1":1,"2":1,"3":14,"4":1,"5":18,"6":102,"7":1505,"8":1,"9":179,"10":2,"11":872,"12":10,"13":3,"14":6,"15":38,"16":107,"17":6,"18":12,"19":15,"20":153},"nb_en":{"0":22,"1":1,"2":1,"3":14,"4":1,"5":18,"6":102,"7":1505,"8":1,"9":179,"10":2,"11":872,"12":10,"13":3,"14":6,"15":38,"16":107,"17":6,"18":12,"19":15,"20":153},"nb_de":{"0":0,"1":0,"2":0,"3":0,"4":0,"5":0,"6":0,"7":0,"8":0,"9":0,"10":0,"11":0,"12":0,"13":0,"14":0,"15":0,"16":0,"17":0,"18":0,"19":0,"20":0}}