{"canton":{"0":"NE","1":"GE","2":"TG","3":"BE","4":"SZ","5":"SO","6":"UR","7":"FR","8":"BS","9":"ZH","10":"OW","11":"VD","12":"SG","13":"GR","14":"AR","15":"LU","16":"TI","17":"JU","18":"AG","19":"SH","20":"VS","21":"BL","22":"NW"},"main_mean":{"0":0.0327625377,"1":0.0147615702,"2":-0.0068531584,"3":0.0140855237,"4":-0.0222391362,"5":0.0087276968,"6":0.0005117796,"7":0.0491860353,"8":0.0192409762,"9":0.0150462444,"10":-0.1274368557,"11":0.0262395787,"12":0.0222397874,"13":0.0144279136,"14":0.0174150026,"15":0.0044074138,"16":0.0042112946,"17":0.0431652234,"18":0.0069917246,"19":0.0104268974,"20":0.0006123133,"21":0.0027219056,"22":-0.0189481406},"sentiment_mean":{"0":0.1891891892,"1":0.0399070128,"2":0.0,"3":0.0657395702,"4":0.0,"5":0.0227272727,"6":0.0,"7":0.0317460317,"8":0.0747028862,"9":0.2374287195,"10":-0.3333333333,"11":0.0867346939,"12":0.0810810811,"13":0.0333333333,"14":0.125,"15":0.0337078652,"16":0.0693069307,"17":0.0,"18":0.0416666667,"19":0.0617283951,"20":0.0666666667,"21":0.0666666667,"22":0.0},"main_std":{"0":0.080320615,"1":0.142539458,"2":0.0511039193,"3":0.102147376,"4":0.0655813234,"5":0.0825631254,"6":0.0004013338,"7":0.1479386518,"8":0.1183086477,"9":0.1131112084,"10":0.179980922,"11":0.1534970971,"12":0.1188723973,"13":0.0718126104,"14":0.0332752707,"15":0.064251746,"16":0.0670711398,"17":0.0210187147,"18":0.0693707776,"19":0.0700395829,"20":0.0894178798,"21":0.0326723904,"22":0.0280537822},"sentiment_std":{"0":0.397061277,"1":0.5159808818,"2":0.0,"3":0.3460107966,"4":0.3922322703,"5":0.2631328574,"6":0.0,"7":0.3081949496,"8":0.3704957907,"9":0.5452116241,"10":0.5773502692,"11":0.3564363906,"12":0.3597715358,"13":0.1810203347,"14":0.3415650255,"15":0.2792013712,"16":0.4174651233,"17":0.0,"18":0.2866493191,"19":0.2892092241,"20":0.3620406694,"21":0.2537081317,"22":0.0},"sentiment_pv":{"0":0.3576086873,"1":0.0,"2":3.698306173e-141,"3":0.0000028726,"4":0.2434934674,"5":0.0114613267,"6":3.698306173e-141,"7":0.0007352071,"8":0.0009101833,"9":4.604961796e-27,"10":0.3004093194,"11":0.0077306863,"12":0.1182438165,"13":0.0001835637,"14":0.9707229043,"15":0.0000182855,"16":0.0493905294,"17":3.698306173e-141,"18":0.000517166,"19":0.0441040311,"20":0.1955211848,"21":0.196721438,"22":3.698306173e-141},"main_pv":{"0":0.2022010385,"1":0.7997553311,"2":0.0178144232,"3":0.7048291938,"4":0.0507510031,"5":0.5887906707,"6":6.927099595e-33,"7":0.0122314194,"8":0.4621024695,"9":0.8227679926,"10":0.3026518226,"11":0.0976574363,"12":0.4973943314,"13":0.9057692391,"14":0.8264475653,"15":0.0262796453,"16":0.0211239179,"17":0.0774120539,"18":0.150240673,"19":0.5182291038,"20":0.2034524164,"21":0.0434562594,"22":0.3313930604},"count":{"0":37,"1":2581,"2":33,"3":791,"4":14,"5":44,"6":6,"7":126,"8":589,"9":3858,"10":3,"11":588,"12":148,"13":60,"14":16,"15":178,"16":202,"17":4,"18":144,"19":81,"20":60,"21":30,"22":2},"nb_en":{"0":18,"1":1219,"2":1,"3":142,"4":6,"5":2,"6":1,"7":26,"8":161,"9":1891,"10":1,"11":102,"12":16,"13":8,"14":2,"15":36,"16":75,"17":0,"18":20,"19":8,"20":15,"21":3,"22":0},"nb_de":{"0":6,"1":17,"2":32,"3":598,"4":8,"5":42,"6":5,"7":36,"8":414,"9":1889,"10":2,"11":8,"12":132,"13":52,"14":14,"15":141,"16":2,"17":0,"18":123,"19":73,"20":27,"21":27,"22":2}}