{"canton":{"0":"SG","1":"AR","2":"JU","3":"VS","4":"SZ","5":"AG","6":"VD","7":"ZH","8":"TG","9":"BE","10":"BL","11":"GE","12":"SH","13":"TI","14":"SO","15":"LU","16":"GR","17":"NE","18":"FR","19":"BS"},"main_mean":{"0":0.0275233838,"1":0.0,"2":0.0,"3":0.0079844758,"4":-0.2083243059,"5":-0.0440429827,"6":0.0243688413,"7":0.0165420184,"8":0.0,"9":0.0065201177,"10":-0.0909082645,"11":0.0153330023,"12":0.0430502259,"13":-0.0035754796,"14":-0.0085489376,"15":0.0532621056,"16":0.0109124047,"17":0.0302606423,"18":0.0160014289,"19":0.0135924311},"sentiment_mean":{"0":0.1333333333,"1":0.0,"2":0.0,"3":0.1111111111,"4":-0.25,"5":0.0,"6":0.1739130435,"7":0.4197247706,"8":0.0,"9":0.1229050279,"10":-1.0,"11":0.0987361769,"12":0.2142857143,"13":0.1304347826,"14":0.5,"15":0.2727272727,"16":0.375,"17":0.25,"18":0.1212121212,"19":0.1532258065},"main_std":{"0":0.1271647589,"1":null,"2":null,"3":0.107789431,"4":0.3435810197,"5":0.2386253485,"6":0.1640363542,"7":0.1203307728,"8":0.0,"9":0.0999402008,"10":null,"11":0.1321702503,"12":0.1355347613,"13":0.1190448599,"14":0.1291457275,"15":0.1338489222,"16":0.1174815524,"17":0.0730180545,"18":0.2094373788,"19":0.1389275283},"sentiment_std":{"0":0.8338093878,"1":null,"2":null,"3":0.78173596,"4":0.9574271078,"5":0.7302967433,"6":0.6931683681,"7":0.6920420811,"8":0.0,"9":0.6148722777,"10":null,"11":0.7182862663,"12":0.6992932068,"13":0.5700375354,"14":0.8366600265,"15":0.5167644091,"16":0.7440238091,"17":0.6215815605,"18":0.5452966943,"19":0.6507575928},"sentiment_pv":{"0":0.5698032847,"1":null,"2":null,"3":0.5867140277,"4":0.3658595647,"5":0.1774289381,"6":0.1601632659,"7":0.0,"8":1.246991761e-103,"9":0.004583093,"10":null,"11":0.0,"12":0.8157685158,"13":0.019852971,"14":0.5117889247,"15":0.8789094117,"16":0.6722524677,"17":0.9618306549,"18":0.1596442831,"19":0.0786841287},"main_pv":{"0":0.7114729735,"1":null,"2":null,"3":0.8480558916,"4":0.2842930521,"5":0.3374235975,"6":0.5128911572,"7":0.6872097574,"8":0.0,"9":0.2698423124,"10":null,"11":0.9575438705,"12":0.4548846651,"13":0.1008026227,"14":0.6726388737,"15":0.1125423753,"16":0.9225002365,"17":0.4889675591,"18":0.9805840016,"19":0.9049754161},"count":{"0":15,"1":1,"2":1,"3":9,"4":4,"5":16,"6":138,"7":1744,"8":2,"9":179,"10":1,"11":1266,"12":14,"13":115,"14":6,"15":33,"16":8,"17":12,"18":33,"19":124},"nb_en":{"0":15,"1":1,"2":1,"3":9,"4":4,"5":16,"6":138,"7":1744,"8":2,"9":179,"10":1,"11":1266,"12":14,"13":115,"14":6,"15":33,"16":8,"17":12,"18":33,"19":124},"nb_de":{"0":0,"1":0,"2":0,"3":0,"4":0,"5":0,"6":0,"7":0,"8":0,"9":0,"10":0,"11":0,"12":0,"13":0,"14":0,"15":0,"16":0,"17":0,"18":0,"19":0}}