{"canton":{"0":"NE","1":"GE","2":"TG","3":"SO","4":"BE","5":"SZ","6":"GL","7":"UR","8":"FR","9":"BS","10":"ZH","11":"OW","12":"VD","13":"SG","14":"GR","15":"AR","16":"LU","17":"TI","18":"JU","19":"AG","20":"SH","21":"VS","22":"BL","23":"NW"},"main_mean":{"0":0.0152402552,"1":0.020758793,"2":0.0095908955,"3":-0.0087872115,"4":0.0114690635,"5":0.0023768231,"6":-0.0442450523,"7":-0.0124760437,"8":0.00615183,"9":0.0120414673,"10":0.0200855812,"11":-0.0011178936,"12":0.0119866946,"13":0.0335002816,"14":0.0082220876,"15":0.0,"16":0.0098451153,"17":0.0135663498,"18":0.0132079969,"19":0.0170472677,"20":0.008039115,"21":0.005502313,"22":0.0063994734,"23":-0.0057443809},"sentiment_mean":{"0":0.0,"1":0.0702586207,"2":0.0263157895,"3":0.0,"4":0.0554054054,"5":0.0,"6":0.0,"7":0.0,"8":-0.0350877193,"9":0.0873308733,"10":0.1331592689,"11":0.0,"12":0.0587275693,"13":0.1318681319,"14":0.0465116279,"15":0.0,"16":0.0727272727,"17":0.0975609756,"18":0.0,"19":0.0530973451,"20":0.0306122449,"21":0.0476190476,"22":0.0625,"23":0.0},"main_std":{"0":0.0582994406,"1":0.1289175259,"2":0.0921311895,"3":0.0293176719,"4":0.0784361234,"5":0.012169762,"6":null,"7":0.0433726699,"8":0.0770750606,"9":0.1109329191,"10":0.1132599916,"11":0.007147917,"12":0.1105275024,"13":0.1206240069,"14":0.0319741728,"15":null,"16":0.0888609985,"17":0.0720578233,"18":0.0224300734,"19":0.0923997128,"20":0.0402553131,"21":0.0941871414,"22":0.0387753154,"23":0.0134061673},"sentiment_std":{"0":0.2773500981,"1":0.4705871686,"2":0.2834957557,"3":0.0,"4":0.3617884802,"5":0.0,"6":null,"7":0.0,"8":0.3239639596,"9":0.4337934232,"10":0.4919195867,"11":0.0,"12":0.3021864969,"13":0.4271037139,"14":0.3049971407,"15":null,"16":0.2829210948,"17":0.4511303499,"18":0.0,"19":0.2252263926,"20":0.1731504103,"21":0.3086066999,"22":0.2459346884,"23":0.0},"sentiment_pv":{"0":0.0976877142,"1":0.0450739134,"2":0.1635509935,"3":3.560865328e-83,"4":0.0096399485,"5":3.560865328e-83,"6":null,"7":3.560865328e-83,"8":0.0000655795,"9":0.7693086822,"10":0.0000188678,"11":3.560865328e-83,"12":0.011163417,"13":0.3781969287,"14":0.33596914,"15":null,"16":0.3932482847,"17":0.8922561292,"18":3.560865328e-83,"19":0.0755083343,"20":0.0009700488,"21":0.3589721552,"22":0.5047749721,"23":3.560865328e-83},"main_pv":{"0":0.8543551365,"1":0.2416985091,"2":0.6086812935,"3":0.0004477144,"4":0.0603058833,"5":0.0098843872,"6":null,"7":0.0933142497,"8":0.1290981362,"9":0.193655722,"10":0.2238011491,"11":0.0000000001,"12":0.2475769939,"13":0.2061995359,"14":0.0758311539,"15":null,"16":0.2876044765,"17":0.5695916953,"18":0.6000958463,"19":0.9742100943,"20":0.0302639588,"21":0.4218509539,"22":0.1256285586,"23":0.0169598811},"count":{"0":27,"1":2320,"2":38,"3":22,"4":740,"5":8,"6":1,"7":8,"8":114,"9":813,"10":3447,"11":18,"12":613,"13":91,"14":43,"15":1,"16":165,"17":123,"18":9,"19":113,"20":98,"21":42,"22":32,"23":5},"nb_en":{"0":5,"1":942,"2":3,"3":1,"4":186,"5":0,"6":0,"7":0,"8":30,"9":255,"10":1464,"11":0,"12":89,"13":11,"14":3,"15":0,"16":19,"17":78,"18":2,"19":9,"20":8,"21":8,"22":0,"23":0},"nb_de":{"0":7,"1":12,"2":34,"3":21,"4":506,"5":8,"6":1,"7":8,"8":13,"9":548,"10":1907,"11":18,"12":4,"13":80,"14":40,"15":1,"16":145,"17":5,"18":0,"19":100,"20":90,"21":28,"22":32,"23":5}}