{"canton":{"0":"SG","1":"JU","2":"VS","3":"SZ","4":"AG","5":"VD","6":"ZH","7":"TG","8":"BE","9":"GE","10":"SH","11":"TI","12":"SO","13":"LU","14":"GR","15":"NE","16":"FR","17":"BS"},"main_mean":{"0":0.0018412602,"1":0.0871204517,"2":0.0149229813,"3":0.0,"4":0.0730420341,"5":0.038801805,"6":0.0433756863,"7":0.0653832471,"8":0.0065879295,"9":0.0136282725,"10":0.0092591564,"11":0.010044413,"12":0.0673393803,"13":0.0230764706,"14":0.0,"15":0.046153383,"16":0.0086251999,"17":-0.003078777},"sentiment_mean":{"0":0.0,"1":0.0,"2":0.0,"3":0.0,"4":0.0526315789,"5":0.0373831776,"6":0.0416149068,"7":0.0,"8":0.0,"9":0.0154772141,"10":0.0,"11":0.0,"12":0.0,"13":0.0,"14":0.0,"15":0.0526315789,"16":0.0,"17":0.0292397661},"main_std":{"0":0.0858001954,"1":0.0053567762,"2":0.1039476273,"3":0.0,"4":0.2386884373,"5":0.1862674191,"6":0.168086671,"7":0.108442495,"8":0.1368790604,"9":0.1248927712,"10":0.0320746586,"11":0.1151459938,"12":0.0591858969,"13":0.0807006843,"14":0.0,"15":0.0875411635,"16":0.0987243307,"17":0.1131731155},"sentiment_std":{"0":0.0,"1":0.0,"2":0.0,"3":0.0,"4":0.2294157339,"5":0.1905916134,"6":0.2058978145,"7":0.0,"8":0.0,"9":0.1367228,"10":0.0,"11":0.0,"12":0.0,"13":0.0,"14":0.0,"15":0.2294157339,"16":0.0,"17":0.1689726948},"sentiment_pv":{"0":2.71429538e-21,"1":2.71429538e-21,"2":2.71429538e-21,"3":2.71429538e-21,"4":0.6458300218,"5":0.6158855641,"6":0.021323109,"7":2.71429538e-21,"8":2.71429538e-21,"9":0.0118168017,"10":2.71429538e-21,"11":2.71429538e-21,"12":2.71429538e-21,"13":2.71429538e-21,"14":2.71429538e-21,"15":0.6458300218,"16":2.71429538e-21,"17":0.9253485316},"main_pv":{"0":0.1841444583,"1":0.004809315,"2":0.6077208971,"3":2.219970906e-27,"4":0.4199573887,"5":0.5464667365,"6":0.0014968327,"7":0.4819721948,"8":0.0959553032,"9":0.001497443,"10":0.0760697338,"11":0.1243068847,"12":0.3666943099,"13":0.7705242534,"14":2.219970906e-27,"15":0.376228653,"16":0.410918373,"17":0.0007498956},"count":{"0":21,"1":2,"2":18,"3":3,"4":19,"5":107,"6":1610,"7":5,"8":122,"9":1163,"10":12,"11":106,"12":3,"13":26,"14":3,"15":19,"16":19,"17":171},"nb_en":{"0":21,"1":2,"2":18,"3":3,"4":19,"5":107,"6":1610,"7":5,"8":122,"9":1163,"10":12,"11":106,"12":3,"13":26,"14":3,"15":19,"16":19,"17":171},"nb_de":{"0":0,"1":0,"2":0,"3":0,"4":0,"5":0,"6":0,"7":0,"8":0,"9":0,"10":0,"11":0,"12":0,"13":0,"14":0,"15":0,"16":0,"17":0}}