{"canton":{"0":"VS","1":"NW","2":"BE","3":"UR","4":"BL","5":"TG","6":"TI","7":"VD","8":"SG","9":"JU","10":"SH","11":"AG","12":"GE","13":"BS","14":"FR","15":"AR","16":"GL","17":"ZH","18":"SO","19":"NE","20":"LU","21":"AI","22":"GR","23":"SZ"},"main_mean":{"0":-0.0017361483,"1":0.0025185523,"2":0.0062738006,"3":0.0068974508,"4":0.0058890578,"5":-0.0006936423,"6":0.0027136349,"7":0.0171425685,"8":0.0276674753,"9":-0.0021666306,"10":0.0113931343,"11":0.0006541602,"12":0.0200873322,"13":0.0105108972,"14":0.0147036686,"15":0.0079200495,"16":-0.0076008685,"17":0.014919431,"18":0.011544148,"19":0.0343715973,"20":0.0139452927,"21":0.0,"22":-0.0036073803,"23":-0.0756665372},"sentiment_mean":{"0":0.0181818182,"1":0.0,"2":0.0447368421,"3":0.0,"4":-0.012345679,"5":0.0,"6":0.0837696335,"7":0.052,"8":0.0967741935,"9":0.0,"10":0.0666666667,"11":0.0263157895,"12":0.0551910459,"13":0.061682243,"14":0.0446428571,"15":0.0,"16":0.0,"17":0.2297562342,"18":0.1041666667,"19":0.1071428571,"20":0.0634146341,"21":0.0,"22":0.0789473684,"23":-0.0769230769},"main_std":{"0":0.0567075981,"1":0.0089574403,"2":0.0732135709,"3":0.0219242267,"4":0.0511540285,"5":0.0164715478,"6":0.0965495264,"7":0.1312128201,"8":0.1194962807,"9":0.0037527142,"10":0.0657151454,"11":0.1075866828,"12":0.1314281695,"13":0.0859245294,"14":0.1441014618,"15":0.01387907,"16":0.0265352128,"17":0.109485531,"18":0.0679357139,"19":0.0706489857,"20":0.0720754962,"21":null,"22":0.084939629,"23":0.196618282},"sentiment_std":{"0":0.3037365507,"1":0.0,"2":0.3256268858,"3":0.0,"4":0.1111111111,"5":0.0,"6":0.4510787413,"7":0.3328318435,"8":0.3913569231,"9":0.0,"10":0.3182484113,"11":0.3108801754,"12":0.5128117963,"13":0.3541209668,"14":0.3115897296,"15":0.0,"16":0.0,"17":0.5413402774,"18":0.3712877724,"19":0.4162696521,"20":0.2636063033,"21":null,"22":0.3587952022,"23":0.4935481168},"sentiment_pv":{"0":0.0155016829,"1":5.394451317e-128,"2":0.0000000033,"3":5.394451317e-128,"4":3.855078801e-17,"5":5.394451317e-128,"6":0.2581332303,"7":0.0000001642,"8":0.4924231078,"9":5.394451317e-128,"10":0.0857023765,"11":0.0016890932,"12":0.0000000045,"13":0.0002347599,"14":0.0115962649,"15":5.394451317e-128,"16":5.394451317e-128,"17":1.333052418e-25,"18":0.7528846094,"19":0.8596919019,"20":0.0027098795,"21":null,"22":0.4738758814,"23":0.1735882536},"main_pv":{"0":0.0362759367,"1":0.1334930849,"2":0.0031576399,"3":0.5215729561,"4":0.1259605372,"5":0.0000783512,"6":0.0880609368,"7":0.6425865389,"8":0.237410404,"9":0.004412913,"10":0.5965588536,"11":0.1642281093,"12":0.0647109689,"13":0.2650750807,"14":0.9912739005,"15":0.2803492257,"16":0.4425784912,"17":0.975764521,"18":0.7389739503,"19":0.1566555266,"20":0.8606349977,"21":null,"22":0.1899123477,"23":0.1228658661},"count":{"0":55,"1":3,"2":760,"3":4,"4":81,"5":26,"6":191,"7":750,"8":124,"9":3,"10":105,"11":114,"12":2591,"13":535,"14":112,"15":6,"16":2,"17":3569,"18":48,"19":28,"20":205,"21":1,"22":38,"23":13},"nb_en":{"0":9,"1":0,"2":179,"3":0,"4":1,"5":2,"6":115,"7":138,"8":15,"9":1,"10":14,"11":16,"12":1266,"13":124,"14":33,"15":1,"16":0,"17":1744,"18":6,"19":12,"20":33,"21":0,"22":8,"23":4},"nb_de":{"0":40,"1":3,"2":539,"3":4,"4":80,"5":24,"6":5,"7":15,"8":108,"9":1,"10":90,"11":98,"12":13,"13":398,"14":25,"15":5,"16":2,"17":1740,"18":42,"19":2,"20":170,"21":1,"22":29,"23":9},"nb_fr":{"0":6,"1":0,"2":42,"3":0,"4":0,"5":0,"6":71,"7":597,"8":1,"9":1,"10":1,"11":0,"12":1312,"13":13,"14":54,"15":0,"16":0,"17":85,"18":0,"19":14,"20":2,"21":0,"22":1,"23":0}}