{"canton":{"0":"NE","1":"GE","2":"TG","3":"BE","4":"SZ","5":"SO","6":"UR","7":"FR","8":"BS","9":"ZH","10":"OW","11":"VD","12":"SG","13":"GR","14":"AR","15":"LU","16":"GL","17":"TI","18":"JU","19":"AG","20":"SH","21":"VS","22":"BL","23":"NW"},"main_mean":{"0":0.0698376413,"1":0.0227031727,"2":-0.0128086009,"3":0.0066334138,"4":0.02839606,"5":0.0737739599,"6":0.0003666633,"7":0.0452430094,"8":0.0157778324,"9":0.0186289362,"10":0.0388493525,"11":0.0309443552,"12":0.0221205777,"13":0.0132765761,"14":0.0,"15":0.0156137867,"16":0.0425496454,"17":0.0001985601,"18":0.0318381053,"19":0.0082551071,"20":0.0229670897,"21":0.0116676486,"22":0.0010908547,"23":0.0198246683},"sentiment_mean":{"0":0.0714285714,"1":0.0066476733,"2":0.0,"3":0.007797271,"4":0.0,"5":0.1052631579,"6":0.0,"7":0.0681818182,"8":0.0164533821,"9":0.0234702431,"10":0.0,"11":0.0098522167,"12":0.0303030303,"13":0.0384615385,"14":0.0,"15":0.0446428571,"16":0.0,"17":0.0,"18":0.0,"19":0.0222222222,"20":0.0909090909,"21":0.0,"22":0.0,"23":0.0},"main_std":{"0":0.1235075187,"1":0.1477608722,"2":0.0957808842,"3":0.084384462,"4":0.0699857679,"5":0.2421764842,"6":0.0000471396,"7":0.157023385,"8":0.1256987623,"9":0.1367207898,"10":null,"11":0.1369969731,"12":0.1061450593,"13":0.0672103428,"14":null,"15":0.1185854686,"16":null,"17":0.1119284033,"18":0.0687346221,"19":0.1303389574,"20":0.0779110918,"21":0.1221803122,"22":0.0126992294,"23":0.0269049665},"sentiment_std":{"0":0.2672612419,"1":0.1109384126,"2":0.0,"3":0.1079714491,"4":0.0,"5":0.3153017676,"6":0.0,"7":0.2535021161,"8":0.1534220135,"9":0.1646871965,"10":null,"11":0.1401990748,"12":0.2118401363,"13":0.1961161351,"14":null,"15":0.207446633,"16":null,"17":0.0,"18":0.0,"19":0.1482313541,"20":0.2901294266,"21":0.0,"22":0.0,"23":0.0},"sentiment_pv":{"0":0.4562706558,"1":0.00093248,"2":8.85391409e-21,"3":0.0850847576,"4":8.85391409e-21,"5":0.2360306715,"6":8.85391409e-21,"7":0.0599178468,"8":0.9870069614,"9":0.0696748731,"10":null,"11":0.3502899895,"12":0.4595503829,"13":0.5745887511,"14":null,"15":0.1564348368,"16":null,"17":8.85391409e-21,"18":8.85391409e-21,"19":0.7198035506,"20":0.0629642004,"21":8.85391409e-21,"22":8.85391409e-21,"23":8.85391409e-21},"main_pv":{"0":0.1495832227,"1":0.3361019334,"2":0.2716411562,"3":0.0020001563,"4":0.7226314477,"5":0.3394686169,"6":5.246826872e-31,"7":0.1255429397,"8":0.5381924002,"9":0.8513426874,"10":null,"11":0.0945811979,"12":0.7588319263,"13":0.6574169633,"14":null,"15":0.7496563734,"16":null,"17":0.0266431803,"18":0.7030901179,"19":0.4294320919,"20":0.7268309653,"21":0.6843476322,"22":0.0,"23":0.9802955599},"count":{"0":14,"1":2106,"2":12,"3":513,"4":8,"5":19,"6":2,"7":88,"8":547,"9":2386,"10":1,"11":406,"12":132,"13":26,"14":1,"15":112,"16":1,"17":179,"18":5,"19":90,"20":55,"21":44,"22":73,"23":2},"nb_en":{"0":3,"1":781,"2":1,"3":180,"4":5,"5":1,"6":0,"7":20,"8":190,"9":1293,"10":0,"11":76,"12":14,"13":6,"14":0,"15":26,"16":0,"17":81,"18":1,"19":14,"20":2,"21":20,"22":0,"23":0},"nb_de":{"0":2,"1":6,"2":10,"3":316,"4":3,"5":18,"6":2,"7":1,"8":352,"9":1049,"10":1,"11":12,"12":118,"13":20,"14":1,"15":85,"16":1,"17":6,"18":0,"19":76,"20":53,"21":12,"22":73,"23":2}}