{"canton":{"0":"NE","1":"GE","2":"TG","3":"BE","4":"SZ","5":"UR","6":"FR","7":"BS","8":"BL","9":"ZH","10":"OW","11":"VD","12":"SG","13":"GR","14":"AR","15":"LU","16":"TI","17":"JU","18":"AG","19":"SH","20":"VS","21":"SO","22":"NW"},"main_mean":{"0":0.0055886675,"1":0.0222455697,"2":0.0166976035,"3":0.0083662062,"4":0.0717529876,"5":-0.0110831104,"6":0.0514625522,"7":0.0162875262,"8":0.0021230276,"9":0.0181507842,"10":0.0002499969,"11":0.0153779409,"12":0.087805872,"13":0.0107582328,"14":0.0039791335,"15":-0.0002735191,"16":-0.0142750681,"17":0.0042414648,"18":0.0278468591,"19":0.0165747918,"20":-0.0047467995,"21":0.0069973567,"22":0.0001666646},"sentiment_mean":{"0":0.0,"1":0.0103252452,"2":0.0,"3":0.0034722222,"4":0.1,"5":0.0,"6":0.0275229358,"7":0.0223463687,"8":0.0,"9":0.0218917803,"10":0.0,"11":0.0088495575,"12":0.1414141414,"13":0.0,"14":0.0,"15":0.0,"16":0.0,"17":0.0,"18":0.0588235294,"19":0.0317460317,"20":0.0,"21":0.0303030303,"22":0.0},"main_std":{"0":0.0643239956,"1":0.1421746703,"2":0.0883833125,"3":0.0863108786,"4":0.203501259,"5":0.0275897672,"6":0.1171495841,"7":0.1022471472,"8":0.0156880594,"9":0.1145944801,"10":0.000353549,"11":0.1415534875,"12":0.2049139427,"13":0.0405183789,"14":0.007958267,"15":0.0894789033,"16":0.1492767386,"17":0.0713522064,"18":0.1556559774,"19":0.0691354937,"20":0.0482502417,"21":0.1319960586,"22":0.0002886715},"sentiment_std":{"0":0.0,"1":0.119817128,"2":0.0,"3":0.0588743032,"4":0.316227766,"5":0.0,"6":0.1643570862,"7":0.1479451515,"8":0.0,"9":0.1463604399,"10":0.0,"11":0.1150012221,"12":0.3502215337,"13":0.0,"14":0.0,"15":0.1507556723,"16":0.0,"17":0.0,"18":0.236456071,"19":0.1767314318,"20":0.0,"21":0.174077656,"22":0.0},"sentiment_pv":{"0":2.783341356e-25,"1":0.030066871,"2":2.783341356e-25,"3":0.0000036271,"4":0.4293243088,"5":2.783341356e-25,"6":0.5171355939,"7":0.4387177479,"8":2.783341356e-25,"9":0.1713488996,"10":2.783341356e-25,"11":0.1387084095,"12":0.0006465329,"13":2.783341356e-25,"14":2.783341356e-25,"15":0.2861906393,"16":2.783341356e-25,"17":2.783341356e-25,"18":0.0794032584,"19":0.5181552155,"20":2.783341356e-25,"21":0.669656825,"22":2.783341356e-25},"main_pv":{"0":0.4642934516,"1":0.2480782829,"2":0.958262742,"3":0.0124451341,"4":0.426349944,"5":0.0483652138,"6":0.0039368675,"7":0.6928193855,"8":0.0,"9":0.9939069351,"10":3.858035316e-30,"11":0.6870161474,"12":0.0010577675,"13":0.4094496756,"14":0.0301318928,"15":0.0584040263,"16":0.0022053726,"17":0.7231983207,"18":0.5317123435,"19":0.8609077426,"20":0.0016739001,"21":0.6320391908,"22":4.299059827e-32},"count":{"0":15,"1":1937,"2":11,"3":576,"4":10,"5":6,"6":109,"7":537,"8":92,"9":2421,"10":2,"11":452,"12":99,"13":22,"14":4,"15":89,"16":208,"17":4,"18":102,"19":63,"20":51,"21":33,"22":3},"nb_en":{"0":4,"1":828,"2":1,"3":197,"4":6,"5":0,"6":24,"7":180,"8":0,"9":1221,"10":0,"11":75,"12":8,"13":1,"14":1,"15":21,"16":108,"17":1,"18":21,"19":6,"20":12,"21":8,"22":0},"nb_de":{"0":5,"1":11,"2":9,"3":348,"4":4,"5":6,"6":7,"7":346,"8":92,"9":1129,"10":2,"11":16,"12":90,"13":21,"14":3,"15":67,"16":6,"17":0,"18":81,"19":57,"20":31,"21":25,"22":3}}