{"canton":{"0":"NE","1":"GE","2":"TG","3":"BE","4":"SZ","5":"GL","6":"UR","7":"FR","8":"BS","9":"BL","10":"ZH","11":"OW","12":"VD","13":"SG","14":"GR","15":"AR","16":"LU","17":"TI","18":"JU","19":"AG","20":"SH","21":"VS","22":"SO","23":"NW"},"main_mean":{"0":0.0629134871,"1":0.0158123728,"2":0.024877694,"3":0.0125121241,"4":-0.0157526814,"5":-0.0054598799,"6":-0.0005992378,"7":0.0260050956,"8":0.0098043801,"9":0.0093446828,"10":0.0235740252,"11":-0.0004363597,"12":0.0258781692,"13":0.0444984232,"14":-0.0115369535,"15":-0.0049950089,"16":0.0034520216,"17":-0.000564958,"18":-0.013393575,"19":-0.0054277219,"20":0.0222826154,"21":0.0089151513,"22":0.0358765962,"23":-0.0002181798},"sentiment_mean":{"0":0.0333333333,"1":0.0023781213,"2":0.0,"3":0.0156046814,"4":0.0,"5":0.0,"6":0.0,"7":0.0,"8":0.0134228188,"9":0.0,"10":0.0298637286,"11":0.0,"12":0.0250391236,"13":0.0916666667,"14":0.0,"15":0.0,"16":0.0064935065,"17":0.0,"18":0.0,"19":0.0,"20":0.05,"21":0.0,"22":0.0909090909,"23":0.0},"main_std":{"0":0.1691896648,"1":0.1385124149,"2":0.0585361796,"3":0.0892438177,"4":0.069387043,"5":0.0405898379,"6":0.0110797757,"7":0.1066059145,"8":0.1096986325,"9":0.0416090776,"10":0.1363817716,"11":null,"12":0.1453359804,"13":0.1484716591,"14":0.0248547784,"15":0.0199718808,"16":0.0641197302,"17":0.0771173915,"18":0.0772331756,"19":0.0553618235,"20":0.0784122612,"21":0.1312079996,"22":0.1291915026,"23":0.0003085529},"sentiment_std":{"0":0.1825741858,"1":0.1053406002,"2":0.0,"3":0.1434904533,"4":0.0,"5":0.0,"6":0.0,"7":0.0,"8":0.1528035893,"9":0.0,"10":0.1736098547,"11":null,"12":0.166088006,"13":0.3428950726,"14":0.0,"15":0.0,"16":0.0805822964,"17":0.0,"18":0.0,"19":0.0,"20":0.2193200078,"21":0.0,"22":0.2942449432,"23":0.0},"sentiment_pv":{"0":0.6609136498,"1":0.000000001,"2":1.911079385e-30,"3":0.5877374004,"4":1.911079385e-30,"5":1.911079385e-30,"6":1.911079385e-30,"7":1.911079385e-30,"8":0.4284509395,"9":1.911079385e-30,"10":0.00077767,"11":null,"12":0.3372949298,"13":0.021319896,"14":1.911079385e-30,"15":1.911079385e-30,"16":0.0734311588,"17":1.911079385e-30,"18":1.911079385e-30,"19":1.911079385e-30,"20":0.2042282227,"21":1.911079385e-30,"22":0.2617840864,"23":1.911079385e-30},"main_pv":{"0":0.1641875998,"1":0.3343703855,"2":0.6325119048,"3":0.0732316067,"4":0.0984049058,"5":0.4095609382,"6":0.0012304647,"7":0.5346121347,"8":0.0563224657,"9":0.1436934758,"10":0.0761298853,"11":null,"12":0.2307114622,"13":0.061501623,"14":0.0005163485,"15":0.0117000618,"16":0.0046348832,"17":0.003502666,"18":0.2470464814,"19":0.0012230024,"20":0.6946586536,"21":0.6251060611,"22":0.5421028544,"23":5.813096588e-40},"count":{"0":30,"1":2523,"2":22,"3":769,"4":13,"5":3,"6":8,"7":86,"8":596,"9":45,"10":3449,"11":1,"12":639,"13":120,"14":14,"15":8,"16":154,"17":146,"18":9,"19":62,"20":80,"21":43,"22":22,"23":2},"nb_en":{"0":7,"1":1166,"2":0,"3":246,"4":3,"5":0,"6":0,"7":18,"8":198,"9":2,"10":1709,"11":0,"12":110,"13":12,"14":2,"15":3,"16":41,"17":72,"18":0,"19":8,"20":11,"21":20,"22":1,"23":0},"nb_de":{"0":2,"1":16,"2":20,"3":473,"4":9,"5":3,"6":8,"7":2,"8":392,"9":43,"10":1649,"11":1,"12":23,"13":108,"14":12,"15":5,"16":112,"17":8,"18":0,"19":53,"20":69,"21":20,"22":21,"23":2}}