{"canton":{"0":"NE","1":"GE","2":"TG","3":"UR","4":"SZ","5":"BE","6":"GL","7":"FR","8":"BS","9":"BL","10":"ZH","11":"OW","12":"VD","13":"SG","14":"GR","15":"AR","16":"LU","17":"TI","18":"JU","19":"AG","20":"SH","21":"VS","22":"SO","23":"NW"},"main_mean":{"0":0.0703821861,"1":0.0141359881,"2":0.0082051346,"3":0.0357538389,"4":-0.0656042467,"5":0.0052429383,"6":0.0191998523,"7":0.0098823772,"8":0.0175011763,"9":0.0048919889,"10":0.0189053883,"11":0.0,"12":0.0309906249,"13":0.0321392107,"14":0.0084872562,"15":0.0105610825,"16":0.0142348463,"17":0.0100876254,"18":-0.0325828639,"19":0.0244843233,"20":0.0137046762,"21":0.0411349789,"22":0.0187917049,"23":0.0},"sentiment_mean":{"0":0.2352941176,"1":0.0477637864,"2":0.0769230769,"3":0.25,"4":-0.2222222222,"5":0.0342384888,"6":0.0,"7":0.0391061453,"8":0.0640138408,"9":0.0,"10":0.1823079104,"11":0.0,"12":0.0609756098,"13":0.1017964072,"14":0.0256410256,"15":0.0909090909,"16":0.0616438356,"17":0.0322580645,"18":0.0,"19":0.0254237288,"20":0.0495049505,"21":0.1014492754,"22":0.0277777778,"23":0.0},"main_std":{"0":0.1746808135,"1":0.1359471847,"2":0.0630788136,"3":0.1073842751,"4":0.1756501904,"5":0.0800806262,"6":0.0382357794,"7":0.1411025212,"8":0.112757555,"9":0.0123987008,"10":0.1181063833,"11":null,"12":0.1260462076,"13":0.1529964202,"14":0.057383171,"15":0.0409863285,"16":0.0758903563,"17":0.106708414,"18":0.042435594,"19":0.1134993424,"20":0.0599624129,"21":0.1154733621,"22":0.0718001752,"23":null},"sentiment_std":{"0":0.4372373161,"1":0.4783523994,"2":0.2699527624,"3":0.4629100499,"4":0.6666666667,"5":0.3605995202,"6":0.0,"7":0.1943912564,"8":0.382981752,"9":0.0,"10":0.5157133882,"11":null,"12":0.3312303303,"13":0.390161081,"14":0.2797724157,"15":0.3015113446,"16":0.3156296988,"17":0.4753743993,"18":0.0,"19":0.2051417857,"20":0.2598552529,"21":0.3890005117,"22":0.1666666667,"23":null},"sentiment_pv":{"0":0.2277285462,"1":0.0000009541,"2":0.5651354138,"3":0.3965192069,"4":0.182549027,"5":0.0000003853,"6":1.030090738e-96,"7":0.0000542169,"8":0.0222477042,"9":1.030090738e-96,"10":8.910616926e-16,"11":null,"12":0.0050605832,"13":0.9905542286,"14":0.0974691971,"15":0.9040880033,"16":0.1292713552,"17":0.0484119102,"18":1.030090738e-96,"19":0.000132845,"20":0.0478475036,"21":0.9880169204,"22":0.0121086175,"23":null},"main_pv":{"0":0.2253531097,"1":0.3669339115,"2":0.3963535031,"3":0.6354435159,"4":0.1963548882,"5":0.0001181865,"6":0.9132856088,"7":0.5075775883,"8":0.907123607,"9":0.0002599294,"10":0.402681263,"11":null,"12":0.0095900764,"13":0.2033284461,"14":0.3679612345,"15":0.6188294263,"16":0.6740513921,"17":0.3887050064,"18":0.1015656914,"19":0.4745271703,"20":0.5974747933,"21":0.0874194539,"22":0.8781956485,"23":null},"count":{"0":17,"1":2303,"2":39,"3":8,"4":9,"5":847,"6":4,"7":179,"8":578,"9":22,"10":3527,"11":1,"12":574,"13":167,"14":39,"15":11,"16":146,"17":186,"18":4,"19":118,"20":101,"21":69,"22":36,"23":1},"nb_en":{"0":4,"1":994,"2":6,"3":5,"4":5,"5":206,"6":0,"7":25,"8":120,"9":1,"10":1619,"11":0,"12":112,"13":16,"14":7,"15":0,"16":22,"17":108,"18":0,"19":8,"20":10,"21":19,"22":1,"23":0},"nb_de":{"0":0,"1":19,"2":33,"3":3,"4":4,"5":607,"6":4,"7":94,"8":442,"9":21,"10":1858,"11":1,"12":22,"13":150,"14":31,"15":11,"16":124,"17":0,"18":0,"19":109,"20":91,"21":37,"22":35,"23":1}}