{"canton":{"0":"NE","1":"GE","2":"TG","3":"UR","4":"SZ","5":"BE","6":"SO","7":"FR","8":"BS","9":"ZH","10":"OW","11":"VD","12":"SG","13":"GR","14":"AR","15":"LU","16":"GL","17":"TI","18":"JU","19":"AG","20":"SH","21":"VS","22":"AI","23":"BL","24":"NW"},"main_mean":{"0":0.0267898599,"1":0.0204847282,"2":0.0113774081,"3":-0.0038843835,"4":-0.002414017,"5":0.0093045563,"6":0.0132329865,"7":0.0229890292,"8":0.0124811347,"9":0.0177106068,"10":-0.0039148513,"11":0.0186665821,"12":0.0419247762,"13":0.0122753302,"14":0.0536368062,"15":0.0108366021,"16":0.005582053,"17":0.0045825167,"18":0.0174310744,"19":0.0192086027,"20":0.00900248,"21":0.0095305316,"22":0.0225409972,"23":0.0087823187,"24":-0.0010501853},"sentiment_mean":{"0":0.0692212608,"1":0.0368639276,"2":0.027982327,"3":0.0207253886,"4":0.0228136882,"5":0.0442855724,"6":0.0332294912,"7":0.0249399038,"8":0.0434097247,"9":0.1342779292,"10":0.0094339623,"11":0.0410628019,"12":0.1091325363,"13":0.0494053065,"14":0.1138613861,"15":0.041685243,"16":0.0238095238,"17":0.0427156418,"18":0.019047619,"19":0.0509534229,"20":0.0382978723,"21":0.0393918452,"22":0.0588235294,"23":0.0122044241,"24":0.0},"main_std":{"0":0.1205272618,"1":0.1344350323,"2":0.0794172367,"3":0.0460260177,"4":0.1499229109,"5":0.0958455808,"6":0.1034588994,"7":0.1188791055,"8":0.1019767283,"9":0.1199590907,"10":0.0384467636,"11":0.1294511335,"12":0.1514349378,"13":0.088888249,"14":0.1600389955,"15":0.0891892586,"16":0.0210390447,"17":0.1058671166,"18":0.0876207768,"19":0.127572113,"20":0.0558099117,"21":0.1056891037,"22":0.0691350239,"23":0.0628338907,"24":0.042635528},"sentiment_std":{"0":0.2903642502,"1":0.397410116,"2":0.1975824976,"3":0.1755511922,"4":0.3595115318,"5":0.3091136155,"6":0.2598109345,"7":0.2383000031,"8":0.3282342845,"9":0.4435660872,"10":0.1687648699,"11":0.2716928296,"12":0.3574656844,"13":0.2827975652,"14":0.3184320114,"15":0.24950558,"16":0.15430335,"17":0.3674467344,"18":0.1683555352,"19":0.2844162757,"20":0.224654497,"21":0.2913633058,"22":0.242535625,"23":0.1290148498,"24":0.1571348403},"sentiment_pv":{"0":0.4581402699,"1":4.869709948e-117,"2":0.0000000003,"3":0.0000157161,"4":0.0155706681,"5":1.377798223e-44,"6":0.0000002645,"7":2.916871897e-34,"8":1.225653906e-35,"9":9.880158871e-260,"10":0.0000795523,"11":4.353071782e-55,"12":0.0000000212,"13":0.001455476,"14":0.1000573629,"15":4.118379678e-20,"16":0.031611107,"17":0.0000000002,"18":0.0000014393,"19":0.0000003953,"20":4.00988702e-16,"21":0.0000012944,"22":0.7635935545,"23":1.32673228e-63,"24":0.0000299471},"main_pv":{"0":0.0261571921,"1":0.0000000477,"2":0.0518540063,"3":0.0000000012,"4":0.0336636558,"5":6.81828439e-29,"6":0.2203301218,"7":0.0064567517,"8":0.0000000054,"9":0.4181687573,"10":0.0000001205,"11":0.2032655154,"12":7.927114264e-24,"13":0.0612945491,"14":0.0014785632,"15":0.0000016586,"16":0.0008196784,"17":1.607913499e-16,"18":0.9870829245,"19":0.4084980829,"20":0.0,"21":0.0052209021,"22":0.7601392954,"23":0.0000011956,"24":0.0001974867},"count":{"0":809,"1":66325,"2":679,"3":193,"4":263,"5":20142,"6":963,"7":3328,"8":16494,"9":91750,"10":106,"11":16146,"12":3931,"13":1093,"14":202,"15":4486,"16":42,"17":4846,"18":210,"19":3199,"20":2350,"21":1447,"22":17,"23":1311,"24":82},"nb_en":{"0":238,"1":29191,"2":75,"3":22,"4":114,"5":5259,"6":107,"7":643,"8":4583,"9":42466,"10":9,"11":2786,"12":443,"13":143,"14":25,"15":833,"16":2,"17":2590,"18":34,"19":450,"20":231,"21":406,"22":1,"23":27,"24":5},"nb_de":{"0":114,"1":395,"2":594,"3":171,"4":147,"5":13834,"6":855,"7":746,"8":11646,"9":47554,"10":97,"11":396,"12":3477,"13":942,"14":177,"15":3606,"16":40,"17":115,"18":2,"19":2720,"20":2117,"21":741,"22":16,"23":1284,"24":77},"nb_fr":{"0":457,"1":36739,"2":10,"3":0,"4":2,"5":1049,"6":1,"7":1939,"8":265,"9":1730,"10":0,"11":12964,"12":11,"13":8,"14":0,"15":47,"16":0,"17":2141,"18":174,"19":29,"20":2,"21":300,"22":0,"23":0,"24":0}}