{"canton":{"0":"SG","1":"JU","2":"VS","3":"SZ","4":"AG","5":"VD","6":"ZH","7":"TG","8":"BE","9":"GE","10":"SH","11":"TI","12":"SO","13":"LU","14":"GR","15":"NE","16":"FR","17":"BS"},"main_mean":{"0":-0.0237192023,"1":0.0,"2":0.025297259,"3":0.0366295979,"4":0.0349868896,"5":0.0156062871,"6":0.0306716497,"7":0.0,"8":0.0129715548,"9":0.0062999834,"10":-0.0208331076,"11":0.0029924949,"12":0.1363623967,"13":0.0567615719,"14":-0.0178569196,"15":0.0350424883,"16":-0.0089284439,"17":0.0179718654},"sentiment_mean":{"0":-0.0454545455,"1":0.0,"2":0.5,"3":0.1666666667,"4":0.1739130435,"5":0.1290322581,"6":0.370994941,"7":0.0,"8":0.1735159817,"9":0.089390142,"10":0.1,"11":0.0434782609,"12":1.0,"13":0.3666666667,"14":0.2857142857,"15":0.5,"16":-0.0625,"17":0.1486486486},"main_std":{"0":0.2399008298,"1":null,"2":0.0715206843,"3":0.0604554121,"4":0.238754046,"5":0.1704250513,"6":0.1598095797,"7":0.0,"8":0.1218012622,"9":0.1356736306,"10":0.0450046348,"11":0.1043827611,"12":0.1928455508,"13":0.1115986248,"14":0.1071962578,"15":0.0571432473,"16":0.035133025,"17":0.1370064902},"sentiment_std":{"0":0.7222499717,"1":null,"2":0.5477225575,"3":0.7527726527,"4":0.7168221482,"5":0.7405316312,"6":0.6926998982,"7":0.0,"8":0.6404069545,"9":0.7300497388,"10":0.5676462122,"11":0.6447257442,"12":0.0,"13":0.4901325179,"14":0.755928946,"15":0.5477225575,"16":0.5040161288,"17":0.6837756809},"sentiment_pv":{"0":0.0829537607,"1":null,"2":0.2904009458,"3":0.8316507226,"4":0.6849948027,"5":0.1735399869,"6":0.0,"7":2.119782855e-85,"8":0.1677911207,"9":0.0000000017,"10":0.4702781088,"11":0.0059152413,"12":0.0,"13":0.1566006284,"14":0.8664529017,"15":0.2904009458,"16":0.0022733215,"17":0.1321715022},"main_pv":{"0":0.4087705305,"1":null,"2":0.8492967572,"3":0.5185260852,"4":0.7580117347,"5":0.8303586071,"6":0.0127525633,"7":0.0,"8":0.4519481167,"9":0.0044937907,"10":0.0199898195,"11":0.143453982,"12":0.5487392271,"13":0.0789963306,"14":0.3933707602,"15":0.5347492107,"16":0.0001186356,"17":0.8988579475},"count":{"0":22,"1":1,"2":6,"3":6,"4":23,"5":93,"6":1779,"7":8,"8":219,"9":1197,"10":10,"11":92,"12":2,"13":30,"14":7,"15":6,"16":32,"17":148},"nb_en":{"0":22,"1":1,"2":6,"3":6,"4":23,"5":93,"6":1779,"7":8,"8":219,"9":1197,"10":10,"11":92,"12":2,"13":30,"14":7,"15":6,"16":32,"17":148},"nb_de":{"0":0,"1":0,"2":0,"3":0,"4":0,"5":0,"6":0,"7":0,"8":0,"9":0,"10":0,"11":0,"12":0,"13":0,"14":0,"15":0,"16":0,"17":0}}