{"canton":{"0":"NE","1":"GE","2":"GL","3":"UR","4":"SZ","5":"BE","6":"TG","7":"FR","8":"BS","9":"ZH","10":"SO","11":"VD","12":"OW","13":"SG","14":"GR","15":"AR","16":"LU","17":"TI","18":"JU","19":"AG","20":"SH","21":"VS","22":"BL","23":"NW"},"main_mean":{"0":0.0345269985,"1":0.0239530012,"2":0.0,"3":-0.0074375834,"4":-0.0058047541,"5":0.0053592638,"6":0.0011616718,"7":0.0152999849,"8":0.0144208586,"9":0.0143621136,"10":0.0048610018,"11":0.0210628936,"12":0.0,"13":0.0359362777,"14":0.0262485249,"15":0.1366310988,"16":0.012598083,"17":0.0093577522,"18":0.108993573,"19":0.0283841851,"20":0.0045413243,"21":-0.0015358528,"22":0.0060978273,"23":0.000133332},"sentiment_mean":{"0":0.0,"1":0.0129382304,"2":0.0,"3":0.0,"4":0.0,"5":0.0193548387,"6":0.0,"7":0.02,"8":0.0196399345,"9":0.0246605708,"10":0.0,"11":0.0053050398,"12":0.0,"13":0.1052631579,"14":0.1081081081,"15":0.2727272727,"16":0.0229885057,"17":0.0,"18":0.0,"19":0.0588235294,"20":0.0222222222,"21":0.0172413793,"22":0.0,"23":0.0},"main_std":{"0":0.1139244256,"1":0.1462202536,"2":null,"3":0.0223953668,"4":0.0841657015,"5":0.0847882121,"6":0.0209596224,"7":0.1616147979,"8":0.1046382105,"9":0.1127704193,"10":0.0306316426,"11":0.1112306989,"12":0.0,"13":0.1350672763,"14":0.0786226162,"15":0.2430513456,"16":0.1022957914,"17":0.0971382185,"18":0.1260411889,"19":0.1141380153,"20":0.0530058719,"21":0.0639197412,"22":0.0548511127,"23":0.0002309378},"sentiment_std":{"0":0.0,"1":0.1364612632,"2":null,"3":0.0,"4":0.0,"5":0.1378577208,"6":0.0,"7":0.1407052941,"8":0.138873222,"9":0.1704347587,"10":0.0,"11":0.0891063784,"12":0.0,"13":0.3263457491,"14":0.3148000939,"15":0.4670993665,"16":0.1502992387,"17":0.0,"18":0.0,"19":0.236456071,"20":0.1482313541,"21":0.1313064329,"22":0.0,"23":0.0},"sentiment_pv":{"0":3.936781522e-37,"1":0.0161489948,"2":null,"3":3.936781522e-37,"4":3.936781522e-37,"5":0.7969539084,"6":3.936781522e-37,"7":0.9609238514,"8":0.8567602989,"9":0.2248151221,"10":3.936781522e-37,"11":0.0000236691,"12":3.936781522e-37,"13":0.0008928999,"14":0.0999995813,"15":0.1038161882,"16":0.8423054624,"17":3.936781522e-37,"18":3.936781522e-37,"19":0.1073262855,"20":0.9227956988,"21":0.8425927015,"22":3.936781522e-37,"23":3.936781522e-37},"main_pv":{"0":0.3394421595,"1":0.0334104594,"2":null,"3":0.0273184757,"4":0.3470849703,"5":0.0003897503,"6":0.0021619738,"7":0.9134244145,"8":0.5489252287,"9":0.2298300591,"10":0.0481573413,"11":0.3459197966,"12":2.138748944e-42,"13":0.0714274932,"14":0.483976617,"15":0.1338585927,"16":0.5700933844,"17":0.297980835,"18":0.1782700014,"19":0.3218590566,"20":0.0310341602,"21":0.0322672546,"22":0.2066730169,"23":4.236191593e-41},"count":{"0":40,"1":2396,"2":1,"3":7,"4":13,"5":775,"6":22,"7":100,"8":611,"9":3609,"10":28,"11":754,"12":2,"13":171,"14":37,"15":11,"16":174,"17":178,"18":5,"19":102,"20":90,"21":58,"22":42,"23":3},"nb_en":{"0":12,"1":872,"2":1,"3":1,"4":6,"5":179,"6":1,"7":15,"8":153,"9":1505,"10":1,"11":102,"12":0,"13":22,"14":6,"15":3,"16":38,"17":107,"18":0,"19":18,"20":10,"21":14,"22":2,"23":0},"nb_de":{"0":1,"1":13,"2":0,"3":6,"4":7,"5":544,"6":21,"7":10,"8":446,"9":2041,"10":27,"11":14,"12":2,"13":149,"14":30,"15":8,"16":128,"17":6,"18":0,"19":83,"20":80,"21":26,"22":40,"23":3}}