{"canton":{"0":"NE","1":"GE","2":"TG","3":"BE","4":"SZ","5":"SO","6":"UR","7":"FR","8":"BS","9":"ZH","10":"OW","11":"VD","12":"SG","13":"GR","14":"AR","15":"LU","16":"TI","17":"JU","18":"AG","19":"SH","20":"VS","21":"BL","22":"NW"},"main_mean":{"0":0.0903116286,"1":0.0223601086,"2":-0.0033412654,"3":0.003085068,"4":-0.0674077084,"5":-0.0024339856,"6":0.000121211,"7":0.0199597942,"8":0.007642955,"9":0.0153855374,"10":0.0029239805,"11":0.0121470013,"12":0.0281110106,"13":0.002973132,"14":0.0857940459,"15":0.0125044254,"16":-0.0044090141,"17":0.0122828992,"18":0.017685687,"19":0.0108319762,"20":0.0098309543,"21":0.0011407645,"22":0.000238092},"sentiment_mean":{"0":0.1176470588,"1":0.0673740053,"2":0.0,"3":0.0644567219,"4":0.1666666667,"5":0.0588235294,"6":0.0,"7":-0.0280373832,"8":0.0317460317,"9":0.2821075741,"10":0.0,"11":0.0185614849,"12":0.0746268657,"13":0.0697674419,"14":0.3333333333,"15":0.0306122449,"16":0.0459183673,"17":0.0,"18":0.0529411765,"19":0.0681818182,"20":-0.0606060606,"21":0.0,"22":0.0},"main_std":{"0":0.1884659994,"1":0.1509365571,"2":0.0734821412,"3":0.0748483755,"4":0.2215218141,"5":0.0340438325,"6":0.0002099436,"7":0.0904840729,"8":0.087335072,"9":0.1056084943,"10":0.0065382192,"11":0.1239191269,"12":0.122808218,"13":0.125649611,"14":0.1472234889,"15":0.0614425278,"16":0.095770306,"17":0.0562779007,"18":0.1336797288,"19":0.0440339319,"20":0.0409754536,"21":0.0035037533,"22":0.0003158639},"sentiment_std":{"0":0.3321055821,"1":0.5091745856,"2":0.2773500981,"3":0.3859717566,"4":0.7527726527,"5":0.2388325736,"6":0.0,"7":0.165856492,"8":0.3355983651,"9":0.5769787584,"10":0.0,"11":0.2634807619,"12":0.2817853528,"13":0.457495711,"14":0.5163977795,"15":0.2002092051,"16":0.4448378252,"17":0.0,"18":0.2245775707,"19":0.2535021161,"20":0.2423058423,"21":0.0,"22":0.0},"sentiment_pv":{"0":0.7907905669,"1":0.0000000399,"2":0.0151300711,"3":0.000022172,"4":0.9328244285,"5":0.0595713672,"6":1.119097873e-122,"7":1.597839167e-17,"8":0.0000000005,"9":6.960830786e-30,"10":1.119097873e-122,"11":3.972733804e-17,"12":0.0019715465,"13":0.3253400547,"14":0.3999967476,"15":0.0,"16":0.0041952655,"17":1.119097873e-122,"18":0.0000036354,"19":0.0114809352,"20":0.0000441671,"21":1.119097873e-122,"22":1.119097873e-122},"main_pv":{"0":0.1201503846,"1":0.0570421087,"2":0.2021440686,"3":0.0005320609,"4":0.402719718,"5":0.0055467936,"6":1.246762061e-27,"7":0.5952329983,"8":0.0833619184,"9":0.9531234338,"10":0.0089368846,"11":0.6136235982,"12":0.1437969519,"13":0.5264898774,"14":0.2933830514,"15":0.5522999208,"16":0.0053197859,"17":0.9026841698,"18":0.8135216908,"19":0.3694167533,"20":0.461416854,"21":4.226649458e-20,"22":4.621948039e-27},"count":{"0":17,"1":1885,"2":27,"3":543,"4":6,"5":34,"6":3,"7":107,"8":441,"9":2733,"10":5,"11":431,"12":201,"13":43,"14":6,"15":196,"16":196,"17":6,"18":170,"19":88,"20":33,"21":33,"22":4},"nb_en":{"0":5,"1":855,"2":3,"3":146,"4":3,"5":2,"6":0,"7":8,"8":98,"9":1543,"10":3,"11":64,"12":8,"13":3,"14":0,"15":17,"16":86,"17":1,"18":17,"19":4,"20":6,"21":0,"22":0},"nb_de":{"0":2,"1":10,"2":23,"3":374,"4":3,"5":32,"6":3,"7":37,"8":337,"9":1149,"10":2,"11":12,"12":193,"13":40,"14":6,"15":179,"16":7,"17":0,"18":152,"19":84,"20":17,"21":33,"22":4}}