{"canton":{"0":"NE","1":"GE","2":"TG","3":"UR","4":"SZ","5":"BE","6":"SO","7":"FR","8":"BS","9":"ZH","10":"OW","11":"VD","12":"SG","13":"GR","14":"AR","15":"LU","16":"GL","17":"TI","18":"JU","19":"AG","20":"SH","21":"VS","22":"AI","23":"BL","24":"NW"},"main_mean":{"0":0.0399700105,"1":0.0213733962,"2":0.0062614209,"3":-0.0007737568,"4":-0.0710723285,"5":0.0145990641,"6":0.0154882259,"7":0.0165748904,"8":0.0100745933,"9":0.0170237265,"10":0.0047728769,"11":0.0042354304,"12":0.0755911616,"13":0.0617859304,"14":0.0059101319,"15":0.0004254818,"16":0.0003076899,"17":0.0112774402,"18":0.033132046,"19":0.0059777747,"20":0.0015607878,"21":0.0141804677,"22":0.1411714439,"23":0.0066452224,"24":0.0031628706},"sentiment_mean":{"0":0.0256410256,"1":0.0070257611,"2":0.0,"3":0.0,"4":0.0,"5":0.0188916877,"6":0.0,"7":0.0256410256,"8":0.0188679245,"9":0.0303120357,"10":0.0,"11":0.0044709389,"12":0.1071428571,"13":0.1219512195,"14":0.0,"15":0.0,"16":0.0,"17":0.0,"18":0.0,"19":0.0454545455,"20":0.0357142857,"21":0.0172413793,"22":0.5,"23":0.0,"24":0.0},"main_std":{"0":0.0849237184,"1":0.1299936439,"2":0.0237992944,"3":0.0134434303,"4":0.2939230861,"5":0.1089266481,"6":0.1428940448,"7":0.1025373428,"8":0.0852454542,"9":0.1214243129,"10":0.0095457538,"11":0.1104069763,"12":0.1831923073,"13":0.2229483873,"14":0.0298774546,"15":0.0539639097,"16":0.0004351393,"17":0.1010407465,"18":0.0522906057,"19":0.1293585324,"20":0.0399892038,"21":0.1222215301,"22":0.1996465706,"23":0.0387638927,"24":0.0078035405},"sentiment_std":{"0":0.1601281538,"1":0.1115604702,"2":0.0,"3":0.0,"4":0.0,"5":0.1451903333,"6":0.0,"7":0.1587417368,"8":0.1361870777,"9":0.1799294454,"10":0.0,"11":0.1280542515,"12":0.3384421879,"13":0.3312945782,"14":0.0,"15":0.0,"16":0.0,"17":0.1066003582,"18":0.0,"19":0.2092522132,"20":0.1872563352,"21":0.1313064329,"22":0.7071067812,"23":0.0,"24":0.0},"sentiment_pv":{"0":0.8234854613,"1":0.0000028179,"2":5.052741768e-34,"3":5.052741768e-34,"4":5.052741768e-34,"5":0.8562906626,"6":5.052741768e-34,"7":0.6966388577,"8":0.870248329,"9":0.0028861805,"10":5.052741768e-34,"11":0.0031755201,"12":0.0074574717,"13":0.0555384399,"14":5.052741768e-34,"15":5.052741768e-34,"16":5.052741768e-34,"17":0.0160113854,"18":5.052741768e-34,"19":0.2039030279,"20":0.5300939488,"21":0.8798597279,"22":0.512903621,"23":5.052741768e-34,"24":5.052741768e-34},"main_pv":{"0":0.0984476789,"1":0.1139270951,"2":0.0601620968,"3":0.004055169,"4":0.3224133555,"5":0.5813003112,"6":0.9531425459,"7":0.9776254844,"8":0.0842256987,"9":0.9413761406,"10":0.0812639125,"11":0.0046980162,"12":0.0009823797,"13":0.2044760225,"14":0.3373749002,"15":0.0003199831,"16":5.742079973e-30,"17":0.4706591579,"18":0.3513984772,"19":0.3827251883,"20":0.0071575115,"21":0.8691823257,"22":0.5403277118,"23":0.0627309792,"24":0.0057291434},"count":{"0":39,"1":2562,"2":21,"3":9,"4":12,"5":794,"6":39,"7":117,"8":530,"9":3365,"10":4,"11":671,"12":112,"13":41,"14":8,"15":158,"16":2,"17":177,"18":10,"19":110,"20":56,"21":58,"22":2,"23":55,"24":6},"nb_en":{"0":11,"1":951,"2":2,"3":1,"4":6,"5":219,"6":12,"7":9,"8":136,"9":1495,"10":0,"11":104,"12":15,"13":6,"14":4,"15":43,"16":0,"17":82,"18":3,"19":13,"20":7,"21":17,"22":0,"23":1,"24":0},"nb_de":{"0":8,"1":18,"2":19,"3":8,"4":6,"5":537,"6":27,"7":37,"8":381,"9":1798,"10":4,"11":7,"12":97,"13":35,"14":4,"15":112,"16":2,"17":2,"18":0,"19":95,"20":49,"21":24,"22":2,"23":54,"24":6}}