{"canton":{"0":"UR","1":"NW","2":"BE","3":"BL","4":"TI","5":"TG","6":"VD","7":"GR","8":"SG","9":"JU","10":"SH","11":"OW","12":"AG","13":"GE","14":"BS","15":"FR","16":"AR","17":"GL","18":"ZH","19":"SO","20":"NE","21":"LU","22":"AI","23":"VS","24":"SZ"},"main_mean":{"0":-0.0038843835,"1":-0.0010501853,"2":0.0093045563,"3":0.0087823187,"4":0.0045825167,"5":0.0113774081,"6":0.0186665821,"7":0.0122753302,"8":0.0419247762,"9":0.0174310744,"10":0.00900248,"11":-0.0039148513,"12":0.0192086027,"13":0.0204847282,"14":0.0124811347,"15":0.0229890292,"16":0.0536368062,"17":0.005582053,"18":0.0177106068,"19":0.0132329865,"20":0.0267898599,"21":0.0108366021,"22":0.0225409972,"23":0.0095305316,"24":-0.002414017},"sentiment_mean":{"0":0.0207253886,"1":0.0,"2":0.0442855724,"3":0.0122044241,"4":0.0427156418,"5":0.027982327,"6":0.0410628019,"7":0.0494053065,"8":0.1091325363,"9":0.019047619,"10":0.0382978723,"11":0.0094339623,"12":0.0509534229,"13":0.0368639276,"14":0.0434097247,"15":0.0249399038,"16":0.1138613861,"17":0.0238095238,"18":0.1342779292,"19":0.0332294912,"20":0.0692212608,"21":0.041685243,"22":0.0588235294,"23":0.0393918452,"24":0.0228136882},"main_std":{"0":0.0460260177,"1":0.042635528,"2":0.0958455808,"3":0.0628338907,"4":0.1058671166,"5":0.0794172367,"6":0.1294511335,"7":0.088888249,"8":0.1514349378,"9":0.0876207768,"10":0.0558099117,"11":0.0384467636,"12":0.127572113,"13":0.1344350323,"14":0.1019767283,"15":0.1188791055,"16":0.1600389955,"17":0.0210390447,"18":0.1199590907,"19":0.1034588994,"20":0.1205272618,"21":0.0891892586,"22":0.0691350239,"23":0.1056891037,"24":0.1499229109},"sentiment_std":{"0":0.1755511922,"1":0.1571348403,"2":0.3091136155,"3":0.1290148498,"4":0.3674467344,"5":0.1975824976,"6":0.2716928296,"7":0.2827975652,"8":0.3574656844,"9":0.1683555352,"10":0.224654497,"11":0.1687648699,"12":0.2844162757,"13":0.397410116,"14":0.3282342845,"15":0.2383000031,"16":0.3184320114,"17":0.15430335,"18":0.4435660872,"19":0.2598109345,"20":0.2903642502,"21":0.24950558,"22":0.242535625,"23":0.2913633058,"24":0.3595115318},"sentiment_pv":{"0":0.0000157161,"1":0.0000299471,"2":1.377798223e-44,"3":1.32673228e-63,"4":0.0000000002,"5":0.0000000003,"6":4.353071782e-55,"7":0.001455476,"8":0.0000000212,"9":0.0000014393,"10":4.00988702e-16,"11":0.0000795523,"12":0.0000003953,"13":4.869709948e-117,"14":1.225653906e-35,"15":2.916871897e-34,"16":0.1000573629,"17":0.031611107,"18":9.880158871e-260,"19":0.0000002645,"20":0.4581402699,"21":4.118379678e-20,"22":0.7635935545,"23":0.0000012944,"24":0.0155706681},"main_pv":{"0":0.0000000012,"1":0.0001974867,"2":6.81828439e-29,"3":0.0000011956,"4":1.607913499e-16,"5":0.0518540063,"6":0.2032655154,"7":0.0612945491,"8":7.927114264e-24,"9":0.9870829245,"10":0.0,"11":0.0000001205,"12":0.4084980829,"13":0.0000000477,"14":0.0000000054,"15":0.0064567517,"16":0.0014785632,"17":0.0008196784,"18":0.4181687573,"19":0.2203301218,"20":0.0261571921,"21":0.0000016586,"22":0.7601392954,"23":0.0052209021,"24":0.0336636558},"count":{"0":193,"1":82,"2":20142,"3":1311,"4":4846,"5":679,"6":16146,"7":1093,"8":3931,"9":210,"10":2350,"11":106,"12":3199,"13":66325,"14":16494,"15":3328,"16":202,"17":42,"18":91750,"19":963,"20":809,"21":4486,"22":17,"23":1447,"24":263},"nb_en":{"0":22,"1":5,"2":5259,"3":27,"4":2590,"5":75,"6":2786,"7":143,"8":443,"9":34,"10":231,"11":9,"12":450,"13":29191,"14":4583,"15":643,"16":25,"17":2,"18":42466,"19":107,"20":238,"21":833,"22":1,"23":406,"24":114},"nb_de":{"0":171,"1":77,"2":13834,"3":1284,"4":115,"5":594,"6":396,"7":942,"8":3477,"9":2,"10":2117,"11":97,"12":2720,"13":395,"14":11646,"15":746,"16":177,"17":40,"18":47554,"19":855,"20":114,"21":3606,"22":16,"23":741,"24":147},"nb_fr":{"0":0,"1":0,"2":1049,"3":0,"4":2141,"5":10,"6":12964,"7":8,"8":11,"9":174,"10":2,"11":0,"12":29,"13":36739,"14":265,"15":1939,"16":0,"17":0,"18":1730,"19":1,"20":457,"21":47,"22":0,"23":300,"24":2}}