{"canton":{"0":"SG","1":"JU","2":"VS","3":"SZ","4":"AG","5":"VD","6":"ZH","7":"TG","8":"BE","9":"GE","10":"SH","11":"TI","12":"SO","13":"LU","14":"OW","15":"GR","16":"NE","17":"FR","18":"BS"},"main_mean":{"0":0.0208331528,"1":0.0,"2":0.0193449976,"3":-0.1190399664,"4":0.0373474214,"5":-0.0076513372,"6":0.0165682444,"7":-0.0666653334,"8":0.0035541128,"9":0.012976072,"10":0.0,"11":-0.0150464085,"12":0.0416663194,"13":0.1074379383,"14":0.0,"15":-0.0416666088,"16":0.0,"17":-0.0323423768,"18":-0.0044131425},"sentiment_mean":{"0":0.375,"1":0.0,"2":-0.3333333333,"3":0.3333333333,"4":0.2352941176,"5":0.0625,"6":0.4594944913,"7":0.0,"8":0.1712328767,"9":0.134502924,"10":0.75,"11":0.0813953488,"12":0.5,"13":0.1764705882,"14":0.0,"15":-0.3333333333,"16":0.0,"17":-0.375,"18":0.0510204082},"main_std":{"0":0.0395908055,"1":null,"2":0.0669139819,"3":0.3375433611,"4":0.283588085,"5":0.1657315405,"6":0.1178316026,"7":0.1154677445,"8":0.1191786569,"9":0.1591768291,"10":0.0,"11":0.1290523665,"12":0.0589250741,"13":0.1362842404,"14":0.0,"15":0.1816183598,"16":0.0,"17":0.0661233525,"18":0.1214605284},"sentiment_std":{"0":0.5175491695,"1":null,"2":0.5163977795,"3":1.1547005384,"4":0.4372373161,"5":0.6139903313,"6":0.6905036817,"7":1.0,"8":0.6884223748,"9":0.7303492506,"10":0.5,"11":0.6546685965,"12":0.7071067812,"13":0.5285941399,"14":0.0,"15":1.1547005384,"16":0.0,"17":0.5175491695,"18":0.648113026},"sentiment_pv":{"0":0.7113676101,"1":null,"2":0.0291658657,"3":0.9692420313,"4":0.5272921172,"5":0.0027969839,"6":0.0,"7":0.6507899443,"8":0.0242683675,"9":0.0000000026,"10":0.1725622651,"11":0.0025526417,"12":0.7625195567,"13":0.3357203087,"14":7.962367282e-106,"15":0.4397777742,"16":7.962367282e-106,"17":0.0074850966,"18":0.0002506055},"main_pv":{"0":0.5901214232,"1":null,"2":0.8215585694,"3":0.5683932769,"4":0.7263185622,"5":0.3300071572,"6":0.3395486639,"7":0.3553497088,"8":0.3634408156,"9":0.9806084339,"10":0.0000003517,"11":0.0517380833,"12":0.614463023,"13":0.0113865717,"14":0.0000003517,"15":0.6550906105,"16":0.0000003517,"17":0.0952139637,"18":0.1714875493},"count":{"0":8,"1":1,"2":6,"3":3,"4":17,"5":64,"6":1543,"7":3,"8":146,"9":855,"10":4,"11":86,"12":2,"13":17,"14":3,"15":3,"16":5,"17":8,"18":98},"nb_en":{"0":8,"1":1,"2":6,"3":3,"4":17,"5":64,"6":1543,"7":3,"8":146,"9":855,"10":4,"11":86,"12":2,"13":17,"14":3,"15":3,"16":5,"17":8,"18":98},"nb_de":{"0":0,"1":0,"2":0,"3":0,"4":0,"5":0,"6":0,"7":0,"8":0,"9":0,"10":0,"11":0,"12":0,"13":0,"14":0,"15":0,"16":0,"17":0,"18":0}}