{"canton":{"0":"NE","1":"GE","2":"TG","3":"SO","4":"BE","5":"SZ","6":"GL","7":"UR","8":"FR","9":"BS","10":"ZH","11":"OW","12":"VD","13":"SG","14":"GR","15":"AR","16":"LU","17":"TI","18":"JU","19":"AG","20":"SH","21":"VS","22":"BL","23":"NW"},"main_mean":{"0":0.0026330439,"1":0.0179929016,"2":0.0283345389,"3":0.0675309481,"4":0.0036591405,"5":0.145920977,"6":0.0339247173,"7":0.0137483992,"8":0.0171320077,"9":0.028759158,"10":0.0188090095,"11":0.0,"12":0.0221378997,"13":0.0644823748,"14":-0.0030024238,"15":0.0023684449,"16":-0.0024435756,"17":0.0256585966,"18":-0.015989128,"19":0.0243902777,"20":0.0016688324,"21":0.0073714261,"22":0.0130658879,"23":0.0},"sentiment_mean":{"0":0.1304347826,"1":0.0444915254,"2":0.0625,"3":0.0689655172,"4":0.0510638298,"5":0.1111111111,"6":0.0,"7":0.0,"8":0.0535714286,"9":0.0842911877,"10":0.1725724804,"11":0.0,"12":0.0243902439,"13":0.1917808219,"14":0.0,"15":0.0,"16":0.0357142857,"17":0.170212766,"18":0.0,"19":0.0169491525,"20":0.0476190476,"21":0.0,"22":0.0256410256,"23":0.0},"main_std":{"0":0.1268539085,"1":0.1434370837,"2":0.0790880801,"3":0.2428484269,"4":0.1074791612,"5":0.2534068412,"6":null,"7":0.0853672143,"8":0.0714510999,"9":0.139158646,"10":0.1206620909,"11":0.0,"12":0.1170463312,"13":0.1980520217,"14":0.0731229193,"15":0.0071023776,"16":0.0590717542,"17":0.1373897739,"18":0.0316227924,"19":0.1992285605,"20":0.021817069,"21":0.1072641218,"22":0.0611264242,"23":0.0},"sentiment_std":{"0":0.4576965873,"1":0.483025437,"2":0.25,"3":0.3713906764,"4":0.4201087992,"5":0.6009252126,"6":null,"7":0.0,"8":0.2630139144,"9":0.438745349,"10":0.5326733888,"11":0.0,"12":0.3152836723,"13":0.4903948026,"14":0.0,"15":0.0,"16":0.2790197199,"17":0.5415687661,"18":0.0,"19":0.3935482017,"20":0.2645642885,"21":0.3380617019,"22":0.1601281538,"23":0.0},"sentiment_pv":{"0":0.7090880008,"1":0.0000808281,"2":0.6197680524,"3":0.7171151077,"4":0.0334248741,"5":0.9351929637,"6":null,"7":3.724171607e-55,"8":0.1136136793,"9":0.6189494454,"10":0.0000000014,"11":3.724171607e-55,"12":0.0000146917,"13":0.095394164,"14":3.724171607e-55,"15":3.724171607e-55,"16":0.0171817549,"17":0.1797825801,"18":3.724171607e-55,"19":0.1390193981,"20":0.1167937146,"21":0.1047848398,"22":0.01254229,"23":3.724171607e-55},"main_pv":{"0":0.5546226254,"1":0.883482931,"2":0.6282986672,"3":0.2867857641,"4":0.0045193425,"5":0.1699996367,"6":null,"7":0.8871102719,"8":0.8405344033,"9":0.1052711282,"10":0.927856307,"11":8.282333765e-30,"12":0.5306150708,"13":0.0517830545,"14":0.0840177653,"15":0.0034228901,"16":0.000096182,"17":0.6184938189,"18":0.0707175666,"19":0.8224455862,"20":0.0000000231,"21":0.5380809477,"22":0.5847410688,"23":8.282333765e-30},"count":{"0":23,"1":1888,"2":16,"3":29,"4":470,"5":9,"6":1,"7":7,"8":112,"9":522,"10":2173,"11":3,"12":451,"13":73,"14":37,"15":5,"16":140,"17":94,"18":5,"19":59,"20":84,"21":36,"22":39,"23":2},"nb_en":{"0":10,"1":820,"2":0,"3":0,"4":159,"5":6,"6":0,"7":2,"8":20,"9":144,"10":1018,"11":0,"12":78,"13":15,"14":3,"15":0,"16":24,"17":72,"18":1,"19":15,"20":6,"21":10,"22":6,"23":0},"nb_de":{"0":0,"1":4,"2":16,"3":29,"4":286,"5":3,"6":1,"7":5,"8":34,"9":369,"10":1119,"11":3,"12":5,"13":58,"14":33,"15":5,"16":115,"17":2,"18":0,"19":44,"20":78,"21":21,"22":33,"23":2}}