{"canton":{"0":"NE","1":"GE","2":"TG","3":"BE","4":"SZ","5":"SO","6":"UR","7":"FR","8":"BS","9":"ZH","10":"OW","11":"VD","12":"SG","13":"GR","14":"AR","15":"LU","16":"GL","17":"TI","18":"JU","19":"AG","20":"SH","21":"VS","22":"BL","23":"NW"},"main_mean":{"0":-0.0056856547,"1":0.0185966176,"2":0.0032912525,"3":0.00317756,"4":-0.0084059159,"5":-0.0378822727,"6":0.0172956541,"7":0.0222952971,"8":0.009151186,"9":0.0131577653,"10":0.0,"11":0.0200176014,"12":0.0424594263,"13":0.0225084921,"14":0.1278306252,"15":0.0163445133,"16":0.0,"17":-0.0020155221,"18":-0.0111190687,"19":0.0102851973,"20":0.0061237906,"21":-0.0161055093,"22":0.0051207583,"23":-0.0121910591},"sentiment_mean":{"0":0.0606060606,"1":0.0538254517,"2":0.0,"3":0.0431432974,"4":0.0,"5":-0.06,"6":0.0,"7":0.0420168067,"8":0.0310077519,"9":0.1917659805,"10":0.0,"11":0.061633282,"12":0.2210526316,"13":0.1212121212,"14":0.2307692308,"15":0.0396825397,"16":0.0,"17":-0.0062111801,"18":0.0714285714,"19":0.0566037736,"20":0.0229885057,"21":0.0,"22":-0.0153846154,"23":0.0},"main_std":{"0":0.0841802137,"1":0.1256297216,"2":0.0373831513,"3":0.0986836721,"4":0.0325488565,"5":0.1677519714,"6":0.0386742583,"7":0.1182172348,"8":0.0987235147,"9":0.1075132721,"10":0.0,"11":0.1306980491,"12":0.1285116479,"13":0.0709582281,"14":0.2990890102,"15":0.095481572,"16":0.0,"17":0.1497702301,"18":0.0435691868,"19":0.121309284,"20":0.0544161892,"21":0.1307584333,"22":0.0194785704,"23":0.0246251369},"sentiment_std":{"0":0.2423058423,"1":0.5085667783,"2":0.0,"3":0.3258227659,"4":0.0,"5":0.4699109772,"6":0.0,"7":0.272930052,"8":0.4482191209,"9":0.5041764574,"10":0.0,"11":0.3547183475,"12":0.4419239216,"13":0.3314339826,"14":0.4385290097,"15":0.2653539116,"16":0.0,"17":0.5533635154,"18":0.2672612419,"19":0.333243474,"20":0.3402123651,"21":0.2773500981,"22":0.1240347346,"23":0.0},"sentiment_pv":{"0":0.2911819465,"1":0.0000026284,"2":2.410689355e-100,"3":0.0000049207,"4":2.410689355e-100,"5":0.0160342168,"6":2.410689355e-100,"7":0.0131305848,"8":0.0000455724,"9":9.465549525e-19,"10":2.410689355e-100,"11":0.0026519397,"12":0.0134151641,"13":0.7966025264,"14":0.3261280074,"15":0.0067109321,"16":2.410689355e-100,"17":0.0113556736,"18":0.6355737274,"19":0.1329699799,"20":0.0262690068,"21":0.007811705,"22":0.0000000001,"23":2.410689355e-100},"main_pv":{"0":0.193800381,"1":0.0813358791,"2":0.2658066032,"3":0.0088035745,"4":0.0597093874,"5":0.034322408,"6":0.8509492369,"7":0.4386537612,"8":0.2509366751,"9":0.7551649878,"10":9.401532583e-31,"11":0.2400329233,"12":0.0330372869,"13":0.4889906069,"14":0.1944840869,"15":0.7696169564,"16":9.401532583e-31,"17":0.1837116791,"18":0.0523449703,"19":0.7656930905,"20":0.1992114707,"21":0.1023452611,"22":0.0016857157,"23":0.1245229984},"count":{"0":33,"1":2601,"2":17,"3":649,"4":10,"5":50,"6":5,"7":119,"8":645,"9":3692,"10":2,"11":649,"12":95,"13":33,"14":13,"15":126,"16":2,"17":161,"18":14,"19":106,"20":87,"21":53,"22":65,"23":4},"nb_en":{"0":9,"1":1231,"2":1,"3":138,"4":3,"5":22,"6":1,"7":19,"8":221,"9":1586,"10":0,"11":119,"12":17,"13":3,"14":3,"15":22,"16":0,"17":114,"18":4,"19":13,"20":11,"21":9,"22":1,"23":0},"nb_de":{"0":2,"1":11,"2":16,"3":465,"4":7,"5":28,"6":4,"7":46,"8":416,"9":2024,"10":2,"11":22,"12":78,"13":30,"14":10,"15":104,"16":2,"17":3,"18":0,"19":91,"20":76,"21":36,"22":64,"23":4}}