{"canton":{"0":"SG","1":"TI","2":"JU","3":"VS","4":"SZ","5":"AG","6":"VD","7":"ZH","8":"TG","9":"UR","10":"BE","11":"BL","12":"GE","13":"SH","14":"AR","15":"SO","16":"LU","17":"GR","18":"NE","19":"FR","20":"BS"},"main_mean":{"0":0.046383298,"1":-0.0065817078,"2":0.0,"3":-0.0114473146,"4":-0.033333,"5":-0.1060711176,"6":0.0439076494,"7":0.0141425523,"8":0.0,"9":0.0,"10":-0.0058785725,"11":0.0,"12":0.0103494338,"13":-0.0484547916,"14":0.5571320206,"15":-0.0444395552,"16":0.0950731456,"17":0.1499965834,"18":0.0185182099,"19":0.0135744656,"20":-0.0017302288},"sentiment_mean":{"0":0.5294117647,"1":-0.0175438596,"2":0.25,"3":0.0,"4":0.0,"5":0.1538461538,"6":0.2857142857,"7":0.3852459016,"8":0.0,"9":0.0,"10":0.1594202899,"11":-1.0,"12":0.0950446791,"13":-0.1818181818,"14":1.0,"15":-0.1363636364,"16":0.1818181818,"17":0.6666666667,"18":0.2222222222,"19":0.1578947368,"20":0.0226244344},"main_std":{"0":0.1155229641,"1":0.176025463,"2":0.0,"3":0.1615644932,"4":0.0577344496,"5":0.1557158433,"6":0.20101901,"7":0.1322085024,"8":null,"9":null,"10":0.1808985796,"11":null,"12":0.11295323,"13":0.0708570627,"14":0.4206319676,"15":0.1366434128,"16":0.2083585831,"17":0.1322844474,"18":0.0555546296,"19":0.0953126713,"20":0.125357408},"sentiment_std":{"0":0.6242642728,"1":0.6515122794,"2":0.5,"3":0.7071067812,"4":0.0,"5":0.800640769,"6":0.7494953912,"7":0.6812563798,"8":null,"9":null,"10":0.6421494109,"11":null,"12":0.7223942647,"13":0.7507571935,"14":0.0,"15":0.7101612523,"16":0.5884898863,"17":0.5773502692,"18":0.4409585518,"19":0.6021404316,"20":0.7226431215},"sentiment_pv":{"0":0.0640136467,"1":0.0001358583,"2":0.934057951,"3":0.3631241108,"4":9.705814954e-77,"5":0.7461142969,"6":0.4055992771,"7":0.0,"8":null,"9":null,"10":0.2255559235,"11":null,"12":0.0000000301,"13":0.1009257417,"14":0.0,"15":0.0258532166,"16":0.7204793902,"17":0.3183174837,"18":0.9722319436,"19":0.6215889204,"20":0.0000577595},"main_pv":{"0":0.2322474545,"1":0.2794596831,"2":0.0000003578,"3":0.6815141547,"4":0.3106640667,"5":0.0185785458,"6":0.0833832868,"7":0.5100120906,"8":null,"9":null,"10":0.2660666792,"11":null,"12":0.7700605732,"13":0.0187219126,"14":0.1536839746,"15":0.0691291475,"16":0.0741304296,"17":0.2113561016,"18":0.7162014227,"19":0.925778379,"20":0.1308876984},"count":{"0":17,"1":114,"2":4,"3":9,"4":3,"5":13,"6":119,"7":1586,"8":1,"9":1,"10":138,"11":1,"12":1231,"13":11,"14":3,"15":22,"16":22,"17":3,"18":9,"19":19,"20":221},"nb_en":{"0":17,"1":114,"2":4,"3":9,"4":3,"5":13,"6":119,"7":1586,"8":1,"9":1,"10":138,"11":1,"12":1231,"13":11,"14":3,"15":22,"16":22,"17":3,"18":9,"19":19,"20":221},"nb_de":{"0":0,"1":0,"2":0,"3":0,"4":0,"5":0,"6":0,"7":0,"8":0,"9":0,"10":0,"11":0,"12":0,"13":0,"14":0,"15":0,"16":0,"17":0,"18":0,"19":0,"20":0}}