{"canton":{"0":"NE","1":"GE","2":"TG","3":"BE","4":"SZ","5":"UR","6":"FR","7":"BS","8":"BL","9":"ZH","10":"OW","11":"VD","12":"SG","13":"GR","14":"AR","15":"LU","16":"TI","17":"JU","18":"AG","19":"SH","20":"VS","21":"SO"},"main_mean":{"0":0.0359875834,"1":0.0242739496,"2":0.0754607543,"3":0.0137323289,"4":0.0327377905,"5":0.0112807056,"6":0.0177505506,"7":0.0294136296,"8":0.0244204449,"9":0.0221865103,"10":0.0004999938,"11":0.0300318459,"12":0.0492660019,"13":0.0206610448,"14":0.0359547037,"15":0.0299347826,"16":0.0017109714,"17":-0.0849951208,"18":0.0297658432,"19":0.0106148322,"20":0.0091857449,"21":0.004411545},"sentiment_mean":{"0":0.0,"1":0.0072115385,"2":0.0625,"3":0.0201612903,"4":0.0,"5":0.0,"6":0.0204081633,"7":0.04,"8":0.0714285714,"9":0.030848329,"10":0.0,"11":0.025974026,"12":0.0882352941,"13":0.1428571429,"14":0.0,"15":0.0263157895,"16":0.0,"17":0.0,"18":0.0,"19":0.1,"20":0.0285714286,"21":0.0},"main_std":{"0":0.0756128832,"1":0.1283243186,"2":0.2570605297,"3":0.1115877692,"4":0.0949106143,"5":0.019250804,"6":0.0826374007,"7":0.1301428927,"8":0.0742333018,"9":0.1279528078,"10":null,"11":0.1158381704,"12":0.1855807503,"13":0.0577229599,"14":0.1378490409,"15":0.120759187,"16":0.0601747635,"17":0.0866136718,"18":0.1455201528,"19":0.100579541,"20":0.0512468738,"21":0.0078487416},"sentiment_std":{"0":0.0,"1":0.1094606115,"2":0.25,"3":0.2100625851,"4":0.0,"5":0.0,"6":0.1428571429,"7":0.1966156609,"8":0.2672612419,"9":0.1778696599,"10":null,"11":0.1595767256,"12":0.2879022413,"13":0.3631365196,"14":0.0,"15":0.1611363158,"16":0.0,"17":0.0,"18":0.0,"19":0.3077935056,"20":0.1690308509,"21":0.0},"sentiment_pv":{"0":0.0,"1":0.0007341007,"2":0.5437010162,"3":0.8002938084,"4":0.0,"5":0.0,"6":0.8767329165,"7":0.3176708827,"8":0.5153729908,"9":0.230464114,"10":null,"11":0.8590590686,"12":0.2004749764,"13":0.2411973033,"14":0.0,"15":0.8861181172,"16":0.0,"17":0.0,"18":0.0,"19":0.2813710323,"20":0.864300174,"21":0.0},"main_pv":{"0":0.3976030427,"1":0.8120494595,"2":0.4280706737,"3":0.2102092092,"4":0.7685446531,"5":0.399992083,"6":0.6592721984,"7":0.5611668713,"8":0.9476280148,"9":0.8381262427,"10":null,"11":0.4707376858,"12":0.4177454758,"13":0.8788431304,"14":0.8132626347,"15":0.6269303396,"16":0.0303177386,"17":0.0491581154,"18":0.7507032284,"19":0.5875518676,"20":0.1289856636,"21":0.0000006379},"count":{"0":26,"1":832,"2":16,"3":248,"4":9,"5":3,"6":49,"7":150,"8":14,"9":1167,"10":1,"11":154,"12":34,"13":14,"14":7,"15":76,"16":42,"17":5,"18":49,"19":20,"20":35,"21":12},"nb_en":{"0":10,"1":368,"2":5,"3":76,"4":5,"5":0,"6":17,"7":46,"8":0,"9":501,"10":0,"11":42,"12":2,"13":1,"14":0,"15":21,"16":40,"17":0,"18":4,"19":9,"20":18,"21":0},"nb_de":{"0":1,"1":5,"2":11,"3":161,"4":4,"5":3,"6":2,"7":102,"8":14,"9":641,"10":1,"11":0,"12":32,"13":13,"14":7,"15":54,"16":1,"17":0,"18":44,"19":11,"20":12,"21":12}}