{"canton":{"0":"NE","1":"GE","2":"TG","3":"BE","4":"SZ","5":"GL","6":"UR","7":"FR","8":"BS","9":"BL","10":"ZH","11":"OW","12":"VD","13":"SG","14":"GR","15":"AR","16":"LU","17":"TI","18":"JU","19":"AG","20":"SH","21":"VS","22":"SO","23":"NW"},"main_mean":{"0":-0.006301605,"1":0.0208608284,"2":0.022465787,"3":0.0107197744,"4":-0.0322197244,"5":0.0063275112,"6":-0.0357472512,"7":0.0221550719,"8":0.009973812,"9":0.0093926666,"10":0.0164421355,"11":-0.0495550605,"12":0.0201438385,"13":0.0477493576,"14":0.0107544278,"15":0.0882942697,"16":0.0095790671,"17":0.0196164693,"18":0.0484405489,"19":0.0378648223,"20":0.0045980425,"21":0.0051842828,"22":0.0229857507,"23":-0.0499995},"sentiment_mean":{"0":0.09375,"1":0.0649926145,"2":0.0714285714,"3":0.0809399478,"4":0.1,"5":0.0,"6":0.3333333333,"7":0.0189873418,"8":0.0744680851,"9":0.0243902439,"10":0.1080783016,"11":0.0,"12":0.0649350649,"13":0.1165048544,"14":0.2333333333,"15":0.1666666667,"16":0.0558659218,"17":0.1360946746,"18":0.2,"19":0.08,"20":0.0465116279,"21":0.0,"22":0.0967741935,"23":0.0},"main_std":{"0":0.0778880382,"1":0.1158874565,"2":0.0694053634,"3":0.0915861141,"4":0.1346468158,"5":0.0103467998,"6":0.0557613646,"7":0.1149823198,"8":0.0871094084,"9":0.0323549097,"10":0.1099194865,"11":0.0713385034,"12":0.1414562744,"13":0.1485963361,"14":0.0527772881,"15":0.2018151172,"16":0.0915019807,"17":0.1029587017,"18":0.1395106278,"19":0.1476365003,"20":0.0489625977,"21":0.0903322034,"22":0.0665347068,"23":0.070709971},"sentiment_std":{"0":0.2961445811,"1":0.5094457972,"2":0.2622652642,"3":0.4106136381,"4":0.5676462122,"5":0.0,"6":0.5773502692,"7":0.26400924,"8":0.38826558,"9":0.1561737619,"10":0.498102662,"11":0.0,"12":0.3247168418,"13":0.4034403733,"14":0.4301830672,"15":0.4082482905,"16":0.294532011,"17":0.4216592966,"18":0.4216370214,"19":0.3262692338,"20":0.2615328905,"21":0.4417261043,"22":0.3005371535,"23":0.0},"sentiment_pv":{"0":0.872981866,"1":0.0631858067,"2":0.7830304188,"3":0.7811114149,"4":0.9364436335,"5":9.511947307e-69,"6":0.534338025,"7":0.0024375882,"8":0.5262657385,"9":0.0184640557,"10":0.0172859348,"11":9.511947307e-69,"12":0.1696491867,"13":0.4372305142,"14":0.0698925883,"15":0.6460718714,"16":0.1934349462,"17":0.1230150678,"18":0.4121251548,"19":0.858698327,"20":0.178853991,"21":0.2190419749,"22":0.8333918752,"23":9.511947307e-69},"main_pv":{"0":0.095141379,"1":0.1767224506,"2":0.7074547552,"3":0.0542534412,"4":0.273295884,"5":0.199433649,"6":0.2400114318,"7":0.6122498434,"8":0.0515362094,"9":0.1261088708,"10":0.6330493257,"11":0.4106262125,"12":0.6668152653,"13":0.0417706365,"14":0.4941042951,"15":0.4293249228,"16":0.256507192,"17":0.7891311115,"18":0.5005812158,"19":0.1264565801,"20":0.0192290786,"21":0.3846582589,"22":0.6493365701,"23":0.4059046591},"count":{"0":32,"1":2708,"2":28,"3":766,"4":10,"5":3,"6":3,"7":158,"8":564,"9":41,"10":3627,"11":2,"12":539,"13":103,"14":30,"15":6,"16":179,"17":169,"18":10,"19":125,"20":86,"21":42,"22":31,"23":2},"nb_en":{"0":7,"1":1373,"2":6,"3":221,"4":6,"5":0,"6":1,"7":26,"8":150,"9":2,"10":1497,"11":0,"12":97,"13":17,"14":7,"15":0,"16":28,"17":87,"18":3,"19":14,"20":10,"21":16,"22":2,"23":0},"nb_de":{"0":5,"1":18,"2":22,"3":495,"4":4,"5":3,"6":2,"7":57,"8":408,"9":39,"10":2062,"11":2,"12":20,"13":86,"14":23,"15":6,"16":151,"17":4,"18":0,"19":110,"20":76,"21":14,"22":29,"23":2}}