{"canton":{"0":"SG","1":"AR","2":"GL","3":"JU","4":"VS","5":"SZ","6":"AG","7":"TG","8":"ZH","9":"BE","10":"GE","11":"BS","12":"AI","13":"LU","14":"GR","15":"ZG","16":"UR","17":"VD","18":"SH","19":"BL","20":"TI","21":"SO","22":"NE","23":"FR"},"main_mean":{"0":-0.066852328,"1":-0.1363630165,"2":-0.0815449443,"3":-0.1499970001,"4":-0.0360019227,"5":0.2878749081,"6":0.0161779736,"7":-0.0555549383,"8":-0.0223476048,"9":-0.0395212244,"10":-0.0165969718,"11":-0.0277828596,"12":0.0,"13":0.0339084059,"14":-0.3555489384,"15":-0.0815449443,"16":0.0,"17":0.0163639016,"18":0.0,"19":-0.1083321806,"20":-0.1005590417,"21":0.071427551,"22":0.013491716,"23":-0.001334432},"sentiment_mean":{"0":-0.3333333333,"1":-1.0,"2":0.1578947368,"3":-0.25,"4":0.0476190476,"5":0.3333333333,"6":0.2307692308,"7":-0.5,"8":0.2632743363,"9":0.1591591592,"10":0.1389684814,"11":0.099378882,"12":0.0,"13":0.2727272727,"14":0.0,"15":0.1578947368,"16":1.0,"17":0.3186813187,"18":0.0,"19":0.5,"20":0.038961039,"21":0.25,"22":0.2222222222,"23":0.1724137931},"main_std":{"0":0.1745122167,"1":null,"2":0.2286800832,"3":0.2999940001,"4":0.227626553,"5":0.7528351251,"6":0.2087581438,"7":0.0785665472,"8":0.2122003501,"9":0.2197026036,"10":0.1799555501,"11":0.215993977,"12":null,"13":0.1787703341,"14":0.3456890364,"15":0.2286800832,"16":null,"17":0.2279156691,"18":null,"19":0.2710549871,"20":0.2575320947,"21":0.1428551021,"22":0.2044887097,"23":0.0821985149},"sentiment_std":{"0":0.5,"1":null,"2":0.6882472016,"3":0.5,"4":0.4976133515,"5":1.1547005384,"6":0.7250110521,"7":0.7071067812,"8":0.7069820343,"9":0.6867168367,"10":0.7261463082,"11":0.663371775,"12":null,"13":0.6466697907,"14":1.4142135624,"15":0.6882472016,"16":null,"17":0.6646489613,"18":null,"19":0.7071067812,"20":0.5947480325,"21":0.5,"22":0.6666666667,"23":0.4682006222},"sentiment_pv":{"0":0.0140468103,"1":null,"2":0.8515224157,"3":0.1779895023,"4":0.2141130823,"5":0.847659304,"6":0.835473728,"7":0.3999411925,"8":0.0062415458,"9":0.4740274571,"10":0.1135659732,"11":0.1036835736,"12":null,"13":0.673803797,"14":0.8817036351,"15":0.8515224157,"16":null,"17":0.0691434174,"18":null,"19":0.6448145295,"20":0.0343225718,"21":0.8203045595,"22":0.8816055761,"23":0.8608590039},"main_pv":{"0":0.4920468343,"1":null,"2":0.2957133854,"3":0.4654914866,"4":0.8257238843,"5":0.5465226795,"6":0.4927559075,"7":0.6787760646,"8":0.7580604127,"9":0.2519525735,"10":0.3015833088,"11":0.8688388031,"12":null,"13":0.3020840325,"14":0.4052023058,"15":0.2957133854,"16":null,"17":0.0923893173,"18":null,"19":0.7385780857,"20":0.0126276189,"21":0.2703965383,"22":0.5894639901,"23":0.1467358047},"count":{"0":9,"1":1,"2":19,"3":4,"4":21,"5":3,"6":13,"7":2,"8":904,"9":333,"10":698,"11":161,"12":1,"13":11,"14":2,"15":19,"16":1,"17":91,"18":1,"19":2,"20":77,"21":4,"22":9,"23":29},"nb_en":{"0":9,"1":1,"2":19,"3":4,"4":21,"5":3,"6":13,"7":2,"8":904,"9":333,"10":698,"11":161,"12":1,"13":11,"14":2,"15":19,"16":1,"17":91,"18":1,"19":2,"20":77,"21":4,"22":9,"23":29},"nb_de":{"0":0,"1":0,"2":0,"3":0,"4":0,"5":0,"6":0,"7":0,"8":0,"9":0,"10":0,"11":0,"12":0,"13":0,"14":0,"15":0,"16":0,"17":0,"18":0,"19":0,"20":0,"21":0,"22":0,"23":0}}