{"canton":{"0":"SG","1":"JU","2":"VS","3":"SO","4":"AG","5":"TG","6":"ZH","7":"BE","8":"GE","9":"BS","10":"GL","11":"LU","12":"GR","13":"ZG","14":"UR","15":"VD","16":"SH","17":"BL","18":"NW","19":"TI","20":"SZ","21":"NE","22":"FR"},"main_mean":{"0":0.0236418137,"1":-0.5999880002,"2":-0.0348804832,"3":0.3333222226,"4":-0.0953329549,"5":0.0,"6":-0.0170432422,"7":-0.0472740786,"8":-0.03378511,"9":-0.0208553318,"10":0.0249278852,"11":0.0141290114,"12":0.0234845624,"13":0.0249278852,"14":0.0,"15":0.0061918247,"16":-0.0192306213,"17":-0.0833319445,"18":-0.323860053,"19":-0.0303925411,"20":0.1791628404,"21":-0.0149347225,"22":-0.0515432622},"sentiment_mean":{"0":0.2631578947,"1":0.0,"2":0.0,"3":1.0,"4":0.3333333333,"5":0.5,"6":0.2474747475,"7":0.180952381,"8":0.1252747253,"9":0.1214574899,"10":0.6,"11":0.2173913043,"12":0.2,"13":0.6,"14":-0.5,"15":0.3008130081,"16":0.25,"17":-0.5,"18":1.0,"19":0.1139240506,"20":0.25,"21":0.0,"22":0.3225806452},"main_std":{"0":0.2227535144,"1":null,"2":0.2091758632,"3":null,"4":0.2963855574,"5":0.0,"6":0.2095360272,"7":0.2393633739,"8":0.1872677532,"9":0.1999708321,"10":0.1598232511,"11":0.1546939259,"12":0.0837789163,"13":0.1598232511,"14":0.0,"15":0.183836348,"16":0.0384612426,"17":0.117849166,"18":0.0723161776,"19":0.2670531104,"20":0.257251003,"21":0.1215204261,"22":0.2758325849},"sentiment_std":{"0":0.5619514869,"1":null,"2":0.8164965809,"3":null,"4":0.8660254038,"5":0.7071067812,"6":0.7028134084,"7":0.667509151,"8":0.7064987357,"9":0.7052540202,"10":0.5163977795,"11":0.6293927754,"12":0.8366600265,"13":0.5163977795,"14":0.7071067812,"15":0.6393510971,"16":0.5,"17":0.7071067812,"18":0.0,"19":0.6199119411,"20":0.9574271078,"21":0.6666666667,"22":0.6525384675},"sentiment_pv":{"0":0.6128992273,"1":null,"2":0.403176464,"3":null,"4":0.6483980689,"5":0.6526696782,"6":0.0242737296,"7":0.7449781577,"8":0.0073434248,"9":0.1082529368,"10":0.035645063,"11":0.8243419199,"12":0.9929698881,"13":0.035645063,"14":0.396263487,"15":0.0792100675,"16":0.8443678494,"17":0.396263487,"18":0.0,"19":0.2471979034,"20":0.918078728,"21":0.2164186983,"22":0.2930418436},"main_pv":{"0":0.3716771613,"1":null,"2":0.8452296303,"3":null,"4":0.4868836339,"5":0.0000000002,"6":0.3527287736,"7":0.1576257545,"8":0.1455520736,"9":0.8544421204,"10":0.3659608786,"11":0.1119499385,"12":0.2807626531,"13":0.3659608786,"14":0.0000000002,"15":0.0847841594,"16":0.8482753625,"17":0.6024170842,"18":0.1057970439,"19":0.8149939494,"20":0.2135607244,"21":0.7697334292,"22":0.5736726056},"count":{"0":19,"1":1,"2":13,"3":1,"4":9,"5":2,"6":1386,"7":210,"8":910,"9":247,"10":10,"11":46,"12":5,"13":10,"14":2,"15":123,"16":4,"17":2,"18":2,"19":79,"20":4,"21":19,"22":31},"nb_en":{"0":19,"1":1,"2":13,"3":1,"4":9,"5":2,"6":1386,"7":210,"8":910,"9":247,"10":10,"11":46,"12":5,"13":10,"14":2,"15":123,"16":4,"17":2,"18":2,"19":79,"20":4,"21":19,"22":31},"nb_de":{"0":0,"1":0,"2":0,"3":0,"4":0,"5":0,"6":0,"7":0,"8":0,"9":0,"10":0,"11":0,"12":0,"13":0,"14":0,"15":0,"16":0,"17":0,"18":0,"19":0,"20":0,"21":0,"22":0}}