{"canton":{"0":"NE","1":"GE","2":"GL","3":"BE","4":"SZ","5":"TG","6":"UR","7":"FR","8":"BS","9":"ZH","10":"SO","11":"VD","12":"OW","13":"SG","14":"GR","15":"ZG","16":"AR","17":"LU","18":"TI","19":"JU","20":"AG","21":"SH","22":"VS","23":"BL","24":"NW"},"main_mean":{"0":0.0608139323,"1":0.0117859506,"2":0.0137683604,"3":-0.0012030105,"4":0.075720346,"5":0.0011084916,"6":-0.021755194,"7":-0.0249261783,"8":0.0091797448,"9":0.0097541926,"10":0.0588614397,"11":0.0054164173,"12":-0.0014711725,"13":-0.0013621193,"14":-0.0008756965,"15":0.0137956786,"16":-0.0093434757,"17":0.0107125015,"18":0.0134612699,"19":-0.0266474608,"20":0.0141607219,"21":-0.006511825,"22":0.020046315,"23":0.0160177411,"24":-0.0013374295},"sentiment_mean":{"0":0.1875,"1":0.0792372881,"2":0.0534653465,"3":0.055068836,"4":0.375,"5":0.0,"6":0.0,"7":0.0454545455,"8":0.0456553756,"9":0.1337726524,"10":0.1388888889,"11":0.0576540755,"12":0.0,"13":-0.0111111111,"14":0.0612244898,"15":0.0535714286,"16":0.2222222222,"17":0.0609137056,"18":0.1484375,"19":0.0,"20":0.0454545455,"21":-0.0217391304,"22":0.1208791209,"23":0.0,"24":0.0},"main_std":{"0":0.2106130088,"1":0.1587887788,"2":0.1726748748,"3":0.1329780983,"4":0.110523494,"5":0.0077102616,"6":0.0741507281,"7":0.1199940484,"8":0.0914734054,"9":0.1353758758,"10":0.1237201042,"11":0.186763321,"12":0.0050591357,"13":0.0922300683,"14":0.0413523056,"15":0.1728453422,"16":0.0439224268,"17":0.1266256905,"18":0.1875998657,"19":0.0893871703,"20":0.0844815739,"21":0.0644730592,"22":0.0923272154,"23":0.0625995626,"24":0.0048199717},"sentiment_std":{"0":0.4709290749,"1":0.4713867176,"2":0.4262154321,"3":0.4300390074,"4":0.5175491695,"5":0.0,"6":0.0,"7":0.2586032735,"8":0.3157252347,"9":0.4897392466,"10":0.3507361872,"11":0.3551780649,"12":0.0,"13":0.2367592265,"14":0.3768378998,"15":0.4266322216,"16":0.4409585518,"17":0.32941689,"18":0.5763015909,"19":0.0,"20":0.2879022413,"21":0.2572616856,"22":0.3600976668,"23":0.0,"24":0.0},"sentiment_pv":{"0":0.2381617101,"1":0.4562889818,"2":0.0840658026,"3":0.0432020447,"4":0.1598496481,"5":1.174173425e-79,"6":1.174173425e-79,"7":0.138354953,"8":0.0013740306,"9":0.0000033115,"10":0.3842300446,"11":0.0732879458,"12":1.174173425e-79,"13":0.0001953139,"14":0.632445875,"15":0.0856227939,"16":0.385427145,"17":0.2723459576,"18":0.2335756191,"19":1.174173425e-79,"20":0.0791323748,"21":0.0064683051,"22":0.3784684318,"23":1.174173425e-79,"24":1.174173425e-79},"main_pv":{"0":0.1779412352,"1":0.5167067374,"2":0.5819048128,"3":0.0310350198,"4":0.1338614706,"5":0.0137048255,"6":0.1557323976,"7":0.0090143531,"8":0.9422776804,"9":0.9173817771,"10":0.022318828,"11":0.6332031913,"12":0.0000210301,"13":0.2742130717,"14":0.0956678725,"15":0.5802388263,"16":0.2365650162,"17":0.8908396937,"18":0.8102642753,"19":0.1276137517,"20":0.5005564602,"21":0.1036495842,"22":0.2822577058,"23":0.5157976199,"24":0.0000058289},"count":{"0":32,"1":2360,"2":505,"3":799,"4":8,"5":9,"6":13,"7":88,"8":679,"9":3035,"10":36,"11":503,"12":10,"13":90,"14":49,"15":504,"16":9,"17":197,"18":128,"19":16,"20":154,"21":46,"22":91,"23":40,"24":11},"nb_en":{"0":12,"1":932,"2":168,"3":288,"4":4,"5":1,"6":0,"7":18,"8":152,"9":1348,"10":1,"11":105,"12":0,"13":13,"14":15,"15":168,"16":4,"17":37,"18":112,"19":0,"20":22,"21":8,"22":25,"23":2,"24":0},"nb_de":{"0":2,"1":13,"2":63,"3":475,"4":4,"5":8,"6":13,"7":18,"8":513,"9":1627,"10":35,"11":6,"12":10,"13":77,"14":34,"15":62,"16":5,"17":158,"18":6,"19":0,"20":131,"21":38,"22":47,"23":38,"24":11}}