{"canton":{"0":"NE","1":"GE","2":"GL","3":"BE","4":"SZ","5":"TG","6":"UR","7":"FR","8":"BS","9":"BL","10":"ZH","11":"OW","12":"VD","13":"SG","14":"GR","15":"ZG","16":"AR","17":"LU","18":"TI","19":"JU","20":"AG","21":"SH","22":"VS","23":"SO","24":"NW"},"main_mean":{"0":0.0213440783,"1":0.0039131234,"2":0.0239190431,"3":-0.0062035084,"4":-0.0052641575,"5":0.0001718985,"6":0.0108547371,"7":0.0027967545,"8":-0.0024056417,"9":0.0114393934,"10":0.0009907989,"11":0.0,"12":0.0053704223,"13":0.0049894706,"14":0.0056569655,"15":0.0270763762,"16":0.0188384466,"17":-0.0068302322,"18":-0.0501281718,"19":-0.0210276081,"20":0.0069621429,"21":0.0054521382,"22":0.0165743343,"23":0.0072550108,"24":0.0},"sentiment_mean":{"0":0.1351351351,"1":0.0917678812,"2":0.1538461538,"3":0.0709302326,"4":-0.1111111111,"5":0.0,"6":0.0,"7":0.0535714286,"8":0.0473282443,"9":0.0526315789,"10":0.1467349552,"11":0.0,"12":0.0739219713,"13":0.027027027,"14":0.0638297872,"15":0.1739130435,"16":0.4,"17":0.0714285714,"18":0.0747663551,"19":0.0,"20":0.0697674419,"21":0.0,"22":0.0444444444,"23":0.0,"24":0.0},"main_std":{"0":0.0768401568,"1":0.1876201793,"2":0.1024608974,"3":0.1611705575,"4":0.0229136808,"5":0.0003879427,"6":0.0417612745,"7":0.1662930088,"8":0.1197122771,"9":0.2603211687,"10":0.1598452749,"11":null,"12":0.1711866484,"13":0.1024404318,"14":0.0968772095,"15":0.1085284766,"16":0.0628504854,"17":0.134694201,"18":0.1875329206,"19":0.1361276049,"20":0.0922213407,"21":0.0297807955,"22":0.1103126544,"23":0.0273154489,"24":null},"sentiment_std":{"0":0.3465834966,"1":0.4694656042,"2":0.3679464844,"3":0.3523961811,"4":0.3333333333,"5":0.0,"6":0.0,"7":0.3243645406,"8":0.4166504421,"9":0.2294157339,"10":0.4992106655,"11":null,"12":0.3250160143,"13":0.367857299,"14":0.2470922481,"15":0.3875533879,"16":0.5477225575,"17":0.3330043101,"18":0.5940099513,"19":0.0,"20":0.3691228928,"21":0.0,"22":0.298142397,"23":0.0,"24":null},"sentiment_pv":{"0":0.6013302949,"1":0.1756055045,"2":0.5055311981,"3":0.008199421,"4":0.0877613705,"5":1.603121071e-112,"6":1.603121071e-112,"7":0.0997015209,"8":0.0006850707,"9":0.3344685471,"10":0.0000060792,"11":null,"12":0.0443996568,"13":0.0117641912,"14":0.2627948309,"15":0.4037007193,"16":0.2948865872,"17":0.1826995188,"18":0.6007307336,"19":1.603121071e-112,"20":0.3815699551,"21":1.603121071e-112,"22":0.1820648435,"23":1.603121071e-112,"24":null},"main_pv":{"0":0.1188320952,"1":0.4469330817,"2":0.2663584069,"3":0.2097414242,"4":0.4438673112,"5":0.6180781942,"6":0.6266501846,"7":0.9098099037,"8":0.4925174867,"9":0.8632740061,"10":0.9968468249,"11":null,"12":0.5821858464,"13":0.6429457662,"14":0.7450369179,"15":0.262731565,"16":0.5606304807,"17":0.4399499411,"18":0.0059097755,"19":0.661160689,"20":0.5559694103,"21":0.4321895442,"22":0.3511763787,"23":0.209431588,"24":null},"count":{"0":37,"1":2964,"2":26,"3":860,"4":9,"5":11,"6":5,"7":112,"8":655,"9":19,"10":3905,"11":1,"12":487,"13":148,"14":47,"15":23,"16":5,"17":182,"18":107,"19":8,"20":86,"21":31,"22":45,"23":35,"24":1},"nb_en":{"0":13,"1":1201,"2":14,"3":268,"4":3,"5":4,"6":0,"7":23,"8":183,"9":1,"10":1786,"11":0,"12":120,"13":19,"14":5,"15":14,"16":3,"17":37,"18":92,"19":0,"20":20,"21":1,"22":14,"23":3,"24":0},"nb_de":{"0":6,"1":20,"2":7,"3":542,"4":6,"5":7,"6":5,"7":19,"8":455,"9":18,"10":2050,"11":1,"12":19,"13":128,"14":42,"15":4,"16":2,"17":143,"18":7,"19":0,"20":66,"21":30,"22":21,"23":32,"24":1}}