{"canton":{"0":"SG","1":"JU","2":"VS","3":"SZ","4":"AG","5":"TG","6":"ZH","7":"BE","8":"GE","9":"BS","10":"GL","11":"LU","12":"OW","13":"GR","14":"ZG","15":"UR","16":"VD","17":"SH","18":"BL","19":"TI","20":"SO","21":"NE","22":"FR"},"main_mean":{"0":0.0025361809,"1":0.0909082645,"2":0.01204996,"3":0.0547607852,"4":-0.088935586,"5":0.0,"6":-0.006188781,"7":-0.0597674264,"8":-0.032122916,"9":-0.0496589116,"10":0.0368569991,"11":-0.0362024536,"12":0.0,"13":-0.1912137124,"14":0.0368569991,"15":-0.3666628149,"16":-0.061059347,"17":0.0,"18":0.0624992188,"19":-0.0641167288,"20":0.0175187111,"21":0.0277775463,"22":-0.1243374966},"sentiment_mean":{"0":0.1304347826,"1":1.0,"2":0.0,"3":0.6,"4":-0.2631578947,"5":0.0,"6":0.2808510638,"7":0.203125,"8":0.1602484472,"9":0.0354609929,"10":0.2368193604,"11":0.1666666667,"12":0.0,"13":-0.1666666667,"14":0.2368193604,"15":0.0,"16":0.0795454545,"17":0.3333333333,"18":0.0,"19":0.1559633028,"20":0.5,"21":0.3333333333,"22":0.0},"main_std":{"0":0.0696595269,"1":null,"2":0.3206831787,"3":0.4120040784,"4":0.2728790548,"5":0.0,"6":0.1901099267,"7":0.2290361659,"8":0.1804338006,"9":0.1693707402,"10":0.2610431599,"11":0.2136735818,"12":null,"13":0.2217280148,"14":0.2610431599,"15":0.0471402426,"16":0.2255276119,"17":0.0,"18":0.0883872428,"19":0.147698551,"20":0.1028201846,"21":0.0430327897,"22":0.18109948},"sentiment_std":{"0":0.4576965873,"1":null,"2":0.7302967433,"3":0.5477225575,"4":0.8056815792,"5":0.0,"6":0.6659001276,"7":0.6269602766,"8":0.6694543244,"9":0.6591265597,"10":0.6790943333,"11":0.5920934999,"12":null,"13":0.7527726527,"14":0.6790943333,"15":0.0,"16":0.730636487,"17":0.5163977795,"18":0.0,"19":0.4939319178,"20":0.5345224838,"21":0.5163977795,"22":0.7071067812},"sentiment_pv":{"0":0.3503051529,"1":null,"2":0.2434814648,"3":0.1976235008,"4":0.0172698002,"5":8.66573678e-120,"6":0.0032660724,"7":0.6847846265,"8":0.0152049324,"9":0.0011614196,"10":0.4982059911,"11":0.6144885781,"12":null,"13":0.2619201429,"14":0.4982059911,"15":8.66573678e-120,"16":0.0728903088,"17":0.6199660351,"18":8.66573678e-120,"19":0.1740550641,"20":0.1848786174,"21":0.6199660351,"22":0.2146002227},"main_pv":{"0":0.9904106433,"1":null,"2":0.9089309523,"3":0.7916264515,"4":0.1608457354,"5":0.3878986772,"6":0.1352918869,"7":0.0002634021,"8":0.0000010309,"9":0.0004507112,"10":0.0000405309,"11":0.3281440733,"12":null,"13":0.0850649291,"14":0.0000405309,"15":0.0553180955,"16":0.0100334012,"17":0.3878986772,"18":0.5138994718,"19":0.0000101425,"20":0.6969266009,"21":0.2158145194,"22":0.0106802949},"count":{"0":23,"1":1,"2":16,"3":5,"4":19,"5":4,"6":1410,"7":192,"8":805,"9":141,"10":1157,"11":30,"12":1,"13":6,"14":1157,"15":2,"16":88,"17":6,"18":2,"19":109,"20":8,"21":6,"22":17},"nb_en":{"0":23,"1":1,"2":16,"3":5,"4":19,"5":4,"6":1410,"7":192,"8":805,"9":141,"10":1157,"11":30,"12":1,"13":6,"14":1157,"15":2,"16":88,"17":6,"18":2,"19":109,"20":8,"21":6,"22":17},"nb_de":{"0":0,"1":0,"2":0,"3":0,"4":0,"5":0,"6":0,"7":0,"8":0,"9":0,"10":0,"11":0,"12":0,"13":0,"14":0,"15":0,"16":0,"17":0,"18":0,"19":0,"20":0,"21":0,"22":0}}