{"canton":{"0":"SG","1":"AR","2":"JU","3":"VS","4":"SZ","5":"AG","6":"TG","7":"ZH","8":"BE","9":"GE","10":"BS","11":"GL","12":"LU","13":"OW","14":"GR","15":"ZG","16":"VD","17":"SH","18":"BL","19":"TI","20":"SO","21":"NE","22":"FR"},"main_mean":{"0":-0.0374993229,"1":-0.0999995,"2":-0.4444395062,"3":-0.011639476,"4":-0.0909082645,"5":0.0209521324,"6":0.0,"7":-0.0289655204,"8":-0.0820046753,"9":-0.0115785731,"10":0.0197826618,"11":-0.0037877683,"12":0.0317020566,"13":0.0,"14":0.0,"15":-0.0037877683,"16":-0.0041438296,"17":-0.0811957667,"18":0.0,"19":-0.0335405997,"20":-0.0208329861,"21":-0.1587257749,"22":0.0561082961},"sentiment_mean":{"0":0.1,"1":0.5,"2":-1.0,"3":0.0,"4":0.0,"5":0.2,"6":0.0,"7":0.2355040143,"8":0.1306532663,"9":0.1550925926,"10":0.2415458937,"11":0.0,"12":0.375,"13":0.0,"14":0.0,"15":0.0,"16":0.2535211268,"17":0.5,"18":0.0,"19":0.112244898,"20":-0.25,"21":-0.6666666667,"22":0.5},"main_std":{"0":0.1671839586,"1":0.1414206491,"2":null,"3":0.1436073533,"4":null,"5":0.0476818703,"6":null,"7":0.191476302,"8":0.2516113553,"9":0.1830450749,"10":0.2081735411,"11":0.102830968,"12":0.119490715,"13":null,"14":0.0,"15":0.102830968,"16":0.1776293172,"17":0.1380002911,"18":0.0,"19":0.2192240456,"20":0.058924583,"21":0.1672268959,"22":0.1924509623},"sentiment_std":{"0":0.7378647874,"1":0.7071067812,"2":null,"3":0.5,"4":null,"5":0.632455532,"6":null,"7":0.7057334965,"8":0.6459001044,"9":0.7214778131,"10":0.6382724915,"11":0.632455532,"12":0.6599120176,"13":null,"14":0.0,"15":0.632455532,"16":0.6484775546,"17":0.5477225575,"18":1.4142135624,"19":0.5899965588,"20":0.4629100499,"21":0.5773502692,"22":0.5270462767},"sentiment_pv":{"0":0.6949497777,"1":0.6509389924,"2":null,"3":0.2775367978,"4":null,"5":0.9792101979,"6":null,"7":0.1019530971,"8":0.1812264646,"9":0.157669748,"10":0.3123878491,"11":0.3323821361,"12":0.1344127185,"13":null,"14":5.000089806e-46,"15":0.3323821361,"16":0.4533202883,"17":0.2306009679,"18":0.8776260461,"19":0.1802970671,"20":0.0299179802,"21":0.1225605277,"22":0.1006596784},"main_pv":{"0":0.7760983153,"1":0.5780867453,"2":null,"3":0.8349780297,"4":null,"5":0.0197953022,"6":null,"7":0.3068223626,"8":0.0011560953,"9":0.1533633382,"10":0.0056551581,"11":0.5729852154,"12":0.0175023802,"13":null,"14":0.0000000057,"15":0.5729852154,"16":0.407807548,"17":0.3418442077,"18":0.0000000057,"19":0.6075661116,"20":0.9585871182,"21":0.2922524779,"22":0.232146616},"count":{"0":10,"1":2,"2":1,"3":9,"4":1,"5":10,"6":1,"7":1121,"8":199,"9":864,"10":207,"11":11,"12":32,"13":1,"14":4,"15":11,"16":71,"17":6,"18":2,"19":98,"20":8,"21":3,"22":10},"nb_en":{"0":10,"1":2,"2":1,"3":9,"4":1,"5":10,"6":1,"7":1121,"8":199,"9":864,"10":207,"11":11,"12":32,"13":1,"14":4,"15":11,"16":71,"17":6,"18":2,"19":98,"20":8,"21":3,"22":10},"nb_de":{"0":0,"1":0,"2":0,"3":0,"4":0,"5":0,"6":0,"7":0,"8":0,"9":0,"10":0,"11":0,"12":0,"13":0,"14":0,"15":0,"16":0,"17":0,"18":0,"19":0,"20":0,"21":0,"22":0}}