{"canton":{"0":"NE","1":"GE","2":"GL","3":"BE","4":"SZ","5":"TG","6":"UR","7":"FR","8":"BS","9":"BL","10":"ZH","11":"OW","12":"VD","13":"SG","14":"GR","15":"ZG","16":"AR","17":"LU","18":"TI","19":"JU","20":"AG","21":"SH","22":"VS","23":"AI","24":"SO","25":"NW"},"main_mean":{"0":-0.0257986042,"1":-0.0048413127,"2":0.026010149,"3":-0.0057721852,"4":-0.0499268567,"5":0.0149203273,"6":-0.0106449058,"7":-0.0026141626,"8":0.0000273784,"9":0.0162157206,"10":-0.0006343265,"11":-0.0005333274,"12":-0.0037220693,"13":0.0294915058,"14":-0.0025998533,"15":0.0287120721,"16":0.0298604853,"17":0.0115985966,"18":-0.0890724112,"19":0.0397907265,"20":0.0217284185,"21":0.0167611626,"22":0.0029438963,"23":0.0,"24":0.0091423928,"25":0.0},"sentiment_mean":{"0":-0.064516129,"1":0.0998509687,"2":0.0909090909,"3":0.0886203424,"4":0.2,"5":0.25,"6":0.0,"7":-0.0093457944,"8":0.0484764543,"9":0.0,"10":0.1220454545,"11":0.0,"12":0.0623818526,"13":0.0852713178,"14":0.1111111111,"15":0.1,"16":0.75,"17":0.1082251082,"18":-0.0652173913,"19":0.0,"20":0.0114942529,"21":0.0833333333,"22":0.012987013,"23":0.0,"24":0.0555555556,"25":0.0},"main_std":{"0":0.234099899,"1":0.1815215979,"2":0.1247299544,"3":0.1409962333,"4":0.1118432334,"5":0.0733276859,"6":0.0311458911,"7":0.1328683408,"8":0.1079762679,"9":0.139487982,"10":0.1463929408,"11":null,"12":0.1546274506,"13":0.1817154384,"14":0.0838002526,"15":0.1308073453,"16":0.1507120648,"17":0.1338699032,"18":0.2249723263,"19":0.0995104258,"20":0.198963737,"21":0.0903376209,"22":0.1310438969,"23":null,"24":0.1421086523,"25":0.0},"sentiment_std":{"0":0.2497310381,"1":0.4827397044,"2":0.526361356,"3":0.3622863801,"4":0.4472135955,"5":0.4472135955,"6":0.0,"7":0.2568064796,"8":0.3519380148,"9":0.316227766,"10":0.4879688199,"11":null,"12":0.3452639495,"13":0.3314505938,"14":0.3172206343,"15":0.5525062515,"16":0.5,"17":0.3972425187,"18":0.6185280589,"19":0.0,"20":0.3232916774,"21":0.2803059553,"22":0.3438752257,"23":null,"24":0.3019850469,"25":0.0},"sentiment_pv":{"0":0.0011325206,"1":0.8122814623,"2":0.9544645416,"3":0.4765039462,"4":0.6350354588,"5":0.1926767393,"6":5.490207443e-104,"7":0.0000473039,"8":0.000425673,"9":0.1742081897,"10":0.0041524589,"11":null,"12":0.0256644234,"13":0.6818524316,"14":0.753236788,"15":0.9834319129,"16":0.0796336522,"17":0.6833760168,"18":0.0025150892,"19":5.490207443e-104,"20":0.0158990799,"21":0.7661319864,"22":0.0354588258,"23":null,"24":0.3158885497,"25":5.490207443e-104},"main_pv":{"0":0.5832823278,"1":0.5342748717,"2":0.2971012851,"3":0.4844479545,"4":0.3965156934,"5":0.3593719158,"6":0.4320860851,"7":0.9908558,"8":0.5621261746,"9":0.546774826,"10":0.4950821592,"11":null,"12":0.8554482393,"13":0.0488643092,"14":0.9907304803,"15":0.3003845899,"16":0.6969146525,"17":0.1169525135,"18":0.0000137932,"19":0.3962545511,"20":0.2610366266,"21":0.2121291855,"22":0.7195653111,"23":null,"24":0.5520994278,"25":0.1065362094},"count":{"0":31,"1":2684,"2":22,"3":993,"4":5,"5":16,"6":10,"7":107,"8":722,"9":21,"10":4400,"11":1,"12":529,"13":129,"14":54,"15":20,"16":4,"17":231,"18":138,"19":5,"20":87,"21":36,"22":77,"23":1,"24":54,"25":3},"nb_en":{"0":7,"1":1162,"2":12,"3":247,"4":2,"5":7,"6":0,"7":19,"8":165,"9":1,"10":1842,"11":0,"12":142,"13":14,"14":7,"15":12,"16":3,"17":46,"18":126,"19":1,"20":13,"21":5,"22":21,"23":0,"24":5,"25":0},"nb_de":{"0":1,"1":11,"2":8,"3":703,"4":3,"5":8,"6":10,"7":38,"8":546,"9":20,"10":2446,"11":1,"12":22,"13":114,"14":47,"15":6,"16":1,"17":184,"18":6,"19":0,"20":73,"21":31,"22":38,"23":1,"24":49,"25":3}}