{"canton":{"0":"UR","1":"NW","2":"BE","3":"BL","4":"TI","5":"TG","6":"VD","7":"GR","8":"SG","9":"JU","10":"SH","11":"OW","12":"AG","13":"GE","14":"BS","15":"FR","16":"AR","17":"GL","18":"ZH","19":"SO","20":"NE","21":"LU","22":"AI","23":"VS","24":"SZ"},"main_mean":{"0":0.0059499184,"1":0.0010999632,"2":0.0052019421,"3":0.013789619,"4":-0.0129882443,"5":0.006252243,"6":0.032342761,"7":-0.0020110087,"8":0.0366174933,"9":0.0109248187,"10":0.0147066767,"11":0.0083298858,"12":0.0087504682,"13":0.0092350175,"14":0.0026026678,"15":0.010378837,"16":-0.0074559919,"17":-0.0496278625,"18":0.0065431252,"19":0.0413178006,"20":0.0194158564,"21":0.0088879486,"22":0.0243179607,"23":0.0200390277,"24":0.0},"sentiment_mean":{"0":0.0,"1":0.0,"2":0.0917622523,"3":0.0169491525,"4":0.1428571429,"5":0.0,"6":0.068907563,"7":0.0338983051,"8":0.1282051282,"9":0.0,"10":0.1044776119,"11":0.0,"12":0.052173913,"13":0.0653594771,"14":0.0355191257,"15":0.0281690141,"16":0.0,"17":0.0,"18":0.1233155352,"19":0.140625,"20":0.1153846154,"21":0.0625,"22":0.0,"23":0.0,"24":0.0},"main_std":{"0":0.0099817996,"1":0.0203314882,"2":0.0975426459,"3":0.0639861717,"4":0.1716391826,"5":0.0448028045,"6":0.1594525986,"7":0.0587460526,"8":0.1140464959,"9":0.0664617435,"10":0.0788985254,"11":0.011165725,"12":0.1098930208,"13":0.1546180186,"14":0.1003948372,"15":0.1761254996,"16":0.0550279201,"17":null,"18":0.1320476842,"19":0.1551705301,"20":0.1095147225,"21":0.0878282371,"22":null,"23":0.1086111853,"24":0.0},"sentiment_std":{"0":0.0,"1":0.0,"2":0.3902851078,"3":0.130188911,"4":0.5372706895,"5":0.0,"6":0.3673886141,"7":0.260377822,"8":0.3541085804,"9":0.0,"10":0.3539529312,"11":0.0,"12":0.2915018059,"13":0.4918133202,"14":0.3074018539,"15":0.3561747514,"16":0.0,"17":null,"18":0.498520692,"19":0.3503824441,"20":0.4708709558,"21":0.3406925719,"22":null,"23":0.2886751346,"24":0.0},"sentiment_pv":{"0":1.453738612e-84,"1":1.453738612e-84,"2":0.8734546805,"3":0.0000993561,"4":0.330793802,"5":1.453738612e-84,"6":0.1883427334,"7":0.1084665492,"8":0.1809868825,"9":1.453738612e-84,"10":0.7337665346,"11":1.453738612e-84,"12":0.1767192519,"13":0.0229365549,"14":0.0000109588,"15":0.0438742574,"16":1.453738612e-84,"17":null,"18":0.0002379231,"19":0.2510862307,"20":0.6955749123,"21":0.2996439434,"22":null,"23":0.0103944148,"24":1.453738612e-84},"main_pv":{"0":0.4419612244,"1":0.3776033928,"2":0.2435519897,"3":0.5883782289,"4":0.2050340429,"5":0.8324636329,"6":0.0005597989,"7":0.1539530317,"8":0.0034242754,"9":0.9435706925,"10":0.5732784613,"11":0.8737417029,"12":0.9654929854,"13":0.9912316339,"14":0.0950791741,"15":0.936724856,"16":0.4544607857,"17":null,"18":0.2880850114,"19":0.1034696274,"20":0.5057461837,"21":0.9633777694,"22":null,"23":0.3991698525,"24":0.0},"count":{"0":7,"1":6,"2":959,"3":59,"4":98,"5":11,"6":595,"7":59,"8":156,"9":8,"10":67,"11":5,"12":115,"13":2601,"14":732,"15":142,"16":7,"17":1,"18":3933,"19":64,"20":52,"21":176,"22":1,"23":73,"24":3},"nb_en":{"0":0,"1":1,"2":267,"3":3,"4":90,"5":2,"6":134,"7":7,"8":19,"9":2,"10":12,"11":0,"12":18,"13":1152,"14":144,"15":18,"16":1,"17":0,"18":1784,"19":6,"20":19,"21":38,"22":0,"23":11,"24":0},"nb_de":{"0":7,"1":5,"2":634,"3":56,"4":6,"5":9,"6":10,"7":52,"8":137,"9":0,"10":55,"11":5,"12":96,"13":11,"14":569,"15":12,"16":6,"17":1,"18":2061,"19":58,"20":7,"21":137,"22":1,"23":50,"24":3},"nb_fr":{"0":0,"1":0,"2":58,"3":0,"4":2,"5":0,"6":451,"7":0,"8":0,"9":6,"10":0,"11":0,"12":1,"13":1438,"14":19,"15":112,"16":0,"17":0,"18":88,"19":0,"20":26,"21":1,"22":0,"23":12,"24":0}}