{"canton":{"0":"SG","1":"GR","2":"GL","3":"JU","4":"VS","5":"UR","6":"AG","7":"VD","8":"ZH","9":"TG","10":"BE","11":"GE","12":"BS","13":"TI","14":"SO","15":"LU","16":"SH","17":"NE","18":"ZG","19":"FR"},"main_mean":{"0":0.0981929159,"1":0.1111098766,"2":0.022656297,"3":-0.0252518748,"4":0.0634911162,"5":-0.0909082645,"6":0.009595858,"7":-0.0050941831,"8":0.0076898706,"9":-0.1666648148,"10":0.0071599375,"11":-0.006282366,"12":0.0099863137,"13":-0.0103451329,"14":0.0,"15":0.0642398913,"16":0.00694443,"17":-0.0265149515,"18":0.022656297,"19":-0.0287757806},"sentiment_mean":{"0":0.4444444444,"1":1.0,"2":0.2311233886,"3":0.0,"4":0.2,"5":1.0,"6":0.2727272727,"7":0.0879120879,"8":0.2753623188,"9":0.0,"10":0.2383419689,"11":0.2448979592,"12":0.1194968553,"13":0.141025641,"14":0.0,"15":0.4390243902,"16":0.1666666667,"17":0.2,"18":0.2311233886,"19":0.2083333333},"main_std":{"0":0.1707041574,"1":null,"2":0.2075006237,"3":0.1306296155,"4":0.1246042027,"5":null,"6":0.0311061423,"7":0.1831210565,"8":0.175995926,"9":0.2356996415,"10":0.2013612457,"11":0.1750629642,"12":0.2031261459,"13":0.1578641893,"14":0.0,"15":0.1490631345,"16":0.0667529516,"17":0.152770623,"18":0.2075006237,"19":0.1330938471},"sentiment_std":{"0":0.8819171037,"1":null,"2":0.6808696184,"3":1.0,"4":0.8366600265,"5":null,"6":0.6310850959,"7":0.6935953295,"8":0.6849633122,"9":0.0,"10":0.6415974101,"11":0.7021942714,"12":0.6595431855,"13":0.6184261334,"14":0.0,"15":0.5936657514,"16":0.7527726527,"17":0.632455532,"18":0.6808696184,"19":0.5882299659},"sentiment_pv":{"0":0.5004176631,"1":null,"2":0.8020195554,"3":0.7213736413,"4":0.9262162503,"5":null,"6":0.7931329137,"7":0.0452578772,"8":0.1130049859,"9":3.745208047e-114,"10":0.9756067354,"11":0.7735947035,"12":0.0289041124,"13":0.1792240175,"14":3.745208047e-114,"15":0.0360860819,"16":0.8283678698,"17":0.8578921226,"18":0.8020195554,"19":0.8147071198},"main_pv":{"0":0.1707337234,"1":null,"2":0.141867233,"3":0.6665085106,"4":0.412152475,"5":null,"6":0.691708929,"7":0.3672919899,"8":0.4496774914,"9":0.4769828734,"10":0.7187063926,"11":0.0080047854,"12":0.8786160691,"13":0.2108045179,"14":0.0000134844,"15":0.0329890632,"16":0.8474587942,"17":0.4409067636,"18":0.141867233,"19":0.1442360067},"count":{"0":9,"1":1,"2":1086,"3":3,"4":5,"5":1,"6":22,"7":91,"8":966,"9":2,"10":193,"11":735,"12":159,"13":78,"14":3,"15":41,"16":6,"17":10,"18":1086,"19":24},"nb_en":{"0":9,"1":1,"2":1086,"3":3,"4":5,"5":1,"6":22,"7":91,"8":966,"9":2,"10":193,"11":735,"12":159,"13":78,"14":3,"15":41,"16":6,"17":10,"18":1086,"19":24},"nb_de":{"0":0,"1":0,"2":0,"3":0,"4":0,"5":0,"6":0,"7":0,"8":0,"9":0,"10":0,"11":0,"12":0,"13":0,"14":0,"15":0,"16":0,"17":0,"18":0,"19":0}}