{"canton":{"0":"UR","1":"NW","2":"BE","3":"ZG","4":"BL","5":"TI","6":"TG","7":"VD","8":"SG","9":"JU","10":"SH","11":"OW","12":"AG","13":"GE","14":"BS","15":"FR","16":"SO","17":"AR","18":"GL","19":"ZH","20":"VS","21":"NE","22":"LU","23":"AI","24":"GR","25":"SZ"},"main_mean":{"0":-0.0399992,"1":0.0,"2":0.0216279326,"3":0.0212198449,"4":0.0145103907,"5":-0.0063032426,"6":0.0002666613,"7":0.0020359864,"8":0.0010952896,"9":-0.0702136745,"10":-0.0089307829,"11":0.0,"12":0.0302698666,"13":-0.014892799,"14":-0.0020254954,"15":0.0032225198,"16":0.0259389436,"17":0.3371566284,"18":0.0212114808,"19":0.0072918182,"20":-0.0152834251,"21":-0.0310206967,"22":0.0022182844,"23":0.0,"24":0.0337473054,"25":0.0618503962},"sentiment_mean":{"0":0.0,"1":0.0,"2":0.121922626,"3":0.1344637224,"4":0.0142857143,"5":0.1296296296,"6":0.0,"7":0.0639386189,"8":0.0753424658,"9":0.0,"10":0.0,"11":0.0,"12":0.0992907801,"13":0.0989238411,"14":0.062005277,"15":0.0175438596,"16":0.0512820513,"17":1.0,"18":0.1344107213,"19":0.1496577474,"20":0.0444444444,"21":0.1212121212,"22":0.0355329949,"23":0.0,"24":0.0,"25":0.2},"main_std":{"0":0.0894409303,"1":0.0,"2":0.1926782801,"3":0.1839726213,"4":0.05434549,"5":0.1711997628,"6":0.000461871,"7":0.1631188626,"8":0.0667351152,"9":0.2678450331,"10":0.0692796475,"11":null,"12":0.1383133206,"13":0.1931198964,"14":0.1123194485,"15":0.1495631714,"16":0.1376339018,"17":null,"18":0.183936828,"19":0.1638507228,"20":0.0789985208,"21":0.1799217467,"22":0.1260953996,"23":null,"24":0.1847983576,"25":0.2013368423},"sentiment_std":{"0":0.7071067812,"1":0.0,"2":0.4404970076,"3":0.4997624172,"4":0.1195228609,"5":0.5132377087,"6":0.0,"7":0.3769021315,"8":0.2897232077,"9":0.0,"10":0.0,"11":null,"12":0.30011818,"13":0.4760766167,"14":0.436277262,"15":0.1316717939,"16":0.223455865,"17":null,"18":0.4996710053,"19":0.5091795465,"20":0.4240259188,"21":0.5452966943,"22":0.3253825773,"23":null,"24":0.2626128657,"25":0.5606119106},"sentiment_pv":{"0":0.7253683112,"1":4.005915542e-183,"2":0.8618443191,"3":0.1548836577,"4":0.0000000005,"5":0.8337474433,"6":4.005915542e-183,"7":0.004792703,"8":0.0732766292,"9":4.005915542e-183,"10":4.005915542e-183,"11":null,"12":0.4379100773,"13":0.0536420405,"14":0.000496137,"15":7.483951515e-18,"16":0.0667508671,"17":null,"18":0.1561867793,"19":0.0020222052,"20":0.2441847463,"21":0.9832629868,"22":0.0004679399,"23":null,"24":0.019218939,"25":0.5856687885},"main_pv":{"0":0.2909943546,"1":0.0000000071,"2":0.0550286764,"3":0.0014376857,"4":0.3807532193,"5":0.3684644627,"6":0.0000000373,"7":0.4316062812,"8":0.1893105642,"9":0.3298128872,"10":0.1709850528,"11":null,"12":0.0674721593,"13":0.0000000234,"14":0.0142850054,"15":0.6394617239,"16":0.4382292813,"17":null,"18":0.0014428908,"19":0.6795753613,"20":0.0498487665,"21":0.2150705697,"22":0.4818392666,"23":null,"24":0.463092889,"25":0.3235197142},"count":{"0":5,"1":4,"2":853,"3":2536,"4":70,"5":108,"6":3,"7":391,"8":146,"9":12,"10":31,"11":1,"12":141,"13":2416,"14":758,"15":171,"16":39,"17":1,"18":2537,"19":3214,"20":45,"21":33,"22":197,"23":1,"24":30,"25":15},"nb_en":{"0":2,"1":0,"2":254,"3":1246,"4":6,"5":89,"6":1,"7":81,"8":15,"9":3,"10":2,"11":0,"12":17,"13":949,"14":308,"15":10,"16":4,"17":0,"18":1246,"19":1477,"20":16,"21":16,"22":41,"23":0,"24":2,"25":7},"nb_de":{"0":3,"1":4,"2":579,"3":486,"4":63,"5":8,"6":2,"7":6,"8":130,"9":0,"10":29,"11":1,"12":122,"13":37,"14":435,"15":95,"16":35,"17":1,"18":487,"19":1688,"20":23,"21":4,"22":155,"23":1,"24":28,"25":8},"nb_fr":{"0":0,"1":0,"2":20,"3":804,"4":1,"5":11,"6":0,"7":304,"8":1,"9":9,"10":0,"11":0,"12":2,"13":1430,"14":15,"15":66,"16":0,"17":0,"18":804,"19":49,"20":6,"21":13,"22":1,"23":0,"24":0,"25":0}}