{"canton":{"0":"NE","1":"GE","2":"TG","3":"BE","4":"SZ","5":"GL","6":"UR","7":"FR","8":"BS","9":"BL","10":"ZH","11":"OW","12":"VD","13":"SG","14":"GR","15":"AR","16":"LU","17":"TI","18":"JU","19":"AG","20":"SH","21":"VS","22":"AI","23":"SO","24":"NW"},"main_mean":{"0":0.0371681064,"1":0.0091774167,"2":0.0391788569,"3":0.0071822577,"4":0.017584921,"5":-0.0557534982,"6":-0.002804972,"7":0.0167540776,"8":0.0126822126,"9":0.0017899685,"10":0.0110339339,"11":-0.0084149159,"12":0.0242443689,"13":0.0444482479,"14":-0.011651528,"15":0.0146921947,"16":0.0238703197,"17":-0.0252278368,"18":-0.0312022523,"19":0.0043003464,"20":-0.0044452673,"21":0.0172637839,"22":0.300396996,"23":0.0268382459,"24":0.0166338337},"sentiment_mean":{"0":0.1176470588,"1":0.0770276393,"2":0.2857142857,"3":0.071884984,"4":0.0,"5":0.0,"6":0.0,"7":0.0531914894,"8":0.0765832106,"9":0.0,"10":0.1432706223,"11":0.0,"12":0.0625,"13":0.1388888889,"14":0.0857142857,"15":0.0,"16":0.1007751938,"17":0.1052631579,"18":0.0,"19":0.0198019802,"20":-0.0416666667,"21":0.06,"22":1.0,"23":0.1,"24":0.2},"main_std":{"0":0.0765621207,"1":0.1582588203,"2":0.0617161669,"3":0.1308991922,"4":0.0256309211,"5":0.0793616081,"6":0.00687075,"7":0.1041736441,"8":0.1267456983,"9":0.0345381173,"10":0.1450123047,"11":0.0119004881,"12":0.1391470216,"13":0.1384013526,"14":0.080338888,"15":null,"16":0.1363750295,"17":0.1493398925,"18":0.1775064252,"19":0.1120966164,"20":0.0275042307,"21":0.0776753666,"22":null,"23":0.0892076871,"24":0.0471689016},"sentiment_std":{"0":0.4776651472,"1":0.4551036771,"2":0.4879500365,"3":0.4190755077,"4":0.0,"5":0.0,"6":0.0,"7":0.3397349149,"8":0.3991467172,"9":0.0,"10":0.4994621912,"11":0.0,"12":0.3714768492,"13":0.3976175153,"14":0.3734913631,"15":null,"16":0.3270359604,"17":0.5354195851,"18":0.0,"19":0.3458380552,"20":0.3586407512,"21":0.3136356914,"22":null,"23":0.3051285766,"24":0.4472135955},"sentiment_pv":{"0":0.839036604,"1":0.0310714851,"2":0.3549651558,"3":0.0996928539,"4":5.764250116e-79,"5":5.764250116e-79,"6":5.764250116e-79,"7":0.1818905795,"8":0.1348310026,"9":5.764250116e-79,"10":0.0000971529,"11":5.764250116e-79,"12":0.0816306285,"13":0.3267468719,"14":0.8126933726,"15":null,"16":0.9981968834,"17":0.9363082197,"18":5.764250116e-79,"19":0.0218568055,"20":0.0644081935,"21":0.3649132548,"22":null,"23":0.9881036626,"24":0.6461228246},"main_pv":{"0":0.056601197,"1":0.6190356695,"2":0.2738830611,"3":0.4818083845,"4":0.5294004207,"5":0.4446757662,"6":0.002071776,"7":0.6009107108,"8":0.7506729401,"9":0.1037554699,"10":0.9966649192,"11":0.2492444467,"12":0.1065079257,"13":0.0143220004,"14":0.1060403771,"15":null,"16":0.2920911373,"17":0.0206274327,"18":0.3724943897,"19":0.5509865805,"20":0.0134006435,"21":0.578282987,"22":null,"23":0.3426209755,"24":0.8046690883},"count":{"0":34,"1":2207,"2":7,"3":626,"4":7,"5":2,"6":6,"7":94,"8":679,"9":42,"10":2764,"11":2,"12":304,"13":108,"14":35,"15":1,"16":129,"17":95,"18":15,"19":101,"20":24,"21":50,"22":1,"23":30,"24":5},"nb_en":{"0":15,"1":915,"2":2,"3":233,"4":1,"5":0,"6":1,"7":26,"8":199,"9":1,"10":1364,"11":0,"12":89,"13":19,"14":8,"15":0,"16":38,"17":88,"18":3,"19":17,"20":6,"21":14,"22":0,"23":3,"24":2},"nb_de":{"0":6,"1":11,"2":5,"3":376,"4":6,"5":2,"6":5,"7":8,"8":462,"9":41,"10":1330,"11":2,"12":4,"13":89,"14":27,"15":1,"16":90,"17":4,"18":0,"19":83,"20":18,"21":24,"22":1,"23":27,"24":3}}