{"canton":{"0":"VD","1":"SG","2":"UR","3":"VS","4":"JU","5":"AG","6":"TG","7":"ZH","8":"SH","9":"SO","10":"BE","11":"BL","12":"GE","13":"BS","14":"TI","15":"SZ","16":"LU","17":"GR","18":"NE","19":"FR"},"main_mean":{"0":0.0218127828,"1":-0.0343067723,"2":0.0,"3":0.0046442159,"4":0.0,"5":0.0183713351,"6":0.0,"7":0.0095055269,"8":0.0,"9":0.0,"10":0.0041542694,"11":-0.0303027548,"12":0.0016429209,"13":0.0105239403,"14":-0.0174755285,"15":0.0312498047,"16":-0.0268190204,"17":0.1666611113,"18":0.0138110952,"19":-0.0585155535},"sentiment_mean":{"0":0.1621621622,"1":0.05,"2":1.0,"3":0.2608695652,"4":0.0,"5":0.25,"6":0.0,"7":0.2327690447,"8":0.3333333333,"9":0.0,"10":0.1135371179,"11":0.0,"12":0.1543498597,"13":0.1130952381,"14":0.0970873786,"15":0.5,"16":0.0,"17":0.0,"18":0.2727272727,"19":0.24},"main_std":{"0":0.1473891545,"1":0.1426255479,"2":null,"3":0.1948866032,"4":null,"5":0.2959738211,"6":null,"7":0.1678192848,"8":0.0,"9":0.0,"10":0.1520238187,"11":0.052485911,"12":0.1712291161,"13":0.1922515848,"14":0.1361948209,"15":0.0441938976,"16":0.1547519726,"17":0.2356944039,"18":0.0628037166,"19":0.1744188614},"sentiment_std":{"0":0.6111173156,"1":0.6048053188,"2":null,"3":0.7518094116,"4":null,"5":0.6756639247,"6":null,"7":0.6848918019,"8":0.5163977795,"9":0.0,"10":0.6657275236,"11":0.0,"12":0.6880005996,"13":0.6958008804,"14":0.5690474171,"15":0.7071067812,"16":0.5345224838,"17":1.4142135624,"18":0.4670993665,"19":0.5228129047},"sentiment_pv":{"0":0.697922163,"1":0.3316403985,"2":null,"3":0.6347609135,"4":null,"5":0.6437814905,"6":null,"7":0.0194022143,"8":0.5139437029,"9":5.793637645e-57,"10":0.1162815716,"11":5.793637645e-57,"12":0.198347825,"13":0.1908086238,"14":0.1266164117,"15":0.6422365756,"16":0.0190115335,"17":0.8834424373,"18":0.5491354384,"19":0.6068061042},"main_pv":{"0":0.2477225582,"1":0.2317128623,"2":null,"3":0.9886416039,"4":null,"5":0.8299096748,"6":null,"7":0.3936305323,"8":0.0658003128,"9":0.0658003128,"10":0.9179589517,"11":0.3615882857,"12":0.5471754552,"13":0.726381825,"14":0.1006811894,"15":0.5574351745,"16":0.1525972346,"17":0.5101199616,"18":0.6632196438,"19":0.0808778066},"count":{"0":111,"1":20,"2":1,"3":23,"4":1,"5":24,"6":1,"7":1654,"8":6,"9":2,"10":229,"11":3,"12":1069,"13":168,"14":103,"15":2,"16":50,"17":2,"18":11,"19":25},"nb_en":{"0":111,"1":20,"2":1,"3":23,"4":1,"5":24,"6":1,"7":1654,"8":6,"9":2,"10":229,"11":3,"12":1069,"13":168,"14":103,"15":2,"16":50,"17":2,"18":11,"19":25},"nb_de":{"0":0,"1":0,"2":0,"3":0,"4":0,"5":0,"6":0,"7":0,"8":0,"9":0,"10":0,"11":0,"12":0,"13":0,"14":0,"15":0,"16":0,"17":0,"18":0,"19":0}}