{"canton":{"0":"SG","1":"JU","2":"VS","3":"SZ","4":"AG","5":"TG","6":"ZH","7":"BE","8":"GE","9":"BS","10":"GL","11":"LU","12":"GR","13":"ZG","14":"UR","15":"VD","16":"SH","17":"BL","18":"TI","19":"SO","20":"NE","21":"FR"},"main_mean":{"0":0.0719247423,"1":0.0,"2":-0.0353530446,"3":0.0,"4":0.0157356803,"5":0.0,"6":-0.006698565,"7":-0.0573235729,"8":-0.0180155566,"9":-0.0285805692,"10":0.0119902619,"11":-0.0562493148,"12":-0.0974351052,"13":0.0119902619,"14":-0.2874968299,"15":-0.0127035226,"16":-0.0138887731,"17":0.0357140306,"18":-0.0585961655,"19":0.0,"20":0.1560782379,"21":-0.0638919023},"sentiment_mean":{"0":0.5882352941,"1":-0.5,"2":-0.2727272727,"3":0.4,"4":0.0555555556,"5":1.0,"6":0.232078853,"7":0.1592039801,"8":0.2295988935,"9":0.1240310078,"10":0.1917938931,"11":-0.0454545455,"12":0.0,"13":0.1917938931,"14":-0.5,"15":0.2741935484,"16":-0.1666666667,"17":0.0,"18":0.130952381,"19":0.0,"20":0.4444444444,"21":-0.09375},"main_std":{"0":0.1788824653,"1":0.0,"2":0.1368822044,"3":0.0,"4":0.2629713147,"5":null,"6":0.1959610774,"7":0.2093888275,"8":0.2080490719,"9":0.2542538491,"10":0.21725239,"11":0.2311438223,"12":0.1477409351,"13":0.21725239,"14":0.1656405927,"15":0.1990168508,"16":0.0340204074,"17":0.0505072665,"18":0.2125573164,"19":0.0,"20":0.4070381157,"21":0.2389852592},"sentiment_std":{"0":0.5072996562,"1":0.7071067812,"2":0.4670993665,"3":0.5477225575,"4":0.5393048055,"5":null,"6":0.7016262832,"7":0.6815624426,"8":0.6921468706,"9":0.6124713251,"10":0.6731651474,"11":0.7222499717,"12":0.7071067812,"13":0.6731651474,"14":0.5477225575,"15":0.6051515144,"16":0.4082482905,"17":0.0,"18":0.6166321648,"19":0.0,"20":0.5270462767,"21":0.5880188169},"sentiment_pv":{"0":0.0061626919,"1":0.3948637822,"2":0.0073031205,"3":0.4598917644,"4":0.2734048536,"5":null,"6":0.1663256091,"7":0.409144302,"8":0.2816830076,"9":0.1693339629,"10":0.7282281857,"11":0.1267678633,"12":0.5618906647,"13":0.7282281857,"14":0.0259166474,"15":0.3409879565,"16":0.0792058412,"17":4.677926407e-84,"18":0.3141746692,"19":4.677926407e-84,"20":0.2017107035,"21":0.0084100366},"main_pv":{"0":0.0989166869,"1":0.1784914787,"2":0.4693230975,"3":0.1784914787,"4":0.7515021715,"5":null,"6":0.7115680901,"7":0.0005336136,"8":0.0993681486,"9":0.2834833912,"10":0.0287438659,"11":0.3040744651,"12":0.2313258077,"13":0.0287438659,"14":0.0085384706,"15":0.7406760971,"16":0.5252558395,"17":0.4633895836,"18":0.0225602816,"19":0.1784914787,"20":0.2713903614,"21":0.1689267314},"count":{"0":17,"1":2,"2":11,"3":5,"4":18,"5":1,"6":1116,"7":201,"8":723,"9":129,"10":1048,"11":22,"12":5,"13":1048,"14":6,"15":62,"16":6,"17":2,"18":84,"19":2,"20":9,"21":32},"nb_en":{"0":17,"1":2,"2":11,"3":5,"4":18,"5":1,"6":1116,"7":201,"8":723,"9":129,"10":1048,"11":22,"12":5,"13":1048,"14":6,"15":62,"16":6,"17":2,"18":84,"19":2,"20":9,"21":32},"nb_de":{"0":0,"1":0,"2":0,"3":0,"4":0,"5":0,"6":0,"7":0,"8":0,"9":0,"10":0,"11":0,"12":0,"13":0,"14":0,"15":0,"16":0,"17":0,"18":0,"19":0,"20":0,"21":0}}