{"canton":{"0":"NE","1":"GE","2":"GL","3":"BE","4":"SZ","5":"TG","6":"UR","7":"FR","8":"BS","9":"ZH","10":"SO","11":"VD","12":"OW","13":"SG","14":"GR","15":"ZG","16":"AR","17":"LU","18":"TI","19":"JU","20":"AG","21":"SH","22":"VS","23":"BL","24":"NW"},"main_mean":{"0":0.0286404668,"1":-0.0135866086,"2":0.0627057259,"3":-0.003567557,"4":0.0087590923,"5":0.0050155163,"6":-0.114521015,"7":0.0006657954,"8":-0.0135365833,"9":0.0000521467,"10":-0.0165000909,"11":-0.0073496516,"12":0.0005714204,"13":0.0291903191,"14":-0.0051583475,"15":0.0657778035,"16":0.1335720888,"17":-0.0021454166,"18":-0.0421290363,"19":-0.0310605003,"20":-0.0291412548,"21":0.0150600898,"22":-0.0038138052,"23":0.0235031934,"24":-0.0005999925},"sentiment_mean":{"0":0.2093023256,"1":0.0784106892,"2":0.2962962963,"3":0.0509049774,"4":0.1428571429,"5":0.0,"6":-0.0833333333,"7":0.0608108108,"8":0.0725593668,"9":0.1246397695,"10":-0.04,"11":0.0211800303,"12":0.0,"13":0.0760869565,"14":0.0697674419,"15":0.32,"16":0.6666666667,"17":0.0708661417,"18":0.1233766234,"19":0.0,"20":0.048,"21":0.0,"22":0.0714285714,"23":0.1071428571,"24":0.0},"main_std":{"0":0.1240562941,"1":0.1747883446,"2":0.1939752001,"3":0.1427648533,"4":0.0339413222,"5":0.0749724366,"6":0.1644149389,"7":0.1645058278,"8":0.129419931,"9":0.1465858516,"10":0.0973776927,"11":0.1622485088,"12":null,"13":0.1122827596,"14":0.1117870861,"15":0.2014446969,"16":0.4162098153,"17":0.1720944325,"18":0.2417711244,"19":0.1344750644,"20":0.1521190395,"21":0.1046000051,"22":0.0778015515,"23":0.1242058203,"24":0.0008485175},"sentiment_std":{"0":0.4658908279,"1":0.4816412965,"2":0.465321627,"3":0.3666586849,"4":0.377964473,"5":0.0,"6":0.5149286505,"7":0.2397944514,"8":0.3863750083,"9":0.4852649736,"10":0.2828427125,"11":0.3561228073,"12":null,"13":0.3391552418,"14":0.4020985923,"15":0.4760952286,"16":0.5773502692,"17":0.3369498705,"18":0.5753989475,"19":0.0,"20":0.2493863436,"21":0.1942571725,"22":0.2598700974,"23":0.4162696521,"24":0.0},"sentiment_pv":{"0":0.1036878927,"1":0.2134274675,"2":0.0302977853,"3":0.0023029245,"4":0.7287418231,"5":1.406241938e-92,"6":0.2660166512,"7":0.1380197535,"8":0.2123581337,"9":0.00011067,"10":0.0020438265,"11":0.000001918,"12":null,"13":0.678209354,"14":0.7325212564,"15":0.0242984272,"16":0.2262483507,"17":0.3539946152,"18":0.4869062193,"19":1.406241938e-92,"20":0.0612548616,"21":0.0012775667,"22":0.5798882704,"23":0.8383846632,"24":1.406241938e-92},"main_pv":{"0":0.0763847419,"1":0.03211557,"2":0.0780210211,"3":0.6533010144,"4":0.3007137233,"5":0.7377327076,"6":0.0428212018,"7":0.6337163005,"8":0.1194665431,"9":0.0317397539,"10":0.4449536973,"11":0.815273538,"12":null,"13":0.0038178012,"14":0.9687890601,"15":0.0883573793,"16":0.6204809182,"17":0.7356122373,"18":0.065161973,"19":0.6122318758,"20":0.0911187592,"21":0.1502461497,"22":0.8483828539,"23":0.2229781165,"24":0.0023832243},"count":{"0":43,"1":2844,"2":27,"3":884,"4":7,"5":6,"6":12,"7":148,"8":758,"9":4164,"10":50,"11":661,"12":1,"13":92,"14":43,"15":25,"16":3,"17":254,"18":154,"19":8,"20":125,"21":54,"22":56,"23":28,"24":2},"nb_en":{"0":19,"1":1264,"2":15,"3":222,"4":1,"5":2,"6":4,"7":25,"8":223,"9":1724,"10":4,"11":166,"12":0,"13":14,"14":6,"15":15,"16":1,"17":49,"18":138,"19":1,"20":22,"21":2,"22":13,"23":1,"24":1},"nb_de":{"0":1,"1":10,"2":8,"3":621,"4":6,"5":4,"6":8,"7":19,"8":525,"9":2326,"10":45,"11":14,"12":1,"13":77,"14":37,"15":6,"16":2,"17":203,"18":10,"19":0,"20":102,"21":52,"22":37,"23":27,"24":1}}