{"canton":{"0":"UR","1":"NW","2":"BE","3":"ZG","4":"BL","5":"TI","6":"TG","7":"VD","8":"SG","9":"JU","10":"SH","11":"OW","12":"AG","13":"GE","14":"BS","15":"FR","16":"SO","17":"AR","18":"GL","19":"ZH","20":"VS","21":"NE","22":"LU","23":"GR","24":"SZ"},"main_mean":{"0":-0.0471739056,"1":-0.0145090135,"2":-0.0096892642,"3":0.0213633338,"4":0.0063836356,"5":-0.0427466153,"6":0.0608122894,"7":0.0002186044,"8":0.0176402617,"9":-0.0225233965,"10":-0.0060582265,"11":-0.0170570487,"12":0.0137762353,"13":-0.0056238066,"14":-0.0065082623,"15":-0.0033317539,"16":0.0065052177,"17":0.1717100509,"18":0.0213633338,"19":0.0018011049,"20":-0.0071926667,"21":0.0106514406,"22":-0.0004486286,"23":0.0058864281,"24":0.0393599679},"sentiment_mean":{"0":0.0,"1":0.0,"2":0.0505376344,"3":0.1398040962,"4":0.0133333333,"5":0.1879699248,"6":0.1176470588,"7":0.0547945205,"8":0.0872483221,"9":-0.1666666667,"10":0.0416666667,"11":0.0,"12":0.0689655172,"13":0.0756736803,"14":0.0476190476,"15":0.0683760684,"16":0.0317460317,"17":0.3333333333,"18":0.1398040962,"19":0.1062753036,"20":0.0377358491,"21":0.21875,"22":0.06,"23":0.0666666667,"24":0.1666666667},"main_std":{"0":0.1065953419,"1":0.0102252058,"2":0.1408366309,"3":0.1926728426,"4":0.0402042038,"5":0.2249921666,"6":0.1263534036,"7":0.182264566,"8":0.1146311147,"9":0.0709995356,"10":0.1075270149,"11":0.0012508273,"12":0.0698753658,"13":0.1722088052,"14":0.1011465408,"15":0.1428026425,"16":0.0561742963,"17":0.4385017959,"18":0.1926728426,"19":0.1530467474,"20":0.0724823054,"21":0.1170379794,"22":0.1432812302,"23":0.1183935515,"24":0.0960196201},"sentiment_std":{"0":0.4264014327,"1":0.0,"2":0.3573384618,"3":0.5381240672,"4":0.1154700538,"5":0.6173056796,"6":0.3321055821,"7":0.357897394,"8":0.3843718271,"9":0.4082482905,"10":0.4104140791,"11":0.0,"12":0.2802571343,"13":0.5053213492,"14":0.3898806815,"15":0.2854668205,"16":0.1767314318,"17":0.5773502692,"18":0.5381240672,"19":0.481330617,"20":0.3903777338,"21":0.5526694748,"22":0.3564199432,"23":0.2515488743,"24":0.4082482905},"sentiment_pv":{"0":0.433652841,"1":1.37267514e-135,"2":0.0000669688,"3":0.0009771697,"4":0.0000000155,"5":0.1038821145,"6":0.8302603068,"7":0.0018900276,"8":0.6866947369,"9":0.1704299508,"10":0.3302236467,"11":1.37267514e-135,"12":0.1896775427,"13":0.0201662749,"14":0.000552584,"15":0.2373132232,"16":0.0035860751,"17":0.5565157259,"18":0.0009771697,"19":0.4728625778,"20":0.2515515107,"21":0.2340058374,"22":0.1178079502,"23":0.3112715772,"24":0.7060469478},"main_pv":{"0":0.1175033273,"1":0.0267584739,"2":0.0021780233,"3":0.0001596289,"4":0.7954106302,"5":0.0156842713,"6":0.0881815767,"7":0.4986016876,"8":0.1892678694,"9":0.3842890863,"10":0.4764938124,"11":0.0000000137,"12":0.1489216283,"13":0.0027543045,"14":0.0040001456,"15":0.52538558,"16":0.848649232,"17":0.5781491499,"18":0.0001596289,"19":0.2356943218,"20":0.2258065806,"21":0.7915389991,"22":0.5864047025,"23":0.9605208599,"24":0.422587283},"count":{"0":12,"1":4,"2":930,"3":2246,"4":75,"5":133,"6":17,"7":657,"8":149,"9":6,"10":48,"11":2,"12":145,"13":2709,"14":714,"15":117,"16":63,"17":3,"18":2246,"19":3952,"20":53,"21":32,"22":200,"23":60,"24":6},"nb_en":{"0":3,"1":0,"2":259,"3":1290,"4":2,"5":125,"6":2,"7":130,"8":14,"9":3,"10":6,"11":0,"12":15,"13":1245,"14":199,"15":17,"16":1,"17":1,"18":1290,"19":1585,"20":13,"21":15,"22":47,"23":9,"24":2},"nb_de":{"0":9,"1":4,"2":622,"3":278,"4":73,"5":4,"6":15,"7":10,"8":134,"9":0,"10":42,"11":2,"12":130,"13":8,"14":486,"15":33,"16":62,"17":2,"18":278,"19":2266,"20":34,"21":1,"22":151,"23":51,"24":4},"nb_fr":{"0":0,"1":0,"2":49,"3":678,"4":0,"5":4,"6":0,"7":517,"8":1,"9":3,"10":0,"11":0,"12":0,"13":1456,"14":29,"15":67,"16":0,"17":0,"18":678,"19":101,"20":6,"21":16,"22":2,"23":0,"24":0}}