{"canton":{"0":"NE","1":"GE","2":"GL","3":"BE","4":"SZ","5":"TG","6":"UR","7":"FR","8":"BS","9":"ZH","10":"SO","11":"VD","12":"OW","13":"SG","14":"GR","15":"ZG","16":"AR","17":"LU","18":"TI","19":"JU","20":"AG","21":"SH","22":"VS","23":"AI","24":"BL","25":"NW"},"main_mean":{"0":-0.014261372,"1":-0.0136727804,"2":0.0123469745,"3":-0.0129463486,"4":0.0103743669,"5":0.0095715842,"6":-0.0880482051,"7":-0.0150468077,"8":-0.0068401649,"9":0.0039390192,"10":-0.0094707068,"11":-0.0074573124,"12":0.0003555505,"13":0.0113510231,"14":-0.0384877368,"15":0.0123572723,"16":0.017436519,"17":0.0036688901,"18":-0.0965618342,"19":0.0662134156,"20":0.0335734996,"21":0.0007208977,"22":-0.0051596773,"23":0.0067020275,"24":0.0018017326,"25":0.0},"sentiment_mean":{"0":0.1276595745,"1":0.0858160622,"2":0.09875,"3":0.0442260442,"4":0.1818181818,"5":0.0,"6":-0.25,"7":0.0251572327,"8":0.0300261097,"9":0.1189448441,"10":-0.0178571429,"11":0.0726351351,"12":0.0,"13":0.0827586207,"14":-0.023255814,"15":0.0988323603,"16":0.0,"17":0.0636363636,"18":0.1160714286,"19":0.0,"20":0.0373831776,"21":0.0243902439,"22":0.0377358491,"23":0.0,"24":0.03125,"25":0.0},"main_std":{"0":0.1592927475,"1":0.1772175472,"2":0.2098920704,"3":0.1241055756,"4":0.0300087337,"5":0.0194971865,"6":0.1493244006,"7":0.1276347424,"8":0.1150865973,"9":0.1575507521,"10":0.065690089,"11":0.1658298883,"12":0.0003355428,"13":0.1092005016,"14":0.1199926789,"15":0.2099793135,"16":0.0055958064,"17":0.0730602641,"18":0.1835976917,"19":0.07587679,"20":0.1493363013,"21":0.0384763481,"22":0.1088622456,"23":0.013404055,"24":0.0206041999,"25":null},"sentiment_std":{"0":0.3965624725,"1":0.4863736832,"2":0.5155345227,"3":0.3443586163,"4":0.4045199175,"5":0.0,"6":0.4629100499,"7":0.2965985552,"8":0.4127215578,"9":0.4865678028,"10":0.133630621,"11":0.3676345229,"12":0.0,"13":0.3228227987,"14":0.407569573,"15":0.5157416581,"16":0.0,"17":0.2626619171,"18":0.5811689946,"19":0.0,"20":0.3343603763,"21":0.3526900111,"22":0.3903777338,"23":0.0,"24":0.1753680936,"25":null},"sentiment_pv":{"0":0.5285665636,"1":0.5982157746,"2":0.4805015837,"3":0.0002436037,"4":0.4731094014,"5":1.57680796e-122,"6":0.0758108391,"7":0.0064916095,"8":0.0000841695,"9":0.0008894081,"10":0.0000001463,"11":0.2429640533,"12":1.57680796e-122,"13":0.765518793,"14":0.0739355646,"15":0.4762573786,"16":1.57680796e-122,"17":0.134386427,"18":0.6477155991,"19":1.57680796e-122,"20":0.1033406224,"21":0.2357203803,"22":0.3276787157,"23":1.57680796e-122,"24":0.0093002295,"25":null},"main_pv":{"0":0.5373935141,"1":0.000070349,"2":0.0071395798,"3":0.0041210999,"4":0.2914971427,"5":0.0344571474,"6":0.1385812493,"7":0.1375727231,"8":0.1090512765,"9":0.1850578705,"10":0.2810767457,"11":0.2714717126,"12":0.9148162415,"13":0.2263910791,"14":0.0409538496,"15":0.0071340732,"16":0.0186449184,"17":0.4994064104,"18":0.0000001846,"19":0.1802143865,"20":0.0233404179,"21":0.9335314362,"22":0.7224725017,"23":0.4073673995,"24":0.5873593597,"25":null},"count":{"0":47,"1":3088,"2":2400,"3":814,"4":11,"5":24,"6":8,"7":159,"8":766,"9":4170,"10":56,"11":592,"12":3,"13":145,"14":43,"15":2398,"16":3,"17":220,"18":112,"19":4,"20":107,"21":41,"22":53,"23":4,"24":64,"25":1},"nb_en":{"0":13,"1":1236,"2":1277,"3":217,"4":7,"5":11,"6":2,"7":27,"8":241,"9":1747,"10":1,"11":143,"12":0,"13":26,"14":7,"15":1277,"16":0,"17":35,"18":100,"19":1,"20":13,"21":9,"22":11,"23":1,"24":2,"25":0},"nb_de":{"0":1,"1":13,"2":289,"3":560,"4":4,"5":13,"6":6,"7":42,"8":507,"9":2326,"10":55,"11":14,"12":3,"13":119,"14":35,"15":287,"16":3,"17":185,"18":2,"19":0,"20":94,"21":32,"22":32,"23":3,"24":62,"25":1}}