{"canton":{"0":"NE","1":"GE","2":"GL","3":"BE","4":"SZ","5":"TG","6":"UR","7":"FR","8":"BS","9":"BL","10":"ZH","11":"OW","12":"VD","13":"SG","14":"GR","15":"ZG","16":"AR","17":"LU","18":"TI","19":"JU","20":"AG","21":"SH","22":"VS","23":"AI","24":"SO","25":"NW"},"main_mean":{"0":0.0056233865,"1":-0.0085526181,"2":0.065316742,"3":-0.0157702485,"4":0.2159776092,"5":-0.0370366255,"6":-0.0006842551,"7":0.0087871589,"8":-0.0000172345,"9":0.0169442492,"10":0.0009288958,"11":-0.0077662854,"12":0.0116121747,"13":0.0236907289,"14":-0.0210867484,"15":0.0669687384,"16":-0.0306800642,"17":0.0057079944,"18":-0.0828176536,"19":-0.0947989151,"20":-0.0000114124,"21":-0.0003251114,"22":-0.0181403616,"23":0.0003333278,"24":0.0033808435,"25":-0.0131165474},"sentiment_mean":{"0":0.05,"1":0.0605900948,"2":0.1,"3":0.0985074627,"4":0.25,"5":-0.3333333333,"6":0.1428571429,"7":0.0689655172,"8":0.0434782609,"9":0.1333333333,"10":0.1355785838,"11":0.0,"12":0.1302931596,"13":0.0602409639,"14":0.0322580645,"15":0.1025641026,"16":-0.25,"17":0.0430107527,"18":0.032967033,"19":-0.0769230769,"20":0.0434782609,"21":0.0,"22":0.0212765957,"23":0.0,"24":0.0256410256,"25":0.0},"main_std":{"0":0.1293608304,"1":0.1777220194,"2":0.3562731881,"3":0.1688262051,"4":0.631282322,"5":0.0641493171,"6":0.0271383968,"7":0.1402717121,"8":0.1270374339,"9":0.1575296114,"10":0.1563722295,"11":0.0178594479,"12":0.1791999232,"13":0.1389905621,"14":0.1127718597,"15":0.3607753133,"16":0.0707482198,"17":0.0645605465,"18":0.2405064791,"19":0.2224326061,"20":0.1013921272,"21":0.0097075454,"22":0.2016991271,"23":0.0004713967,"24":0.0536314986,"25":0.0230341596},"sentiment_std":{"0":0.316227766,"1":0.4649168472,"2":0.4961389384,"3":0.5063107093,"4":0.9574271078,"5":0.5773502692,"6":0.377964473,"7":0.2866337742,"8":0.3632871586,"9":0.3518657753,"10":0.4871694259,"11":0.0,"12":0.4231390384,"13":0.3612106199,"14":0.3145230217,"15":0.5023561221,"16":0.5,"17":0.2516890116,"18":0.5467184823,"19":0.2773500981,"20":0.2775615736,"21":0.0,"22":0.3289880203,"23":0.0,"24":0.1601281538,"25":0.0},"sentiment_pv":{"0":0.4217672248,"1":0.012176675,"2":0.9078760117,"3":0.7064643462,"4":0.7614182027,"5":0.3311047971,"6":0.7284197584,"7":0.4227792877,"8":0.0025091859,"9":0.6477506652,"10":0.0001131396,"11":9.631697523e-58,"12":0.1124926701,"13":0.4468867412,"14":0.3101836617,"15":0.885165214,"16":0.2660780179,"17":0.0761977508,"18":0.3175467596,"19":0.050101045,"20":0.0761571168,"21":9.631697523e-58,"22":0.1565182459,"23":9.631697523e-58,"24":0.0170967351,"25":9.631697523e-58},"main_pv":{"0":0.6684510822,"1":0.2448854403,"2":0.2311536842,"3":0.0672610702,"4":0.5373066798,"5":0.4579685654,"6":0.8140845421,"7":0.3631925755,"8":0.5567855639,"9":0.6277144302,"10":0.2768318042,"11":0.6093351219,"12":0.155216034,"13":0.083730609,"14":0.3876436493,"15":0.2319749002,"16":0.494857746,"17":0.2035196695,"18":0.0022370725,"19":0.163740735,"20":0.7386587981,"21":0.3826848993,"22":0.6159191047,"23":0.0841298087,"24":0.4569936126,"25":0.5364808193},"count":{"0":40,"1":1898,"2":40,"3":670,"4":4,"5":3,"6":7,"7":116,"8":621,"9":15,"10":2316,"11":5,"12":307,"13":83,"14":31,"15":39,"16":4,"17":93,"18":91,"19":13,"20":115,"21":14,"22":47,"23":2,"24":39,"25":3},"nb_en":{"0":9,"1":698,"2":19,"3":333,"4":3,"5":2,"6":1,"7":29,"8":161,"9":2,"10":904,"11":0,"12":91,"13":9,"14":2,"15":19,"16":1,"17":11,"18":77,"19":4,"20":13,"21":1,"22":21,"23":1,"24":4,"25":0},"nb_de":{"0":8,"1":8,"2":8,"3":327,"4":1,"5":1,"6":6,"7":24,"8":449,"9":13,"10":1352,"11":5,"12":8,"13":73,"14":29,"15":7,"16":3,"17":81,"18":5,"19":0,"20":101,"21":13,"22":8,"23":1,"24":35,"25":3}}