{"canton":{"0":"SG","1":"GL","2":"JU","3":"VS","4":"SO","5":"AG","6":"TG","7":"ZH","8":"BE","9":"GE","10":"BS","11":"AR","12":"LU","13":"GR","14":"ZG","15":"UR","16":"VD","17":"SH","18":"BL","19":"TI","20":"SZ","21":"NE","22":"FR"},"main_mean":{"0":-0.0124645861,"1":0.0190381561,"2":-0.0555546296,"3":-0.02170292,"4":-0.1999960001,"5":0.0666154755,"6":0.071427551,"7":-0.0203905295,"8":-0.0530718961,"9":-0.013976262,"10":-0.0426407255,"11":-0.1666657407,"12":0.0017832167,"13":-0.0821057512,"14":0.0190381561,"15":-0.1777760988,"16":-0.0359727311,"17":-0.0833291669,"18":0.1666611113,"19":-0.054192472,"20":0.0999993333,"21":0.0098988279,"22":-0.0540825657},"sentiment_mean":{"0":0.0,"1":0.2294573643,"2":-0.3333333333,"3":0.1538461538,"4":1.0,"5":0.4666666667,"6":0.0,"7":0.1911671924,"8":0.1201550388,"9":0.1366559486,"10":0.1306532663,"11":0.0,"12":0.2127659574,"13":0.2222222222,"14":0.2294573643,"15":0.0,"16":0.1240310078,"17":0.0,"18":0.5,"19":0.1909090909,"20":0.5,"21":0.4,"22":0.3529411765},"main_std":{"0":0.1033740949,"1":0.2212375974,"2":0.0962234411,"3":0.1274436754,"4":null,"5":0.1104961199,"6":0.1010138114,"7":0.2044610812,"8":0.2261164349,"9":0.1762535905,"10":0.1605355171,"11":null,"12":0.2562560531,"13":0.1439220877,"14":0.2212375974,"15":0.1677722933,"16":0.2256716524,"17":0.2041139395,"18":0.2356944039,"19":0.2245459925,"20":0.1414204134,"21":0.0769205876,"22":0.1748897454},"sentiment_std":{"0":0.6793662205,"1":0.683440743,"2":0.5773502692,"3":0.800640769,"4":null,"5":0.6399404734,"6":0.0,"7":0.7004130909,"8":0.6277474826,"9":0.71686302,"10":0.6984941056,"11":null,"12":0.6895546834,"13":0.4409585518,"14":0.683440743,"15":1.0,"16":0.6732355636,"17":0.632455532,"18":0.7071067812,"19":0.6565891087,"20":0.7071067812,"21":0.7367883976,"22":0.6063390626},"sentiment_pv":{"0":0.3127133271,"1":0.0657332182,"2":0.256375483,"3":0.8703897572,"4":null,"5":0.1176561915,"6":1.374082475e-101,"7":0.988637387,"8":0.078463221,"9":0.014365847,"10":0.232306096,"11":null,"12":0.8293851638,"13":0.836764417,"14":0.0657332182,"15":0.7723623697,"16":0.2665155715,"17":0.493111539,"18":0.6474879829,"19":0.9997254335,"20":0.6474879829,"21":0.2906307932,"22":0.2874872064},"main_pv":{"0":0.8089233717,"1":0.0002380141,"2":0.4636465607,"3":0.6579737807,"4":null,"5":0.0242064869,"6":0.4757573764,"7":0.0104891616,"8":0.0010437433,"9":0.1388473578,"10":0.0017415658,"11":null,"12":0.8442827701,"13":0.1498303814,"14":0.0002380141,"15":0.217417963,"16":0.1322660834,"17":0.3939809604,"18":0.489420817,"19":0.026270177,"20":0.4825289841,"21":0.4510619095,"22":0.2707809485},"count":{"0":14,"1":1290,"2":3,"3":13,"4":1,"5":15,"6":2,"7":1585,"8":258,"9":1244,"10":199,"11":1,"12":47,"13":9,"14":1290,"15":3,"16":129,"17":6,"18":2,"19":110,"20":2,"21":15,"22":17},"nb_en":{"0":14,"1":1290,"2":3,"3":13,"4":1,"5":15,"6":2,"7":1585,"8":258,"9":1244,"10":199,"11":1,"12":47,"13":9,"14":1290,"15":3,"16":129,"17":6,"18":2,"19":110,"20":2,"21":15,"22":17},"nb_de":{"0":0,"1":0,"2":0,"3":0,"4":0,"5":0,"6":0,"7":0,"8":0,"9":0,"10":0,"11":0,"12":0,"13":0,"14":0,"15":0,"16":0,"17":0,"18":0,"19":0,"20":0,"21":0,"22":0}}