{"canton":{"0":"NE","1":"GE","2":"GL","3":"BE","4":"SZ","5":"TG","6":"UR","7":"FR","8":"BS","9":"BL","10":"ZH","11":"OW","12":"VD","13":"SG","14":"GR","15":"ZG","16":"AR","17":"LU","18":"TI","19":"JU","20":"AG","21":"SH","22":"VS","23":"AI","24":"SO","25":"NW"},"main_mean":{"0":0.0120124724,"1":-0.0074877689,"2":0.0903236561,"3":0.0043031896,"4":-0.0060605005,"5":0.0067293289,"6":0.0060499136,"7":-0.0080642512,"8":0.0045371139,"9":-0.0330823551,"10":0.0029571553,"11":0.0,"12":0.0094025982,"13":0.0500002366,"14":-0.0010793861,"15":0.0929704304,"16":0.0229154903,"17":0.0087394009,"18":-0.084073564,"19":0.0,"20":0.0061920515,"21":0.0064752073,"22":0.0122457066,"23":-0.07069899,"24":0.0100529037,"25":0.0},"sentiment_mean":{"0":0.0952380952,"1":0.0933958578,"2":0.0857142857,"3":0.0570613409,"4":0.2,"5":0.0714285714,"6":0.0,"7":0.028708134,"8":0.028241335,"9":0.0,"10":0.1301216787,"11":0.0,"12":0.0824561404,"13":0.0952380952,"14":-0.0227272727,"15":0.0882352941,"16":0.12,"17":0.0805084746,"18":0.0099009901,"19":0.0,"20":0.09375,"21":0.0666666667,"22":0.0422535211,"23":0.0,"24":0.0588235294,"25":0.0},"main_std":{"0":0.1452321922,"1":0.1786237251,"2":0.3634221828,"3":0.1077058523,"4":0.2465535498,"5":0.1392412798,"6":0.0157560333,"7":0.1568278412,"8":0.1507132433,"9":0.1372081352,"10":0.1508502476,"11":0.0,"12":0.1591544423,"13":0.1707082024,"14":0.0415455136,"15":0.3685449184,"16":0.1746409172,"17":0.1782445915,"18":0.1980024724,"19":0.0,"20":0.1165784375,"21":0.0256704447,"22":0.121796288,"23":null,"24":0.0901573307,"25":0.0},"sentiment_std":{"0":0.4310805374,"1":0.4756290391,"2":0.5621088743,"3":0.3539926278,"4":0.8366600265,"5":0.6157279262,"6":0.0,"7":0.3384619567,"8":0.3817472525,"9":0.3244428423,"10":0.4599769537,"11":0.0,"12":0.3913038935,"13":0.367229006,"14":0.2631328574,"15":0.570361239,"16":0.331662479,"17":0.3160281363,"18":0.4999009803,"19":0.0,"20":0.357715706,"21":0.2537081317,"22":0.3133514557,"23":null,"24":0.3105971478,"25":0.0},"sentiment_pv":{"0":0.9904603195,"1":0.7992643266,"2":0.9141886651,"3":0.005780215,"4":0.7949115822,"5":0.8834467649,"6":1.739136408e-101,"7":0.0051462909,"8":0.0000027796,"9":0.2019614611,"10":0.0000613332,"11":1.739136408e-101,"12":0.4240090976,"13":0.9806591579,"14":0.0047347091,"15":0.9369492366,"16":0.7216692305,"17":0.4611763956,"18":0.0875927891,"19":1.739136408e-101,"20":0.9504782177,"21":0.5327380956,"22":0.1552899333,"23":null,"24":0.3985884829,"25":1.739136408e-101},"main_pv":{"0":0.6328208557,"1":0.0253153495,"2":0.1561102942,"3":0.4781817023,"4":0.9506747456,"5":0.8842257538,"6":0.4577639284,"7":0.3992877042,"8":0.5536914574,"9":0.2783485162,"10":0.5403802755,"11":0.4576182937,"12":0.2320606272,"13":0.001783716,"14":0.7262331155,"15":0.1560680794,"16":0.540359513,"17":0.5203385269,"18":0.0000373718,"19":0.4576182937,"20":0.6783838655,"21":0.2940769276,"22":0.4499976113,"23":null,"24":0.489718268,"25":0.4576182937},"count":{"0":42,"1":2559,"2":35,"3":701,"4":5,"5":14,"6":7,"7":209,"8":779,"9":20,"10":4027,"11":5,"12":570,"13":126,"14":44,"15":34,"16":25,"17":236,"18":101,"19":4,"20":96,"21":30,"22":71,"23":1,"24":51,"25":6},"nb_en":{"0":13,"1":1108,"2":16,"3":154,"4":4,"5":8,"6":0,"7":45,"8":213,"9":3,"10":1588,"11":0,"12":162,"13":18,"14":7,"15":16,"16":1,"17":46,"18":90,"19":2,"20":21,"21":3,"22":11,"23":0,"24":8,"25":0},"nb_de":{"0":6,"1":20,"2":14,"3":499,"4":1,"5":6,"6":7,"7":48,"8":557,"9":17,"10":2297,"11":5,"12":16,"13":107,"14":37,"15":13,"16":24,"17":189,"18":4,"19":0,"20":75,"21":27,"22":49,"23":1,"24":43,"25":6}}