{"canton":{"0":"TG","1":"SG","2":"GL","3":"UR","4":"VS","5":"SO","6":"AG","7":"VD","8":"ZH","9":"SH","10":"BE","11":"BL","12":"GE","13":"BS","14":"TI","15":"SZ","16":"LU","17":"GR","18":"NE","19":"ZG","20":"FR"},"main_mean":{"0":0.0,"1":0.0589338222,"2":0.0080488111,"3":-0.071427551,"4":0.1082238438,"5":0.2499937502,"6":0.1022242537,"7":0.0248888732,"8":0.0021003194,"9":0.0542319744,"10":0.0098838669,"11":0.02499975,"12":-0.0035155504,"13":-0.0078377453,"14":-0.0232420776,"15":0.299997,"16":0.0735902091,"17":0.0012986765,"18":0.0,"19":0.0080488111,"20":-0.0133020035},"sentiment_mean":{"0":0.0,"1":0.0,"2":0.1889361702,"3":-1.0,"4":0.7142857143,"5":0.5,"6":0.4545454545,"7":0.1875,"8":0.2233375157,"9":0.3333333333,"10":0.2068965517,"11":0.5,"12":0.128054741,"13":0.1411042945,"14":0.0267857143,"15":1.0,"16":0.45,"17":0.1428571429,"18":0.5,"19":0.1889361702,"20":0.0333333333},"main_std":{"0":null,"1":0.1511443549,"2":0.2104607215,"3":0.1010138114,"4":0.1605548826,"5":0.353544552,"6":0.1794680388,"7":0.1838906278,"8":0.1748681238,"9":0.1958939918,"10":0.1287709467,"11":0.0499995,"12":0.1569412931,"13":0.1631256287,"14":0.1101924355,"15":null,"16":0.1547784593,"17":0.0551547922,"18":0.0,"19":0.2104607215,"20":0.1325892594},"sentiment_std":{"0":null,"1":0.632455532,"2":0.6869780318,"3":0.0,"4":0.4879500365,"5":0.7071067812,"6":0.5222329679,"7":0.6914047588,"8":0.6715881639,"9":0.7071067812,"10":0.644889888,"11":0.5773502692,"12":0.7024034981,"13":0.63709701,"14":0.5445854929,"15":null,"16":0.5523841101,"17":0.6900655593,"18":0.5773502692,"19":0.6869780318,"20":0.6149478999},"sentiment_pv":{"0":null,"1":0.194344374,"2":0.8820385521,"3":0.0,"4":0.0285445379,"5":0.642709661,"6":0.1188557944,"7":0.9779923439,"8":0.0483788283,"9":0.5487059187,"10":0.6243662519,"11":0.3559306008,"12":0.0152842411,"13":0.3805751642,"14":0.0028994696,"15":null,"16":0.0045111038,"17":0.8750465749,"18":0.3559306008,"19":0.8820385521,"20":0.1865134428},"main_pv":{"0":null,"1":0.116367166,"2":0.6100196089,"3":0.4796790056,"4":0.1389308676,"5":0.5060034831,"6":0.1017897846,"7":0.2517735696,"8":0.6070941093,"9":0.4699300204,"10":0.5546240706,"11":0.4766991726,"12":0.1350105527,"13":0.3372729185,"14":0.0101497012,"15":null,"16":0.0078075153,"17":0.8772155039,"18":0.0551268249,"19":0.6100196089,"20":0.4657108997},"count":{"0":1,"1":21,"2":1175,"3":2,"4":7,"5":2,"6":11,"7":112,"8":1594,"9":9,"10":232,"11":4,"12":1023,"13":163,"14":112,"15":1,"16":40,"17":7,"18":4,"19":1175,"20":30},"nb_en":{"0":1,"1":21,"2":1175,"3":2,"4":7,"5":2,"6":11,"7":112,"8":1594,"9":9,"10":232,"11":4,"12":1023,"13":163,"14":112,"15":1,"16":40,"17":7,"18":4,"19":1175,"20":30},"nb_de":{"0":0,"1":0,"2":0,"3":0,"4":0,"5":0,"6":0,"7":0,"8":0,"9":0,"10":0,"11":0,"12":0,"13":0,"14":0,"15":0,"16":0,"17":0,"18":0,"19":0,"20":0}}