{"canton":{"0":"UR","1":"NW","2":"BE","3":"ZG","4":"BL","5":"TI","6":"TG","7":"VD","8":"GR","9":"SG","10":"JU","11":"SH","12":"OW","13":"AG","14":"GE","15":"BS","16":"FR","17":"AR","18":"GL","19":"ZH","20":"SO","21":"NE","22":"LU","23":"VS","24":"SZ"},"main_mean":{"0":-0.0039059179,"1":-0.0827837404,"2":-0.0244001343,"3":0.0195543278,"4":0.0014497596,"5":-0.0312274592,"6":0.040746701,"7":0.0122912818,"8":-0.001541873,"9":0.0197851501,"10":-0.0825475715,"11":-0.0120336778,"12":-0.0381405653,"13":0.0249316087,"14":-0.0087299954,"15":0.010769608,"16":0.0251882222,"17":-0.0624219172,"18":0.0195543278,"19":-0.0067245096,"20":0.0163717198,"21":-0.0086242617,"22":0.0213992666,"23":-0.0177872277,"24":-0.004004949},"sentiment_mean":{"0":0.0,"1":-0.2,"2":0.0696324952,"3":0.0476190476,"4":0.0,"5":0.1009174312,"6":0.0,"7":0.063583815,"8":0.0,"9":0.0804597701,"10":-0.25,"11":0.1111111111,"12":0.0,"13":0.0646766169,"14":0.0691562932,"15":0.0920245399,"16":0.0843373494,"17":0.3333333333,"18":0.0476190476,"19":0.1384937238,"20":-0.0256410256,"21":-0.1428571429,"22":0.1086956522,"23":0.0,"24":0.0},"main_std":{"0":0.0738662632,"1":0.1249013224,"2":0.1709329248,"3":0.1447510352,"4":0.0132517215,"5":0.2081230644,"6":0.0598558537,"7":0.1356090969,"8":0.0266217952,"9":0.1299374553,"10":0.2457263001,"11":0.0800486217,"12":0.0339451145,"13":0.122482128,"14":0.1763724638,"15":0.1257865722,"16":0.1721765272,"17":0.1193152303,"18":0.1447510352,"19":0.1500391431,"20":0.061334751,"21":0.1371746239,"22":0.1312564959,"23":0.0854400017,"24":0.0526999439},"sentiment_std":{"0":0.0,"1":0.4472135955,"2":0.4301911198,"3":0.4976133515,"4":0.3651483717,"5":0.5601744789,"6":0.0,"7":0.3344957532,"8":0.0,"9":0.3483646447,"10":0.5,"11":0.3202563076,"12":0.0,"13":0.2660752147,"14":0.4723081406,"15":0.3928675304,"16":0.2795824097,"17":0.5773502692,"18":0.4976133515,"19":0.5188609161,"20":0.2797724157,"21":0.3631365196,"22":0.3949458543,"23":0.2156655464,"24":0.0},"sentiment_pv":{"0":2.834590824e-63,"1":0.2154447095,"2":0.2154815909,"3":0.6737061858,"4":0.3198138637,"5":0.899343134,"6":2.834590824e-63,"7":0.1058905951,"8":2.834590824e-63,"9":0.7191795864,"10":0.2624730276,"11":0.7852734692,"12":2.834590824e-63,"13":0.1343227441,"14":0.0311382695,"15":0.9000813746,"16":0.7555035768,"17":0.5474325478,"18":0.6737061858,"19":0.0002110766,"20":0.0114895404,"21":0.0298077106,"22":0.6685813891,"23":0.0065038908,"24":2.834590824e-63},"main_pv":{"0":0.9959359291,"1":0.231834858,"2":0.0090632257,"3":0.4631874153,"4":0.1562158637,"5":0.1784158009,"6":0.0720281212,"7":0.0299581937,"8":0.6008810085,"9":0.0926340512,"10":0.568625084,"11":0.6138534571,"12":0.2237745741,"13":0.0011877042,"14":0.2745693997,"15":0.0048793014,"16":0.1266847931,"17":0.4864418041,"18":0.4631874153,"19":0.4675824103,"20":0.0469968572,"21":0.9040061598,"22":0.0258602246,"23":0.2990208952,"24":0.9966559382},"count":{"0":4,"1":5,"2":517,"3":21,"4":16,"5":109,"6":8,"7":346,"8":35,"9":87,"10":4,"11":27,"12":3,"13":201,"14":2169,"15":652,"16":83,"17":3,"18":21,"19":2390,"20":39,"21":14,"22":138,"23":44,"24":5},"nb_en":{"0":0,"1":0,"2":199,"3":11,"4":2,"5":98,"6":1,"7":71,"8":4,"9":10,"10":1,"11":6,"12":1,"13":10,"14":864,"15":207,"16":10,"17":2,"18":11,"19":1121,"20":8,"21":3,"22":32,"23":9,"24":1},"nb_de":{"0":4,"1":5,"2":310,"3":10,"4":14,"5":7,"6":7,"7":9,"8":31,"9":77,"10":0,"11":21,"12":2,"13":191,"14":8,"15":422,"16":7,"17":1,"18":10,"19":1210,"20":31,"21":3,"22":105,"23":17,"24":4},"nb_fr":{"0":0,"1":0,"2":8,"3":0,"4":0,"5":4,"6":0,"7":266,"8":0,"9":0,"10":3,"11":0,"12":0,"13":0,"14":1297,"15":23,"16":66,"17":0,"18":0,"19":59,"20":0,"21":8,"22":1,"23":18,"24":0}}