{"canton":{"0":"UR","1":"NW","2":"BE","3":"ZG","4":"BL","5":"JU","6":"TI","7":"TG","8":"VD","9":"SG","10":"GR","11":"SH","12":"OW","13":"AG","14":"GE","15":"BS","16":"FR","17":"AR","18":"GL","19":"ZH","20":"SO","21":"NE","22":"LU","23":"AI","24":"VS","25":"SZ"},"main_mean":{"0":-0.1432676978,"1":-0.0001777758,"2":-0.0138929979,"3":0.0223721039,"4":0.0044751793,"5":-0.0099906615,"6":-0.0620943341,"7":0.0049693707,"8":0.0075967743,"9":0.0353874128,"10":-0.0031436743,"11":-0.0174842593,"12":0.0,"13":-0.0009124349,"14":-0.0065359159,"15":0.0149042924,"16":0.0319922579,"17":-0.0092617725,"18":0.0223578779,"19":0.0022449094,"20":0.035594533,"21":0.011673438,"22":0.0112022458,"23":0.1111098766,"24":0.0031813557,"25":-0.0050560863},"sentiment_mean":{"0":0.0,"1":0.0,"2":0.0559910414,"3":0.1224489796,"4":0.0,"5":0.1111111111,"6":0.0603448276,"7":0.0,"8":0.053285968,"9":0.1079136691,"10":0.03125,"11":0.0416666667,"12":0.0,"13":0.0687022901,"14":0.0864197531,"15":0.0681520315,"16":0.0526315789,"17":0.0,"18":0.1223696989,"19":0.1167937054,"20":0.0566037736,"21":0.1590909091,"22":0.0991735537,"23":-1.0,"24":0.0,"25":0.0},"main_std":{"0":0.231820714,"1":0.0003079167,"2":0.1336372467,"3":0.1872210329,"4":0.0189435717,"5":0.1364986227,"6":0.1482634832,"7":0.0111724091,"8":0.170080574,"9":0.1178668083,"10":0.0879635222,"11":0.0667359388,"12":0.0,"13":0.0795024921,"14":0.1775362952,"15":0.1387795939,"16":0.1690858319,"17":0.0160418605,"18":0.1871612296,"19":0.1456627582,"20":0.1604893175,"21":0.099885219,"22":0.1214967121,"23":null,"24":0.1055118031,"25":0.013377147},"sentiment_std":{"0":0.5773502692,"1":0.0,"2":0.3864296267,"3":0.5271975228,"4":0.0,"5":0.3333333333,"6":0.5483380916,"7":0.0,"8":0.3539342203,"9":0.3338542484,"10":0.1767766953,"11":0.2012286206,"12":0.0,"13":0.3326083327,"14":0.4529304096,"15":0.373772873,"16":0.2923164662,"17":0.0,"18":0.5270359775,"19":0.4786445318,"20":0.3624221051,"21":0.369989429,"22":0.3260465735,"23":null,"24":0.3952847075,"25":0.0},"sentiment_pv":{"0":0.6554214933,"1":3.27682089e-167,"2":0.0005748029,"3":0.0491068132,"4":3.27682089e-167,"5":0.9396166561,"6":0.4114429873,"7":3.27682089e-167,"8":0.0014505507,"9":0.8477623375,"10":0.0306603849,"11":0.0134603168,"12":3.27682089e-167,"13":0.2517053317,"14":0.0771782482,"15":0.0147158655,"16":0.029238882,"17":3.27682089e-167,"18":0.0498846253,"19":0.0855068053,"20":0.36287827,"21":0.3163115719,"22":0.8787853746,"23":null,"24":0.0411909172,"25":3.27682089e-167},"main_pv":{"0":0.1344873854,"1":0.0000000001,"2":0.0000022408,"3":0.0000945408,"4":0.3122847832,"5":0.6989515311,"6":0.000001393,"7":0.3785770398,"8":0.9276195653,"9":0.0079754381,"10":0.470350896,"11":0.0018425799,"12":0.0000000002,"13":0.1964882479,"14":0.0000233594,"15":0.2006727337,"16":0.0695244775,"17":0.1970135396,"18":0.0000952245,"19":0.022119936,"20":0.2212912981,"21":0.8223161121,"22":0.7103725545,"23":null,"24":0.700696102,"25":0.0389206194},"count":{"0":7,"1":3,"2":893,"3":3087,"4":30,"5":9,"6":116,"7":11,"8":563,"9":139,"10":32,"11":72,"12":3,"13":131,"14":2997,"15":763,"16":171,"17":3,"18":3089,"19":4067,"20":53,"21":44,"22":242,"23":1,"24":65,"25":7},"nb_en":{"0":3,"1":0,"2":279,"3":1801,"4":1,"5":0,"6":106,"7":1,"8":139,"9":16,"10":3,"11":9,"12":0,"13":17,"14":1190,"15":198,"16":25,"17":0,"18":1801,"19":1715,"20":13,"21":14,"22":33,"23":1,"24":21,"25":0},"nb_de":{"0":4,"1":3,"2":573,"3":439,"4":29,"5":0,"6":1,"7":10,"8":10,"9":123,"10":29,"11":63,"12":3,"13":113,"14":15,"15":549,"16":29,"17":3,"18":441,"19":2257,"20":40,"21":0,"22":207,"23":0,"24":33,"25":7},"nb_fr":{"0":0,"1":0,"2":41,"3":847,"4":0,"5":9,"6":9,"7":0,"8":414,"9":0,"10":0,"11":0,"12":0,"13":1,"14":1792,"15":16,"16":117,"17":0,"18":847,"19":95,"20":0,"21":30,"22":2,"23":0,"24":11,"25":0}}