{"canton":{"0":"SG","1":"AR","2":"GL","3":"UR","4":"SH","5":"VS","6":"AG","7":"TG","8":"ZH","9":"VD","10":"BE","11":"BL","12":"GE","13":"BS","14":"TI","15":"SO","16":"LU","17":"GR","18":"NE","19":"ZG","20":"FR"},"main_mean":{"0":-0.0057318493,"1":0.0,"2":0.018269891,"3":0.0,"4":0.0,"5":-0.0848045176,"6":-0.0285133977,"7":0.0833322917,"8":-0.0091027767,"9":0.014106059,"10":0.0088111278,"11":0.0,"12":-0.0057833609,"13":-0.0389604174,"14":-0.0220809577,"15":0.066666,"16":0.0274032098,"17":0.0,"18":0.0403111731,"19":0.018269891,"20":-0.0045454339},"sentiment_mean":{"0":0.1111111111,"1":0.0,"2":0.2188449848,"3":0.0,"4":0.4,"5":0.0909090909,"6":-0.0476190476,"7":0.3333333333,"8":0.2301136364,"9":0.3116883117,"10":0.1851851852,"11":0.0,"12":0.1699029126,"13":0.0,"14":0.0721649485,"15":0.3333333333,"16":-0.0294117647,"17":0.1111111111,"18":0.2222222222,"19":0.2188449848,"20":0.0},"main_std":{"0":0.0468185352,"1":null,"2":0.2081258847,"3":0.0,"4":0.0,"5":0.3731210197,"6":0.1644361509,"7":0.1443357631,"8":0.1840176279,"9":0.161176743,"10":0.1615401237,"11":null,"12":0.2019558241,"13":0.1717540488,"14":0.1785138003,"15":0.1154688991,"16":0.2060182629,"17":0.0,"18":0.2535061133,"19":0.2081258847,"20":0.0203277983},"sentiment_std":{"0":0.4714045208,"1":null,"2":0.6594064908,"3":0.0,"4":0.5477225575,"5":0.7006490497,"6":0.6690433825,"7":0.5773502692,"8":0.6822616323,"9":0.5907118868,"10":0.6974791573,"11":null,"12":0.7032688139,"13":0.6705314333,"14":0.5994341547,"15":0.5773502692,"16":0.7171194109,"17":0.3333333333,"18":0.8333333333,"19":0.6594064908,"20":0.4588314677},"sentiment_pv":{"0":0.438828093,"1":null,"2":0.4083919044,"3":3.065900604e-81,"4":0.4592976323,"5":0.6186388809,"6":0.1066522377,"7":0.7270112128,"8":0.1906371193,"9":0.103481474,"10":0.7678038827,"11":null,"12":0.3249134796,"13":0.0010700686,"14":0.0415905409,"15":0.7270112128,"16":0.072399654,"17":0.450575535,"18":0.936950886,"19":0.4083919044,"20":0.0676910124},"main_pv":{"0":0.3890969604,"1":null,"2":0.0555054179,"3":0.1470527972,"4":0.1470527972,"5":0.4466568787,"6":0.3722885314,"7":0.4432456479,"8":0.0359823305,"9":0.6011511474,"10":0.6949618472,"11":null,"12":0.2426588993,"13":0.0055139086,"14":0.1534687183,"15":0.4485743406,"16":0.5198354281,"17":0.1470527972,"18":0.681709712,"19":0.0555054179,"20":0.1105897537},"count":{"0":18,"1":1,"2":987,"3":2,"4":5,"5":11,"6":21,"7":3,"8":1056,"9":77,"10":216,"11":1,"12":618,"13":130,"14":97,"15":3,"16":34,"17":9,"18":9,"19":987,"20":20},"nb_en":{"0":18,"1":1,"2":987,"3":2,"4":5,"5":11,"6":21,"7":3,"8":1056,"9":77,"10":216,"11":1,"12":618,"13":130,"14":97,"15":3,"16":34,"17":9,"18":9,"19":987,"20":20},"nb_de":{"0":0,"1":0,"2":0,"3":0,"4":0,"5":0,"6":0,"7":0,"8":0,"9":0,"10":0,"11":0,"12":0,"13":0,"14":0,"15":0,"16":0,"17":0,"18":0,"19":0,"20":0}}