{"canton":{"0":"SG","1":"JU","2":"VS","3":"SZ","4":"AG","5":"TG","6":"ZH","7":"BE","8":"GE","9":"BS","10":"GL","11":"LU","12":"OW","13":"GR","14":"ZG","15":"VD","16":"SH","17":"BL","18":"TI","19":"SO","20":"NE","21":"FR"},"main_mean":{"0":0.0967147334,"1":0.0,"2":0.0069928604,"3":0.3020773005,"4":-0.0209429678,"5":-0.1071413266,"6":0.0015555206,"7":-0.0533906409,"8":-0.0027657627,"9":-0.0239148708,"10":0.0151653599,"11":0.0422454816,"12":0.0,"13":-0.0019841541,"14":0.0151653599,"15":0.0096727473,"16":-0.0104165799,"17":0.0606055096,"18":-0.0288584834,"19":-0.2499916669,"20":-0.067059486,"21":-0.0331442479},"sentiment_mean":{"0":0.0,"1":0.0,"2":0.2727272727,"3":0.75,"4":0.1875,"5":0.25,"6":0.2222222222,"7":0.072,"8":0.1204081633,"9":0.104,"10":0.136443662,"11":0.3404255319,"12":0.0,"13":0.1666666667,"14":0.136443662,"15":0.2015503876,"16":0.0,"17":0.3333333333,"18":0.16,"19":0.25,"20":0.0714285714,"21":0.1304347826},"main_std":{"0":0.2285388789,"1":null,"2":0.0599922359,"3":0.3180016692,"4":0.1098607643,"5":0.2142826531,"6":0.1774090843,"7":0.2242156089,"8":0.165402589,"9":0.169974226,"10":0.2234144404,"11":0.1612174657,"12":null,"13":0.1380968038,"14":0.2234144404,"15":0.1403307734,"16":0.029462537,"17":0.1049718219,"18":0.1617235026,"19":0.4999833339,"20":0.1457370611,"21":0.1811415974},"sentiment_std":{"0":0.7453559925,"1":null,"2":0.7862453931,"3":0.5,"4":0.6551081336,"5":0.5,"6":0.6929468477,"7":0.666779107,"8":0.7216142363,"9":0.6979488019,"10":0.7060788492,"11":0.5624710908,"12":null,"13":0.7527726527,"14":0.7060788492,"15":0.5502818165,"16":0.5345224838,"17":0.5773502692,"18":0.640060481,"19":0.5,"20":0.7300459115,"21":0.6255432422},"sentiment_pv":{"0":0.3682460633,"1":null,"2":0.6391167817,"3":0.0985996745,"4":0.859765735,"5":0.7374660764,"6":0.0008588687,"7":0.0471871678,"8":0.1294943118,"9":0.2317975158,"10":0.3452007866,"11":0.0320259894,"12":null,"13":0.978652001,"14":0.3452007866,"15":0.3788283608,"16":0.4310638601,"17":0.6514759204,"18":0.9728184819,"19":0.7374660764,"20":0.6647903542,"21":0.8348282227},"main_pv":{"0":0.0893056244,"1":null,"2":0.8090548251,"3":0.1560127729,"4":0.4092473505,"5":0.3816415546,"6":0.8569537166,"7":0.0001340489,"8":0.3735543344,"9":0.0176750185,"10":0.0742223056,"11":0.0992553235,"12":null,"13":0.9402201672,"14":0.0742223056,"15":0.5687843705,"16":0.2647748918,"17":0.4386551271,"18":0.0348586243,"19":0.386954005,"20":0.0980625796,"21":0.3570413158},"count":{"0":19,"1":1,"2":11,"3":4,"4":16,"5":4,"6":1674,"7":250,"8":980,"9":250,"10":1136,"11":47,"12":1,"13":6,"14":1136,"15":129,"16":8,"17":3,"18":125,"19":4,"20":14,"21":23},"nb_en":{"0":19,"1":1,"2":11,"3":4,"4":16,"5":4,"6":1674,"7":250,"8":980,"9":250,"10":1136,"11":47,"12":1,"13":6,"14":1136,"15":129,"16":8,"17":3,"18":125,"19":4,"20":14,"21":23},"nb_de":{"0":0,"1":0,"2":0,"3":0,"4":0,"5":0,"6":0,"7":0,"8":0,"9":0,"10":0,"11":0,"12":0,"13":0,"14":0,"15":0,"16":0,"17":0,"18":0,"19":0,"20":0,"21":0}}