{"canton":{"0":"NE","1":"GE","2":"GL","3":"BE","4":"SZ","5":"TG","6":"UR","7":"FR","8":"BS","9":"BL","10":"ZH","11":"OW","12":"VD","13":"SG","14":"GR","15":"ZG","16":"AR","17":"LU","18":"TI","19":"JU","20":"AG","21":"SH","22":"VS","23":"SO","24":"NW"},"main_mean":{"0":0.0084238663,"1":-0.020079329,"2":0.0027910416,"3":-0.0118846312,"4":0.0000909083,"5":-0.025463224,"6":0.1107524896,"7":0.0082156583,"8":-0.002492814,"9":0.0320639627,"10":-0.0039333108,"11":0.0045117614,"12":0.0014817561,"13":0.0157752998,"14":-0.0009469182,"15":0.0030307867,"16":-0.0102517191,"17":0.0004397566,"18":-0.0697666194,"19":0.0118365978,"20":0.0107539507,"21":0.0097289121,"22":0.0042490606,"23":-0.0062375053,"24":-0.0024448555},"sentiment_mean":{"0":0.1041666667,"1":0.073286052,"2":0.1666666667,"3":0.0458715596,"4":0.0,"5":0.0,"6":0.1111111111,"7":0.0431034483,"8":0.0641025641,"9":0.0,"10":0.1121545479,"11":0.0,"12":0.0542495479,"13":0.0924855491,"14":0.0454545455,"15":0.1818181818,"16":0.0,"17":0.0523255814,"18":0.1308411215,"19":-0.1428571429,"20":0.0265486726,"21":0.037037037,"22":0.0602409639,"23":0.0,"24":0.0},"main_std":{"0":0.1766076123,"1":0.180731388,"2":0.0406998028,"3":0.1267105842,"4":0.0001818165,"5":0.0998358334,"6":0.3341189201,"7":0.1519304298,"8":0.1553524431,"9":0.1487286864,"10":0.1574454917,"11":0.0113506739,"12":0.1613895266,"13":0.1256979107,"14":0.1322232744,"15":0.042585309,"16":0.0294795167,"17":0.1531424518,"18":0.2114832845,"19":0.0264598453,"20":0.1204610815,"21":0.0684813202,"22":0.1176453717,"23":0.0312255026,"24":0.0209466575},"sentiment_std":{"0":0.3712877724,"1":0.4640691618,"2":0.5646597026,"3":0.3714327268,"4":0.0,"5":0.0,"6":0.3333333333,"7":0.3062321194,"8":0.3386212661,"9":0.4472135955,"10":0.4873932433,"11":0.0,"12":0.4046212076,"13":0.3281398526,"14":0.3015113446,"15":0.5884898863,"16":0.0,"17":0.3464867091,"18":0.4774956712,"19":0.377964473,"20":0.2822162605,"21":0.1924500897,"22":0.3935268172,"23":0.0,"24":0.0},"sentiment_pv":{"0":0.7029149825,"1":0.3197307201,"2":0.4783162759,"3":0.0050058976,"4":1.163581428e-72,"5":1.163581428e-72,"6":0.8103413355,"7":0.1629983363,"8":0.1750805563,"9":0.4026480731,"10":0.0018924599,"11":1.163581428e-72,"12":0.1006478328,"13":0.7244413102,"14":0.4091337219,"15":0.4424230916,"16":1.163581428e-72,"17":0.2460996859,"18":0.3100564733,"19":0.1642084887,"20":0.0365324075,"21":0.2236367867,"22":0.5932970678,"23":1.163581428e-72,"24":1.163581428e-72},"main_pv":{"0":0.5171917887,"1":0.0027686771,"2":0.2045775643,"3":0.42908195,"4":0.0000005229,"5":0.4184137801,"6":0.3165242408,"7":0.2488029314,"8":0.3717079109,"9":0.2291117689,"10":0.1595854973,"11":0.0389763901,"12":0.1687735013,"13":0.0141758834,"14":0.7169482928,"15":0.2344654106,"16":0.9171605136,"17":0.4624378046,"18":0.0033638256,"19":0.0923626941,"20":0.0998012344,"21":0.1872843393,"22":0.3399259957,"23":0.7047490727,"24":0.4980908293},"count":{"0":48,"1":2538,"2":24,"3":872,"4":4,"5":23,"6":9,"7":116,"8":624,"9":21,"10":3727,"11":6,"12":553,"13":173,"14":44,"15":22,"16":3,"17":172,"18":107,"19":7,"20":113,"21":27,"22":83,"23":39,"24":7},"nb_en":{"0":17,"1":1021,"2":14,"3":239,"4":0,"5":4,"6":1,"7":22,"8":147,"9":5,"10":1519,"11":0,"12":140,"13":14,"14":8,"15":14,"16":0,"17":35,"18":85,"19":1,"20":13,"21":2,"22":24,"23":4,"24":0},"nb_de":{"0":1,"1":20,"2":6,"3":587,"4":4,"5":19,"6":8,"7":21,"8":466,"9":16,"10":2127,"11":6,"12":18,"13":158,"14":36,"15":4,"16":3,"17":136,"18":13,"19":1,"20":97,"21":25,"22":44,"23":35,"24":7}}