{"canton":{"0":"UR","1":"BE","2":"ZG","3":"BL","4":"TI","5":"NW","6":"VD","7":"GR","8":"SG","9":"JU","10":"SH","11":"OW","12":"AG","13":"GE","14":"BS","15":"FR","16":"AR","17":"GL","18":"ZH","19":"VS","20":"NE","21":"LU","22":"AI","23":"SO","24":"SZ","25":"TG"},"main_mean":{"0":-0.0303429097,"1":-0.0031986682,"2":0.0055696169,"3":-0.0496787442,"4":-0.0650963238,"5":-0.0486867211,"6":-0.0063424339,"7":-0.0099819723,"8":0.0301420178,"9":-0.0260757088,"10":-0.0024061127,"11":-0.0111124077,"12":0.0073644791,"13":-0.0030906723,"14":-0.0077505959,"15":-0.0305372196,"16":0.0030273268,"17":0.005580695,"18":-0.0030047174,"19":-0.0045895839,"20":-0.0168477539,"21":0.0158624897,"22":-0.0489295107,"23":0.0219417076,"24":0.0053289073,"25":-0.0132405092},"sentiment_mean":{"0":0.0,"1":0.0632911392,"2":0.1067073171,"3":0.0,"4":0.0289855072,"5":0.0,"6":0.0583501006,"7":0.0204081633,"8":0.1290322581,"9":0.1111111111,"10":0.0222222222,"11":0.0,"12":0.0403225806,"13":0.0707384403,"14":0.0337552743,"15":0.0102564103,"16":0.0,"17":0.1066666667,"18":0.0961690885,"19":-0.027027027,"20":0.1025641026,"21":0.1274509804,"22":0.0,"23":0.0222222222,"24":0.0,"25":0.0526315789},"main_std":{"0":0.1014838559,"1":0.1255875973,"2":0.1894245695,"3":0.1097774785,"4":0.1923819237,"5":0.1167740862,"6":0.1742883122,"7":0.0970597549,"8":0.1305983701,"9":0.1815667688,"10":0.0656230992,"11":0.0162809975,"12":0.0733384741,"13":0.1837591376,"14":0.1205261613,"15":0.1428357027,"16":0.0065236986,"17":0.1893893219,"18":0.145367639,"19":0.0577560021,"20":0.1523555778,"21":0.1046685073,"22":null,"23":0.0662576152,"24":0.0246334441,"25":0.0871746224},"sentiment_std":{"0":0.0,"1":0.3393041471,"2":0.5246940365,"3":0.0,"4":0.5529222829,"5":0.0,"6":0.409828463,"7":0.2491482088,"8":0.3963366611,"9":0.3333333333,"10":0.3982284,"11":0.0,"12":0.2962967516,"13":0.4672567065,"14":0.3661560381,"15":0.2484953398,"16":0.0,"17":0.5245981815,"18":0.48306261,"19":0.2324952775,"20":0.383534243,"21":0.3887980373,"22":null,"23":0.1490711985,"24":0.4714045208,"25":0.2294157339},"sentiment_pv":{"0":3.142868638e-107,"1":0.0764333551,"2":0.0559868242,"3":3.142868638e-107,"4":0.2312185057,"5":3.142868638e-107,"6":0.1449042675,"7":0.0739624511,"8":0.2973825328,"9":0.8254382889,"10":0.2911663739,"11":3.142868638e-107,"12":0.0933716602,"13":0.1136408878,"14":0.0002826399,"15":0.0000486777,"16":3.142868638e-107,"17":0.0563845136,"18":0.2350874207,"19":0.0000917095,"20":0.786449842,"21":0.1310715671,"22":null,"23":0.0070719357,"24":0.5792291315,"25":0.5377851768},"main_pv":{"0":0.4090591079,"1":0.6161400139,"2":0.103265529,"3":0.0856372939,"4":0.0001442295,"5":0.2847986172,"6":0.4896372022,"7":0.5155089738,"8":0.0250361972,"9":0.6879090867,"10":0.8759372584,"11":0.5355712988,"12":0.2238449665,"13":0.5432849455,"14":0.1446214681,"15":0.0044583078,"16":0.2739058224,"17":0.1025587811,"18":0.4310979897,"19":0.587283432,"20":0.516709956,"21":0.0259322491,"22":null,"23":0.026922369,"24":0.4531731249,"25":0.544348237},"count":{"0":9,"1":790,"2":2624,"3":17,"4":138,"5":8,"6":497,"7":49,"8":93,"9":9,"10":45,"11":2,"12":124,"13":2898,"14":711,"15":195,"16":5,"17":2625,"18":3785,"19":74,"20":39,"21":204,"22":1,"23":45,"24":10,"25":19},"nb_en":{"0":1,"1":181,"2":1407,"3":2,"4":121,"5":1,"6":142,"7":9,"8":22,"9":1,"10":12,"11":0,"12":28,"13":1102,"14":178,"15":33,"16":1,"17":1407,"18":1581,"19":11,"20":13,"21":59,"22":0,"23":2,"24":4,"25":8},"nb_de":{"0":8,"1":566,"2":373,"3":15,"4":5,"5":7,"6":13,"7":40,"8":71,"9":0,"10":33,"11":2,"12":95,"13":12,"14":525,"15":50,"16":4,"17":374,"18":2123,"19":41,"20":5,"21":144,"22":1,"23":43,"24":6,"25":11},"nb_fr":{"0":0,"1":43,"2":844,"3":0,"4":12,"5":0,"6":342,"7":0,"8":0,"9":8,"10":0,"11":0,"12":1,"13":1784,"14":8,"15":112,"16":0,"17":844,"18":81,"19":22,"20":21,"21":1,"22":0,"23":0,"24":0,"25":0}}