{"canton":{"0":"NE","1":"GE","2":"GL","3":"BE","4":"SZ","5":"TG","6":"UR","7":"FR","8":"BS","9":"BL","10":"ZH","11":"VD","12":"SG","13":"GR","14":"ZG","15":"AR","16":"LU","17":"TI","18":"JU","19":"AG","20":"SH","21":"VS","22":"AI","23":"SO","24":"NW"},"main_mean":{"0":0.0724537317,"1":-0.0024405278,"2":0.0174493411,"3":-0.0070979113,"4":0.0054240894,"5":0.0006749888,"6":-0.1895240191,"7":0.0031091068,"8":0.0012323498,"9":0.0066616485,"10":0.0047267697,"11":0.007275353,"12":0.0323040003,"13":-0.0077565795,"14":0.0174427882,"15":0.0255868261,"16":-0.0264222129,"17":-0.034019198,"18":-0.0510971626,"19":0.0084586984,"20":-0.00543687,"21":0.000431113,"22":0.0,"23":0.0160023679,"24":0.0},"sentiment_mean":{"0":0.1379310345,"1":0.0970777613,"2":0.10703667,"3":0.0873440285,"4":0.3333333333,"5":0.5,"6":-0.3333333333,"7":-0.0062893082,"8":0.0379746835,"9":0.015625,"10":0.1437659033,"11":0.0662460568,"12":0.1384615385,"13":0.0192307692,"14":0.1070897372,"15":0.0,"16":0.0,"17":0.1166666667,"18":-0.1111111111,"19":0.0101010101,"20":-0.0416666667,"21":-0.0425531915,"22":0.0,"23":0.037037037,"24":0.0},"main_std":{"0":0.2339657221,"1":0.1990656153,"2":0.1845768605,"3":0.1551209162,"4":0.0123743717,"5":0.0009545782,"6":0.1969160803,"7":0.1755749616,"8":0.1405848613,"9":0.0134716419,"10":0.1493207017,"11":0.1380896651,"12":0.1191143218,"13":0.0698413724,"14":0.184622398,"15":0.0657068964,"16":0.1577698386,"17":0.1934064549,"18":0.0982016213,"19":0.11422464,"20":0.0206976455,"21":0.076481904,"22":null,"23":0.0847699655,"24":null},"sentiment_std":{"0":0.3509312032,"1":0.4479735004,"2":0.5022902823,"3":0.4446510321,"4":0.5,"5":0.7071067812,"6":0.5,"7":0.2867728635,"8":0.3133576106,"9":0.125,"10":0.5228196776,"11":0.3061026592,"12":0.3467198712,"13":0.2417570175,"14":0.5024091843,"15":0.0,"16":0.3517262291,"17":0.5373969838,"18":0.3333333333,"19":0.2256487018,"20":0.2041241452,"21":0.291729983,"22":null,"23":0.1924500897,"24":null},"sentiment_pv":{"0":0.5865623272,"1":0.6536138265,"2":0.6762021339,"3":0.4484277868,"4":0.2026565769,"5":0.5719935745,"6":0.0310432588,"7":0.000006097,"8":0.0000064249,"9":0.0000011139,"10":0.0003563829,"11":0.0451428354,"12":0.2377044862,"13":0.0177915145,"14":0.6731185896,"15":4.987347174e-109,"16":0.0053466147,"17":0.7663717065,"18":0.0915072742,"19":0.0001296754,"20":0.0022451639,"21":0.0014753767,"22":null,"23":0.0931927562,"24":null},"main_pv":{"0":0.1432709528,"1":0.0466290363,"2":0.0183070026,"3":0.0376128206,"4":0.7329617119,"5":0.0009641552,"6":0.0172352383,"7":0.7827805749,"8":0.3545952335,"9":0.8926487927,"10":0.5191563848,"11":0.9704951711,"12":0.0180520757,"13":0.1395138162,"14":0.0184295534,"15":0.6724701815,"16":0.0396750776,"17":0.0224668033,"18":0.1141467044,"19":0.8989361695,"20":0.010280991,"21":0.5641309826,"22":null,"23":0.586866263,"24":null},"count":{"0":29,"1":2019,"2":2018,"3":561,"4":9,"5":2,"6":9,"7":159,"8":553,"9":64,"10":2358,"11":317,"12":130,"13":52,"14":2017,"15":3,"16":98,"17":120,"18":9,"19":99,"20":24,"21":47,"22":1,"23":27,"24":1},"nb_en":{"0":9,"1":723,"2":1048,"3":201,"4":5,"5":1,"6":6,"7":32,"8":129,"9":2,"10":1117,"11":62,"12":17,"13":5,"14":1048,"15":0,"16":22,"17":96,"18":2,"19":18,"20":6,"21":11,"22":0,"23":2,"24":0},"nb_de":{"0":0,"1":11,"2":344,"3":338,"4":4,"5":1,"6":3,"7":58,"8":418,"9":62,"10":1159,"11":3,"12":113,"13":46,"14":343,"15":3,"16":75,"17":9,"18":0,"19":81,"20":18,"21":22,"22":1,"23":25,"24":1}}