{"canton":{"0":"NE","1":"GE","2":"GL","3":"BE","4":"SZ","5":"TG","6":"UR","7":"FR","8":"BS","9":"BL","10":"ZH","11":"OW","12":"VD","13":"SG","14":"GR","15":"ZG","16":"AR","17":"LU","18":"TI","19":"JU","20":"AG","21":"SH","22":"VS","23":"AI","24":"SO","25":"NW"},"main_mean":{"0":-0.0168477539,"1":-0.0030906723,"2":0.005580695,"3":-0.0031986682,"4":0.0053289073,"5":-0.0132405092,"6":-0.0303429097,"7":-0.0305372196,"8":-0.0077505959,"9":-0.0496787442,"10":-0.0030047174,"11":-0.0111124077,"12":-0.0063424339,"13":0.0301420178,"14":-0.0099819723,"15":0.0055696169,"16":0.0030273268,"17":0.0158624897,"18":-0.0650963238,"19":-0.0260757088,"20":0.0073644791,"21":-0.0024061127,"22":-0.0045895839,"23":-0.0489295107,"24":0.0219417076,"25":-0.0486867211},"sentiment_mean":{"0":0.1025641026,"1":0.0707384403,"2":0.1066666667,"3":0.0632911392,"4":0.0,"5":0.0526315789,"6":0.0,"7":0.0102564103,"8":0.0337552743,"9":0.0,"10":0.0961690885,"11":0.0,"12":0.0583501006,"13":0.1290322581,"14":0.0204081633,"15":0.1067073171,"16":0.0,"17":0.1274509804,"18":0.0289855072,"19":0.1111111111,"20":0.0403225806,"21":0.0222222222,"22":-0.027027027,"23":0.0,"24":0.0222222222,"25":0.0},"main_std":{"0":0.1523555778,"1":0.1837591376,"2":0.1893893219,"3":0.1255875973,"4":0.0246334441,"5":0.0871746224,"6":0.1014838559,"7":0.1428357027,"8":0.1205261613,"9":0.1097774785,"10":0.145367639,"11":0.0162809975,"12":0.1742883122,"13":0.1305983701,"14":0.0970597549,"15":0.1894245695,"16":0.0065236986,"17":0.1046685073,"18":0.1923819237,"19":0.1815667688,"20":0.0733384741,"21":0.0656230992,"22":0.0577560021,"23":null,"24":0.0662576152,"25":0.1167740862},"sentiment_std":{"0":0.383534243,"1":0.4672567065,"2":0.5245981815,"3":0.3393041471,"4":0.4714045208,"5":0.2294157339,"6":0.0,"7":0.2484953398,"8":0.3661560381,"9":0.0,"10":0.48306261,"11":0.0,"12":0.409828463,"13":0.3963366611,"14":0.2491482088,"15":0.5246940365,"16":0.0,"17":0.3887980373,"18":0.5529222829,"19":0.3333333333,"20":0.2962967516,"21":0.3982284,"22":0.2324952775,"23":null,"24":0.1490711985,"25":0.0},"sentiment_pv":{"0":0.786449842,"1":0.1136408878,"2":0.0563845136,"3":0.0764333551,"4":0.5792291315,"5":0.5377851768,"6":3.142868638e-107,"7":0.0000486777,"8":0.0002826399,"9":3.142868638e-107,"10":0.2350874207,"11":3.142868638e-107,"12":0.1449042675,"13":0.2973825328,"14":0.0739624511,"15":0.0559868242,"16":3.142868638e-107,"17":0.1310715671,"18":0.2312185057,"19":0.8254382889,"20":0.0933716602,"21":0.2911663739,"22":0.0000917095,"23":null,"24":0.0070719357,"25":3.142868638e-107},"main_pv":{"0":0.516709956,"1":0.5432849455,"2":0.1025587811,"3":0.6161400139,"4":0.4531731249,"5":0.544348237,"6":0.4090591079,"7":0.0044583078,"8":0.1446214681,"9":0.0856372939,"10":0.4310979897,"11":0.5355712988,"12":0.4896372022,"13":0.0250361972,"14":0.5155089738,"15":0.103265529,"16":0.2739058224,"17":0.0259322491,"18":0.0001442295,"19":0.6879090867,"20":0.2238449665,"21":0.8759372584,"22":0.587283432,"23":null,"24":0.026922369,"25":0.2847986172},"count":{"0":39,"1":2898,"2":2625,"3":790,"4":10,"5":19,"6":9,"7":195,"8":711,"9":17,"10":3785,"11":2,"12":497,"13":93,"14":49,"15":2624,"16":5,"17":204,"18":138,"19":9,"20":124,"21":45,"22":74,"23":1,"24":45,"25":8},"nb_en":{"0":13,"1":1102,"2":1407,"3":181,"4":4,"5":8,"6":1,"7":33,"8":178,"9":2,"10":1581,"11":0,"12":142,"13":22,"14":9,"15":1407,"16":1,"17":59,"18":121,"19":1,"20":28,"21":12,"22":11,"23":0,"24":2,"25":1},"nb_de":{"0":5,"1":12,"2":374,"3":566,"4":6,"5":11,"6":8,"7":50,"8":525,"9":15,"10":2123,"11":2,"12":13,"13":71,"14":40,"15":373,"16":4,"17":144,"18":5,"19":0,"20":95,"21":33,"22":41,"23":1,"24":43,"25":7}}