{"canton":{"0":"NE","1":"GE","2":"TG","3":"BE","4":"SZ","5":"SO","6":"UR","7":"FR","8":"BS","9":"ZH","10":"OW","11":"VD","12":"SG","13":"GR","14":"AR","15":"LU","16":"GL","17":"TI","18":"JU","19":"AG","20":"SH","21":"VS","22":"AI","23":"BL","24":"NW"},"main_mean":{"0":0.0194158564,"1":0.0092350175,"2":0.006252243,"3":0.0052019421,"4":0.0,"5":0.0413178006,"6":0.0059499184,"7":0.010378837,"8":0.0026026678,"9":0.0065431252,"10":0.0083298858,"11":0.032342761,"12":0.0366174933,"13":-0.0020110087,"14":-0.0074559919,"15":0.0088879486,"16":-0.0496278625,"17":-0.0129882443,"18":0.0109248187,"19":0.0087504682,"20":0.0147066767,"21":0.0200390277,"22":0.0243179607,"23":0.013789619,"24":0.0010999632},"sentiment_mean":{"0":0.1153846154,"1":0.0653594771,"2":0.0,"3":0.0917622523,"4":0.0,"5":0.140625,"6":0.0,"7":0.0281690141,"8":0.0355191257,"9":0.1233155352,"10":0.0,"11":0.068907563,"12":0.1282051282,"13":0.0338983051,"14":0.0,"15":0.0625,"16":0.0,"17":0.1428571429,"18":0.0,"19":0.052173913,"20":0.1044776119,"21":0.0,"22":0.0,"23":0.0169491525,"24":0.0},"main_std":{"0":0.1095147225,"1":0.1546180186,"2":0.0448028045,"3":0.0975426459,"4":0.0,"5":0.1551705301,"6":0.0099817996,"7":0.1761254996,"8":0.1003948372,"9":0.1320476842,"10":0.011165725,"11":0.1594525986,"12":0.1140464959,"13":0.0587460526,"14":0.0550279201,"15":0.0878282371,"16":null,"17":0.1716391826,"18":0.0664617435,"19":0.1098930208,"20":0.0788985254,"21":0.1086111853,"22":null,"23":0.0639861717,"24":0.0203314882},"sentiment_std":{"0":0.4708709558,"1":0.4918133202,"2":0.0,"3":0.3902851078,"4":0.0,"5":0.3503824441,"6":0.0,"7":0.3561747514,"8":0.3074018539,"9":0.498520692,"10":0.0,"11":0.3673886141,"12":0.3541085804,"13":0.260377822,"14":0.0,"15":0.3406925719,"16":null,"17":0.5372706895,"18":0.0,"19":0.2915018059,"20":0.3539529312,"21":0.2886751346,"22":null,"23":0.130188911,"24":0.0},"sentiment_pv":{"0":0.6955749123,"1":0.0229365549,"2":1.453738612e-84,"3":0.8734546805,"4":1.453738612e-84,"5":0.2510862307,"6":1.453738612e-84,"7":0.0438742574,"8":0.0000109588,"9":0.0002379231,"10":1.453738612e-84,"11":0.1883427334,"12":0.1809868825,"13":0.1084665492,"14":1.453738612e-84,"15":0.2996439434,"16":null,"17":0.330793802,"18":1.453738612e-84,"19":0.1767192519,"20":0.7337665346,"21":0.0103944148,"22":null,"23":0.0000993561,"24":1.453738612e-84},"main_pv":{"0":0.5057461837,"1":0.9912316339,"2":0.8324636329,"3":0.2435519897,"4":0.0,"5":0.1034696274,"6":0.4419612244,"7":0.936724856,"8":0.0950791741,"9":0.2880850114,"10":0.8737417029,"11":0.0005597989,"12":0.0034242754,"13":0.1539530317,"14":0.4544607857,"15":0.9633777694,"16":null,"17":0.2050340429,"18":0.9435706925,"19":0.9654929854,"20":0.5732784613,"21":0.3991698525,"22":null,"23":0.5883782289,"24":0.3776033928},"count":{"0":52,"1":2601,"2":11,"3":959,"4":3,"5":64,"6":7,"7":142,"8":732,"9":3933,"10":5,"11":595,"12":156,"13":59,"14":7,"15":176,"16":1,"17":98,"18":8,"19":115,"20":67,"21":73,"22":1,"23":59,"24":6},"nb_en":{"0":19,"1":1152,"2":2,"3":267,"4":0,"5":6,"6":0,"7":18,"8":144,"9":1784,"10":0,"11":134,"12":19,"13":7,"14":1,"15":38,"16":0,"17":90,"18":2,"19":18,"20":12,"21":11,"22":0,"23":3,"24":1},"nb_de":{"0":7,"1":11,"2":9,"3":634,"4":3,"5":58,"6":7,"7":12,"8":569,"9":2061,"10":5,"11":10,"12":137,"13":52,"14":6,"15":137,"16":1,"17":6,"18":0,"19":96,"20":55,"21":50,"22":1,"23":56,"24":5}}