{"canton":{"0":"NE","1":"GE","2":"GL","3":"BE","4":"SZ","5":"TG","6":"UR","7":"FR","8":"BS","9":"BL","10":"ZH","11":"OW","12":"VD","13":"SG","14":"GR","15":"ZG","16":"AR","17":"LU","18":"TI","19":"JU","20":"AG","21":"SH","22":"VS","23":"AI","24":"SO","25":"NW"},"main_mean":{"0":0.0036415447,"1":-0.0156333556,"2":0.0151846143,"3":-0.0127860884,"4":0.0745989008,"5":0.0301518029,"6":-0.004507441,"7":-0.0006191992,"8":0.001632214,"9":0.0076288099,"10":-0.0008371999,"11":-0.020283108,"12":0.0058763305,"13":0.0574447871,"14":0.0887311339,"15":0.0152504551,"16":0.0393821697,"17":-0.0051680399,"18":-0.0801137244,"19":-0.0156334119,"20":0.0098693799,"21":-0.0101515791,"22":0.0062860115,"23":0.0,"24":0.0111353537,"25":-0.0133739255},"sentiment_mean":{"0":0.1081081081,"1":0.0716763006,"2":0.0993839836,"3":0.0632411067,"4":0.2857142857,"5":0.0,"6":0.0,"7":-0.0131578947,"8":0.060857538,"9":0.0307692308,"10":0.0998151571,"11":0.0,"12":0.0639175258,"13":0.14375,"14":0.1,"15":0.0997115781,"16":0.0,"17":0.0526315789,"18":0.2213114754,"19":0.0714285714,"20":0.025862069,"21":0.0256410256,"22":0.1162790698,"23":0.0,"24":0.03125,"25":0.0},"main_std":{"0":0.1725762453,"1":0.1685439092,"2":0.192859872,"3":0.1531783613,"4":0.1293599442,"5":0.0574435996,"6":0.0214821354,"7":0.1533721054,"8":0.1273319526,"9":0.0207522343,"10":0.1444540057,"11":0.0286846464,"12":0.1874109246,"13":0.1906195284,"14":0.2276595747,"15":0.19316517,"16":0.0349168976,"17":0.1566990657,"18":0.2498152048,"19":0.1500424783,"20":0.1137812636,"21":0.059369045,"22":0.1072446293,"23":null,"24":0.082200855,"25":0.0235502628},"sentiment_std":{"0":0.3932615601,"1":0.4573853013,"2":0.5046818909,"3":0.3894459004,"4":0.4879500365,"5":0.0,"6":0.0,"7":0.2815953159,"8":0.3633528621,"9":0.1740358053,"10":0.4682947989,"11":0.0,"12":0.3432301492,"13":0.4173422196,"14":0.3077935056,"15":0.5054810048,"16":0.0,"17":0.3812655354,"18":0.5822767381,"19":0.2672612419,"20":0.2453464949,"21":0.2797724157,"22":0.3570666325,"23":null,"24":0.25,"25":0.0},"sentiment_pv":{"0":0.7553125153,"1":0.0995405552,"2":0.2879907987,"3":0.0944285181,"4":0.3244635106,"5":4.431847467e-113,"6":4.431847467e-113,"7":0.0000234659,"8":0.0557753305,"9":0.0114331889,"10":0.1578992403,"11":4.431847467e-113,"12":0.1378960214,"13":0.093853734,"14":0.8610531242,"15":0.275968214,"16":4.431847467e-113,"17":0.2097854557,"18":0.0127993044,"19":0.822823089,"20":0.0083892483,"21":0.1750009376,"22":0.4632719594,"23":null,"24":0.0772922483,"25":4.431847467e-113},"main_pv":{"0":0.9530753395,"1":0.0000010632,"2":0.0014787622,"3":0.0103432547,"4":0.1879849359,"5":0.0900918439,"6":0.5405086076,"7":0.8371675154,"8":0.947412908,"9":0.0562019343,"10":0.3079117586,"11":0.4700931383,"12":0.6499061258,"13":0.0003339404,"14":0.1046745616,"15":0.0014449628,"16":0.370605314,"17":0.5346283432,"18":0.000427666,"19":0.6682635571,"20":0.4594222604,"21":0.2150505188,"22":0.7112012645,"23":null,"24":0.3795223611,"25":0.3764963198},"count":{"0":37,"1":2595,"2":2435,"3":759,"4":7,"5":14,"6":5,"7":152,"8":723,"9":65,"10":3787,"11":2,"12":485,"13":160,"14":20,"15":2427,"16":2,"17":190,"18":122,"19":14,"20":116,"21":39,"22":86,"23":1,"24":64,"25":3},"nb_en":{"0":11,"1":1054,"2":1310,"3":238,"4":2,"5":3,"6":0,"7":22,"8":190,"9":2,"10":1617,"11":0,"12":103,"13":25,"14":0,"15":1310,"16":0,"17":42,"18":106,"19":1,"20":20,"21":4,"22":18,"23":0,"24":5,"25":0},"nb_de":{"0":5,"1":12,"2":346,"3":476,"4":5,"5":11,"6":5,"7":62,"8":521,"9":63,"10":2103,"11":2,"12":9,"13":135,"14":20,"15":338,"16":2,"17":148,"18":4,"19":0,"20":95,"21":35,"22":42,"23":1,"24":59,"25":3}}