{"canton":{"0":"UR","1":"NW","2":"BE","3":"ZG","4":"BL","5":"TI","6":"TG","7":"VD","8":"GR","9":"SG","10":"JU","11":"SH","12":"OW","13":"AG","14":"GE","15":"BS","16":"FR","17":"AR","18":"GL","19":"ZH","20":"SO","21":"NE","22":"LU","23":"VS","24":"SZ"},"main_mean":{"0":0.1107524896,"1":-0.0024448555,"2":-0.0118846312,"3":0.0030307867,"4":0.0320639627,"5":-0.0697666194,"6":-0.025463224,"7":0.0014817561,"8":-0.0009469182,"9":0.0157752998,"10":0.0118365978,"11":0.0097289121,"12":0.0045117614,"13":0.0107539507,"14":-0.020079329,"15":-0.002492814,"16":0.0082156583,"17":-0.0102517191,"18":0.0027910416,"19":-0.0039333108,"20":-0.0062375053,"21":0.0084238663,"22":0.0004397566,"23":0.0042490606,"24":0.0000909083},"sentiment_mean":{"0":0.1111111111,"1":0.0,"2":0.0458715596,"3":0.1818181818,"4":0.0,"5":0.1308411215,"6":0.0,"7":0.0542495479,"8":0.0454545455,"9":0.0924855491,"10":-0.1428571429,"11":0.037037037,"12":0.0,"13":0.0265486726,"14":0.073286052,"15":0.0641025641,"16":0.0431034483,"17":0.0,"18":0.1666666667,"19":0.1121545479,"20":0.0,"21":0.1041666667,"22":0.0523255814,"23":0.0602409639,"24":0.0},"main_std":{"0":0.3341189201,"1":0.0209466575,"2":0.1267105842,"3":0.042585309,"4":0.1487286864,"5":0.2114832845,"6":0.0998358334,"7":0.1613895266,"8":0.1322232744,"9":0.1256979107,"10":0.0264598453,"11":0.0684813202,"12":0.0113506739,"13":0.1204610815,"14":0.180731388,"15":0.1553524431,"16":0.1519304298,"17":0.0294795167,"18":0.0406998028,"19":0.1574454917,"20":0.0312255026,"21":0.1766076123,"22":0.1531424518,"23":0.1176453717,"24":0.0001818165},"sentiment_std":{"0":0.3333333333,"1":0.0,"2":0.3714327268,"3":0.5884898863,"4":0.4472135955,"5":0.4774956712,"6":0.0,"7":0.4046212076,"8":0.3015113446,"9":0.3281398526,"10":0.377964473,"11":0.1924500897,"12":0.0,"13":0.2822162605,"14":0.4640691618,"15":0.3386212661,"16":0.3062321194,"17":0.0,"18":0.5646597026,"19":0.4873932433,"20":0.0,"21":0.3712877724,"22":0.3464867091,"23":0.3935268172,"24":0.0},"sentiment_pv":{"0":0.8103413355,"1":1.163581428e-72,"2":0.0050058976,"3":0.4424230916,"4":0.4026480731,"5":0.3100564733,"6":1.163581428e-72,"7":0.1006478328,"8":0.4091337219,"9":0.7244413102,"10":0.1642084887,"11":0.2236367867,"12":1.163581428e-72,"13":0.0365324075,"14":0.3197307201,"15":0.1750805563,"16":0.1629983363,"17":1.163581428e-72,"18":0.4783162759,"19":0.0018924599,"20":1.163581428e-72,"21":0.7029149825,"22":0.2460996859,"23":0.5932970678,"24":1.163581428e-72},"main_pv":{"0":0.3165242408,"1":0.4980908293,"2":0.42908195,"3":0.2344654106,"4":0.2291117689,"5":0.0033638256,"6":0.4184137801,"7":0.1687735013,"8":0.7169482928,"9":0.0141758834,"10":0.0923626941,"11":0.1872843393,"12":0.0389763901,"13":0.0998012344,"14":0.0027686771,"15":0.3717079109,"16":0.2488029314,"17":0.9171605136,"18":0.2045775643,"19":0.1595854973,"20":0.7047490727,"21":0.5171917887,"22":0.4624378046,"23":0.3399259957,"24":0.0000005229},"count":{"0":9,"1":7,"2":872,"3":22,"4":21,"5":107,"6":23,"7":553,"8":44,"9":173,"10":7,"11":27,"12":6,"13":113,"14":2538,"15":624,"16":116,"17":3,"18":24,"19":3727,"20":39,"21":48,"22":172,"23":83,"24":4},"nb_en":{"0":1,"1":0,"2":239,"3":14,"4":5,"5":85,"6":4,"7":140,"8":8,"9":14,"10":1,"11":2,"12":0,"13":13,"14":1021,"15":147,"16":22,"17":0,"18":14,"19":1519,"20":4,"21":17,"22":35,"23":24,"24":0},"nb_de":{"0":8,"1":7,"2":587,"3":4,"4":16,"5":13,"6":19,"7":18,"8":36,"9":158,"10":1,"11":25,"12":6,"13":97,"14":20,"15":466,"16":21,"17":3,"18":6,"19":2127,"20":35,"21":1,"22":136,"23":44,"24":4},"nb_fr":{"0":0,"1":0,"2":46,"3":4,"4":0,"5":9,"6":0,"7":395,"8":0,"9":1,"10":5,"11":0,"12":0,"13":3,"14":1497,"15":11,"16":73,"17":0,"18":4,"19":81,"20":0,"21":30,"22":1,"23":15,"24":0}}