{"canton":{"0":"NE","1":"GE","2":"TG","3":"BE","4":"SZ","5":"GL","6":"UR","7":"FR","8":"BS","9":"BL","10":"ZH","11":"OW","12":"VD","13":"SG","14":"GR","15":"AR","16":"LU","17":"TI","18":"JU","19":"AG","20":"SH","21":"VS","22":"SO","23":"NW"},"main_mean":{"0":-0.0071665863,"1":0.0099011561,"2":0.0154962624,"3":0.0093582828,"4":0.0141354534,"5":0.0,"6":0.0067214082,"7":0.0090164568,"8":0.0066097315,"9":0.0066666684,"10":0.0119126015,"11":0.010753639,"12":0.0122379223,"13":0.0060935549,"14":0.0183716838,"15":-0.0060408509,"16":-0.0078240558,"17":-0.0136953703,"18":0.0153118906,"19":0.0196797141,"20":0.0051487391,"21":-0.0117811549,"22":0.009033329,"23":-0.0018011482},"sentiment_mean":{"0":0.0789473684,"1":0.0729843332,"2":0.05,"3":0.0453108535,"4":0.1666666667,"5":0.0,"6":0.1666666667,"7":0.036199095,"8":0.0375,"9":0.0,"10":0.1221156339,"11":0.0,"12":0.0447761194,"13":0.0291262136,"14":0.0,"15":0.0,"16":0.0047393365,"17":0.0806451613,"18":0.0,"19":0.0652173913,"20":0.0263157895,"21":0.0869565217,"22":0.0,"23":0.0},"main_std":{"0":0.0973001982,"1":0.1613159079,"2":0.0744276563,"3":0.1107531797,"4":0.0252608661,"5":0.0,"6":0.0169386662,"7":0.1153151986,"8":0.1072122012,"9":0.0372622111,"10":0.1285767121,"11":0.0176222725,"12":0.1284562329,"13":0.0876122078,"14":0.0487340819,"15":0.0325804935,"16":0.0891266879,"17":0.1265032257,"18":0.1176699013,"19":0.1366376221,"20":0.0377936874,"21":0.1491052798,"22":0.0282989352,"23":0.0262703235},"sentiment_std":{"0":0.2732763127,"1":0.4597981842,"2":0.2236067977,"3":0.3602794762,"4":0.4082482905,"5":0.0,"6":0.4082482905,"7":0.2307143771,"8":0.361551863,"9":0.0,"10":0.4840515431,"11":0.0,"12":0.3270553074,"13":0.2955987834,"14":0.1810714921,"15":0.0,"16":0.3007550868,"17":0.5194865225,"18":0.0,"19":0.3243527353,"20":0.1607794243,"21":0.4452075007,"22":0.0,"23":0.0},"sentiment_pv":{"0":0.9621463687,"1":0.4180652417,"2":0.5430550477,"3":0.0042381148,"4":0.6295349144,"5":8.42091785e-76,"6":0.6295349144,"7":0.0057745591,"8":0.0021577253,"9":8.42091785e-76,"10":0.0000044161,"11":8.42091785e-76,"12":0.0213026828,"13":0.0806097235,"14":0.000943971,"15":8.42091785e-76,"16":0.0003793111,"17":0.9926849089,"18":8.42091785e-76,"19":0.5713864341,"20":0.0006496122,"21":0.9132317806,"22":8.42091785e-76,"23":8.42091785e-76},"main_pv":{"0":0.2951332704,"1":0.9419269285,"2":0.7300967755,"3":0.938985957,"4":0.68372386,"5":0.0,"6":0.6934117265,"7":0.9357295096,"8":0.4702829149,"9":0.5745826473,"10":0.3583710267,"11":0.8858080934,"12":0.6707120286,"13":0.6845526465,"14":0.172993093,"15":0.1103768478,"16":0.005825057,"17":0.0433141116,"18":0.8956558891,"19":0.3931489732,"20":0.2356716429,"21":0.237844791,"22":0.8939736911,"23":0.2602330321},"count":{"0":38,"1":2617,"2":20,"3":949,"4":6,"5":2,"6":6,"7":221,"8":720,"9":53,"10":3857,"11":6,"12":469,"13":103,"14":62,"15":13,"16":211,"17":124,"18":8,"19":138,"20":114,"21":69,"22":41,"23":8},"nb_en":{"0":11,"1":1069,"2":1,"3":229,"4":2,"5":0,"6":1,"7":25,"8":168,"9":3,"10":1654,"11":0,"12":111,"13":20,"14":2,"15":0,"16":50,"17":103,"18":1,"19":24,"20":6,"21":23,"22":2,"23":0},"nb_de":{"0":6,"1":18,"2":19,"3":672,"4":4,"5":2,"6":5,"7":61,"8":536,"9":50,"10":2135,"11":6,"12":7,"13":82,"14":60,"15":13,"16":160,"17":8,"18":0,"19":114,"20":107,"21":34,"22":38,"23":8}}