{"canton":{"0":"NE","1":"GE","2":"GL","3":"BE","4":"SZ","5":"TG","6":"UR","7":"FR","8":"BS","9":"ZH","10":"SO","11":"VD","12":"OW","13":"SG","14":"GR","15":"ZG","16":"AR","17":"LU","18":"TI","19":"JU","20":"AG","21":"SH","22":"VS","23":"AI","24":"BL","25":"NW"},"main_mean":{"0":0.0101570545,"1":-0.0155033045,"2":-0.0052015977,"3":0.0001358411,"4":0.102616856,"5":0.0034394023,"6":-0.000061538,"7":-0.0019834379,"8":0.0057996802,"9":0.0025716314,"10":0.0197051928,"11":-0.0013383173,"12":0.0,"13":0.0354765493,"14":0.0225548851,"15":-0.0057790149,"16":0.0083720778,"17":-0.0009215094,"18":-0.0258492036,"19":-0.1167968978,"20":0.0211004402,"21":0.0150658741,"22":-0.0220171235,"23":0.02012254,"24":-0.0130421156,"25":-0.1295440212},"sentiment_mean":{"0":0.023255814,"1":0.0560636183,"2":0.25,"3":0.0722021661,"4":0.1428571429,"5":0.0588235294,"6":-0.1666666667,"7":0.0944444444,"8":0.065060241,"9":0.1275594909,"10":0.0392156863,"11":0.0909090909,"12":0.0,"13":0.125,"14":0.0571428571,"15":0.2727272727,"16":0.0,"17":0.0673076923,"18":0.09375,"19":0.0,"20":0.0432432432,"21":0.0714285714,"22":0.0,"23":0.0,"24":-0.0714285714,"25":0.4},"main_std":{"0":0.1218793271,"1":0.1809294892,"2":0.1153012776,"3":0.1448868647,"4":0.2054350828,"5":0.0279649322,"6":0.0001507367,"7":0.1773826216,"8":0.13841383,"9":0.1543835216,"10":0.0741477415,"11":0.1703902848,"12":0.0,"13":0.1422971068,"14":0.1007873903,"15":0.1206490742,"16":0.0095209039,"17":0.0896117383,"18":0.2454009721,"19":0.2165979252,"20":0.1261485684,"21":0.0697389033,"22":0.108934782,"23":0.0273262207,"24":0.0445848763,"25":0.181033167},"sentiment_std":{"0":0.462311588,"1":0.4446692253,"2":0.4423258685,"3":0.3797079887,"4":0.6900655593,"5":0.242535625,"6":0.4082482905,"7":0.3457195916,"8":0.4232203882,"9":0.481657771,"10":0.1960392118,"11":0.3686900851,"12":0.0,"13":0.358299286,"14":0.3380617019,"15":0.4558423058,"16":0.0,"17":0.3337511317,"18":0.5634130017,"19":0.0,"20":0.2516689299,"21":0.2606611802,"22":0.3746343246,"23":0.0,"24":0.2672612419,"25":0.5477225575},"sentiment_pv":{"0":0.3514253677,"1":0.0007054588,"2":0.0896057527,"3":0.2062069358,"4":0.8456063305,"5":0.6064262349,"6":0.1844907485,"7":0.8599226366,"8":0.1075735406,"9":0.000041863,"10":0.0746089972,"11":0.947986487,"12":1.030793793e-85,"13":0.3052219077,"14":0.5723265125,"15":0.0739951788,"16":1.030793793e-85,"17":0.3407494901,"18":0.94583492,"19":1.030793793e-85,"20":0.0153202821,"21":0.6518704633,"22":0.0741960444,"23":1.030793793e-85,"24":0.0420241195,"25":0.2741540436},"main_pv":{"0":0.5129919241,"1":0.0007635128,"2":0.8982698362,"3":0.6652967939,"4":0.2259794679,"5":0.4334581008,"6":0.2030287727,"7":0.98991136,"8":0.1175944982,"9":0.1211918399,"10":0.0424837036,"11":0.9147030847,"12":0.1897367598,"13":0.006395991,"14":0.1578408444,"15":0.889425584,"16":0.0664900267,"17":0.8483050702,"18":0.3474865492,"19":0.1510263791,"20":0.01441526,"21":0.121045312,"22":0.1729176278,"23":0.453913067,"24":0.3811486252,"25":0.190726797},"count":{"0":43,"1":2515,"2":24,"3":831,"4":7,"5":17,"6":6,"7":180,"8":830,"9":3614,"10":51,"11":528,"12":2,"13":112,"14":35,"15":22,"16":5,"17":208,"18":96,"19":9,"20":185,"21":42,"22":58,"23":2,"24":14,"25":5},"nb_en":{"0":19,"1":910,"2":10,"3":210,"4":4,"5":2,"6":2,"7":31,"8":247,"9":1386,"10":1,"11":123,"12":0,"13":19,"14":5,"15":10,"16":0,"17":46,"18":79,"19":1,"20":9,"21":4,"22":13,"23":0,"24":2,"25":2},"nb_de":{"0":2,"1":15,"2":6,"3":564,"4":3,"5":15,"6":4,"7":41,"8":559,"9":2139,"10":50,"11":16,"12":2,"13":93,"14":28,"15":4,"16":5,"17":161,"18":6,"19":0,"20":153,"21":38,"22":33,"23":2,"24":12,"25":3}}