{"canton":{"0":"UR","1":"NW","2":"BE","3":"ZG","4":"BL","5":"TI","6":"TG","7":"VD","8":"SG","9":"JU","10":"SH","11":"OW","12":"AG","13":"GE","14":"BS","15":"FR","16":"SO","17":"AR","18":"GL","19":"ZH","20":"VS","21":"NE","22":"LU","23":"GR","24":"SZ"},"main_mean":{"0":-0.030199052,"1":0.0002222198,"2":0.0096341297,"3":0.0260184271,"4":0.0073130598,"5":-0.0031634981,"6":-0.0285487303,"7":0.016275102,"8":0.0395486928,"9":0.0529690805,"10":0.0026381359,"11":0.0004444395,"12":0.0230160225,"13":0.0148422856,"14":0.0079103399,"15":0.0103414225,"16":0.0332756841,"17":0.0033003382,"18":0.0259952241,"19":0.0111029305,"20":0.0020552955,"21":0.0463268084,"22":0.0249838837,"23":0.0461092746,"24":0.017999775},"sentiment_mean":{"0":0.3333333333,"1":0.0,"2":0.1027874564,"3":0.1204494382,"4":0.0,"5":0.145631068,"6":0.0,"7":0.037037037,"8":0.0886075949,"9":0.0769230769,"10":0.125,"11":0.0,"12":0.0652173913,"13":0.1043902439,"14":0.0490797546,"15":0.0650406504,"16":0.0,"17":0.0,"18":0.1203412663,"19":0.1531449407,"20":0.0222222222,"21":0.0740740741,"22":0.1503759398,"23":0.16,"24":0.0},"main_std":{"0":0.0525765139,"1":0.0003142662,"2":0.1444751518,"3":0.1743609821,"4":0.0364454677,"5":0.1483210374,"6":0.1155349024,"7":0.1428386209,"8":0.1505581844,"9":0.1140481515,"10":0.07721742,"11":null,"12":0.0981552848,"13":0.1809572202,"14":0.1100109421,"15":0.1320403923,"16":0.0883314003,"17":0.006386508,"18":0.1742843544,"19":0.1328750563,"20":0.0872487714,"21":0.1689796137,"22":0.0986349161,"23":0.1134917064,"24":0.0311765248},"sentiment_std":{"0":0.5773502692,"1":0.0,"2":0.4113052057,"3":0.5007725823,"4":0.0,"5":0.5842334846,"6":0.0,"7":0.3766439879,"8":0.3647926498,"9":0.4935481168,"10":0.4212117696,"11":null,"12":0.301008566,"13":0.458986772,"14":0.3558366698,"15":0.3067502161,"16":0.0,"17":0.0,"18":0.5005605755,"19":0.4992211444,"20":0.2601475883,"21":0.3849001795,"22":0.3987906073,"23":0.3741657387,"24":0.0},"sentiment_pv":{"0":0.5775432002,"1":9.687111946e-140,"2":0.5419256826,"3":0.5524473938,"4":9.687111946e-140,"5":0.5803705353,"6":9.687111946e-140,"7":0.0001353747,"8":0.5464782844,"9":0.7933399157,"10":0.8796193686,"11":null,"12":0.0648015183,"13":0.4050533156,"14":0.0000117101,"15":0.0853690138,"16":9.687111946e-140,"17":9.687111946e-140,"18":0.5584565603,"19":0.0006275896,"20":0.0236957089,"21":0.5986840541,"22":0.2935013421,"23":0.5418225888,"24":9.687111946e-140},"main_pv":{"0":0.2517322432,"1":4.525585944e-31,"2":0.1689675008,"3":0.0500235601,"4":0.051747371,"5":0.149052114,"6":0.2597055375,"7":0.7982644463,"8":0.2128897185,"9":0.2935805436,"10":0.2658304282,"11":null,"12":0.5708711605,"13":0.4327644782,"14":0.0245175619,"15":0.5141210864,"16":0.3760211618,"17":0.0029281389,"18":0.0505305435,"19":0.0273294176,"20":0.224120105,"21":0.3953541695,"22":0.4355586954,"23":0.2315554899,"24":0.9924167799},"count":{"0":3,"1":2,"2":574,"3":2225,"4":48,"5":103,"6":9,"7":378,"8":79,"9":13,"10":32,"11":1,"12":138,"13":2050,"14":652,"15":123,"16":28,"17":5,"18":2227,"19":2194,"20":45,"21":27,"22":133,"23":25,"24":3},"nb_en":{"0":1,"1":0,"2":193,"3":1086,"4":0,"5":93,"6":2,"7":98,"8":9,"9":3,"10":6,"11":0,"12":22,"13":735,"14":159,"15":24,"16":3,"17":0,"18":1086,"19":966,"20":5,"21":10,"22":41,"23":1,"24":0},"nb_de":{"0":2,"1":2,"2":353,"3":326,"4":48,"5":4,"6":7,"7":10,"8":70,"9":0,"10":26,"11":1,"12":115,"13":12,"14":483,"15":40,"16":25,"17":5,"18":328,"19":1175,"20":32,"21":0,"22":91,"23":23,"24":3},"nb_fr":{"0":0,"1":0,"2":28,"3":813,"4":0,"5":6,"6":0,"7":270,"8":0,"9":10,"10":0,"11":0,"12":1,"13":1303,"14":10,"15":59,"16":0,"17":0,"18":813,"19":53,"20":8,"21":17,"22":1,"23":1,"24":0}}