{"canton":{"0":"NE","1":"GE","2":"GL","3":"BE","4":"SZ","5":"TG","6":"UR","7":"FR","8":"BS","9":"BL","10":"ZH","11":"OW","12":"VD","13":"SG","14":"GR","15":"ZG","16":"AR","17":"LU","18":"TI","19":"JU","20":"AG","21":"SH","22":"VS","23":"AI","24":"SO"},"main_mean":{"0":-0.0155475257,"1":-0.0146263362,"2":0.0149805296,"3":-0.0052124679,"4":-0.0092469375,"5":0.019688543,"6":-0.137491048,"7":0.0105458567,"8":-0.0003234554,"9":0.0064899621,"10":-0.0014133991,"11":0.0101440432,"12":0.0077085502,"13":0.0442404672,"14":-0.0066755709,"15":0.014986907,"16":-0.0106165784,"17":0.0264373079,"18":-0.0572930447,"19":0.1045749673,"20":0.026585343,"21":0.0095701459,"22":0.0137146534,"23":0.0,"24":0.0573648535},"sentiment_mean":{"0":0.0714285714,"1":0.0519622093,"2":0.109787234,"3":0.0478087649,"4":0.1666666667,"5":0.0,"6":-0.2,"7":0.0253164557,"8":0.0854503464,"9":0.0298507463,"10":0.1202709014,"11":0.0,"12":0.0572831424,"13":0.1134751773,"14":0.0125,"15":0.1098339719,"16":0.0,"17":0.1115537849,"18":0.1589403974,"19":0.2,"20":0.0526315789,"21":0.0434782609,"22":0.0289855072,"23":0.0,"24":0.0625},"main_std":{"0":0.1555834816,"1":0.1736676086,"2":0.1761354732,"3":0.1327393296,"4":0.0197358295,"5":0.0426556054,"6":0.1817291358,"7":0.1447077006,"8":0.133761904,"9":0.0268127509,"10":0.1517844161,"11":0.0343855869,"12":0.1627435938,"13":0.1413402501,"14":0.0597928269,"15":0.1761727054,"16":0.0095406333,"17":0.1086817781,"18":0.223828729,"19":0.1653833413,"20":0.1395253612,"21":0.1030742897,"22":0.1469923959,"23":null,"24":0.1859084056},"sentiment_std":{"0":0.2622652642,"1":0.4597857213,"2":0.498475707,"3":0.3511910787,"4":0.4082482905,"5":0.0,"6":0.4216370214,"7":0.2510961216,"8":0.4323302559,"9":0.1714597977,"10":0.4796879791,"11":0.0,"12":0.3552765951,"13":0.4156268687,"14":0.2512626343,"15":0.4985766945,"16":0.0,"17":0.373504988,"18":0.6334320825,"19":0.4472135955,"20":0.2557161505,"21":0.3624927119,"22":0.4528022063,"23":null,"24":0.2446230274},"sentiment_pv":{"0":0.6795390798,"1":0.0000244605,"2":0.1074567998,"3":0.0001541986,"4":0.6736919477,"5":2.839156797e-133,"6":0.0561577028,"7":0.0012172879,"8":0.6569776082,"9":0.0045706819,"10":0.0006350736,"11":2.839156797e-133,"12":0.0190111527,"13":0.5461761793,"14":0.0061619952,"15":0.1066557417,"16":2.839156797e-133,"17":0.4177138623,"18":0.1984199508,"19":0.6184694527,"20":0.0807421531,"21":0.3681124709,"22":0.2514246947,"23":null,"24":0.4072727612},"main_pv":{"0":0.5490294401,"1":0.0000020012,"2":0.0010419509,"3":0.0865973181,"4":0.2130727904,"5":0.1875075725,"6":0.0378265486,"7":0.4782855182,"8":0.5774636732,"9":0.2390863556,"10":0.1615087932,"11":0.7315321924,"12":0.4216126197,"13":0.0006168034,"14":0.1905265041,"15":0.0010404196,"16":0.1366287038,"17":0.0006391227,"18":0.00135806,"19":0.2389694933,"20":0.0480737393,"21":0.6364351717,"22":0.5225861065,"23":null,"24":0.0460166346},"count":{"0":28,"1":2752,"2":2350,"3":1004,"4":6,"5":12,"6":10,"7":158,"8":866,"9":67,"10":4282,"11":3,"12":611,"13":141,"14":80,"15":2349,"16":3,"17":251,"18":151,"19":5,"20":133,"21":46,"22":69,"23":1,"24":48},"nb_en":{"0":4,"1":1056,"2":1200,"3":252,"4":3,"5":2,"6":4,"7":19,"8":318,"9":2,"10":1736,"11":0,"12":157,"13":18,"14":3,"15":1200,"16":0,"17":52,"18":140,"19":0,"20":17,"21":9,"22":23,"23":0,"24":2},"nb_de":{"0":2,"1":17,"2":383,"3":715,"4":3,"5":10,"6":6,"7":48,"8":527,"9":65,"10":2455,"11":3,"12":9,"13":123,"14":77,"15":382,"16":3,"17":197,"18":3,"19":0,"20":115,"21":37,"22":32,"23":1,"24":46}}