{"canton":{"0":"UR","1":"NW","2":"BE","3":"ZG","4":"BL","5":"TG","6":"TI","7":"VD","8":"GR","9":"SG","10":"JU","11":"SH","12":"OW","13":"AG","14":"GE","15":"BS","16":"FR","17":"AR","18":"GL","19":"ZH","20":"SO","21":"NE","22":"LU","23":"AI","24":"VS","25":"SZ"},"main_mean":{"0":0.0,"1":0.0000666656,"2":-0.010057937,"3":0.0184685337,"4":0.0081999706,"5":-0.0236137974,"6":-0.0424817896,"7":0.0263350856,"8":0.0037030164,"9":0.0371985951,"10":-0.0317093952,"11":0.0041450897,"12":0.0,"13":0.0046562813,"14":0.0005661047,"15":-0.0044170463,"16":-0.0013186918,"17":0.0,"18":0.0184351936,"19":0.0130917965,"20":-0.0150370314,"21":-0.0234013747,"22":0.0144245394,"23":0.0,"24":0.0023066791,"25":0.2014343615},"sentiment_mean":{"0":0.0,"1":0.0,"2":0.0396659708,"3":0.0730910576,"4":0.015625,"5":0.0833333333,"6":0.1398601399,"7":0.0733333333,"8":0.0138888889,"9":0.0483870968,"10":0.0,"11":0.0307692308,"12":0.0,"13":0.0512820513,"14":0.0530835285,"15":0.0415617128,"16":0.0296296296,"17":0.0,"18":0.0729718712,"19":0.1245876681,"20":0.015625,"21":0.0555555556,"22":0.0983606557,"23":0.0,"24":0.0447761194,"25":0.5},"main_std":{"0":0.0,"1":0.000210815,"2":0.1348749796,"3":0.1767452885,"4":0.0274109198,"5":0.1295426921,"6":0.1858022987,"7":0.1562299949,"8":0.0681118023,"9":0.1367797256,"10":0.1628800838,"11":0.0289452234,"12":0.0,"13":0.0883546688,"14":0.1677342597,"15":0.1025085253,"16":0.1399934509,"17":0.0,"18":0.1766030771,"19":0.1480436659,"20":0.130886141,"21":0.1199515068,"22":0.0928027519,"23":null,"24":0.0564770269,"25":0.2915212827},"sentiment_std":{"0":0.0,"1":0.0,"2":0.372083143,"3":0.4966870228,"4":0.125,"5":0.2886751346,"6":0.6004857025,"7":0.3132396644,"8":0.2650036171,"9":0.3573806859,"10":0.0,"11":0.2480694692,"12":0.0,"13":0.2734456789,"14":0.4629079098,"15":0.4043091713,"16":0.2977713422,"17":0.0,"18":0.4962904953,"19":0.4930551845,"20":0.125,"21":0.4747597555,"22":0.3333933772,"23":null,"24":0.3225295768,"25":0.5477225575},"sentiment_pv":{"0":5.452828146e-94,"1":5.452828146e-94,"2":0.0021678659,"3":0.6208638308,"4":0.0002135736,"5":0.9538717581,"6":0.2242641726,"7":0.7042768693,"8":0.0438994469,"9":0.3548440456,"10":5.452828146e-94,"11":0.1292413803,"12":5.452828146e-94,"13":0.2240538364,"14":0.0105834339,"15":0.0132332107,"16":0.0618475933,"17":5.452828146e-94,"18":0.6125396306,"19":0.0000001213,"20":0.0002135736,"21":0.7747775937,"22":0.4243312576,"23":null,"24":0.398702615,"25":0.1180530459},"main_pv":{"0":0.0,"1":0.0,"2":0.0000121009,"3":0.0243264003,"4":0.640760457,"5":0.3893711747,"6":0.000995627,"7":0.0118536501,"8":0.4472519826,"9":0.0289758802,"10":0.4933197972,"11":0.134257815,"12":0.0,"13":0.4656427745,"14":0.0085936827,"15":0.0002155977,"16":0.3555419405,"17":0.0,"18":0.0246794291,"19":0.237069207,"20":0.1333588834,"21":0.1051666884,"22":0.51894769,"23":null,"24":0.2820992112,"25":0.1684856662},"count":{"0":10,"1":10,"2":958,"3":2449,"4":64,"5":12,"6":143,"7":600,"8":72,"9":124,"10":8,"11":65,"12":9,"13":156,"14":2562,"15":794,"16":135,"17":2,"18":2453,"19":3941,"20":64,"21":36,"22":183,"23":1,"24":67,"25":6},"nb_en":{"0":0,"1":0,"2":250,"3":1136,"4":3,"5":4,"6":125,"7":132,"8":6,"9":19,"10":1,"11":8,"12":1,"13":16,"14":980,"15":250,"16":23,"17":0,"18":1136,"19":1674,"20":4,"21":14,"22":47,"23":0,"24":11,"25":4},"nb_de":{"0":10,"1":10,"2":654,"3":367,"4":61,"5":8,"6":6,"7":11,"8":66,"9":104,"10":0,"11":57,"12":8,"13":137,"14":23,"15":534,"16":38,"17":2,"18":371,"19":2153,"20":60,"21":3,"22":135,"23":1,"24":46,"25":2},"nb_fr":{"0":0,"1":0,"2":54,"3":946,"4":0,"5":0,"6":12,"7":457,"8":0,"9":1,"10":7,"11":0,"12":0,"13":3,"14":1559,"15":10,"16":74,"17":0,"18":946,"19":114,"20":0,"21":19,"22":1,"23":0,"24":10,"25":0}}