{"canton":{"0":"NE","1":"GE","2":"GL","3":"BE","4":"SZ","5":"TG","6":"UR","7":"FR","8":"BS","9":"BL","10":"ZH","11":"VD","12":"SG","13":"GR","14":"ZG","15":"AR","16":"LU","17":"TI","18":"JU","19":"AG","20":"SH","21":"VS","22":"SO","23":"NW"},"main_mean":{"0":0.0338994988,"1":0.0145835085,"2":0.0159039833,"3":0.0038717113,"4":0.0159128922,"5":0.0443393239,"6":0.0025249579,"7":0.0226515738,"8":-0.0012640286,"9":0.0147292133,"10":0.0036367794,"11":0.0331639743,"12":0.0064768981,"13":0.0039150117,"14":0.0159165805,"15":0.0,"16":0.0155189137,"17":-0.0013574667,"18":0.0243585247,"19":0.0106487181,"20":0.0191772023,"21":-0.0129325663,"22":0.0226656734,"23":0.0},"sentiment_mean":{"0":0.08,"1":0.0776209677,"2":0.1168963757,"3":0.0791738382,"4":0.0,"5":0.0909090909,"6":0.0,"7":0.0087719298,"8":0.0211726384,"9":0.0,"10":0.1320033956,"11":0.0869565217,"12":0.06,"13":0.0294117647,"14":0.1170158406,"15":0.0,"16":0.0166666667,"17":0.1060606061,"18":0.0,"19":0.0094339623,"20":0.1081081081,"21":0.0204081633,"22":0.05,"23":0.0},"main_std":{"0":0.1553958788,"1":0.1832093884,"2":0.1688303376,"3":0.1168020402,"4":0.0216221355,"5":0.0784122842,"6":0.0043733554,"7":0.0952259867,"8":0.0995870693,"9":0.0973913865,"10":0.1386154768,"11":0.158972973,"12":0.0668358326,"13":0.0416378188,"14":0.1689161205,"15":null,"16":0.1176608151,"17":0.1707858838,"18":0.0553499884,"19":0.0966576304,"20":0.0930279735,"21":0.1866913861,"22":0.0635981274,"23":0.0},"sentiment_std":{"0":0.4932882862,"1":0.4331488635,"2":0.4890166124,"3":0.4440371285,"4":0.0,"5":0.3015113446,"6":0.0,"7":0.210166981,"8":0.3444378727,"9":0.0,"10":0.4936741853,"11":0.3383926797,"12":0.2777979791,"13":0.1702139335,"14":0.4892522635,"15":null,"16":0.409618255,"17":0.5561258542,"18":0.0,"19":0.3235306129,"20":0.3148000939,"21":0.3220892681,"22":0.2236067977,"23":0.0},"sentiment_pv":{"0":0.8549716152,"1":0.0536598891,"2":0.1172209003,"3":0.3144893226,"4":8.91758954e-107,"5":0.9373408653,"6":8.91758954e-107,"7":0.0000199893,"8":0.0000001668,"9":8.91758954e-107,"10":0.0023568213,"11":0.547445877,"12":0.1768990447,"13":0.0016880241,"14":0.1152040634,"15":null,"16":0.0322081523,"17":0.8725041356,"18":8.91758954e-107,"19":0.0060689732,"20":0.850452395,"21":0.0985814763,"22":0.3483663997,"23":8.91758954e-107},"main_pv":{"0":0.4775574709,"1":0.4745484579,"2":0.2776538002,"3":0.1357886234,"4":0.6382621576,"5":0.1949583616,"6":0.0430145965,"7":0.2180121987,"8":0.0031467495,"9":0.7965696572,"10":0.0155823707,"11":0.0129093824,"12":0.4694504035,"13":0.1566411272,"14":0.2767205445,"15":null,"16":0.7082206993,"17":0.3928597387,"18":0.5931394053,"19":0.9329608432,"20":0.6181149622,"21":0.3658897486,"22":0.4423509484,"23":0.0},"count":{"0":25,"1":1984,"2":1959,"3":581,"4":6,"5":11,"6":3,"7":114,"8":614,"9":60,"10":2356,"11":345,"12":100,"13":68,"14":1957,"15":1,"16":120,"17":132,"18":6,"19":106,"20":37,"21":49,"22":20,"23":3},"nb_en":{"0":9,"1":618,"2":987,"3":216,"4":0,"5":3,"6":2,"7":20,"8":130,"9":1,"10":1057,"11":77,"12":18,"13":9,"14":987,"15":1,"16":34,"17":112,"18":0,"19":21,"20":5,"21":11,"22":3,"23":0},"nb_de":{"0":2,"1":23,"2":310,"3":342,"4":6,"5":8,"6":1,"7":21,"8":475,"9":59,"10":1258,"11":12,"12":82,"13":59,"14":308,"15":0,"16":85,"17":5,"18":0,"19":84,"20":32,"21":28,"22":17,"23":3}}