{"canton":{"0":"VD","1":"SG","2":"TI","3":"JU","4":"VS","5":"AG","6":"TG","7":"ZH","8":"SH","9":"BE","10":"BL","11":"NW","12":"BS","13":"AR","14":"SO","15":"LU","16":"GE","17":"GR","18":"NE","19":"FR"},"main_mean":{"0":0.0276441817,"1":0.0433161038,"2":-0.0122088625,"3":0.0,"4":0.0818884493,"5":0.0181205628,"6":0.0,"7":-0.0000713772,"8":0.0547971795,"9":0.0113926301,"10":0.1111074075,"11":0.0,"12":-0.0252976808,"13":-0.1249994792,"14":0.1025121251,"15":0.0293539063,"16":0.0012737193,"17":-0.0837963171,"18":0.0233118591,"19":0.0449718885},"sentiment_mean":{"0":0.2014925373,"1":0.3157894737,"2":0.1444444444,"3":0.0,"4":-0.0909090909,"5":0.2222222222,"6":0.0,"7":0.2275784753,"8":0.4166666667,"9":0.2546816479,"10":0.3333333333,"11":0.0,"12":0.1041666667,"13":0.0,"14":0.5,"15":0.2631578947,"16":0.1085069444,"17":0.0,"18":0.3157894737,"19":0.3333333333},"main_std":{"0":0.1840517437,"1":0.0738789417,"2":0.1785025102,"3":0.0,"4":0.2383030366,"5":0.2522109245,"6":0.0,"7":0.166764483,"8":0.1435484062,"9":0.1509163388,"10":0.1924436749,"11":null,"12":0.2002906779,"13":null,"14":0.0910585681,"15":0.1790879333,"16":0.1532427671,"17":0.1291737208,"18":0.0970062315,"19":0.143048544},"sentiment_std":{"0":0.6803344019,"1":0.5823927254,"2":0.552036294,"3":0.0,"4":0.7006490497,"5":0.6467616668,"6":0.0,"7":0.6894783071,"8":0.6685579234,"9":0.6392007696,"10":0.5773502692,"11":null,"12":0.622635387,"13":null,"14":0.5477225575,"15":0.6851399749,"16":0.7058380308,"17":0.5773502692,"18":0.7492686493,"19":0.7669649888},"sentiment_pv":{"0":0.7981190184,"1":0.3462772643,"2":0.4832271897,"3":1.600224279e-59,"4":0.2194295312,"5":0.8162763177,"6":1.600224279e-59,"7":0.0366926705,"8":0.258047648,"9":0.0932649721,"10":0.702050019,"11":null,"12":0.1245043659,"13":null,"14":0.2196256682,"15":0.4948674776,"16":0.0010386383,"17":0.4267629662,"18":0.4613825235,"19":0.427617849},"main_pv":{"0":0.1185764484,"1":0.0274835703,"2":0.4464999892,"3":0.3874204615,"4":0.2943033994,"5":0.7938132618,"6":0.3874204615,"7":0.616264678,"8":0.2322586708,"9":0.3464003813,"10":0.4307875826,"11":null,"12":0.1044004069,"13":null,"14":0.0429366425,"15":0.3600822461,"16":0.8418555212,"17":0.1283792369,"18":0.3611317371,"19":0.2241492282},"count":{"0":134,"1":19,"2":90,"3":2,"4":11,"5":18,"6":2,"7":1784,"8":12,"9":267,"10":3,"11":1,"12":144,"13":1,"14":6,"15":38,"16":1152,"17":7,"18":19,"19":18},"nb_en":{"0":134,"1":19,"2":90,"3":2,"4":11,"5":18,"6":2,"7":1784,"8":12,"9":267,"10":3,"11":1,"12":144,"13":1,"14":6,"15":38,"16":1152,"17":7,"18":19,"19":18},"nb_de":{"0":0,"1":0,"2":0,"3":0,"4":0,"5":0,"6":0,"7":0,"8":0,"9":0,"10":0,"11":0,"12":0,"13":0,"14":0,"15":0,"16":0,"17":0,"18":0,"19":0}}