{"canton":{"0":"UR","1":"NW","2":"BE","3":"ZG","4":"BL","5":"TG","6":"TI","7":"VD","8":"SG","9":"JU","10":"SH","11":"OW","12":"AG","13":"GE","14":"BS","15":"FR","16":"SO","17":"AR","18":"GL","19":"ZH","20":"VS","21":"NE","22":"LU","23":"AI","24":"GR","25":"SZ"},"main_mean":{"0":-0.0880482051,"1":0.0,"2":-0.0129463486,"3":0.0123572723,"4":0.0018017326,"5":0.0095715842,"6":-0.0965618342,"7":-0.0074573124,"8":0.0113510231,"9":0.0662134156,"10":0.0007208977,"11":0.0003555505,"12":0.0335734996,"13":-0.0136727804,"14":-0.0068401649,"15":-0.0150468077,"16":-0.0094707068,"17":0.017436519,"18":0.0123469745,"19":0.0039390192,"20":-0.0051596773,"21":-0.014261372,"22":0.0036688901,"23":0.0067020275,"24":-0.0384877368,"25":0.0103743669},"sentiment_mean":{"0":-0.25,"1":0.0,"2":0.0442260442,"3":0.0988323603,"4":0.03125,"5":0.0,"6":0.1160714286,"7":0.0726351351,"8":0.0827586207,"9":0.0,"10":0.0243902439,"11":0.0,"12":0.0373831776,"13":0.0858160622,"14":0.0300261097,"15":0.0251572327,"16":-0.0178571429,"17":0.0,"18":0.09875,"19":0.1189448441,"20":0.0377358491,"21":0.1276595745,"22":0.0636363636,"23":0.0,"24":-0.023255814,"25":0.1818181818},"main_std":{"0":0.1493244006,"1":null,"2":0.1241055756,"3":0.2099793135,"4":0.0206041999,"5":0.0194971865,"6":0.1835976917,"7":0.1658298883,"8":0.1092005016,"9":0.07587679,"10":0.0384763481,"11":0.0003355428,"12":0.1493363013,"13":0.1772175472,"14":0.1150865973,"15":0.1276347424,"16":0.065690089,"17":0.0055958064,"18":0.2098920704,"19":0.1575507521,"20":0.1088622456,"21":0.1592927475,"22":0.0730602641,"23":0.013404055,"24":0.1199926789,"25":0.0300087337},"sentiment_std":{"0":0.4629100499,"1":null,"2":0.3443586163,"3":0.5157416581,"4":0.1753680936,"5":0.0,"6":0.5811689946,"7":0.3676345229,"8":0.3228227987,"9":0.0,"10":0.3526900111,"11":0.0,"12":0.3343603763,"13":0.4863736832,"14":0.4127215578,"15":0.2965985552,"16":0.133630621,"17":0.0,"18":0.5155345227,"19":0.4865678028,"20":0.3903777338,"21":0.3965624725,"22":0.2626619171,"23":0.0,"24":0.407569573,"25":0.4045199175},"sentiment_pv":{"0":0.0758108391,"1":null,"2":0.0002436037,"3":0.4762573786,"4":0.0093002295,"5":1.57680796e-122,"6":0.6477155991,"7":0.2429640533,"8":0.765518793,"9":1.57680796e-122,"10":0.2357203803,"11":1.57680796e-122,"12":0.1033406224,"13":0.5982157746,"14":0.0000841695,"15":0.0064916095,"16":0.0000001463,"17":1.57680796e-122,"18":0.4805015837,"19":0.0008894081,"20":0.3276787157,"21":0.5285665636,"22":0.134386427,"23":1.57680796e-122,"24":0.0739355646,"25":0.4731094014},"main_pv":{"0":0.1385812493,"1":null,"2":0.0041210999,"3":0.0071340732,"4":0.5873593597,"5":0.0344571474,"6":0.0000001846,"7":0.2714717126,"8":0.2263910791,"9":0.1802143865,"10":0.9335314362,"11":0.9148162415,"12":0.0233404179,"13":0.000070349,"14":0.1090512765,"15":0.1375727231,"16":0.2810767457,"17":0.0186449184,"18":0.0071395798,"19":0.1850578705,"20":0.7224725017,"21":0.5373935141,"22":0.4994064104,"23":0.4073673995,"24":0.0409538496,"25":0.2914971427},"count":{"0":8,"1":1,"2":814,"3":2398,"4":64,"5":24,"6":112,"7":592,"8":145,"9":4,"10":41,"11":3,"12":107,"13":3088,"14":766,"15":159,"16":56,"17":3,"18":2400,"19":4170,"20":53,"21":47,"22":220,"23":4,"24":43,"25":11},"nb_en":{"0":2,"1":0,"2":217,"3":1277,"4":2,"5":11,"6":100,"7":143,"8":26,"9":1,"10":9,"11":0,"12":13,"13":1236,"14":241,"15":27,"16":1,"17":0,"18":1277,"19":1747,"20":11,"21":13,"22":35,"23":1,"24":7,"25":7},"nb_de":{"0":6,"1":1,"2":560,"3":287,"4":62,"5":13,"6":2,"7":14,"8":119,"9":0,"10":32,"11":3,"12":94,"13":13,"14":507,"15":42,"16":55,"17":3,"18":289,"19":2326,"20":32,"21":1,"22":185,"23":3,"24":35,"25":4},"nb_fr":{"0":0,"1":0,"2":37,"3":834,"4":0,"5":0,"6":10,"7":435,"8":0,"9":3,"10":0,"11":0,"12":0,"13":1839,"14":18,"15":90,"16":0,"17":0,"18":834,"19":97,"20":10,"21":33,"22":0,"23":0,"24":1,"25":0}}