{"canton":{"0":"SG","1":"TI","2":"JU","3":"VS","4":"SO","5":"AG","6":"TG","7":"ZH","8":"SH","9":"LU","10":"BE","11":"BL","12":"GE","13":"BS","14":"GL","15":"SZ","16":"VD","17":"GR","18":"NE","19":"ZG","20":"FR"},"main_mean":{"0":-0.1047114676,"1":-0.0822219848,"2":0.1764695502,"3":0.0553940565,"4":0.0555546296,"5":-0.0092592027,"6":-0.0357801242,"7":-0.015200983,"8":-0.0312496094,"9":-0.0018278722,"10":-0.044905665,"11":-0.299997,"12":-0.0122884543,"13":-0.0496487487,"14":0.1624952606,"15":0.3749906252,"16":0.0006415242,"17":-0.0309088458,"18":-0.0329361251,"19":0.1624952606,"20":-0.0738743564},"sentiment_mean":{"0":0.0555555556,"1":0.1414141414,"2":1.0,"3":0.1666666667,"4":0.3333333333,"5":0.2666666667,"6":0.1666666667,"7":0.2078720787,"8":0.0,"9":0.0909090909,"10":0.2026431718,"11":0.0,"12":0.1581352834,"13":0.1647058824,"14":0.3,"15":1.0,"16":0.2076923077,"17":0.2,"18":0.3571428571,"19":0.3,"20":0.1071428571},"main_std":{"0":0.2895308453,"1":0.1946301859,"2":null,"3":0.2582805624,"4":0.0962234411,"5":0.1101710471,"6":0.2208869992,"7":0.2124908353,"8":0.0624992188,"9":0.2128282039,"10":0.248569743,"11":null,"12":0.1713446046,"13":0.1845326255,"14":0.2252239991,"15":0.530316828,"16":0.2316096473,"17":0.1032426338,"18":0.120784043,"19":0.2252239991,"20":0.2496485515},"sentiment_std":{"0":0.7253576986,"1":0.6062615622,"2":null,"3":0.7071067812,"4":0.5773502692,"5":0.7988086367,"6":0.7527726527,"7":0.7015320542,"8":0.0,"9":0.6306562239,"10":0.6472488206,"11":null,"12":0.7155587558,"13":0.6407661617,"14":0.6749485577,"15":0.0,"16":0.6187779134,"17":0.632455532,"18":0.4972451581,"19":0.6749485577,"20":0.6288900107},"sentiment_pv":{"0":0.4535335646,"1":0.4642320085,"2":null,"3":0.9046182013,"4":0.7035805338,"5":0.705467442,"6":0.9498775161,"7":0.3186848517,"8":6.449047692e-56,"9":0.3905038135,"10":0.7253001666,"11":null,"12":0.2405920254,"13":0.6596507028,"14":0.6097202303,"15":0.0,"16":0.7096730655,"17":0.9496125579,"18":0.2241214463,"19":0.6097202303,"20":0.5093298382},"main_pv":{"0":0.223966131,"1":0.0017707349,"2":null,"3":0.2420740758,"4":0.3139780865,"5":0.7519023111,"6":0.8555902147,"7":0.6007504602,"8":0.7114908308,"9":0.6572118895,"10":0.1182873725,"11":null,"12":0.3181899729,"13":0.0336771838,"14":0.0316935691,"15":0.4846741043,"16":0.3546554059,"17":0.7138307125,"18":0.6635151254,"19":0.0316935691,"20":0.2518090418},"count":{"0":18,"1":99,"2":1,"3":18,"4":3,"5":15,"6":6,"7":1626,"8":4,"9":33,"10":227,"11":1,"12":1094,"13":170,"14":10,"15":2,"16":130,"17":10,"18":14,"19":10,"20":28},"nb_en":{"0":18,"1":99,"2":1,"3":18,"4":3,"5":15,"6":6,"7":1626,"8":4,"9":33,"10":227,"11":1,"12":1094,"13":170,"14":10,"15":2,"16":130,"17":10,"18":14,"19":10,"20":28},"nb_de":{"0":0,"1":0,"2":0,"3":0,"4":0,"5":0,"6":0,"7":0,"8":0,"9":0,"10":0,"11":0,"12":0,"13":0,"14":0,"15":0,"16":0,"17":0,"18":0,"19":0,"20":0}}