{"canton":{"0":"UR","1":"NW","2":"BE","3":"ZG","4":"BL","5":"JU","6":"TI","7":"TG","8":"VD","9":"SG","10":"GR","11":"SH","12":"OW","13":"AG","14":"GE","15":"BS","16":"FR","17":"AR","18":"GL","19":"ZH","20":"SO","21":"NE","22":"LU","23":"AI","24":"VS","25":"SZ"},"main_mean":{"0":-0.0838375562,"1":-0.0185089226,"2":-0.0027666638,"3":0.0392908509,"4":0.023235244,"5":-0.116119985,"6":-0.0622702528,"7":0.0232502113,"8":0.0125056101,"9":0.0303444855,"10":0.0186034126,"11":0.0118520093,"12":-0.0185089226,"13":0.0196298667,"14":-0.0172177805,"15":0.0010022667,"16":0.0146155483,"17":0.0029418514,"18":0.0392908509,"19":0.0019812199,"20":-0.0071721841,"21":0.0688085506,"22":0.0051709783,"23":-0.0591660093,"24":-0.0103912938,"25":0.0424330659},"sentiment_mean":{"0":-0.1666666667,"1":0.0,"2":0.059178744,"3":0.3214285714,"4":0.0666666667,"5":0.0,"6":0.024,"7":0.0952380952,"8":0.0879864636,"9":0.067114094,"10":0.0857142857,"11":0.1282051282,"12":0.0,"13":0.0746268657,"14":0.0648178007,"15":0.0552486188,"16":0.0229007634,"17":0.3333333333,"18":0.3214285714,"19":0.1338121841,"20":-0.015625,"21":0.0638297872,"22":0.0950413223,"23":0.0,"24":0.015625,"25":0.0},"main_std":{"0":0.1773712482,"1":null,"2":0.1325866953,"3":0.1476828188,"4":0.0858299453,"5":0.2128459745,"6":0.2043279908,"7":0.0562005023,"8":0.1784729494,"9":0.1484429586,"10":0.120138808,"11":0.0640572572,"12":null,"13":0.104491605,"14":0.1805858057,"15":0.1423714945,"16":0.1602544284,"17":0.0235733069,"18":0.1476828188,"19":0.1531484733,"20":0.0928246663,"21":0.2188583141,"22":0.1239420989,"23":null,"24":0.0890756826,"25":0.1053089022},"sentiment_std":{"0":0.4082482905,"1":null,"2":0.3681717988,"3":0.6118321864,"4":0.2581988897,"5":0.0,"6":0.5602994591,"7":0.3007926038,"8":0.422712596,"9":0.3796233825,"10":0.3734913631,"11":0.3386884284,"12":null,"13":0.2637743873,"14":0.4990221477,"15":0.4137840345,"16":0.2309062032,"17":0.5163977795,"18":0.6118321864,"19":0.4794034765,"20":0.3329611017,"21":0.3233153878,"22":0.3575739461,"23":null,"24":0.281277556,"25":0.632455532},"sentiment_pv":{"0":0.1824055774,"1":null,"2":0.0182753823,"3":0.0569140266,"4":0.7179287765,"5":4.571741761e-87,"6":0.1835491048,"7":0.9527910518,"8":0.8540913502,"9":0.4429333367,"10":0.9302671701,"11":0.5017032232,"12":null,"13":0.4744393616,"14":0.0085187992,"15":0.0249088203,"16":0.0011941844,"17":0.3029311851,"18":0.0569140266,"19":0.0000027308,"20":0.0130351248,"21":0.5649319076,"22":0.8730887344,"23":null,"24":0.0365956082,"25":0.7381039186},"main_pv":{"0":0.3162057263,"1":null,"2":0.9277847574,"3":0.139989269,"4":0.2535690876,"5":0.1772359856,"6":0.0016338496,"7":0.0444907645,"8":0.0368511155,"9":0.0069605922,"10":0.2917051762,"11":0.1546450662,"12":null,"13":0.0138745959,"14":0.0001073243,"15":0.4462717982,"16":0.2081309866,"17":0.5546566268,"18":0.139989269,"19":0.0799322951,"20":0.7361374448,"21":0.0290397284,"22":0.3033526182,"23":null,"24":0.5253278848,"25":0.3371437383},"count":{"0":6,"1":1,"2":828,"3":28,"4":15,"5":8,"6":125,"7":21,"8":591,"9":149,"10":35,"11":39,"12":1,"13":134,"14":3101,"15":724,"16":131,"17":6,"18":28,"19":3759,"20":64,"21":47,"22":242,"23":1,"24":64,"25":6},"nb_en":{"0":1,"1":0,"2":236,"3":20,"4":0,"5":0,"6":114,"7":6,"8":147,"9":17,"10":6,"11":3,"12":0,"13":15,"14":1400,"15":202,"16":15,"17":1,"18":20,"19":1585,"20":11,"21":10,"22":44,"23":0,"24":12,"25":2},"nb_de":{"0":5,"1":1,"2":545,"3":5,"4":15,"5":0,"6":5,"7":15,"8":24,"9":131,"10":29,"11":36,"12":1,"13":118,"14":23,"15":506,"16":30,"17":5,"18":5,"19":2098,"20":52,"21":4,"22":198,"23":1,"24":39,"25":4},"nb_fr":{"0":0,"1":0,"2":47,"3":3,"4":0,"5":8,"6":6,"7":0,"8":420,"9":1,"10":0,"11":0,"12":0,"13":1,"14":1678,"15":16,"16":86,"17":0,"18":3,"19":76,"20":1,"21":33,"22":0,"23":0,"24":13,"25":0}}