{"canton":{"0":"NE","1":"GE","2":"GL","3":"BE","4":"SZ","5":"TG","6":"UR","7":"FR","8":"BS","9":"ZH","10":"SO","11":"VD","12":"OW","13":"SG","14":"GR","15":"ZG","16":"AR","17":"LU","18":"TI","19":"JU","20":"AG","21":"SH","22":"VS","23":"AI","24":"BL","25":"NW"},"main_mean":{"0":0.011673438,"1":-0.0065359159,"2":0.0223578779,"3":-0.0138929979,"4":-0.0050560863,"5":0.0049693707,"6":-0.1432676978,"7":0.0319922579,"8":0.0149042924,"9":0.0022449094,"10":0.035594533,"11":0.0075967743,"12":0.0,"13":0.0353874128,"14":-0.0031436743,"15":0.0223721039,"16":-0.0092617725,"17":0.0112022458,"18":-0.0620943341,"19":-0.0099906615,"20":-0.0009124349,"21":-0.0174842593,"22":0.0031813557,"23":0.1111098766,"24":0.0044751793,"25":-0.0001777758},"sentiment_mean":{"0":0.1590909091,"1":0.0864197531,"2":0.1223696989,"3":0.0559910414,"4":0.0,"5":0.0,"6":0.0,"7":0.0526315789,"8":0.0681520315,"9":0.1167937054,"10":0.0566037736,"11":0.053285968,"12":0.0,"13":0.1079136691,"14":0.03125,"15":0.1224489796,"16":0.0,"17":0.0991735537,"18":0.0603448276,"19":0.1111111111,"20":0.0687022901,"21":0.0416666667,"22":0.0,"23":-1.0,"24":0.0,"25":0.0},"main_std":{"0":0.099885219,"1":0.1775362952,"2":0.1871612296,"3":0.1336372467,"4":0.013377147,"5":0.0111724091,"6":0.231820714,"7":0.1690858319,"8":0.1387795939,"9":0.1456627582,"10":0.1604893175,"11":0.170080574,"12":0.0,"13":0.1178668083,"14":0.0879635222,"15":0.1872210329,"16":0.0160418605,"17":0.1214967121,"18":0.1482634832,"19":0.1364986227,"20":0.0795024921,"21":0.0667359388,"22":0.1055118031,"23":null,"24":0.0189435717,"25":0.0003079167},"sentiment_std":{"0":0.369989429,"1":0.4529304096,"2":0.5270359775,"3":0.3864296267,"4":0.0,"5":0.0,"6":0.5773502692,"7":0.2923164662,"8":0.373772873,"9":0.4786445318,"10":0.3624221051,"11":0.3539342203,"12":0.0,"13":0.3338542484,"14":0.1767766953,"15":0.5271975228,"16":0.0,"17":0.3260465735,"18":0.5483380916,"19":0.3333333333,"20":0.3326083327,"21":0.2012286206,"22":0.3952847075,"23":null,"24":0.0,"25":0.0},"sentiment_pv":{"0":0.3163115719,"1":0.0771782482,"2":0.0498846253,"3":0.0005748029,"4":3.27682089e-167,"5":3.27682089e-167,"6":0.6554214933,"7":0.029238882,"8":0.0147158655,"9":0.0855068053,"10":0.36287827,"11":0.0014505507,"12":3.27682089e-167,"13":0.8477623375,"14":0.0306603849,"15":0.0491068132,"16":3.27682089e-167,"17":0.8787853746,"18":0.4114429873,"19":0.9396166561,"20":0.2517053317,"21":0.0134603168,"22":0.0411909172,"23":null,"24":3.27682089e-167,"25":3.27682089e-167},"main_pv":{"0":0.8223161121,"1":0.0000233594,"2":0.0000952245,"3":0.0000022408,"4":0.0389206194,"5":0.3785770398,"6":0.1344873854,"7":0.0695244775,"8":0.2006727337,"9":0.022119936,"10":0.2212912981,"11":0.9276195653,"12":0.0000000002,"13":0.0079754381,"14":0.470350896,"15":0.0000945408,"16":0.1970135396,"17":0.7103725545,"18":0.000001393,"19":0.6989515311,"20":0.1964882479,"21":0.0018425799,"22":0.700696102,"23":null,"24":0.3122847832,"25":0.0000000001},"count":{"0":44,"1":2997,"2":3089,"3":893,"4":7,"5":11,"6":7,"7":171,"8":763,"9":4067,"10":53,"11":563,"12":3,"13":139,"14":32,"15":3087,"16":3,"17":242,"18":116,"19":9,"20":131,"21":72,"22":65,"23":1,"24":30,"25":3},"nb_en":{"0":14,"1":1190,"2":1801,"3":279,"4":0,"5":1,"6":3,"7":25,"8":198,"9":1715,"10":13,"11":139,"12":0,"13":16,"14":3,"15":1801,"16":0,"17":33,"18":106,"19":0,"20":17,"21":9,"22":21,"23":1,"24":1,"25":0},"nb_de":{"0":0,"1":15,"2":441,"3":573,"4":7,"5":10,"6":4,"7":29,"8":549,"9":2257,"10":40,"11":10,"12":3,"13":123,"14":29,"15":439,"16":3,"17":207,"18":1,"19":0,"20":113,"21":63,"22":33,"23":0,"24":29,"25":3}}