{"canton":{"0":"UR","1":"BE","2":"ZG","3":"BL","4":"TI","5":"NW","6":"VD","7":"SG","8":"JU","9":"SH","10":"AG","11":"GE","12":"BS","13":"FR","14":"SO","15":"AR","16":"GL","17":"ZH","18":"VS","19":"NE","20":"LU","21":"AI","22":"GR","23":"SZ","24":"TG"},"main_mean":{"0":0.000799984,"1":-0.0100317906,"2":-0.0451874002,"3":0.0599557732,"4":-0.0069866906,"5":-0.1666648148,"6":0.0054574814,"7":0.0229947803,"8":-0.065038001,"9":0.0190041308,"10":-0.0131581431,"11":-0.0041346507,"12":-0.0000853179,"13":0.0069204812,"14":0.0122885169,"15":-0.0098165579,"16":-0.0025223041,"17":0.007791045,"18":0.0048808357,"19":-0.0152166431,"20":0.0222692251,"21":0.0,"22":0.011148101,"23":0.0069221891,"24":-0.003428479},"sentiment_mean":{"0":0.0,"1":0.0985130112,"2":0.3571428571,"3":0.0454545455,"4":0.188034188,"5":0.0,"6":0.0544412607,"7":0.0326086957,"8":0.0,"9":0.0,"10":0.0,"11":0.0865639936,"12":0.03125,"13":0.036036036,"14":0.0612244898,"15":0.0,"16":0.3333333333,"17":0.153815261,"18":0.02,"19":0.03125,"20":0.0841121495,"21":0.0,"22":0.03125,"23":-0.1666666667,"24":0.0},"main_std":{"0":null,"1":0.1489268866,"2":0.2890242773,"3":0.2586943628,"4":0.2077423416,"5":0.2356996415,"6":0.1697994364,"7":0.1269793986,"8":0.1619810172,"9":0.0855418549,"10":0.1086270721,"11":0.1937770084,"12":0.1533002344,"13":0.1499998213,"14":0.0483633732,"15":0.0145898073,"16":0.2838735683,"17":0.1559962027,"18":0.1809146636,"19":0.1181153221,"20":0.1481863661,"21":null,"22":0.0318211456,"23":0.0166187193,"24":0.1497600876},"sentiment_std":{"0":null,"1":0.4178931158,"2":0.6333236938,"3":0.3750901767,"4":0.571320671,"5":0.0,"6":0.2934418036,"7":0.3127716211,"8":0.0,"9":0.0,"10":0.3067859955,"11":0.4638299123,"12":0.413721989,"13":0.1872250919,"14":0.2422260708,"15":0.0,"16":0.5940885258,"17":0.5071163939,"18":0.3774241375,"19":0.1767766953,"20":0.3398527796,"21":null,"22":0.1767766953,"23":0.4082482905,"24":0.5345224838},"sentiment_pv":{"0":null,"1":0.7810754185,"2":0.1584355125,"3":0.4749986549,"4":0.1152414341,"5":5.8312812e-75,"6":0.0032649284,"7":0.0340147315,"8":5.8312812e-75,"9":5.8312812e-75,"10":0.0026432015,"11":0.1541808938,"12":0.0000303321,"13":0.0003960897,"14":0.230611668,"15":5.8312812e-75,"16":0.1196986409,"17":0.0000163157,"18":0.1248993795,"19":0.0289366221,"20":0.5567231266,"21":null,"22":0.0289366221,"23":0.1656768892,"24":0.6001752249},"main_pv":{"0":null,"1":0.0783654585,"2":0.5531691584,"3":0.3043787617,"4":0.6480886448,"5":0.4964670174,"6":0.6989692052,"7":0.1178123571,"8":0.3166634991,"9":0.3603482897,"10":0.2101307339,"11":0.2232619417,"12":0.7621564456,"13":0.7251894511,"14":0.1530657026,"15":0.4560725792,"16":0.9486653104,"17":0.1122241299,"18":0.9065262687,"19":0.4220051217,"20":0.1610971185,"21":null,"22":0.1284205199,"23":0.5014273693,"24":0.9234113555},"count":{"0":1,"1":538,"2":14,"3":22,"4":117,"5":2,"6":349,"7":92,"8":7,"9":22,"10":86,"11":1883,"12":640,"13":111,"14":49,"15":2,"16":18,"17":2490,"18":50,"19":32,"20":107,"21":1,"22":32,"23":6,"24":8},"nb_en":{"0":0,"1":196,"2":7,"3":3,"4":103,"5":1,"6":65,"7":8,"8":2,"9":0,"10":9,"11":736,"12":210,"13":10,"14":0,"15":0,"16":7,"17":1100,"18":15,"19":10,"20":22,"21":0,"22":3,"23":1,"24":4},"nb_de":{"0":1,"1":334,"2":7,"3":19,"4":5,"5":1,"6":11,"7":84,"8":0,"9":22,"10":77,"11":16,"12":419,"13":9,"14":49,"15":2,"16":11,"17":1283,"18":26,"19":3,"20":84,"21":1,"22":29,"23":5,"24":4},"nb_fr":{"0":0,"1":8,"2":0,"3":0,"4":9,"5":0,"6":273,"7":0,"8":5,"9":0,"10":0,"11":1131,"12":11,"13":92,"14":0,"15":0,"16":0,"17":107,"18":9,"19":19,"20":1,"21":0,"22":0,"23":0,"24":0}}