{"canton":{"0":"SG","1":"GL","2":"TI","3":"VS","4":"SO","5":"AG","6":"VD","7":"ZH","8":"TG","9":"BE","10":"BL","11":"GE","12":"SH","13":"AR","14":"SZ","15":"LU","16":"GR","17":"NE","18":"ZG","19":"FR","20":"BS"},"main_mean":{"0":-0.0509942082,"1":0.0084561567,"2":0.0121100334,"3":0.0558079532,"4":0.2499979167,"5":0.0920771383,"6":-0.0003358551,"7":0.0059319684,"8":0.0,"9":-0.0187253764,"10":0.0624992188,"11":0.0039750578,"12":-0.0602266911,"13":-0.02999988,"14":0.151440692,"15":0.0301597763,"16":-0.0074602385,"17":0.0353531482,"18":0.0084561567,"19":-0.0594429831,"20":0.0112818365},"sentiment_mean":{"0":-0.1538461538,"1":0.1607142857,"2":0.1584158416,"3":0.44,"4":1.0,"5":0.2272727273,"6":0.2285714286,"7":0.2514836795,"8":0.0,"9":0.1180555556,"10":0.0,"11":0.1502145923,"12":-0.125,"13":0.25,"14":0.75,"15":0.2162162162,"16":0.1333333333,"17":0.25,"18":0.1607142857,"19":0.1111111111,"20":0.1381578947},"main_std":{"0":0.1727505107,"1":0.1951496395,"2":0.1745755876,"3":0.1163672999,"4":null,"5":0.1931164289,"6":0.2624902814,"7":0.1738206828,"8":null,"9":0.1840496417,"10":0.0883872428,"11":0.1648963585,"12":0.1159047735,"13":0.05999976,"14":0.1149485866,"15":0.201326993,"16":0.0389241655,"17":0.053478729,"18":0.1951496395,"19":0.1236425504,"20":0.131696352},"sentiment_std":{"0":0.3755338081,"1":0.7120044838,"2":0.6120894259,"3":0.5830951895,"4":null,"5":0.6853444168,"6":0.6687695771,"7":0.6793961207,"8":null,"9":0.6729883202,"10":0.0,"11":0.6990633269,"12":0.6408699445,"13":0.5,"14":0.5,"15":0.6296001877,"16":0.6399404734,"17":0.6215815605,"18":0.7120044838,"19":0.4714045208,"20":0.6095198643},"sentiment_pv":{"0":0.0060345226,"1":0.5654072096,"2":0.5776237179,"3":0.045527817,"4":null,"5":0.8176175202,"6":0.5931401714,"7":0.0075425786,"8":null,"9":0.0704484649,"10":1.219764237e-59,"11":0.0955254651,"12":0.2034982199,"13":0.8345578691,"14":0.1120925175,"15":0.8252076223,"16":0.7237913402,"17":0.7573322463,"18":0.5654072096,"19":0.473071828,"20":0.2813244604},"main_pv":{"0":0.2696812813,"1":0.7989767895,"2":0.6685068914,"3":0.0385718856,"4":null,"5":0.0459118581,"6":0.8503919784,"7":0.8039622766,"8":null,"9":0.0394447415,"10":0.5237813792,"11":0.9270667718,"12":0.1585069201,"13":0.3335696965,"14":0.083311937,"15":0.4457270708,"16":0.2687547002,"17":0.0740402542,"18":0.7989767895,"19":0.0429549463,"20":0.544249618},"count":{"0":13,"1":168,"2":101,"3":25,"4":1,"5":22,"6":105,"7":1348,"8":1,"9":288,"10":2,"11":932,"12":8,"13":4,"14":4,"15":37,"16":15,"17":12,"18":168,"19":18,"20":152},"nb_en":{"0":13,"1":168,"2":101,"3":25,"4":1,"5":22,"6":105,"7":1348,"8":1,"9":288,"10":2,"11":932,"12":8,"13":4,"14":4,"15":37,"16":15,"17":12,"18":168,"19":18,"20":152},"nb_de":{"0":0,"1":0,"2":0,"3":0,"4":0,"5":0,"6":0,"7":0,"8":0,"9":0,"10":0,"11":0,"12":0,"13":0,"14":0,"15":0,"16":0,"17":0,"18":0,"19":0,"20":0}}