{"canton":{"0":"SG","1":"TI","2":"JU","3":"VS","4":"AG","5":"VD","6":"ZH","7":"TG","8":"BE","9":"BL","10":"NW","11":"BS","12":"GL","13":"SZ","14":"LU","15":"GE","16":"GR","17":"NE","18":"ZG","19":"FR"},"main_mean":{"0":0.0178027308,"1":-0.0079198872,"2":-0.2820485427,"3":-0.0023125308,"4":-0.1268496119,"5":-0.0080060738,"6":-0.01151103,"7":-0.0333315556,"8":-0.0534573944,"9":0.0888858149,"10":-0.3333296297,"11":-0.0338337708,"12":-0.0952253982,"13":0.0,"14":-0.0043702097,"15":-0.0129780307,"16":0.0370366255,"17":0.0,"18":-0.0952253982,"19":-0.0052777661},"sentiment_mean":{"0":0.0,"1":0.213592233,"2":0.0,"3":0.0666666667,"4":-0.1111111111,"5":0.2307692308,"6":0.2681818182,"7":0.0,"8":0.2244897959,"9":0.0,"10":0.0,"11":0.0428571429,"12":0.7142857143,"13":-1.0,"14":0.2727272727,"15":0.1711956522,"16":0.3333333333,"17":0.1,"18":0.7142857143,"19":0.4},"main_std":{"0":0.0736304011,"1":0.2205724009,"2":0.0725224088,"3":0.3322209148,"4":0.267175086,"5":0.2323100902,"6":0.1919393194,"7":0.2211018873,"8":0.213437536,"9":0.4729655355,"10":null,"11":0.2149758939,"12":0.4178174639,"13":null,"14":0.1609695315,"15":0.1971887329,"16":0.0641493171,"17":0.0,"18":0.4178174639,"19":0.0597549171},"sentiment_std":{"0":0.755928946,"1":0.6047278668,"2":0.0,"3":0.7037315505,"4":0.78173596,"5":0.5801193511,"6":0.6891109143,"7":0.8164965809,"8":0.641002616,"9":1.0,"10":null,"11":0.6799038974,"12":0.755928946,"13":null,"14":0.6310850959,"15":0.6904886841,"16":0.5773502692,"17":0.316227766,"18":0.755928946,"19":0.5163977795},"sentiment_pv":{"0":0.4545576622,"1":0.9764415524,"2":2.542580557e-52,"3":0.438937566,"4":0.2508193214,"5":0.7962017885,"6":0.0232174999,"7":0.6398694177,"8":0.7904449697,"9":0.7489584575,"10":null,"11":0.0006407529,"12":0.1292491333,"13":null,"14":0.6567614974,"15":0.1597869628,"16":0.7504121382,"17":0.295734502,"18":0.1292491333,"19":0.2799322773},"main_pv":{"0":0.2186008456,"1":0.661116332,"2":0.1201202816,"3":0.8609203519,"4":0.2552579408,"5":0.7416935768,"6":0.3851139631,"7":0.8961441821,"8":0.0240594672,"9":0.7341044705,"10":null,"11":0.2930651076,"12":0.6407381919,"13":null,"14":0.7047993209,"15":0.5752138274,"16":0.2771883074,"17":0.0000124417,"18":0.6407381919,"19":0.5370176685},"count":{"0":8,"1":103,"2":2,"3":15,"4":9,"5":65,"6":1100,"7":4,"8":196,"9":3,"10":1,"11":210,"12":7,"13":1,"14":22,"15":736,"16":3,"17":10,"18":7,"19":10},"nb_en":{"0":8,"1":103,"2":2,"3":15,"4":9,"5":65,"6":1100,"7":4,"8":196,"9":3,"10":1,"11":210,"12":7,"13":1,"14":22,"15":736,"16":3,"17":10,"18":7,"19":10},"nb_de":{"0":0,"1":0,"2":0,"3":0,"4":0,"5":0,"6":0,"7":0,"8":0,"9":0,"10":0,"11":0,"12":0,"13":0,"14":0,"15":0,"16":0,"17":0,"18":0,"19":0}}