{"canton":{"0":"SG","1":"TI","2":"JU","3":"VS","4":"SO","5":"AG","6":"VD","7":"ZH","8":"TG","9":"BE","10":"BL","11":"GE","12":"BS","13":"GL","14":"SZ","15":"LU","16":"SH","17":"NE","18":"ZG","19":"FR"},"main_mean":{"0":0.0118854967,"1":-0.0861080437,"2":0.1111098766,"3":-0.0015896574,"4":0.0000014814,"5":0.0070829504,"6":-0.0077865537,"7":-0.0198962874,"8":0.0,"9":-0.0714464203,"10":0.071427551,"11":-0.0259408372,"12":-0.0218767342,"13":0.0153144757,"14":0.2499967593,"15":-0.0629585881,"16":0.0227270661,"17":-0.0362975417,"18":0.0153144757,"19":-0.0075630748},"sentiment_mean":{"0":0.24,"1":0.2376237624,"2":1.0,"3":0.4444444444,"4":0.2,"5":0.1,"6":0.2038834951,"7":0.1750154607,"8":0.0,"9":0.1386554622,"10":1.0,"11":0.1451612903,"12":0.1526315789,"13":0.1717557252,"14":1.0,"15":0.0714285714,"16":0.0,"17":0.2727272727,"18":0.1717557252,"19":-0.1363636364},"main_std":{"0":0.1264782451,"1":0.2627046345,"2":null,"3":0.1429626541,"4":0.2356970227,"5":0.2642253598,"6":0.2934456166,"7":0.190210048,"8":0.0,"9":0.2192227096,"10":0.1010138114,"11":0.1701325626,"12":0.2158356084,"13":0.2187677225,"14":0.1178504755,"15":0.2984112181,"16":0.0454541322,"17":0.2227939257,"18":0.2187677225,"19":0.2534154996},"sentiment_std":{"0":0.7234178138,"1":0.6188459397,"2":null,"3":0.6156987635,"4":0.8366600265,"5":0.5525062515,"6":0.6471540002,"7":0.6681725783,"8":0.0,"9":0.6378509864,"10":0.0,"11":0.6868665674,"12":0.6447742077,"13":0.6635523551,"14":0.0,"15":0.7120173039,"16":0.8164965809,"17":0.6466697907,"18":0.6635523551,"19":0.6396021491},"sentiment_pv":{"0":0.6213927559,"1":0.2618582923,"2":null,"3":0.0737026974,"4":0.9349487087,"5":0.5920521009,"6":0.5728069094,"7":0.687159929,"8":6.313600113e-83,"9":0.4952598696,"10":0.0,"11":0.3279990763,"12":0.7550176674,"13":0.8329791989,"14":0.0,"15":0.3883852478,"16":0.709189856,"17":0.6014861742,"18":0.8329791989,"19":0.0371685588},"main_pv":{"0":0.4293047042,"1":0.0039232148,"2":null,"3":0.839130128,"4":0.9392076967,"5":0.7942830891,"6":0.9789042343,"7":0.0367856798,"8":0.0013178771,"9":0.0000197292,"10":0.4638808793,"11":0.0031449941,"12":0.4026612244,"13":0.0003093729,"14":0.1981793277,"15":0.2449483493,"16":0.2627403147,"17":0.6885456716,"18":0.0003093729,"19":0.985524611},"count":{"0":25,"1":101,"2":1,"3":18,"4":5,"5":20,"6":103,"7":1617,"8":3,"9":238,"10":2,"11":1054,"12":190,"13":1310,"14":2,"15":42,"16":4,"17":11,"18":1310,"19":22},"nb_en":{"0":25,"1":101,"2":1,"3":18,"4":5,"5":20,"6":103,"7":1617,"8":3,"9":238,"10":2,"11":1054,"12":190,"13":1310,"14":2,"15":42,"16":4,"17":11,"18":1310,"19":22},"nb_de":{"0":0,"1":0,"2":0,"3":0,"4":0,"5":0,"6":0,"7":0,"8":0,"9":0,"10":0,"11":0,"12":0,"13":0,"14":0,"15":0,"16":0,"17":0,"18":0,"19":0}}