{"canton":{"0":"NE","1":"GE","2":"GL","3":"BE","4":"SZ","5":"TG","6":"UR","7":"FR","8":"BS","9":"BL","10":"ZH","11":"OW","12":"VD","13":"SG","14":"GR","15":"ZG","16":"AR","17":"LU","18":"TI","19":"JU","20":"AG","21":"SH","22":"VS","23":"AI","24":"SO","25":"NW"},"main_mean":{"0":0.0315536214,"1":-0.0110616896,"2":0.077544134,"3":-0.0052333623,"4":0.2580090731,"5":-0.0024356922,"6":-0.0367300206,"7":0.0113601007,"8":-0.0032483776,"9":-0.028894067,"10":0.0017596564,"11":-0.068653081,"12":0.0138019486,"13":-0.0062952717,"14":0.0015167372,"15":0.0814213407,"16":-0.0100004394,"17":0.0116737171,"18":-0.0707003043,"19":-0.0463258802,"20":0.0107167095,"21":0.0000123388,"22":0.0426841257,"23":0.0,"24":0.021508255,"25":-0.068653081},"sentiment_mean":{"0":0.1578947368,"1":0.0782573618,"2":0.1428571429,"3":0.0800970874,"4":0.6666666667,"5":0.0454545455,"6":0.0,"7":0.0588235294,"8":0.0562770563,"9":-0.0625,"10":0.1152542373,"11":0.0,"12":0.0770642202,"13":0.0425531915,"14":0.0410958904,"15":0.15,"16":0.0,"17":0.050955414,"18":0.1238938053,"19":0.125,"20":0.0756302521,"21":0.0625,"22":0.0612244898,"23":0.0,"24":0.0652173913,"25":0.0},"main_std":{"0":0.1407502684,"1":0.1790992873,"2":0.1725383278,"3":0.1487510386,"4":0.4262300079,"5":0.1112995311,"6":0.0345780499,"7":0.1873077843,"8":0.1085535068,"9":0.0920480172,"10":0.1563698107,"11":null,"12":0.1862054998,"13":0.1519129606,"14":0.0549764509,"15":0.1760794892,"16":0.0431545247,"17":0.1193943039,"18":0.1879453904,"19":0.2091366071,"20":0.0570088325,"21":0.0592074418,"22":0.1920496707,"23":null,"24":0.0912973076,"25":null},"sentiment_std":{"0":0.3695370215,"1":0.4948557285,"2":0.4780914437,"3":0.3829818295,"4":0.5773502692,"5":0.3750901767,"6":0.0,"7":0.3516093182,"8":0.3459200574,"9":0.25,"10":0.4917306866,"11":null,"12":0.3503236496,"13":0.3566539125,"14":0.2602539446,"15":0.4893604849,"16":0.0,"17":0.3358147067,"18":0.5690333809,"19":0.3535533906,"20":0.3483536063,"21":0.2446230274,"22":0.4285714286,"23":null,"24":0.2496374182,"25":null},"sentiment_pv":{"0":0.2751459809,"1":0.2360775199,"2":0.6268823003,"3":0.4288778007,"4":0.2264515273,"5":0.573171216,"6":1.368241463e-81,"7":0.3207722826,"8":0.012321451,"9":0.0266837982,"10":0.0095467515,"11":null,"12":0.3659132457,"13":0.1918698623,"14":0.1075516908,"15":0.5981853412,"16":1.368241463e-81,"17":0.1401229488,"18":0.5453572362,"19":0.7953556823,"20":0.6282721026,"21":0.4227749601,"22":0.6265108756,"23":null,"24":0.4856663084,"25":null},"main_pv":{"0":0.1537448583,"1":0.0190951022,"2":0.0481086432,"3":0.5253905754,"4":0.4018068146,"5":0.978184456,"6":0.2214276827,"7":0.4477910469,"8":0.7406998198,"9":0.2579978935,"10":0.2413954734,"11":null,"12":0.0562924939,"13":0.7749384482,"14":0.6213438844,"15":0.048177546,"16":0.728994588,"17":0.1661429797,"18":0.0001745104,"19":0.5659252315,"20":0.0241357952,"21":0.8379117616,"22":0.112247009,"23":null,"24":0.0926645119,"25":null},"count":{"0":38,"1":2479,"2":21,"3":824,"4":3,"5":22,"6":3,"7":119,"8":693,"9":16,"10":3835,"11":1,"12":545,"13":94,"14":73,"15":20,"16":4,"17":157,"18":113,"19":8,"20":119,"21":48,"22":49,"23":1,"24":46,"25":1},"nb_en":{"0":14,"1":1094,"2":10,"3":227,"4":2,"5":6,"6":0,"7":28,"8":170,"9":1,"10":1626,"11":0,"12":130,"13":18,"14":10,"15":10,"16":0,"17":33,"18":99,"19":1,"20":15,"21":4,"22":18,"23":0,"24":3,"25":0},"nb_de":{"0":1,"1":16,"2":8,"3":545,"4":1,"5":16,"6":3,"7":22,"8":506,"9":15,"10":2133,"11":1,"12":12,"13":76,"14":63,"15":7,"16":4,"17":122,"18":7,"19":0,"20":104,"21":44,"22":15,"23":1,"24":43,"25":1}}