{"canton":{"0":"UR","1":"NW","2":"BE","3":"BL","4":"TI","5":"TG","6":"VD","7":"SG","8":"JU","9":"SH","10":"OW","11":"AG","12":"GE","13":"BS","14":"FR","15":"SO","16":"AR","17":"GL","18":"ZH","19":"VS","20":"NE","21":"LU","22":"GR","23":"SZ"},"main_mean":{"0":0.0001666639,"1":-0.2020725348,"2":0.0002445331,"3":-0.0015281836,"4":-0.0043893679,"5":0.0999372728,"6":0.0068765179,"7":0.0527051872,"8":-0.0001563832,"9":-0.000594882,"10":0.0,"11":0.0158884185,"12":0.012703887,"13":0.0098752782,"14":-0.0123416236,"15":0.0154013136,"16":-0.011785156,"17":0.111205114,"18":0.0116691657,"19":-0.0124754448,"20":0.0113449472,"21":0.0168542961,"22":0.0647844034,"23":0.1108072123},"sentiment_mean":{"0":0.0,"1":0.0,"2":0.0609756098,"3":0.0172413793,"4":0.1417322835,"5":0.2307692308,"6":0.0525252525,"7":0.097826087,"8":0.0,"9":0.0483870968,"10":0.0,"11":0.0810810811,"12":0.0891251022,"13":0.0500736377,"14":0.0243902439,"15":0.0,"16":-0.25,"17":0.3333333333,"18":0.1490597345,"19":0.0,"20":0.1333333333,"21":0.0675675676,"22":0.1666666667,"23":0.2857142857},"main_std":{"0":0.0003333278,"1":0.2445497375,"2":0.0958384693,"3":0.0295429363,"4":0.1630209874,"5":0.2192521475,"6":0.1588283156,"7":0.1844252364,"8":0.0276903076,"9":0.0073049672,"10":0.0,"11":0.0806035351,"12":0.1630091667,"13":0.0847260861,"14":0.1872195913,"15":0.0814047353,"16":0.048476772,"17":0.1923655264,"18":0.1360726621,"19":0.0869199397,"20":0.2205452425,"21":0.1190306751,"22":0.200701116,"23":0.2044789413},"sentiment_std":{"0":0.0,"1":0.0,"2":0.3905964562,"3":0.2287555433,"4":0.5735493703,"5":0.4385290097,"6":0.3938657765,"7":0.4208777487,"8":0.0,"9":0.2163345432,"10":0.0,"11":0.2741975113,"12":0.5046089124,"13":0.3484002554,"14":0.3123475238,"15":0.2236067977,"16":0.5,"17":0.5773502692,"18":0.5030080479,"19":0.316227766,"20":0.4045199175,"21":0.3558590809,"22":0.3790490218,"23":0.6112498455},"sentiment_pv":{"0":2.024377909e-97,"1":2.024377909e-97,"2":0.0033835096,"3":0.0062252628,"4":0.4563337115,"5":0.3164209571,"6":0.0056576749,"7":0.8974569691,"8":2.024377909e-97,"9":0.0523915832,"10":2.024377909e-97,"11":0.3982508855,"12":0.2028785056,"13":0.0001844429,"14":0.0017307227,"15":0.0053950682,"16":0.2522446684,"17":0.5618211992,"18":0.0000026519,"19":0.0136633761,"20":0.624716016,"21":0.1414505122,"22":0.3702324473,"23":0.2851269112},"main_pv":{"0":0.0,"1":0.4346519652,"2":0.004843957,"3":0.0047020747,"4":0.3058177173,"5":0.1674279081,"6":0.6135071777,"7":0.0313849028,"8":0.348293952,"9":0.0000000002,"10":0.0,"11":0.4952836531,"12":0.5523427297,"13":0.8478957604,"14":0.120975729,"15":0.7071407229,"16":0.424885862,"17":0.4604820851,"18":0.6808106139,"19":0.0443839287,"20":0.9810707211,"21":0.4391368034,"22":0.1499850318,"23":0.0896506278},"count":{"0":4,"1":2,"2":820,"3":58,"4":127,"5":13,"6":495,"7":92,"8":7,"9":62,"10":2,"11":111,"12":2446,"13":679,"14":164,"15":41,"16":4,"17":3,"18":3616,"19":61,"20":45,"21":222,"22":30,"23":14},"nb_en":{"0":0,"1":1,"2":253,"3":1,"4":114,"5":2,"6":147,"7":20,"8":0,"9":11,"10":0,"11":20,"12":1141,"13":170,"14":41,"15":1,"16":1,"17":0,"18":1654,"19":13,"20":10,"21":47,"22":0,"23":6},"nb_de":{"0":4,"1":1,"2":520,"3":57,"4":7,"5":11,"6":8,"7":72,"8":0,"9":51,"10":2,"11":89,"12":11,"13":494,"14":45,"15":40,"16":3,"17":3,"18":1900,"19":31,"20":6,"21":173,"22":30,"23":8},"nb_fr":{"0":0,"1":0,"2":47,"3":0,"4":6,"5":0,"6":340,"7":0,"8":7,"9":0,"10":0,"11":2,"12":1294,"13":15,"14":78,"15":0,"16":0,"17":0,"18":62,"19":17,"20":29,"21":2,"22":0,"23":0}}