{"canton":{"0":"SG","1":"TI","2":"UR","3":"SH","4":"VS","5":"AG","6":"VD","7":"ZH","8":"TG","9":"BE","10":"BL","11":"GE","12":"BS","13":"GL","14":"SO","15":"LU","16":"GR","17":"NE","18":"ZG","19":"FR","20":"AI"},"main_mean":{"0":0.0520692585,"1":-0.0693062072,"2":-0.3416611459,"3":0.0085469428,"4":-0.0053291131,"5":-0.000074909,"6":-0.0205820645,"7":-0.012435436,"8":0.0,"9":-0.0652146613,"10":0.0,"11":-0.0098045344,"12":0.0043326916,"13":0.0233354819,"14":-0.0000002404,"15":-0.0122966774,"16":-0.099999,"17":-0.0323557001,"18":0.0233354819,"19":-0.0236655823,"20":0.1111098766},"sentiment_mean":{"0":0.1875,"1":0.0660377358,"2":0.0,"3":0.3333333333,"4":0.0,"5":0.4117647059,"6":0.1366906475,"7":0.2134110787,"8":0.0,"9":0.1254480287,"10":0.0,"11":0.1840336134,"12":0.1717171717,"13":0.1998889506,"14":-0.0769230769,"15":0.4545454545,"16":0.0,"17":0.5,"18":0.1998889506,"19":0.08,"20":-1.0},"main_std":{"0":0.1209901587,"1":0.1524947292,"2":0.2402201011,"3":0.0256408284,"4":0.1381131109,"5":0.1446281317,"6":0.1979579857,"7":0.199204323,"8":null,"9":0.2041874843,"10":null,"11":0.1706504055,"12":0.2087192471,"13":0.2177008612,"14":0.102060159,"15":0.1443557331,"16":0.1732033487,"17":0.1116471946,"18":0.2177008612,"19":0.2258220103,"20":null},"sentiment_std":{"0":0.5439056291,"1":0.5735249058,"2":1.0,"3":0.5,"4":0.7071067812,"5":0.6183469424,"6":0.6278724006,"7":0.6805737272,"8":null,"9":0.6476557589,"10":null,"11":0.6805582225,"12":0.6536178744,"13":0.6708369473,"14":0.4935481168,"15":0.61699418,"16":0.0,"17":0.5188745217,"18":0.6708369473,"19":0.5715476066,"20":null},"sentiment_pv":{"0":0.9609131093,"1":0.0245497897,"2":0.7685215727,"3":0.428712089,"4":0.2229805646,"5":0.1667778924,"6":0.2863711647,"7":0.2932087227,"8":null,"9":0.0827922451,"10":null,"11":0.6289481526,"12":0.6323205386,"13":0.7506333261,"14":0.071189119,"15":0.0214706743,"16":1.394671819e-131,"17":0.0462843008,"18":0.7506333261,"19":0.3283922583,"20":null},"main_pv":{"0":0.1259090511,"1":0.0000047021,"2":0.1308788167,"3":0.54201518,"4":0.7874520199,"5":0.932917405,"6":0.1677405115,"7":0.004228186,"8":null,"9":0.0000000942,"10":null,"11":0.0204618127,"12":0.9257524445,"13":0.0003142365,"14":0.9194930701,"15":0.5505018262,"16":0.4115368076,"17":0.259333094,"18":0.0003142365,"19":0.5619501416,"20":null},"count":{"0":16,"1":106,"2":3,"3":9,"4":21,"5":17,"6":139,"7":1715,"8":1,"9":279,"10":1,"11":1190,"12":198,"13":1801,"14":13,"15":33,"16":3,"17":14,"18":1801,"19":25,"20":1},"nb_en":{"0":16,"1":106,"2":3,"3":9,"4":21,"5":17,"6":139,"7":1715,"8":1,"9":279,"10":1,"11":1190,"12":198,"13":1801,"14":13,"15":33,"16":3,"17":14,"18":1801,"19":25,"20":1},"nb_de":{"0":0,"1":0,"2":0,"3":0,"4":0,"5":0,"6":0,"7":0,"8":0,"9":0,"10":0,"11":0,"12":0,"13":0,"14":0,"15":0,"16":0,"17":0,"18":0,"19":0,"20":0}}