{"canton":{"0":"UR","1":"NW","2":"BE","3":"ZG","4":"BL","5":"TG","6":"TI","7":"VD","8":"GR","9":"SG","10":"JU","11":"SH","12":"OW","13":"AG","14":"GE","15":"BS","16":"FR","17":"AR","18":"GL","19":"ZH","20":"SO","21":"NE","22":"LU","23":"AI","24":"VS","25":"SZ"},"main_mean":{"0":-0.0367300206,"1":-0.068653081,"2":-0.0052333623,"3":0.0814213407,"4":-0.028894067,"5":-0.0024356922,"6":-0.0707003043,"7":0.0138019486,"8":0.0015167372,"9":-0.0062952717,"10":-0.0463258802,"11":0.0000123388,"12":-0.068653081,"13":0.0107167095,"14":-0.0110616896,"15":-0.0032483776,"16":0.0113601007,"17":-0.0100004394,"18":0.077544134,"19":0.0017596564,"20":0.021508255,"21":0.0315536214,"22":0.0116737171,"23":0.0,"24":0.0426841257,"25":0.2580090731},"sentiment_mean":{"0":0.0,"1":0.0,"2":0.0800970874,"3":0.15,"4":-0.0625,"5":0.0454545455,"6":0.1238938053,"7":0.0770642202,"8":0.0410958904,"9":0.0425531915,"10":0.125,"11":0.0625,"12":0.0,"13":0.0756302521,"14":0.0782573618,"15":0.0562770563,"16":0.0588235294,"17":0.0,"18":0.1428571429,"19":0.1152542373,"20":0.0652173913,"21":0.1578947368,"22":0.050955414,"23":0.0,"24":0.0612244898,"25":0.6666666667},"main_std":{"0":0.0345780499,"1":null,"2":0.1487510386,"3":0.1760794892,"4":0.0920480172,"5":0.1112995311,"6":0.1879453904,"7":0.1862054998,"8":0.0549764509,"9":0.1519129606,"10":0.2091366071,"11":0.0592074418,"12":null,"13":0.0570088325,"14":0.1790992873,"15":0.1085535068,"16":0.1873077843,"17":0.0431545247,"18":0.1725383278,"19":0.1563698107,"20":0.0912973076,"21":0.1407502684,"22":0.1193943039,"23":null,"24":0.1920496707,"25":0.4262300079},"sentiment_std":{"0":0.0,"1":null,"2":0.3829818295,"3":0.4893604849,"4":0.25,"5":0.3750901767,"6":0.5690333809,"7":0.3503236496,"8":0.2602539446,"9":0.3566539125,"10":0.3535533906,"11":0.2446230274,"12":null,"13":0.3483536063,"14":0.4948557285,"15":0.3459200574,"16":0.3516093182,"17":0.0,"18":0.4780914437,"19":0.4917306866,"20":0.2496374182,"21":0.3695370215,"22":0.3358147067,"23":null,"24":0.4285714286,"25":0.5773502692},"sentiment_pv":{"0":1.368241463e-81,"1":null,"2":0.4288778007,"3":0.5981853412,"4":0.0266837982,"5":0.573171216,"6":0.5453572362,"7":0.3659132457,"8":0.1075516908,"9":0.1918698623,"10":0.7953556823,"11":0.4227749601,"12":null,"13":0.6282721026,"14":0.2360775199,"15":0.012321451,"16":0.3207722826,"17":1.368241463e-81,"18":0.6268823003,"19":0.0095467515,"20":0.4856663084,"21":0.2751459809,"22":0.1401229488,"23":null,"24":0.6265108756,"25":0.2264515273},"main_pv":{"0":0.2214276827,"1":null,"2":0.5253905754,"3":0.048177546,"4":0.2579978935,"5":0.978184456,"6":0.0001745104,"7":0.0562924939,"8":0.6213438844,"9":0.7749384482,"10":0.5659252315,"11":0.8379117616,"12":null,"13":0.0241357952,"14":0.0190951022,"15":0.7406998198,"16":0.4477910469,"17":0.728994588,"18":0.0481086432,"19":0.2413954734,"20":0.0926645119,"21":0.1537448583,"22":0.1661429797,"23":null,"24":0.112247009,"25":0.4018068146},"count":{"0":3,"1":1,"2":824,"3":20,"4":16,"5":22,"6":113,"7":545,"8":73,"9":94,"10":8,"11":48,"12":1,"13":119,"14":2479,"15":693,"16":119,"17":4,"18":21,"19":3835,"20":46,"21":38,"22":157,"23":1,"24":49,"25":3},"nb_en":{"0":0,"1":0,"2":227,"3":10,"4":1,"5":6,"6":99,"7":130,"8":10,"9":18,"10":1,"11":4,"12":0,"13":15,"14":1094,"15":170,"16":28,"17":0,"18":10,"19":1626,"20":3,"21":14,"22":33,"23":0,"24":18,"25":2},"nb_de":{"0":3,"1":1,"2":545,"3":7,"4":15,"5":16,"6":7,"7":12,"8":63,"9":76,"10":0,"11":44,"12":1,"13":104,"14":16,"15":506,"16":22,"17":4,"18":8,"19":2133,"20":43,"21":1,"22":122,"23":1,"24":15,"25":1},"nb_fr":{"0":0,"1":0,"2":52,"3":3,"4":0,"5":0,"6":7,"7":403,"8":0,"9":0,"10":7,"11":0,"12":0,"13":0,"14":1369,"15":17,"16":69,"17":0,"18":3,"19":76,"20":0,"21":23,"22":2,"23":0,"24":16,"25":0}}