{"canton":{"0":"UR","1":"NW","2":"BE","3":"BL","4":"TI","5":"TG","6":"VD","7":"GR","8":"SG","9":"JU","10":"SH","11":"OW","12":"AG","13":"GE","14":"BS","15":"FR","16":"AR","17":"GL","18":"ZH","19":"SO","20":"NE","21":"LU","22":"AI","23":"VS","24":"SZ"},"main_mean":{"0":-0.002804972,"1":0.0166338337,"2":0.0071822577,"3":0.0017899685,"4":-0.0252278368,"5":0.0391788569,"6":0.0242443689,"7":-0.011651528,"8":0.0444482479,"9":-0.0312022523,"10":-0.0044452673,"11":-0.0084149159,"12":0.0043003464,"13":0.0091774167,"14":0.0126822126,"15":0.0167540776,"16":0.0146921947,"17":-0.0557534982,"18":0.0110339339,"19":0.0268382459,"20":0.0371681064,"21":0.0238703197,"22":0.300396996,"23":0.0172637839,"24":0.017584921},"sentiment_mean":{"0":0.0,"1":0.2,"2":0.071884984,"3":0.0,"4":0.1052631579,"5":0.2857142857,"6":0.0625,"7":0.0857142857,"8":0.1388888889,"9":0.0,"10":-0.0416666667,"11":0.0,"12":0.0198019802,"13":0.0770276393,"14":0.0765832106,"15":0.0531914894,"16":0.0,"17":0.0,"18":0.1432706223,"19":0.1,"20":0.1176470588,"21":0.1007751938,"22":1.0,"23":0.06,"24":0.0},"main_std":{"0":0.00687075,"1":0.0471689016,"2":0.1308991922,"3":0.0345381173,"4":0.1493398925,"5":0.0617161669,"6":0.1391470216,"7":0.080338888,"8":0.1384013526,"9":0.1775064252,"10":0.0275042307,"11":0.0119004881,"12":0.1120966164,"13":0.1582588203,"14":0.1267456983,"15":0.1041736441,"16":null,"17":0.0793616081,"18":0.1450123047,"19":0.0892076871,"20":0.0765621207,"21":0.1363750295,"22":null,"23":0.0776753666,"24":0.0256309211},"sentiment_std":{"0":0.0,"1":0.4472135955,"2":0.4190755077,"3":0.0,"4":0.5354195851,"5":0.4879500365,"6":0.3714768492,"7":0.3734913631,"8":0.3976175153,"9":0.0,"10":0.3586407512,"11":0.0,"12":0.3458380552,"13":0.4551036771,"14":0.3991467172,"15":0.3397349149,"16":null,"17":0.0,"18":0.4994621912,"19":0.3051285766,"20":0.4776651472,"21":0.3270359604,"22":null,"23":0.3136356914,"24":0.0},"sentiment_pv":{"0":5.764250116e-79,"1":0.6461228246,"2":0.0996928539,"3":5.764250116e-79,"4":0.9363082197,"5":0.3549651558,"6":0.0816306285,"7":0.8126933726,"8":0.3267468719,"9":5.764250116e-79,"10":0.0644081935,"11":5.764250116e-79,"12":0.0218568055,"13":0.0310714851,"14":0.1348310026,"15":0.1818905795,"16":null,"17":5.764250116e-79,"18":0.0000971529,"19":0.9881036626,"20":0.839036604,"21":0.9981968834,"22":null,"23":0.3649132548,"24":5.764250116e-79},"main_pv":{"0":0.002071776,"1":0.8046690883,"2":0.4818083845,"3":0.1037554699,"4":0.0206274327,"5":0.2738830611,"6":0.1065079257,"7":0.1060403771,"8":0.0143220004,"9":0.3724943897,"10":0.0134006435,"11":0.2492444467,"12":0.5509865805,"13":0.6190356695,"14":0.7506729401,"15":0.6009107108,"16":null,"17":0.4446757662,"18":0.9966649192,"19":0.3426209755,"20":0.056601197,"21":0.2920911373,"22":null,"23":0.578282987,"24":0.5294004207},"count":{"0":6,"1":5,"2":626,"3":42,"4":95,"5":7,"6":304,"7":35,"8":108,"9":15,"10":24,"11":2,"12":101,"13":2207,"14":679,"15":94,"16":1,"17":2,"18":2764,"19":30,"20":34,"21":129,"22":1,"23":50,"24":7},"nb_en":{"0":1,"1":2,"2":233,"3":1,"4":88,"5":2,"6":89,"7":8,"8":19,"9":3,"10":6,"11":0,"12":17,"13":915,"14":199,"15":26,"16":0,"17":0,"18":1364,"19":3,"20":15,"21":38,"22":0,"23":14,"24":1},"nb_de":{"0":5,"1":3,"2":376,"3":41,"4":4,"5":5,"6":4,"7":27,"8":89,"9":0,"10":18,"11":2,"12":83,"13":11,"14":462,"15":8,"16":1,"17":2,"18":1330,"19":27,"20":6,"21":90,"22":1,"23":24,"24":6},"nb_fr":{"0":0,"1":0,"2":17,"3":0,"4":3,"5":0,"6":211,"7":0,"8":0,"9":12,"10":0,"11":0,"12":1,"13":1281,"14":18,"15":60,"16":0,"17":0,"18":70,"19":0,"20":13,"21":1,"22":0,"23":12,"24":0}}