{"canton":{"0":"UR","1":"NW","2":"BE","3":"ZG","4":"BL","5":"JU","6":"TI","7":"TG","8":"VD","9":"SG","10":"GR","11":"SH","12":"OW","13":"AG","14":"GE","15":"BS","16":"FR","17":"AR","18":"GL","19":"ZH","20":"SO","21":"NE","22":"LU","23":"VS","24":"SZ"},"main_mean":{"0":0.0108547371,"1":0.0,"2":-0.0062035084,"3":0.0270763762,"4":0.0114393934,"5":-0.0210276081,"6":-0.0501281718,"7":0.0001718985,"8":0.0053704223,"9":0.0049894706,"10":0.0056569655,"11":0.0054521382,"12":0.0,"13":0.0069621429,"14":0.0039131234,"15":-0.0024056417,"16":0.0027967545,"17":0.0188384466,"18":0.0239190431,"19":0.0009907989,"20":0.0072550108,"21":0.0213440783,"22":-0.0068302322,"23":0.0165743343,"24":-0.0052641575},"sentiment_mean":{"0":0.0,"1":0.0,"2":0.0709302326,"3":0.1739130435,"4":0.0526315789,"5":0.0,"6":0.0747663551,"7":0.0,"8":0.0739219713,"9":0.027027027,"10":0.0638297872,"11":0.0,"12":0.0,"13":0.0697674419,"14":0.0917678812,"15":0.0473282443,"16":0.0535714286,"17":0.4,"18":0.1538461538,"19":0.1467349552,"20":0.0,"21":0.1351351351,"22":0.0714285714,"23":0.0444444444,"24":-0.1111111111},"main_std":{"0":0.0417612745,"1":null,"2":0.1611705575,"3":0.1085284766,"4":0.2603211687,"5":0.1361276049,"6":0.1875329206,"7":0.0003879427,"8":0.1711866484,"9":0.1024404318,"10":0.0968772095,"11":0.0297807955,"12":null,"13":0.0922213407,"14":0.1876201793,"15":0.1197122771,"16":0.1662930088,"17":0.0628504854,"18":0.1024608974,"19":0.1598452749,"20":0.0273154489,"21":0.0768401568,"22":0.134694201,"23":0.1103126544,"24":0.0229136808},"sentiment_std":{"0":0.0,"1":null,"2":0.3523961811,"3":0.3875533879,"4":0.2294157339,"5":0.0,"6":0.5940099513,"7":0.0,"8":0.3250160143,"9":0.367857299,"10":0.2470922481,"11":0.0,"12":null,"13":0.3691228928,"14":0.4694656042,"15":0.4166504421,"16":0.3243645406,"17":0.5477225575,"18":0.3679464844,"19":0.4992106655,"20":0.0,"21":0.3465834966,"22":0.3330043101,"23":0.298142397,"24":0.3333333333},"sentiment_pv":{"0":1.603121071e-112,"1":null,"2":0.008199421,"3":0.4037007193,"4":0.3344685471,"5":1.603121071e-112,"6":0.6007307336,"7":1.603121071e-112,"8":0.0443996568,"9":0.0117641912,"10":0.2627948309,"11":1.603121071e-112,"12":null,"13":0.3815699551,"14":0.1756055045,"15":0.0006850707,"16":0.0997015209,"17":0.2948865872,"18":0.5055311981,"19":0.0000060792,"20":1.603121071e-112,"21":0.6013302949,"22":0.1826995188,"23":0.1820648435,"24":0.0877613705},"main_pv":{"0":0.6266501846,"1":null,"2":0.2097414242,"3":0.262731565,"4":0.8632740061,"5":0.661160689,"6":0.0059097755,"7":0.6180781942,"8":0.5821858464,"9":0.6429457662,"10":0.7450369179,"11":0.4321895442,"12":null,"13":0.5559694103,"14":0.4469330817,"15":0.4925174867,"16":0.9098099037,"17":0.5606304807,"18":0.2663584069,"19":0.9968468249,"20":0.209431588,"21":0.1188320952,"22":0.4399499411,"23":0.3511763787,"24":0.4438673112},"count":{"0":5,"1":1,"2":860,"3":23,"4":19,"5":8,"6":107,"7":11,"8":487,"9":148,"10":47,"11":31,"12":1,"13":86,"14":2964,"15":655,"16":112,"17":5,"18":26,"19":3905,"20":35,"21":37,"22":182,"23":45,"24":9},"nb_en":{"0":0,"1":0,"2":268,"3":14,"4":1,"5":0,"6":92,"7":4,"8":120,"9":19,"10":5,"11":1,"12":0,"13":20,"14":1201,"15":183,"16":23,"17":3,"18":14,"19":1786,"20":3,"21":13,"22":37,"23":14,"24":3},"nb_de":{"0":5,"1":1,"2":542,"3":4,"4":18,"5":0,"6":7,"7":7,"8":19,"9":128,"10":42,"11":30,"12":1,"13":66,"14":20,"15":455,"16":19,"17":2,"18":7,"19":2050,"20":32,"21":6,"22":143,"23":21,"24":6},"nb_fr":{"0":0,"1":0,"2":50,"3":5,"4":0,"5":8,"6":8,"7":0,"8":348,"9":1,"10":0,"11":0,"12":0,"13":0,"14":1743,"15":17,"16":70,"17":0,"18":5,"19":69,"20":0,"21":18,"22":2,"23":10,"24":0}}