{"canton":{"0":"SG","1":"TI","2":"VS","3":"SO","4":"AG","5":"TG","6":"ZH","7":"VD","8":"BE","9":"BL","10":"NW","11":"BS","12":"AR","13":"SZ","14":"LU","15":"GE","16":"SH","17":"NE","18":"FR"},"main_mean":{"0":0.0354396467,"1":-0.0158140197,"2":-0.0215813594,"3":-0.3333311111,"4":0.0072226549,"5":0.437489844,"6":0.0074603902,"7":-0.0100432691,"8":-0.0163577331,"9":0.0,"10":-0.3749953126,"11":0.0142209721,"12":-0.0833326389,"13":0.2513836386,"14":0.043595025,"15":0.0097524439,"16":0.0,"17":-0.0531452746,"18":-0.0711814581},"sentiment_mean":{"0":0.2,"1":0.1578947368,"2":0.0,"3":-1.0,"4":0.45,"5":1.0,"6":0.2684401451,"7":0.0884353741,"8":0.1264822134,"9":0.0,"10":0.0,"11":0.1294117647,"12":-1.0,"13":0.6666666667,"14":0.1914893617,"15":0.162138475,"16":0.2727272727,"17":0.3,"18":0.0243902439},"main_std":{"0":0.1348494057,"1":0.1420418116,"2":0.1380131319,"3":null,"4":0.1609798902,"5":0.4419295852,"6":0.1730942335,"7":0.1698953574,"8":0.1377086671,"9":null,"10":null,"11":0.1324251904,"12":null,"13":0.2587508766,"14":0.1724729388,"15":0.1676740939,"16":0.0,"17":0.1539876795,"18":0.2484482884},"sentiment_std":{"0":0.7677718959,"1":0.6035140073,"2":0.7071067812,"3":null,"4":0.5104177855,"5":0.0,"6":0.6855224738,"7":0.6613101366,"8":0.6422695658,"9":null,"10":null,"11":0.6303607551,"12":null,"13":0.8164965809,"14":0.6800990296,"15":0.7052462442,"16":0.4670993665,"17":0.6749485577,"18":0.56955267},"sentiment_pv":{"0":0.9794523898,"1":0.4204921126,"2":0.3182785524,"3":null,"4":0.0452273356,"5":0.0,"6":0.0016480027,"7":0.0388207793,"8":0.0638582304,"9":null,"10":null,"11":0.1322014938,"12":null,"13":0.2243269989,"14":0.8969602084,"15":0.0746897132,"16":0.6393895131,"17":0.665477847,"18":0.0511521354},"main_pv":{"0":0.3313181614,"1":0.1234865893,"2":0.4974434533,"3":null,"4":0.9573001542,"5":0.3984995904,"6":0.6657597358,"7":0.2855722637,"8":0.0180257903,"9":null,"10":null,"11":0.3960421236,"12":null,"13":0.0672144199,"14":0.1366026975,"15":0.4302724587,"16":0.0583322702,"17":0.2614900115,"18":0.0562955242},"count":{"0":20,"1":114,"2":13,"3":1,"4":20,"5":2,"6":1654,"7":147,"8":253,"9":1,"10":1,"11":170,"12":1,"13":6,"14":47,"15":1141,"16":11,"17":10,"18":41},"nb_en":{"0":20,"1":114,"2":13,"3":1,"4":20,"5":2,"6":1654,"7":147,"8":253,"9":1,"10":1,"11":170,"12":1,"13":6,"14":47,"15":1141,"16":11,"17":10,"18":41},"nb_de":{"0":0,"1":0,"2":0,"3":0,"4":0,"5":0,"6":0,"7":0,"8":0,"9":0,"10":0,"11":0,"12":0,"13":0,"14":0,"15":0,"16":0,"17":0,"18":0}}