{"canton":{"0":"UR","1":"NW","2":"BE","3":"ZG","4":"BL","5":"JU","6":"TG","7":"TI","8":"VD","9":"SG","10":"GR","11":"SH","12":"OW","13":"AG","14":"GE","15":"BS","16":"FR","17":"AR","18":"GL","19":"ZH","20":"SO","21":"NE","22":"LU","23":"VS","24":"SZ"},"main_mean":{"0":-0.021755194,"1":-0.0013374295,"2":-0.0012030105,"3":0.0137956786,"4":0.0160177411,"5":-0.0266474608,"6":0.0011084916,"7":0.0134612699,"8":0.0054164173,"9":-0.0013621193,"10":-0.0008756965,"11":-0.006511825,"12":-0.0014711725,"13":0.0141607219,"14":0.0117859506,"15":0.0091797448,"16":-0.0249261783,"17":-0.0093434757,"18":0.0137683604,"19":0.0097541926,"20":0.0588614397,"21":0.0608139323,"22":0.0107125015,"23":0.020046315,"24":0.075720346},"sentiment_mean":{"0":0.0,"1":0.0,"2":0.055068836,"3":0.0535714286,"4":0.0,"5":0.0,"6":0.0,"7":0.1484375,"8":0.0576540755,"9":-0.0111111111,"10":0.0612244898,"11":-0.0217391304,"12":0.0,"13":0.0454545455,"14":0.0792372881,"15":0.0456553756,"16":0.0454545455,"17":0.2222222222,"18":0.0534653465,"19":0.1337726524,"20":0.1388888889,"21":0.1875,"22":0.0609137056,"23":0.1208791209,"24":0.375},"main_std":{"0":0.0741507281,"1":0.0048199717,"2":0.1329780983,"3":0.1728453422,"4":0.0625995626,"5":0.0893871703,"6":0.0077102616,"7":0.1875998657,"8":0.186763321,"9":0.0922300683,"10":0.0413523056,"11":0.0644730592,"12":0.0050591357,"13":0.0844815739,"14":0.1587887788,"15":0.0914734054,"16":0.1199940484,"17":0.0439224268,"18":0.1726748748,"19":0.1353758758,"20":0.1237201042,"21":0.2106130088,"22":0.1266256905,"23":0.0923272154,"24":0.110523494},"sentiment_std":{"0":0.0,"1":0.0,"2":0.4300390074,"3":0.4266322216,"4":0.0,"5":0.0,"6":0.0,"7":0.5763015909,"8":0.3551780649,"9":0.2367592265,"10":0.3768378998,"11":0.2572616856,"12":0.0,"13":0.2879022413,"14":0.4713867176,"15":0.3157252347,"16":0.2586032735,"17":0.4409585518,"18":0.4262154321,"19":0.4897392466,"20":0.3507361872,"21":0.4709290749,"22":0.32941689,"23":0.3600976668,"24":0.5175491695},"sentiment_pv":{"0":1.174173425e-79,"1":1.174173425e-79,"2":0.0432020447,"3":0.0856227939,"4":1.174173425e-79,"5":1.174173425e-79,"6":1.174173425e-79,"7":0.2335756191,"8":0.0732879458,"9":0.0001953139,"10":0.632445875,"11":0.0064683051,"12":1.174173425e-79,"13":0.0791323748,"14":0.4562889818,"15":0.0013740306,"16":0.138354953,"17":0.385427145,"18":0.0840658026,"19":0.0000033115,"20":0.3842300446,"21":0.2381617101,"22":0.2723459576,"23":0.3784684318,"24":0.1598496481},"main_pv":{"0":0.1557323976,"1":0.0000058289,"2":0.0310350198,"3":0.5802388263,"4":0.5157976199,"5":0.1276137517,"6":0.0137048255,"7":0.8102642753,"8":0.6332031913,"9":0.2742130717,"10":0.0956678725,"11":0.1036495842,"12":0.0000210301,"13":0.5005564602,"14":0.5167067374,"15":0.9422776804,"16":0.0090143531,"17":0.2365650162,"18":0.5819048128,"19":0.9173817771,"20":0.022318828,"21":0.1779412352,"22":0.8908396937,"23":0.2822577058,"24":0.1338614706},"count":{"0":13,"1":11,"2":799,"3":504,"4":40,"5":16,"6":9,"7":128,"8":503,"9":90,"10":49,"11":46,"12":10,"13":154,"14":2360,"15":679,"16":88,"17":9,"18":505,"19":3035,"20":36,"21":32,"22":197,"23":91,"24":8},"nb_en":{"0":0,"1":0,"2":288,"3":168,"4":2,"5":0,"6":1,"7":112,"8":105,"9":13,"10":15,"11":8,"12":0,"13":22,"14":932,"15":152,"16":18,"17":4,"18":168,"19":1348,"20":1,"21":12,"22":37,"23":25,"24":4},"nb_de":{"0":13,"1":11,"2":475,"3":62,"4":38,"5":0,"6":8,"7":6,"8":6,"9":77,"10":34,"11":38,"12":10,"13":131,"14":13,"15":513,"16":18,"17":5,"18":63,"19":1627,"20":35,"21":2,"22":158,"23":47,"24":4},"nb_fr":{"0":0,"1":0,"2":36,"3":274,"4":0,"5":16,"6":0,"7":10,"8":392,"9":0,"10":0,"11":0,"12":0,"13":1,"14":1415,"15":14,"16":52,"17":0,"18":274,"19":60,"20":0,"21":18,"22":2,"23":19,"24":0}}