{"canton":{"0":"NE","1":"GE","2":"GL","3":"BE","4":"SZ","5":"TG","6":"UR","7":"FR","8":"BS","9":"ZH","10":"SO","11":"VD","12":"OW","13":"SG","14":"GR","15":"ZG","16":"AR","17":"LU","18":"TI","19":"JU","20":"AG","21":"SH","22":"VS","23":"BL","24":"NW"},"main_mean":{"0":0.0463268084,"1":0.0148422856,"2":0.0259952241,"3":0.0096341297,"4":0.017999775,"5":-0.0285487303,"6":-0.030199052,"7":0.0103414225,"8":0.0079103399,"9":0.0111029305,"10":0.0332756841,"11":0.016275102,"12":0.0004444395,"13":0.0395486928,"14":0.0461092746,"15":0.0260184271,"16":0.0033003382,"17":0.0249838837,"18":-0.0031634981,"19":0.0529690805,"20":0.0230160225,"21":0.0026381359,"22":0.0020552955,"23":0.0073130598,"24":0.0002222198},"sentiment_mean":{"0":0.0740740741,"1":0.1043902439,"2":0.1203412663,"3":0.1027874564,"4":0.0,"5":0.0,"6":0.3333333333,"7":0.0650406504,"8":0.0490797546,"9":0.1531449407,"10":0.0,"11":0.037037037,"12":0.0,"13":0.0886075949,"14":0.16,"15":0.1204494382,"16":0.0,"17":0.1503759398,"18":0.145631068,"19":0.0769230769,"20":0.0652173913,"21":0.125,"22":0.0222222222,"23":0.0,"24":0.0},"main_std":{"0":0.1689796137,"1":0.1809572202,"2":0.1742843544,"3":0.1444751518,"4":0.0311765248,"5":0.1155349024,"6":0.0525765139,"7":0.1320403923,"8":0.1100109421,"9":0.1328750563,"10":0.0883314003,"11":0.1428386209,"12":null,"13":0.1505581844,"14":0.1134917064,"15":0.1743609821,"16":0.006386508,"17":0.0986349161,"18":0.1483210374,"19":0.1140481515,"20":0.0981552848,"21":0.07721742,"22":0.0872487714,"23":0.0364454677,"24":0.0003142662},"sentiment_std":{"0":0.3849001795,"1":0.458986772,"2":0.5005605755,"3":0.4113052057,"4":0.0,"5":0.0,"6":0.5773502692,"7":0.3067502161,"8":0.3558366698,"9":0.4992211444,"10":0.0,"11":0.3766439879,"12":null,"13":0.3647926498,"14":0.3741657387,"15":0.5007725823,"16":0.0,"17":0.3987906073,"18":0.5842334846,"19":0.4935481168,"20":0.301008566,"21":0.4212117696,"22":0.2601475883,"23":0.0,"24":0.0},"sentiment_pv":{"0":0.5986840541,"1":0.4050533156,"2":0.5584565603,"3":0.5419256826,"4":9.687111946e-140,"5":9.687111946e-140,"6":0.5775432002,"7":0.0853690138,"8":0.0000117101,"9":0.0006275896,"10":9.687111946e-140,"11":0.0001353747,"12":null,"13":0.5464782844,"14":0.5418225888,"15":0.5524473938,"16":9.687111946e-140,"17":0.2935013421,"18":0.5803705353,"19":0.7933399157,"20":0.0648015183,"21":0.8796193686,"22":0.0236957089,"23":9.687111946e-140,"24":9.687111946e-140},"main_pv":{"0":0.3953541695,"1":0.4327644782,"2":0.0505305435,"3":0.1689675008,"4":0.9924167799,"5":0.2597055375,"6":0.2517322432,"7":0.5141210864,"8":0.0245175619,"9":0.0273294176,"10":0.3760211618,"11":0.7982644463,"12":null,"13":0.2128897185,"14":0.2315554899,"15":0.0500235601,"16":0.0029281389,"17":0.4355586954,"18":0.149052114,"19":0.2935805436,"20":0.5708711605,"21":0.2658304282,"22":0.224120105,"23":0.051747371,"24":4.525585944e-31},"count":{"0":27,"1":2050,"2":2227,"3":574,"4":3,"5":9,"6":3,"7":123,"8":652,"9":2194,"10":28,"11":378,"12":1,"13":79,"14":25,"15":2225,"16":5,"17":133,"18":103,"19":13,"20":138,"21":32,"22":45,"23":48,"24":2},"nb_en":{"0":10,"1":735,"2":1086,"3":193,"4":0,"5":2,"6":1,"7":24,"8":159,"9":966,"10":3,"11":98,"12":0,"13":9,"14":1,"15":1086,"16":0,"17":41,"18":93,"19":3,"20":22,"21":6,"22":5,"23":0,"24":0},"nb_de":{"0":0,"1":12,"2":328,"3":353,"4":3,"5":7,"6":2,"7":40,"8":483,"9":1175,"10":25,"11":10,"12":1,"13":70,"14":23,"15":326,"16":5,"17":91,"18":4,"19":0,"20":115,"21":26,"22":32,"23":48,"24":2}}