{"canton":{"0":"NE","1":"GE","2":"GL","3":"BE","4":"SZ","5":"TG","6":"UR","7":"FR","8":"BS","9":"BL","10":"ZH","11":"OW","12":"VD","13":"SG","14":"GR","15":"ZG","16":"AR","17":"LU","18":"TI","19":"JU","20":"AG","21":"SH","22":"VS","23":"AI","24":"SO","25":"NW"},"main_mean":{"0":0.0688085506,"1":-0.0172177805,"2":0.0392908509,"3":-0.0027666638,"4":0.0424330659,"5":0.0232502113,"6":-0.0838375562,"7":0.0146155483,"8":0.0010022667,"9":0.023235244,"10":0.0019812199,"11":-0.0185089226,"12":0.0125056101,"13":0.0303444855,"14":0.0186034126,"15":0.0392908509,"16":0.0029418514,"17":0.0051709783,"18":-0.0622702528,"19":-0.116119985,"20":0.0196298667,"21":0.0118520093,"22":-0.0103912938,"23":-0.0591660093,"24":-0.0071721841,"25":-0.0185089226},"sentiment_mean":{"0":0.0638297872,"1":0.0648178007,"2":0.3214285714,"3":0.059178744,"4":0.0,"5":0.0952380952,"6":-0.1666666667,"7":0.0229007634,"8":0.0552486188,"9":0.0666666667,"10":0.1338121841,"11":0.0,"12":0.0879864636,"13":0.067114094,"14":0.0857142857,"15":0.3214285714,"16":0.3333333333,"17":0.0950413223,"18":0.024,"19":0.0,"20":0.0746268657,"21":0.1282051282,"22":0.015625,"23":0.0,"24":-0.015625,"25":0.0},"main_std":{"0":0.2188583141,"1":0.1805858057,"2":0.1476828188,"3":0.1325866953,"4":0.1053089022,"5":0.0562005023,"6":0.1773712482,"7":0.1602544284,"8":0.1423714945,"9":0.0858299453,"10":0.1531484733,"11":null,"12":0.1784729494,"13":0.1484429586,"14":0.120138808,"15":0.1476828188,"16":0.0235733069,"17":0.1239420989,"18":0.2043279908,"19":0.2128459745,"20":0.104491605,"21":0.0640572572,"22":0.0890756826,"23":null,"24":0.0928246663,"25":null},"sentiment_std":{"0":0.3233153878,"1":0.4990221477,"2":0.6118321864,"3":0.3681717988,"4":0.632455532,"5":0.3007926038,"6":0.4082482905,"7":0.2309062032,"8":0.4137840345,"9":0.2581988897,"10":0.4794034765,"11":null,"12":0.422712596,"13":0.3796233825,"14":0.3734913631,"15":0.6118321864,"16":0.5163977795,"17":0.3575739461,"18":0.5602994591,"19":0.0,"20":0.2637743873,"21":0.3386884284,"22":0.281277556,"23":null,"24":0.3329611017,"25":null},"sentiment_pv":{"0":0.5649319076,"1":0.0085187992,"2":0.0569140266,"3":0.0182753823,"4":0.7381039186,"5":0.9527910518,"6":0.1824055774,"7":0.0011941844,"8":0.0249088203,"9":0.7179287765,"10":0.0000027308,"11":null,"12":0.8540913502,"13":0.4429333367,"14":0.9302671701,"15":0.0569140266,"16":0.3029311851,"17":0.8730887344,"18":0.1835491048,"19":4.571741761e-87,"20":0.4744393616,"21":0.5017032232,"22":0.0365956082,"23":null,"24":0.0130351248,"25":null},"main_pv":{"0":0.0290397284,"1":0.0001073243,"2":0.139989269,"3":0.9277847574,"4":0.3371437383,"5":0.0444907645,"6":0.3162057263,"7":0.2081309866,"8":0.4462717982,"9":0.2535690876,"10":0.0799322951,"11":null,"12":0.0368511155,"13":0.0069605922,"14":0.2917051762,"15":0.139989269,"16":0.5546566268,"17":0.3033526182,"18":0.0016338496,"19":0.1772359856,"20":0.0138745959,"21":0.1546450662,"22":0.5253278848,"23":null,"24":0.7361374448,"25":null},"count":{"0":47,"1":3101,"2":28,"3":828,"4":6,"5":21,"6":6,"7":131,"8":724,"9":15,"10":3759,"11":1,"12":591,"13":149,"14":35,"15":28,"16":6,"17":242,"18":125,"19":8,"20":134,"21":39,"22":64,"23":1,"24":64,"25":1},"nb_en":{"0":10,"1":1400,"2":20,"3":236,"4":2,"5":6,"6":1,"7":15,"8":202,"9":0,"10":1585,"11":0,"12":147,"13":17,"14":6,"15":20,"16":1,"17":44,"18":114,"19":0,"20":15,"21":3,"22":12,"23":0,"24":11,"25":0},"nb_de":{"0":4,"1":23,"2":5,"3":545,"4":4,"5":15,"6":5,"7":30,"8":506,"9":15,"10":2098,"11":1,"12":24,"13":131,"14":29,"15":5,"16":5,"17":198,"18":5,"19":0,"20":118,"21":36,"22":39,"23":1,"24":52,"25":1}}