{"canton":{"0":"UR","1":"NW","2":"BE","3":"ZG","4":"BL","5":"TI","6":"TG","7":"VD","8":"GR","9":"SG","10":"JU","11":"SH","12":"OW","13":"AG","14":"GE","15":"BS","16":"FR","17":"AR","18":"GL","19":"ZH","20":"SO","21":"NE","22":"LU","23":"AI","24":"VS","25":"SZ"},"main_mean":{"0":-0.0106449058,"1":0.0,"2":-0.0057721852,"3":0.0287120721,"4":0.0162157206,"5":-0.0890724112,"6":0.0149203273,"7":-0.0037220693,"8":-0.0025998533,"9":0.0294915058,"10":0.0397907265,"11":0.0167611626,"12":-0.0005333274,"13":0.0217284185,"14":-0.0048413127,"15":0.0000273784,"16":-0.0026141626,"17":0.0298604853,"18":0.026010149,"19":-0.0006343265,"20":0.0091423928,"21":-0.0257986042,"22":0.0115985966,"23":0.0,"24":0.0029438963,"25":-0.0499268567},"sentiment_mean":{"0":0.0,"1":0.0,"2":0.0886203424,"3":0.1,"4":0.0,"5":-0.0652173913,"6":0.25,"7":0.0623818526,"8":0.1111111111,"9":0.0852713178,"10":0.0,"11":0.0833333333,"12":0.0,"13":0.0114942529,"14":0.0998509687,"15":0.0484764543,"16":-0.0093457944,"17":0.75,"18":0.0909090909,"19":0.1220454545,"20":0.0555555556,"21":-0.064516129,"22":0.1082251082,"23":0.0,"24":0.012987013,"25":0.2},"main_std":{"0":0.0311458911,"1":0.0,"2":0.1409962333,"3":0.1308073453,"4":0.139487982,"5":0.2249723263,"6":0.0733276859,"7":0.1546274506,"8":0.0838002526,"9":0.1817154384,"10":0.0995104258,"11":0.0903376209,"12":null,"13":0.198963737,"14":0.1815215979,"15":0.1079762679,"16":0.1328683408,"17":0.1507120648,"18":0.1247299544,"19":0.1463929408,"20":0.1421086523,"21":0.234099899,"22":0.1338699032,"23":null,"24":0.1310438969,"25":0.1118432334},"sentiment_std":{"0":0.0,"1":0.0,"2":0.3622863801,"3":0.5525062515,"4":0.316227766,"5":0.6185280589,"6":0.4472135955,"7":0.3452639495,"8":0.3172206343,"9":0.3314505938,"10":0.0,"11":0.2803059553,"12":null,"13":0.3232916774,"14":0.4827397044,"15":0.3519380148,"16":0.2568064796,"17":0.5,"18":0.526361356,"19":0.4879688199,"20":0.3019850469,"21":0.2497310381,"22":0.3972425187,"23":null,"24":0.3438752257,"25":0.4472135955},"sentiment_pv":{"0":5.490207443e-104,"1":5.490207443e-104,"2":0.4765039462,"3":0.9834319129,"4":0.1742081897,"5":0.0025150892,"6":0.1926767393,"7":0.0256644234,"8":0.753236788,"9":0.6818524316,"10":5.490207443e-104,"11":0.7661319864,"12":null,"13":0.0158990799,"14":0.8122814623,"15":0.000425673,"16":0.0000473039,"17":0.0796336522,"18":0.9544645416,"19":0.0041524589,"20":0.3158885497,"21":0.0011325206,"22":0.6833760168,"23":null,"24":0.0354588258,"25":0.6350354588},"main_pv":{"0":0.4320860851,"1":0.1065362094,"2":0.4844479545,"3":0.3003845899,"4":0.546774826,"5":0.0000137932,"6":0.3593719158,"7":0.8554482393,"8":0.9907304803,"9":0.0488643092,"10":0.3962545511,"11":0.2121291855,"12":null,"13":0.2610366266,"14":0.5342748717,"15":0.5621261746,"16":0.9908558,"17":0.6969146525,"18":0.2971012851,"19":0.4950821592,"20":0.5520994278,"21":0.5832823278,"22":0.1169525135,"23":null,"24":0.7195653111,"25":0.3965156934},"count":{"0":10,"1":3,"2":993,"3":20,"4":21,"5":138,"6":16,"7":529,"8":54,"9":129,"10":5,"11":36,"12":1,"13":87,"14":2684,"15":722,"16":107,"17":4,"18":22,"19":4400,"20":54,"21":31,"22":231,"23":1,"24":77,"25":5},"nb_en":{"0":0,"1":0,"2":247,"3":12,"4":1,"5":126,"6":7,"7":142,"8":7,"9":14,"10":1,"11":5,"12":0,"13":13,"14":1162,"15":165,"16":19,"17":3,"18":12,"19":1842,"20":5,"21":7,"22":46,"23":0,"24":21,"25":2},"nb_de":{"0":10,"1":3,"2":703,"3":6,"4":20,"5":6,"6":8,"7":22,"8":47,"9":114,"10":0,"11":31,"12":1,"13":73,"14":11,"15":546,"16":38,"17":1,"18":8,"19":2446,"20":49,"21":1,"22":184,"23":1,"24":38,"25":3},"nb_fr":{"0":0,"1":0,"2":43,"3":2,"4":0,"5":6,"6":1,"7":365,"8":0,"9":1,"10":4,"11":0,"12":0,"13":1,"14":1511,"15":11,"16":50,"17":0,"18":2,"19":112,"20":0,"21":23,"22":1,"23":0,"24":18,"25":0}}